Stack size A: 100
  659  219  382  542  746  869   66  598    6   29   79  686   92  908  435  288  688  991  549  839   32  218  700  414  752  306  683  673  456   23  380  826  411  438  989  496  564   22    2  389  184  831    4  344  644  447  232   97    3  258  250  329  744  562  583  763  771  570  697  131  784  589  968  196  818  980  816  260  603   75  310  709  656  730  825  215  448  499  696  145  895  943  563  128  718  530  934  981  387  606  626  371  785  334    9  299  795  729  870  789    2    3    4    6    9   22   23   29   32   66   75   79   92   97  128  131  145  184  196  215  218  219  232  250  258  260  288  299  306  310  329  334  344  371  380  382  387  389  411  414  435  438  447  448  456  496  499  530  542  549  562  563  564  570  583  589  598  603  606  626  644  656  659  673  683  686  688  696  697  700  709  718  729  730  744  746  752  763  771  784  785  789  795  816  818  825  826  831  839  869  870  895  908  934  943  968  980  981  989  991
Algorithm 0	Sorting End: -1

Algorithm 1	Sorting End: -1

Algorithm 2	Sorting End: 2811

Algorithm 3	Sorting End: 3686

Algorithm 4	Sorting End: 1446

Algorithm 5	Radix Sort
     Start: a  659  219  382  542  746  869   66  598    6   29   79  686   92  908  435  288  688  991  549  839   32  218  700  414  752  306  683  673  456   23  380  826  411  438  989  496  564   22    2  389  184  831    4  344  644  447  232   97    3  258  250  329  744  562  583  763  771  570  697  131  784  589  968  196  818  980  816  260  603   75  310  709  656  730  825  215  448  499  696  145  895  943  563  128  718  530  934  981  387  606  626  371  785  334    9  299  795  729  870  789	: b
	preLogic lookup: 659 Rank: 62
post logic: a  219  382  542  746  869   66  598    6   29   79  686   92  908  435  288  688  991  549  839   32  218  700  414  752  306  683  673  456   23  380  826  411  438  989  496  564   22    2  389  184  831    4  344  644  447  232   97    3  258  250  329  744  562  583  763  771  570  697  131  784  589  968  196  818  980  816  260  603   75  310  709  656  730  825  215  448  499  696  145  895  943  563  128  718  530  934  981  387  606  626  371  785  334    9  299  795  729  870  789	: b  659
	preLogic lookup: 219 Rank: 21
post logic: a  382  542  746  869   66  598    6   29   79  686   92  908  435  288  688  991  549  839   32  218  700  414  752  306  683  673  456   23  380  826  411  438  989  496  564   22    2  389  184  831    4  344  644  447  232   97    3  258  250  329  744  562  583  763  771  570  697  131  784  589  968  196  818  980  816  260  603   75  310  709  656  730  825  215  448  499  696  145  895  943  563  128  718  530  934  981  387  606  626  371  785  334    9  299  795  729  870  789  219	: b  659
	preLogic lookup: 382 Rank: 35
post logic: a  542  746  869   66  598    6   29   79  686   92  908  435  288  688  991  549  839   32  218  700  414  752  306  683  673  456   23  380  826  411  438  989  496  564   22    2  389  184  831    4  344  644  447  232   97    3  258  250  329  744  562  583  763  771  570  697  131  784  589  968  196  818  980  816  260  603   75  310  709  656  730  825  215  448  499  696  145  895  943  563  128  718  530  934  981  387  606  626  371  785  334    9  299  795  729  870  789  219  382	: b  659
	preLogic lookup: 542 Rank: 48
post logic: a  746  869   66  598    6   29   79  686   92  908  435  288  688  991  549  839   32  218  700  414  752  306  683  673  456   23  380  826  411  438  989  496  564   22    2  389  184  831    4  344  644  447  232   97    3  258  250  329  744  562  583  763  771  570  697  131  784  589  968  196  818  980  816  260  603   75  310  709  656  730  825  215  448  499  696  145  895  943  563  128  718  530  934  981  387  606  626  371  785  334    9  299  795  729  870  789  219  382	: b  542  659
	preLogic lookup: 746 Rank: 75
post logic: a  869   66  598    6   29   79  686   92  908  435  288  688  991  549  839   32  218  700  414  752  306  683  673  456   23  380  826  411  438  989  496  564   22    2  389  184  831    4  344  644  447  232   97    3  258  250  329  744  562  583  763  771  570  697  131  784  589  968  196  818  980  816  260  603   75  310  709  656  730  825  215  448  499  696  145  895  943  563  128  718  530  934  981  387  606  626  371  785  334    9  299  795  729  870  789  219  382  746	: b  542  659
	preLogic lookup: 869 Rank: 89
post logic: a   66  598    6   29   79  686   92  908  435  288  688  991  549  839   32  218  700  414  752  306  683  673  456   23  380  826  411  438  989  496  564   22    2  389  184  831    4  344  644  447  232   97    3  258  250  329  744  562  583  763  771  570  697  131  784  589  968  196  818  980  816  260  603   75  310  709  656  730  825  215  448  499  696  145  895  943  563  128  718  530  934  981  387  606  626  371  785  334    9  299  795  729  870  789  219  382  746  869	: b  542  659
	preLogic lookup: 66 Rank: 9
post logic: a  598    6   29   79  686   92  908  435  288  688  991  549  839   32  218  700  414  752  306  683  673  456   23  380  826  411  438  989  496  564   22    2  389  184  831    4  344  644  447  232   97    3  258  250  329  744  562  583  763  771  570  697  131  784  589  968  196  818  980  816  260  603   75  310  709  656  730  825  215  448  499  696  145  895  943  563  128  718  530  934  981  387  606  626  371  785  334    9  299  795  729  870  789  219  382  746  869   66	: b  542  659
	preLogic lookup: 598 Rank: 56
post logic: a    6   29   79  686   92  908  435  288  688  991  549  839   32  218  700  414  752  306  683  673  456   23  380  826  411  438  989  496  564   22    2  389  184  831    4  344  644  447  232   97    3  258  250  329  744  562  583  763  771  570  697  131  784  589  968  196  818  980  816  260  603   75  310  709  656  730  825  215  448  499  696  145  895  943  563  128  718  530  934  981  387  606  626  371  785  334    9  299  795  729  870  789  219  382  746  869   66	: b  598  542  659
	preLogic lookup: 6 Rank: 3
post logic: a   29   79  686   92  908  435  288  688  991  549  839   32  218  700  414  752  306  683  673  456   23  380  826  411  438  989  496  564   22    2  389  184  831    4  344  644  447  232   97    3  258  250  329  744  562  583  763  771  570  697  131  784  589  968  196  818  980  816  260  603   75  310  709  656  730  825  215  448  499  696  145  895  943  563  128  718  530  934  981  387  606  626  371  785  334    9  299  795  729  870  789  219  382  746  869   66    6	: b  598  542  659
	preLogic lookup: 29 Rank: 7
post logic: a   79  686   92  908  435  288  688  991  549  839   32  218  700  414  752  306  683  673  456   23  380  826  411  438  989  496  564   22    2  389  184  831    4  344  644  447  232   97    3  258  250  329  744  562  583  763  771  570  697  131  784  589  968  196  818  980  816  260  603   75  310  709  656  730  825  215  448  499  696  145  895  943  563  128  718  530  934  981  387  606  626  371  785  334    9  299  795  729  870  789  219  382  746  869   66    6   29	: b  598  542  659
	preLogic lookup: 79 Rank: 11
post logic: a  686   92  908  435  288  688  991  549  839   32  218  700  414  752  306  683  673  456   23  380  826  411  438  989  496  564   22    2  389  184  831    4  344  644  447  232   97    3  258  250  329  744  562  583  763  771  570  697  131  784  589  968  196  818  980  816  260  603   75  310  709  656  730  825  215  448  499  696  145  895  943  563  128  718  530  934  981  387  606  626  371  785  334    9  299  795  729  870  789  219  382  746  869   66    6   29   79	: b  598  542  659
	preLogic lookup: 686 Rank: 65
post logic: a   92  908  435  288  688  991  549  839   32  218  700  414  752  306  683  673  456   23  380  826  411  438  989  496  564   22    2  389  184  831    4  344  644  447  232   97    3  258  250  329  744  562  583  763  771  570  697  131  784  589  968  196  818  980  816  260  603   75  310  709  656  730  825  215  448  499  696  145  895  943  563  128  718  530  934  981  387  606  626  371  785  334    9  299  795  729  870  789  219  382  746  869   66    6   29   79  686	: b  598  542  659
	preLogic lookup: 92 Rank: 12
post logic: a  908  435  288  688  991  549  839   32  218  700  414  752  306  683  673  456   23  380  826  411  438  989  496  564   22    2  389  184  831    4  344  644  447  232   97    3  258  250  329  744  562  583  763  771  570  697  131  784  589  968  196  818  980  816  260  603   75  310  709  656  730  825  215  448  499  696  145  895  943  563  128  718  530  934  981  387  606  626  371  785  334    9  299  795  729  870  789  219  382  746  869   66    6   29   79  686	: b   92  598  542  659
	preLogic lookup: 908 Rank: 92
post logic: a  435  288  688  991  549  839   32  218  700  414  752  306  683  673  456   23  380  826  411  438  989  496  564   22    2  389  184  831    4  344  644  447  232   97    3  258  250  329  744  562  583  763  771  570  697  131  784  589  968  196  818  980  816  260  603   75  310  709  656  730  825  215  448  499  696  145  895  943  563  128  718  530  934  981  387  606  626  371  785  334    9  299  795  729  870  789  219  382  746  869   66    6   29   79  686	: b  908   92  598  542  659
	preLogic lookup: 435 Rank: 40
post logic: a  288  688  991  549  839   32  218  700  414  752  306  683  673  456   23  380  826  411  438  989  496  564   22    2  389  184  831    4  344  644  447  232   97    3  258  250  329  744  562  583  763  771  570  697  131  784  589  968  196  818  980  816  260  603   75  310  709  656  730  825  215  448  499  696  145  895  943  563  128  718  530  934  981  387  606  626  371  785  334    9  299  795  729  870  789  219  382  746  869   66    6   29   79  686	: b  435  908   92  598  542  659
	preLogic lookup: 288 Rank: 26
post logic: a  688  991  549  839   32  218  700  414  752  306  683  673  456   23  380  826  411  438  989  496  564   22    2  389  184  831    4  344  644  447  232   97    3  258  250  329  744  562  583  763  771  570  697  131  784  589  968  196  818  980  816  260  603   75  310  709  656  730  825  215  448  499  696  145  895  943  563  128  718  530  934  981  387  606  626  371  785  334    9  299  795  729  870  789  219  382  746  869   66    6   29   79  686	: b  288  435  908   92  598  542  659
	preLogic lookup: 688 Rank: 66
post logic: a  991  549  839   32  218  700  414  752  306  683  673  456   23  380  826  411  438  989  496  564   22    2  389  184  831    4  344  644  447  232   97    3  258  250  329  744  562  583  763  771  570  697  131  784  589  968  196  818  980  816  260  603   75  310  709  656  730  825  215  448  499  696  145  895  943  563  128  718  530  934  981  387  606  626  371  785  334    9  299  795  729  870  789  219  382  746  869   66    6   29   79  686	: b  688  288  435  908   92  598  542  659
	preLogic lookup: 991 Rank: 99
post logic: a  549  839   32  218  700  414  752  306  683  673  456   23  380  826  411  438  989  496  564   22    2  389  184  831    4  344  644  447  232   97    3  258  250  329  744  562  583  763  771  570  697  131  784  589  968  196  818  980  816  260  603   75  310  709  656  730  825  215  448  499  696  145  895  943  563  128  718  530  934  981  387  606  626  371  785  334    9  299  795  729  870  789  219  382  746  869   66    6   29   79  686  991	: b  688  288  435  908   92  598  542  659
	preLogic lookup: 549 Rank: 49
post logic: a  839   32  218  700  414  752  306  683  673  456   23  380  826  411  438  989  496  564   22    2  389  184  831    4  344  644  447  232   97    3  258  250  329  744  562  583  763  771  570  697  131  784  589  968  196  818  980  816  260  603   75  310  709  656  730  825  215  448  499  696  145  895  943  563  128  718  530  934  981  387  606  626  371  785  334    9  299  795  729  870  789  219  382  746  869   66    6   29   79  686  991  549	: b  688  288  435  908   92  598  542  659
	preLogic lookup: 839 Rank: 88
post logic: a   32  218  700  414  752  306  683  673  456   23  380  826  411  438  989  496  564   22    2  389  184  831    4  344  644  447  232   97    3  258  250  329  744  562  583  763  771  570  697  131  784  589  968  196  818  980  816  260  603   75  310  709  656  730  825  215  448  499  696  145  895  943  563  128  718  530  934  981  387  606  626  371  785  334    9  299  795  729  870  789  219  382  746  869   66    6   29   79  686  991  549	: b  839  688  288  435  908   92  598  542  659
	preLogic lookup: 32 Rank: 8
post logic: a  218  700  414  752  306  683  673  456   23  380  826  411  438  989  496  564   22    2  389  184  831    4  344  644  447  232   97    3  258  250  329  744  562  583  763  771  570  697  131  784  589  968  196  818  980  816  260  603   75  310  709  656  730  825  215  448  499  696  145  895  943  563  128  718  530  934  981  387  606  626  371  785  334    9  299  795  729  870  789  219  382  746  869   66    6   29   79  686  991  549	: b   32  839  688  288  435  908   92  598  542  659
	preLogic lookup: 218 Rank: 20
post logic: a  700  414  752  306  683  673  456   23  380  826  411  438  989  496  564   22    2  389  184  831    4  344  644  447  232   97    3  258  250  329  744  562  583  763  771  570  697  131  784  589  968  196  818  980  816  260  603   75  310  709  656  730  825  215  448  499  696  145  895  943  563  128  718  530  934  981  387  606  626  371  785  334    9  299  795  729  870  789  219  382  746  869   66    6   29   79  686  991  549	: b  218   32  839  688  288  435  908   92  598  542  659
	preLogic lookup: 700 Rank: 69
post logic: a  414  752  306  683  673  456   23  380  826  411  438  989  496  564   22    2  389  184  831    4  344  644  447  232   97    3  258  250  329  744  562  583  763  771  570  697  131  784  589  968  196  818  980  816  260  603   75  310  709  656  730  825  215  448  499  696  145  895  943  563  128  718  530  934  981  387  606  626  371  785  334    9  299  795  729  870  789  219  382  746  869   66    6   29   79  686  991  549  700	: b  218   32  839  688  288  435  908   92  598  542  659
	preLogic lookup: 414 Rank: 39
post logic: a  752  306  683  673  456   23  380  826  411  438  989  496  564   22    2  389  184  831    4  344  644  447  232   97    3  258  250  329  744  562  583  763  771  570  697  131  784  589  968  196  818  980  816  260  603   75  310  709  656  730  825  215  448  499  696  145  895  943  563  128  718  530  934  981  387  606  626  371  785  334    9  299  795  729  870  789  219  382  746  869   66    6   29   79  686  991  549  700  414	: b  218   32  839  688  288  435  908   92  598  542  659
	preLogic lookup: 752 Rank: 76
post logic: a  306  683  673  456   23  380  826  411  438  989  496  564   22    2  389  184  831    4  344  644  447  232   97    3  258  250  329  744  562  583  763  771  570  697  131  784  589  968  196  818  980  816  260  603   75  310  709  656  730  825  215  448  499  696  145  895  943  563  128  718  530  934  981  387  606  626  371  785  334    9  299  795  729  870  789  219  382  746  869   66    6   29   79  686  991  549  700  414	: b  752  218   32  839  688  288  435  908   92  598  542  659
	preLogic lookup: 306 Rank: 28
post logic: a  683  673  456   23  380  826  411  438  989  496  564   22    2  389  184  831    4  344  644  447  232   97    3  258  250  329  744  562  583  763  771  570  697  131  784  589  968  196  818  980  816  260  603   75  310  709  656  730  825  215  448  499  696  145  895  943  563  128  718  530  934  981  387  606  626  371  785  334    9  299  795  729  870  789  219  382  746  869   66    6   29   79  686  991  549  700  414	: b  306  752  218   32  839  688  288  435  908   92  598  542  659
	preLogic lookup: 683 Rank: 64
post logic: a  673  456   23  380  826  411  438  989  496  564   22    2  389  184  831    4  344  644  447  232   97    3  258  250  329  744  562  583  763  771  570  697  131  784  589  968  196  818  980  816  260  603   75  310  709  656  730  825  215  448  499  696  145  895  943  563  128  718  530  934  981  387  606  626  371  785  334    9  299  795  729  870  789  219  382  746  869   66    6   29   79  686  991  549  700  414	: b  683  306  752  218   32  839  688  288  435  908   92  598  542  659
	preLogic lookup: 673 Rank: 63
post logic: a  456   23  380  826  411  438  989  496  564   22    2  389  184  831    4  344  644  447  232   97    3  258  250  329  744  562  583  763  771  570  697  131  784  589  968  196  818  980  816  260  603   75  310  709  656  730  825  215  448  499  696  145  895  943  563  128  718  530  934  981  387  606  626  371  785  334    9  299  795  729  870  789  219  382  746  869   66    6   29   79  686  991  549  700  414  673	: b  683  306  752  218   32  839  688  288  435  908   92  598  542  659
	preLogic lookup: 456 Rank: 44
post logic: a   23  380  826  411  438  989  496  564   22    2  389  184  831    4  344  644  447  232   97    3  258  250  329  744  562  583  763  771  570  697  131  784  589  968  196  818  980  816  260  603   75  310  709  656  730  825  215  448  499  696  145  895  943  563  128  718  530  934  981  387  606  626  371  785  334    9  299  795  729  870  789  219  382  746  869   66    6   29   79  686  991  549  700  414  673	: b  456  683  306  752  218   32  839  688  288  435  908   92  598  542  659
	preLogic lookup: 23 Rank: 6
post logic: a  380  826  411  438  989  496  564   22    2  389  184  831    4  344  644  447  232   97    3  258  250  329  744  562  583  763  771  570  697  131  784  589  968  196  818  980  816  260  603   75  310  709  656  730  825  215  448  499  696  145  895  943  563  128  718  530  934  981  387  606  626  371  785  334    9  299  795  729  870  789  219  382  746  869   66    6   29   79  686  991  549  700  414  673	: b   23  456  683  306  752  218   32  839  688  288  435  908   92  598  542  659
	preLogic lookup: 380 Rank: 34
post logic: a  826  411  438  989  496  564   22    2  389  184  831    4  344  644  447  232   97    3  258  250  329  744  562  583  763  771  570  697  131  784  589  968  196  818  980  816  260  603   75  310  709  656  730  825  215  448  499  696  145  895  943  563  128  718  530  934  981  387  606  626  371  785  334    9  299  795  729  870  789  219  382  746  869   66    6   29   79  686  991  549  700  414  673	: b  380   23  456  683  306  752  218   32  839  688  288  435  908   92  598  542  659
	preLogic lookup: 826 Rank: 86
post logic: a  411  438  989  496  564   22    2  389  184  831    4  344  644  447  232   97    3  258  250  329  744  562  583  763  771  570  697  131  784  589  968  196  818  980  816  260  603   75  310  709  656  730  825  215  448  499  696  145  895  943  563  128  718  530  934  981  387  606  626  371  785  334    9  299  795  729  870  789  219  382  746  869   66    6   29   79  686  991  549  700  414  673	: b  826  380   23  456  683  306  752  218   32  839  688  288  435  908   92  598  542  659
	preLogic lookup: 411 Rank: 38
post logic: a  438  989  496  564   22    2  389  184  831    4  344  644  447  232   97    3  258  250  329  744  562  583  763  771  570  697  131  784  589  968  196  818  980  816  260  603   75  310  709  656  730  825  215  448  499  696  145  895  943  563  128  718  530  934  981  387  606  626  371  785  334    9  299  795  729  870  789  219  382  746  869   66    6   29   79  686  991  549  700  414  673	: b  411  826  380   23  456  683  306  752  218   32  839  688  288  435  908   92  598  542  659
	preLogic lookup: 438 Rank: 41
post logic: a  989  496  564   22    2  389  184  831    4  344  644  447  232   97    3  258  250  329  744  562  583  763  771  570  697  131  784  589  968  196  818  980  816  260  603   75  310  709  656  730  825  215  448  499  696  145  895  943  563  128  718  530  934  981  387  606  626  371  785  334    9  299  795  729  870  789  219  382  746  869   66    6   29   79  686  991  549  700  414  673  438	: b  411  826  380   23  456  683  306  752  218   32  839  688  288  435  908   92  598  542  659
	preLogic lookup: 989 Rank: 98
post logic: a  496  564   22    2  389  184  831    4  344  644  447  232   97    3  258  250  329  744  562  583  763  771  570  697  131  784  589  968  196  818  980  816  260  603   75  310  709  656  730  825  215  448  499  696  145  895  943  563  128  718  530  934  981  387  606  626  371  785  334    9  299  795  729  870  789  219  382  746  869   66    6   29   79  686  991  549  700  414  673  438	: b  989  411  826  380   23  456  683  306  752  218   32  839  688  288  435  908   92  598  542  659
	preLogic lookup: 496 Rank: 45
post logic: a  564   22    2  389  184  831    4  344  644  447  232   97    3  258  250  329  744  562  583  763  771  570  697  131  784  589  968  196  818  980  816  260  603   75  310  709  656  730  825  215  448  499  696  145  895  943  563  128  718  530  934  981  387  606  626  371  785  334    9  299  795  729  870  789  219  382  746  869   66    6   29   79  686  991  549  700  414  673  438  496	: b  989  411  826  380   23  456  683  306  752  218   32  839  688  288  435  908   92  598  542  659
	preLogic lookup: 564 Rank: 52
post logic: a   22    2  389  184  831    4  344  644  447  232   97    3  258  250  329  744  562  583  763  771  570  697  131  784  589  968  196  818  980  816  260  603   75  310  709  656  730  825  215  448  499  696  145  895  943  563  128  718  530  934  981  387  606  626  371  785  334    9  299  795  729  870  789  219  382  746  869   66    6   29   79  686  991  549  700  414  673  438  496	: b  564  989  411  826  380   23  456  683  306  752  218   32  839  688  288  435  908   92  598  542  659
	preLogic lookup: 22 Rank: 5
post logic: a    2  389  184  831    4  344  644  447  232   97    3  258  250  329  744  562  583  763  771  570  697  131  784  589  968  196  818  980  816  260  603   75  310  709  656  730  825  215  448  499  696  145  895  943  563  128  718  530  934  981  387  606  626  371  785  334    9  299  795  729  870  789  219  382  746  869   66    6   29   79  686  991  549  700  414  673  438  496   22	: b  564  989  411  826  380   23  456  683  306  752  218   32  839  688  288  435  908   92  598  542  659
	preLogic lookup: 2 Rank: 0
post logic: a  389  184  831    4  344  644  447  232   97    3  258  250  329  744  562  583  763  771  570  697  131  784  589  968  196  818  980  816  260  603   75  310  709  656  730  825  215  448  499  696  145  895  943  563  128  718  530  934  981  387  606  626  371  785  334    9  299  795  729  870  789  219  382  746  869   66    6   29   79  686  991  549  700  414  673  438  496   22	: b    2  564  989  411  826  380   23  456  683  306  752  218   32  839  688  288  435  908   92  598  542  659
	preLogic lookup: 389 Rank: 37
post logic: a  184  831    4  344  644  447  232   97    3  258  250  329  744  562  583  763  771  570  697  131  784  589  968  196  818  980  816  260  603   75  310  709  656  730  825  215  448  499  696  145  895  943  563  128  718  530  934  981  387  606  626  371  785  334    9  299  795  729  870  789  219  382  746  869   66    6   29   79  686  991  549  700  414  673  438  496   22  389	: b    2  564  989  411  826  380   23  456  683  306  752  218   32  839  688  288  435  908   92  598  542  659
	preLogic lookup: 184 Rank: 17
post logic: a  831    4  344  644  447  232   97    3  258  250  329  744  562  583  763  771  570  697  131  784  589  968  196  818  980  816  260  603   75  310  709  656  730  825  215  448  499  696  145  895  943  563  128  718  530  934  981  387  606  626  371  785  334    9  299  795  729  870  789  219  382  746  869   66    6   29   79  686  991  549  700  414  673  438  496   22  389  184	: b    2  564  989  411  826  380   23  456  683  306  752  218   32  839  688  288  435  908   92  598  542  659
	preLogic lookup: 831 Rank: 87
post logic: a    4  344  644  447  232   97    3  258  250  329  744  562  583  763  771  570  697  131  784  589  968  196  818  980  816  260  603   75  310  709  656  730  825  215  448  499  696  145  895  943  563  128  718  530  934  981  387  606  626  371  785  334    9  299  795  729  870  789  219  382  746  869   66    6   29   79  686  991  549  700  414  673  438  496   22  389  184  831	: b    2  564  989  411  826  380   23  456  683  306  752  218   32  839  688  288  435  908   92  598  542  659
	preLogic lookup: 4 Rank: 2
post logic: a  344  644  447  232   97    3  258  250  329  744  562  583  763  771  570  697  131  784  589  968  196  818  980  816  260  603   75  310  709  656  730  825  215  448  499  696  145  895  943  563  128  718  530  934  981  387  606  626  371  785  334    9  299  795  729  870  789  219  382  746  869   66    6   29   79  686  991  549  700  414  673  438  496   22  389  184  831	: b    4    2  564  989  411  826  380   23  456  683  306  752  218   32  839  688  288  435  908   92  598  542  659
	preLogic lookup: 344 Rank: 32
post logic: a  644  447  232   97    3  258  250  329  744  562  583  763  771  570  697  131  784  589  968  196  818  980  816  260  603   75  310  709  656  730  825  215  448  499  696  145  895  943  563  128  718  530  934  981  387  606  626  371  785  334    9  299  795  729  870  789  219  382  746  869   66    6   29   79  686  991  549  700  414  673  438  496   22  389  184  831	: b  344    4    2  564  989  411  826  380   23  456  683  306  752  218   32  839  688  288  435  908   92  598  542  659
	preLogic lookup: 644 Rank: 60
post logic: a  447  232   97    3  258  250  329  744  562  583  763  771  570  697  131  784  589  968  196  818  980  816  260  603   75  310  709  656  730  825  215  448  499  696  145  895  943  563  128  718  530  934  981  387  606  626  371  785  334    9  299  795  729  870  789  219  382  746  869   66    6   29   79  686  991  549  700  414  673  438  496   22  389  184  831	: b  644  344    4    2  564  989  411  826  380   23  456  683  306  752  218   32  839  688  288  435  908   92  598  542  659
	preLogic lookup: 447 Rank: 42
post logic: a  232   97    3  258  250  329  744  562  583  763  771  570  697  131  784  589  968  196  818  980  816  260  603   75  310  709  656  730  825  215  448  499  696  145  895  943  563  128  718  530  934  981  387  606  626  371  785  334    9  299  795  729  870  789  219  382  746  869   66    6   29   79  686  991  549  700  414  673  438  496   22  389  184  831	: b  447  644  344    4    2  564  989  411  826  380   23  456  683  306  752  218   32  839  688  288  435  908   92  598  542  659
	preLogic lookup: 232 Rank: 22
post logic: a   97    3  258  250  329  744  562  583  763  771  570  697  131  784  589  968  196  818  980  816  260  603   75  310  709  656  730  825  215  448  499  696  145  895  943  563  128  718  530  934  981  387  606  626  371  785  334    9  299  795  729  870  789  219  382  746  869   66    6   29   79  686  991  549  700  414  673  438  496   22  389  184  831	: b  232  447  644  344    4    2  564  989  411  826  380   23  456  683  306  752  218   32  839  688  288  435  908   92  598  542  659
	preLogic lookup: 97 Rank: 13
post logic: a    3  258  250  329  744  562  583  763  771  570  697  131  784  589  968  196  818  980  816  260  603   75  310  709  656  730  825  215  448  499  696  145  895  943  563  128  718  530  934  981  387  606  626  371  785  334    9  299  795  729  870  789  219  382  746  869   66    6   29   79  686  991  549  700  414  673  438  496   22  389  184  831   97	: b  232  447  644  344    4    2  564  989  411  826  380   23  456  683  306  752  218   32  839  688  288  435  908   92  598  542  659
	preLogic lookup: 3 Rank: 1
post logic: a  258  250  329  744  562  583  763  771  570  697  131  784  589  968  196  818  980  816  260  603   75  310  709  656  730  825  215  448  499  696  145  895  943  563  128  718  530  934  981  387  606  626  371  785  334    9  299  795  729  870  789  219  382  746  869   66    6   29   79  686  991  549  700  414  673  438  496   22  389  184  831   97    3	: b  232  447  644  344    4    2  564  989  411  826  380   23  456  683  306  752  218   32  839  688  288  435  908   92  598  542  659
	preLogic lookup: 258 Rank: 24
post logic: a  250  329  744  562  583  763  771  570  697  131  784  589  968  196  818  980  816  260  603   75  310  709  656  730  825  215  448  499  696  145  895  943  563  128  718  530  934  981  387  606  626  371  785  334    9  299  795  729  870  789  219  382  746  869   66    6   29   79  686  991  549  700  414  673  438  496   22  389  184  831   97    3	: b  258  232  447  644  344    4    2  564  989  411  826  380   23  456  683  306  752  218   32  839  688  288  435  908   92  598  542  659
	preLogic lookup: 250 Rank: 23
post logic: a  329  744  562  583  763  771  570  697  131  784  589  968  196  818  980  816  260  603   75  310  709  656  730  825  215  448  499  696  145  895  943  563  128  718  530  934  981  387  606  626  371  785  334    9  299  795  729  870  789  219  382  746  869   66    6   29   79  686  991  549  700  414  673  438  496   22  389  184  831   97    3  250	: b  258  232  447  644  344    4    2  564  989  411  826  380   23  456  683  306  752  218   32  839  688  288  435  908   92  598  542  659
	preLogic lookup: 329 Rank: 30
post logic: a  744  562  583  763  771  570  697  131  784  589  968  196  818  980  816  260  603   75  310  709  656  730  825  215  448  499  696  145  895  943  563  128  718  530  934  981  387  606  626  371  785  334    9  299  795  729  870  789  219  382  746  869   66    6   29   79  686  991  549  700  414  673  438  496   22  389  184  831   97    3  250	: b  329  258  232  447  644  344    4    2  564  989  411  826  380   23  456  683  306  752  218   32  839  688  288  435  908   92  598  542  659
	preLogic lookup: 744 Rank: 74
post logic: a  562  583  763  771  570  697  131  784  589  968  196  818  980  816  260  603   75  310  709  656  730  825  215  448  499  696  145  895  943  563  128  718  530  934  981  387  606  626  371  785  334    9  299  795  729  870  789  219  382  746  869   66    6   29   79  686  991  549  700  414  673  438  496   22  389  184  831   97    3  250	: b  744  329  258  232  447  644  344    4    2  564  989  411  826  380   23  456  683  306  752  218   32  839  688  288  435  908   92  598  542  659
	preLogic lookup: 562 Rank: 50
post logic: a  583  763  771  570  697  131  784  589  968  196  818  980  816  260  603   75  310  709  656  730  825  215  448  499  696  145  895  943  563  128  718  530  934  981  387  606  626  371  785  334    9  299  795  729  870  789  219  382  746  869   66    6   29   79  686  991  549  700  414  673  438  496   22  389  184  831   97    3  250	: b  562  744  329  258  232  447  644  344    4    2  564  989  411  826  380   23  456  683  306  752  218   32  839  688  288  435  908   92  598  542  659
	preLogic lookup: 583 Rank: 54
post logic: a  763  771  570  697  131  784  589  968  196  818  980  816  260  603   75  310  709  656  730  825  215  448  499  696  145  895  943  563  128  718  530  934  981  387  606  626  371  785  334    9  299  795  729  870  789  219  382  746  869   66    6   29   79  686  991  549  700  414  673  438  496   22  389  184  831   97    3  250	: b  583  562  744  329  258  232  447  644  344    4    2  564  989  411  826  380   23  456  683  306  752  218   32  839  688  288  435  908   92  598  542  659
	preLogic lookup: 763 Rank: 77
post logic: a  771  570  697  131  784  589  968  196  818  980  816  260  603   75  310  709  656  730  825  215  448  499  696  145  895  943  563  128  718  530  934  981  387  606  626  371  785  334    9  299  795  729  870  789  219  382  746  869   66    6   29   79  686  991  549  700  414  673  438  496   22  389  184  831   97    3  250  763	: b  583  562  744  329  258  232  447  644  344    4    2  564  989  411  826  380   23  456  683  306  752  218   32  839  688  288  435  908   92  598  542  659
	preLogic lookup: 771 Rank: 78
post logic: a  570  697  131  784  589  968  196  818  980  816  260  603   75  310  709  656  730  825  215  448  499  696  145  895  943  563  128  718  530  934  981  387  606  626  371  785  334    9  299  795  729  870  789  219  382  746  869   66    6   29   79  686  991  549  700  414  673  438  496   22  389  184  831   97    3  250  763	: b  771  583  562  744  329  258  232  447  644  344    4    2  564  989  411  826  380   23  456  683  306  752  218   32  839  688  288  435  908   92  598  542  659
	preLogic lookup: 570 Rank: 53
post logic: a  697  131  784  589  968  196  818  980  816  260  603   75  310  709  656  730  825  215  448  499  696  145  895  943  563  128  718  530  934  981  387  606  626  371  785  334    9  299  795  729  870  789  219  382  746  869   66    6   29   79  686  991  549  700  414  673  438  496   22  389  184  831   97    3  250  763  570	: b  771  583  562  744  329  258  232  447  644  344    4    2  564  989  411  826  380   23  456  683  306  752  218   32  839  688  288  435  908   92  598  542  659
	preLogic lookup: 697 Rank: 68
post logic: a  131  784  589  968  196  818  980  816  260  603   75  310  709  656  730  825  215  448  499  696  145  895  943  563  128  718  530  934  981  387  606  626  371  785  334    9  299  795  729  870  789  219  382  746  869   66    6   29   79  686  991  549  700  414  673  438  496   22  389  184  831   97    3  250  763  570	: b  697  771  583  562  744  329  258  232  447  644  344    4    2  564  989  411  826  380   23  456  683  306  752  218   32  839  688  288  435  908   92  598  542  659
	preLogic lookup: 131 Rank: 15
post logic: a  784  589  968  196  818  980  816  260  603   75  310  709  656  730  825  215  448  499  696  145  895  943  563  128  718  530  934  981  387  606  626  371  785  334    9  299  795  729  870  789  219  382  746  869   66    6   29   79  686  991  549  700  414  673  438  496   22  389  184  831   97    3  250  763  570  131	: b  697  771  583  562  744  329  258  232  447  644  344    4    2  564  989  411  826  380   23  456  683  306  752  218   32  839  688  288  435  908   92  598  542  659
	preLogic lookup: 784 Rank: 79
post logic: a  589  968  196  818  980  816  260  603   75  310  709  656  730  825  215  448  499  696  145  895  943  563  128  718  530  934  981  387  606  626  371  785  334    9  299  795  729  870  789  219  382  746  869   66    6   29   79  686  991  549  700  414  673  438  496   22  389  184  831   97    3  250  763  570  131  784	: b  697  771  583  562  744  329  258  232  447  644  344    4    2  564  989  411  826  380   23  456  683  306  752  218   32  839  688  288  435  908   92  598  542  659
	preLogic lookup: 589 Rank: 55
post logic: a  968  196  818  980  816  260  603   75  310  709  656  730  825  215  448  499  696  145  895  943  563  128  718  530  934  981  387  606  626  371  785  334    9  299  795  729  870  789  219  382  746  869   66    6   29   79  686  991  549  700  414  673  438  496   22  389  184  831   97    3  250  763  570  131  784  589	: b  697  771  583  562  744  329  258  232  447  644  344    4    2  564  989  411  826  380   23  456  683  306  752  218   32  839  688  288  435  908   92  598  542  659
	preLogic lookup: 968 Rank: 95
post logic: a  196  818  980  816  260  603   75  310  709  656  730  825  215  448  499  696  145  895  943  563  128  718  530  934  981  387  606  626  371  785  334    9  299  795  729  870  789  219  382  746  869   66    6   29   79  686  991  549  700  414  673  438  496   22  389  184  831   97    3  250  763  570  131  784  589  968	: b  697  771  583  562  744  329  258  232  447  644  344    4    2  564  989  411  826  380   23  456  683  306  752  218   32  839  688  288  435  908   92  598  542  659
	preLogic lookup: 196 Rank: 18
post logic: a  818  980  816  260  603   75  310  709  656  730  825  215  448  499  696  145  895  943  563  128  718  530  934  981  387  606  626  371  785  334    9  299  795  729  870  789  219  382  746  869   66    6   29   79  686  991  549  700  414  673  438  496   22  389  184  831   97    3  250  763  570  131  784  589  968	: b  196  697  771  583  562  744  329  258  232  447  644  344    4    2  564  989  411  826  380   23  456  683  306  752  218   32  839  688  288  435  908   92  598  542  659
	preLogic lookup: 818 Rank: 84
post logic: a  980  816  260  603   75  310  709  656  730  825  215  448  499  696  145  895  943  563  128  718  530  934  981  387  606  626  371  785  334    9  299  795  729  870  789  219  382  746  869   66    6   29   79  686  991  549  700  414  673  438  496   22  389  184  831   97    3  250  763  570  131  784  589  968	: b  818  196  697  771  583  562  744  329  258  232  447  644  344    4    2  564  989  411  826  380   23  456  683  306  752  218   32  839  688  288  435  908   92  598  542  659
	preLogic lookup: 980 Rank: 96
post logic: a  816  260  603   75  310  709  656  730  825  215  448  499  696  145  895  943  563  128  718  530  934  981  387  606  626  371  785  334    9  299  795  729  870  789  219  382  746  869   66    6   29   79  686  991  549  700  414  673  438  496   22  389  184  831   97    3  250  763  570  131  784  589  968	: b  980  818  196  697  771  583  562  744  329  258  232  447  644  344    4    2  564  989  411  826  380   23  456  683  306  752  218   32  839  688  288  435  908   92  598  542  659
	preLogic lookup: 816 Rank: 83
post logic: a  260  603   75  310  709  656  730  825  215  448  499  696  145  895  943  563  128  718  530  934  981  387  606  626  371  785  334    9  299  795  729  870  789  219  382  746  869   66    6   29   79  686  991  549  700  414  673  438  496   22  389  184  831   97    3  250  763  570  131  784  589  968  816	: b  980  818  196  697  771  583  562  744  329  258  232  447  644  344    4    2  564  989  411  826  380   23  456  683  306  752  218   32  839  688  288  435  908   92  598  542  659
	preLogic lookup: 260 Rank: 25
post logic: a  603   75  310  709  656  730  825  215  448  499  696  145  895  943  563  128  718  530  934  981  387  606  626  371  785  334    9  299  795  729  870  789  219  382  746  869   66    6   29   79  686  991  549  700  414  673  438  496   22  389  184  831   97    3  250  763  570  131  784  589  968  816  260	: b  980  818  196  697  771  583  562  744  329  258  232  447  644  344    4    2  564  989  411  826  380   23  456  683  306  752  218   32  839  688  288  435  908   92  598  542  659
	preLogic lookup: 603 Rank: 57
post logic: a   75  310  709  656  730  825  215  448  499  696  145  895  943  563  128  718  530  934  981  387  606  626  371  785  334    9  299  795  729  870  789  219  382  746  869   66    6   29   79  686  991  549  700  414  673  438  496   22  389  184  831   97    3  250  763  570  131  784  589  968  816  260  603	: b  980  818  196  697  771  583  562  744  329  258  232  447  644  344    4    2  564  989  411  826  380   23  456  683  306  752  218   32  839  688  288  435  908   92  598  542  659
	preLogic lookup: 75 Rank: 10
post logic: a  310  709  656  730  825  215  448  499  696  145  895  943  563  128  718  530  934  981  387  606  626  371  785  334    9  299  795  729  870  789  219  382  746  869   66    6   29   79  686  991  549  700  414  673  438  496   22  389  184  831   97    3  250  763  570  131  784  589  968  816  260  603	: b   75  980  818  196  697  771  583  562  744  329  258  232  447  644  344    4    2  564  989  411  826  380   23  456  683  306  752  218   32  839  688  288  435  908   92  598  542  659
	preLogic lookup: 310 Rank: 29
post logic: a  709  656  730  825  215  448  499  696  145  895  943  563  128  718  530  934  981  387  606  626  371  785  334    9  299  795  729  870  789  219  382  746  869   66    6   29   79  686  991  549  700  414  673  438  496   22  389  184  831   97    3  250  763  570  131  784  589  968  816  260  603  310	: b   75  980  818  196  697  771  583  562  744  329  258  232  447  644  344    4    2  564  989  411  826  380   23  456  683  306  752  218   32  839  688  288  435  908   92  598  542  659
	preLogic lookup: 709 Rank: 70
post logic: a  656  730  825  215  448  499  696  145  895  943  563  128  718  530  934  981  387  606  626  371  785  334    9  299  795  729  870  789  219  382  746  869   66    6   29   79  686  991  549  700  414  673  438  496   22  389  184  831   97    3  250  763  570  131  784  589  968  816  260  603  310	: b  709   75  980  818  196  697  771  583  562  744  329  258  232  447  644  344    4    2  564  989  411  826  380   23  456  683  306  752  218   32  839  688  288  435  908   92  598  542  659
	preLogic lookup: 656 Rank: 61
post logic: a  730  825  215  448  499  696  145  895  943  563  128  718  530  934  981  387  606  626  371  785  334    9  299  795  729  870  789  219  382  746  869   66    6   29   79  686  991  549  700  414  673  438  496   22  389  184  831   97    3  250  763  570  131  784  589  968  816  260  603  310  656	: b  709   75  980  818  196  697  771  583  562  744  329  258  232  447  644  344    4    2  564  989  411  826  380   23  456  683  306  752  218   32  839  688  288  435  908   92  598  542  659
	preLogic lookup: 730 Rank: 73
post logic: a  825  215  448  499  696  145  895  943  563  128  718  530  934  981  387  606  626  371  785  334    9  299  795  729  870  789  219  382  746  869   66    6   29   79  686  991  549  700  414  673  438  496   22  389  184  831   97    3  250  763  570  131  784  589  968  816  260  603  310  656  730	: b  709   75  980  818  196  697  771  583  562  744  329  258  232  447  644  344    4    2  564  989  411  826  380   23  456  683  306  752  218   32  839  688  288  435  908   92  598  542  659
	preLogic lookup: 825 Rank: 85
post logic: a  215  448  499  696  145  895  943  563  128  718  530  934  981  387  606  626  371  785  334    9  299  795  729  870  789  219  382  746  869   66    6   29   79  686  991  549  700  414  673  438  496   22  389  184  831   97    3  250  763  570  131  784  589  968  816  260  603  310  656  730  825	: b  709   75  980  818  196  697  771  583  562  744  329  258  232  447  644  344    4    2  564  989  411  826  380   23  456  683  306  752  218   32  839  688  288  435  908   92  598  542  659
	preLogic lookup: 215 Rank: 19
post logic: a  448  499  696  145  895  943  563  128  718  530  934  981  387  606  626  371  785  334    9  299  795  729  870  789  219  382  746  869   66    6   29   79  686  991  549  700  414  673  438  496   22  389  184  831   97    3  250  763  570  131  784  589  968  816  260  603  310  656  730  825  215	: b  709   75  980  818  196  697  771  583  562  744  329  258  232  447  644  344    4    2  564  989  411  826  380   23  456  683  306  752  218   32  839  688  288  435  908   92  598  542  659
	preLogic lookup: 448 Rank: 43
post logic: a  499  696  145  895  943  563  128  718  530  934  981  387  606  626  371  785  334    9  299  795  729  870  789  219  382  746  869   66    6   29   79  686  991  549  700  414  673  438  496   22  389  184  831   97    3  250  763  570  131  784  589  968  816  260  603  310  656  730  825  215  448	: b  709   75  980  818  196  697  771  583  562  744  329  258  232  447  644  344    4    2  564  989  411  826  380   23  456  683  306  752  218   32  839  688  288  435  908   92  598  542  659
	preLogic lookup: 499 Rank: 46
post logic: a  696  145  895  943  563  128  718  530  934  981  387  606  626  371  785  334    9  299  795  729  870  789  219  382  746  869   66    6   29   79  686  991  549  700  414  673  438  496   22  389  184  831   97    3  250  763  570  131  784  589  968  816  260  603  310  656  730  825  215  448	: b  499  709   75  980  818  196  697  771  583  562  744  329  258  232  447  644  344    4    2  564  989  411  826  380   23  456  683  306  752  218   32  839  688  288  435  908   92  598  542  659
	preLogic lookup: 696 Rank: 67
post logic: a  145  895  943  563  128  718  530  934  981  387  606  626  371  785  334    9  299  795  729  870  789  219  382  746  869   66    6   29   79  686  991  549  700  414  673  438  496   22  389  184  831   97    3  250  763  570  131  784  589  968  816  260  603  310  656  730  825  215  448  696	: b  499  709   75  980  818  196  697  771  583  562  744  329  258  232  447  644  344    4    2  564  989  411  826  380   23  456  683  306  752  218   32  839  688  288  435  908   92  598  542  659
	preLogic lookup: 145 Rank: 16
post logic: a  895  943  563  128  718  530  934  981  387  606  626  371  785  334    9  299  795  729  870  789  219  382  746  869   66    6   29   79  686  991  549  700  414  673  438  496   22  389  184  831   97    3  250  763  570  131  784  589  968  816  260  603  310  656  730  825  215  448  696	: b  145  499  709   75  980  818  196  697  771  583  562  744  329  258  232  447  644  344    4    2  564  989  411  826  380   23  456  683  306  752  218   32  839  688  288  435  908   92  598  542  659
	preLogic lookup: 895 Rank: 91
post logic: a  943  563  128  718  530  934  981  387  606  626  371  785  334    9  299  795  729  870  789  219  382  746  869   66    6   29   79  686  991  549  700  414  673  438  496   22  389  184  831   97    3  250  763  570  131  784  589  968  816  260  603  310  656  730  825  215  448  696  895	: b  145  499  709   75  980  818  196  697  771  583  562  744  329  258  232  447  644  344    4    2  564  989  411  826  380   23  456  683  306  752  218   32  839  688  288  435  908   92  598  542  659
	preLogic lookup: 943 Rank: 94
post logic: a  563  128  718  530  934  981  387  606  626  371  785  334    9  299  795  729  870  789  219  382  746  869   66    6   29   79  686  991  549  700  414  673  438  496   22  389  184  831   97    3  250  763  570  131  784  589  968  816  260  603  310  656  730  825  215  448  696  895	: b  943  145  499  709   75  980  818  196  697  771  583  562  744  329  258  232  447  644  344    4    2  564  989  411  826  380   23  456  683  306  752  218   32  839  688  288  435  908   92  598  542  659
	preLogic lookup: 563 Rank: 51
post logic: a  128  718  530  934  981  387  606  626  371  785  334    9  299  795  729  870  789  219  382  746  869   66    6   29   79  686  991  549  700  414  673  438  496   22  389  184  831   97    3  250  763  570  131  784  589  968  816  260  603  310  656  730  825  215  448  696  895  563	: b  943  145  499  709   75  980  818  196  697  771  583  562  744  329  258  232  447  644  344    4    2  564  989  411  826  380   23  456  683  306  752  218   32  839  688  288  435  908   92  598  542  659
	preLogic lookup: 128 Rank: 14
post logic: a  718  530  934  981  387  606  626  371  785  334    9  299  795  729  870  789  219  382  746  869   66    6   29   79  686  991  549  700  414  673  438  496   22  389  184  831   97    3  250  763  570  131  784  589  968  816  260  603  310  656  730  825  215  448  696  895  563	: b  128  943  145  499  709   75  980  818  196  697  771  583  562  744  329  258  232  447  644  344    4    2  564  989  411  826  380   23  456  683  306  752  218   32  839  688  288  435  908   92  598  542  659
	preLogic lookup: 718 Rank: 71
post logic: a  530  934  981  387  606  626  371  785  334    9  299  795  729  870  789  219  382  746  869   66    6   29   79  686  991  549  700  414  673  438  496   22  389  184  831   97    3  250  763  570  131  784  589  968  816  260  603  310  656  730  825  215  448  696  895  563  718	: b  128  943  145  499  709   75  980  818  196  697  771  583  562  744  329  258  232  447  644  344    4    2  564  989  411  826  380   23  456  683  306  752  218   32  839  688  288  435  908   92  598  542  659
	preLogic lookup: 530 Rank: 47
post logic: a  934  981  387  606  626  371  785  334    9  299  795  729  870  789  219  382  746  869   66    6   29   79  686  991  549  700  414  673  438  496   22  389  184  831   97    3  250  763  570  131  784  589  968  816  260  603  310  656  730  825  215  448  696  895  563  718  530	: b  128  943  145  499  709   75  980  818  196  697  771  583  562  744  329  258  232  447  644  344    4    2  564  989  411  826  380   23  456  683  306  752  218   32  839  688  288  435  908   92  598  542  659
	preLogic lookup: 934 Rank: 93
post logic: a  981  387  606  626  371  785  334    9  299  795  729  870  789  219  382  746  869   66    6   29   79  686  991  549  700  414  673  438  496   22  389  184  831   97    3  250  763  570  131  784  589  968  816  260  603  310  656  730  825  215  448  696  895  563  718  530  934	: b  128  943  145  499  709   75  980  818  196  697  771  583  562  744  329  258  232  447  644  344    4    2  564  989  411  826  380   23  456  683  306  752  218   32  839  688  288  435  908   92  598  542  659
	preLogic lookup: 981 Rank: 97
post logic: a  387  606  626  371  785  334    9  299  795  729  870  789  219  382  746  869   66    6   29   79  686  991  549  700  414  673  438  496   22  389  184  831   97    3  250  763  570  131  784  589  968  816  260  603  310  656  730  825  215  448  696  895  563  718  530  934  981	: b  128  943  145  499  709   75  980  818  196  697  771  583  562  744  329  258  232  447  644  344    4    2  564  989  411  826  380   23  456  683  306  752  218   32  839  688  288  435  908   92  598  542  659
	preLogic lookup: 387 Rank: 36
post logic: a  606  626  371  785  334    9  299  795  729  870  789  219  382  746  869   66    6   29   79  686  991  549  700  414  673  438  496   22  389  184  831   97    3  250  763  570  131  784  589  968  816  260  603  310  656  730  825  215  448  696  895  563  718  530  934  981	: b  387  128  943  145  499  709   75  980  818  196  697  771  583  562  744  329  258  232  447  644  344    4    2  564  989  411  826  380   23  456  683  306  752  218   32  839  688  288  435  908   92  598  542  659
	preLogic lookup: 606 Rank: 58
post logic: a  626  371  785  334    9  299  795  729  870  789  219  382  746  869   66    6   29   79  686  991  549  700  414  673  438  496   22  389  184  831   97    3  250  763  570  131  784  589  968  816  260  603  310  656  730  825  215  448  696  895  563  718  530  934  981	: b  606  387  128  943  145  499  709   75  980  818  196  697  771  583  562  744  329  258  232  447  644  344    4    2  564  989  411  826  380   23  456  683  306  752  218   32  839  688  288  435  908   92  598  542  659
	preLogic lookup: 626 Rank: 59
post logic: a  371  785  334    9  299  795  729  870  789  219  382  746  869   66    6   29   79  686  991  549  700  414  673  438  496   22  389  184  831   97    3  250  763  570  131  784  589  968  816  260  603  310  656  730  825  215  448  696  895  563  718  530  934  981  626	: b  606  387  128  943  145  499  709   75  980  818  196  697  771  583  562  744  329  258  232  447  644  344    4    2  564  989  411  826  380   23  456  683  306  752  218   32  839  688  288  435  908   92  598  542  659
	preLogic lookup: 371 Rank: 33
post logic: a  785  334    9  299  795  729  870  789  219  382  746  869   66    6   29   79  686  991  549  700  414  673  438  496   22  389  184  831   97    3  250  763  570  131  784  589  968  816  260  603  310  656  730  825  215  448  696  895  563  718  530  934  981  626  371	: b  606  387  128  943  145  499  709   75  980  818  196  697  771  583  562  744  329  258  232  447  644  344    4    2  564  989  411  826  380   23  456  683  306  752  218   32  839  688  288  435  908   92  598  542  659
	preLogic lookup: 785 Rank: 80
post logic: a  334    9  299  795  729  870  789  219  382  746  869   66    6   29   79  686  991  549  700  414  673  438  496   22  389  184  831   97    3  250  763  570  131  784  589  968  816  260  603  310  656  730  825  215  448  696  895  563  718  530  934  981  626  371	: b  785  606  387  128  943  145  499  709   75  980  818  196  697  771  583  562  744  329  258  232  447  644  344    4    2  564  989  411  826  380   23  456  683  306  752  218   32  839  688  288  435  908   92  598  542  659
	preLogic lookup: 334 Rank: 31
post logic: a    9  299  795  729  870  789  219  382  746  869   66    6   29   79  686  991  549  700  414  673  438  496   22  389  184  831   97    3  250  763  570  131  784  589  968  816  260  603  310  656  730  825  215  448  696  895  563  718  530  934  981  626  371  334	: b  785  606  387  128  943  145  499  709   75  980  818  196  697  771  583  562  744  329  258  232  447  644  344    4    2  564  989  411  826  380   23  456  683  306  752  218   32  839  688  288  435  908   92  598  542  659
	preLogic lookup: 9 Rank: 4
post logic: a  299  795  729  870  789  219  382  746  869   66    6   29   79  686  991  549  700  414  673  438  496   22  389  184  831   97    3  250  763  570  131  784  589  968  816  260  603  310  656  730  825  215  448  696  895  563  718  530  934  981  626  371  334	: b    9  785  606  387  128  943  145  499  709   75  980  818  196  697  771  583  562  744  329  258  232  447  644  344    4    2  564  989  411  826  380   23  456  683  306  752  218   32  839  688  288  435  908   92  598  542  659
	preLogic lookup: 299 Rank: 27
post logic: a  795  729  870  789  219  382  746  869   66    6   29   79  686  991  549  700  414  673  438  496   22  389  184  831   97    3  250  763  570  131  784  589  968  816  260  603  310  656  730  825  215  448  696  895  563  718  530  934  981  626  371  334  299	: b    9  785  606  387  128  943  145  499  709   75  980  818  196  697  771  583  562  744  329  258  232  447  644  344    4    2  564  989  411  826  380   23  456  683  306  752  218   32  839  688  288  435  908   92  598  542  659
	preLogic lookup: 795 Rank: 82
post logic: a  729  870  789  219  382  746  869   66    6   29   79  686  991  549  700  414  673  438  496   22  389  184  831   97    3  250  763  570  131  784  589  968  816  260  603  310  656  730  825  215  448  696  895  563  718  530  934  981  626  371  334  299	: b  795    9  785  606  387  128  943  145  499  709   75  980  818  196  697  771  583  562  744  329  258  232  447  644  344    4    2  564  989  411  826  380   23  456  683  306  752  218   32  839  688  288  435  908   92  598  542  659
	preLogic lookup: 729 Rank: 72
post logic: a  870  789  219  382  746  869   66    6   29   79  686  991  549  700  414  673  438  496   22  389  184  831   97    3  250  763  570  131  784  589  968  816  260  603  310  656  730  825  215  448  696  895  563  718  530  934  981  626  371  334  299	: b  729  795    9  785  606  387  128  943  145  499  709   75  980  818  196  697  771  583  562  744  329  258  232  447  644  344    4    2  564  989  411  826  380   23  456  683  306  752  218   32  839  688  288  435  908   92  598  542  659
	preLogic lookup: 870 Rank: 90
post logic: a  789  219  382  746  869   66    6   29   79  686  991  549  700  414  673  438  496   22  389  184  831   97    3  250  763  570  131  784  589  968  816  260  603  310  656  730  825  215  448  696  895  563  718  530  934  981  626  371  334  299	: b  870  729  795    9  785  606  387  128  943  145  499  709   75  980  818  196  697  771  583  562  744  329  258  232  447  644  344    4    2  564  989  411  826  380   23  456  683  306  752  218   32  839  688  288  435  908   92  598  542  659
	preLogic lookup: 789 Rank: 81
post logic: a  219  382  746  869   66    6   29   79  686  991  549  700  414  673  438  496   22  389  184  831   97    3  250  763  570  131  784  589  968  816  260  603  310  656  730  825  215  448  696  895  563  718  530  934  981  626  371  334  299  789	: b  870  729  795    9  785  606  387  128  943  145  499  709   75  980  818  196  697  771  583  562  744  329  258  232  447  644  344    4    2  564  989  411  826  380   23  456  683  306  752  218   32  839  688  288  435  908   92  598  542  659
  preEmpty: a  219  382  746  869   66    6   29   79  686  991  549  700  414  673  438  496   22  389  184  831   97    3  250  763  570  131  784  589  968  816  260  603  310  656  730  825  215  448  696  895  563  718  530  934  981  626  371  334  299  789	: b  870  729  795    9  785  606  387  128  943  145  499  709   75  980  818  196  697  771  583  562  744  329  258  232  447  644  344    4    2  564  989  411  826  380   23  456  683  306  752  218   32  839  688  288  435  908   92  598  542  659
	preLogic lookup: 659 Rank: 62
post logic: a  542  598   92  908  435  288  688  839   32  218  752  306  683  456   23  380  826  411  989  564    2    4  344  644  447  232  258  329  744  562  583  771  697  196  818  980   75  709  499  145  943  128  387  606  785    9  795  729  870  219  382  746  869   66    6   29   79  686  991  549  700  414  673  438  496   22  389  184  831   97    3  250  763  570  131  784  589  968  816  260  603  310  656  730  825  215  448  696  895  563  718  530  934  981  626  371  334  299  789  659	: b
	preLogic lookup: 542 Rank: 48
post logic: a  598   92  908  435  288  688  839   32  218  752  306  683  456   23  380  826  411  989  564    2    4  344  644  447  232  258  329  744  562  583  771  697  196  818  980   75  709  499  145  943  128  387  606  785    9  795  729  870  219  382  746  869   66    6   29   79  686  991  549  700  414  673  438  496   22  389  184  831   97    3  250  763  570  131  784  589  968  816  260  603  310  656  730  825  215  448  696  895  563  718  530  934  981  626  371  334  299  789  659	: b  542
	preLogic lookup: 598 Rank: 56
post logic: a   92  908  435  288  688  839   32  218  752  306  683  456   23  380  826  411  989  564    2    4  344  644  447  232  258  329  744  562  583  771  697  196  818  980   75  709  499  145  943  128  387  606  785    9  795  729  870  219  382  746  869   66    6   29   79  686  991  549  700  414  673  438  496   22  389  184  831   97    3  250  763  570  131  784  589  968  816  260  603  310  656  730  825  215  448  696  895  563  718  530  934  981  626  371  334  299  789  659	: b  598  542
	preLogic lookup: 92 Rank: 12
post logic: a  908  435  288  688  839   32  218  752  306  683  456   23  380  826  411  989  564    2    4  344  644  447  232  258  329  744  562  583  771  697  196  818  980   75  709  499  145  943  128  387  606  785    9  795  729  870  219  382  746  869   66    6   29   79  686  991  549  700  414  673  438  496   22  389  184  831   97    3  250  763  570  131  784  589  968  816  260  603  310  656  730  825  215  448  696  895  563  718  530  934  981  626  371  334  299  789  659	: b   92  598  542
	preLogic lookup: 908 Rank: 92
post logic: a  435  288  688  839   32  218  752  306  683  456   23  380  826  411  989  564    2    4  344  644  447  232  258  329  744  562  583  771  697  196  818  980   75  709  499  145  943  128  387  606  785    9  795  729  870  219  382  746  869   66    6   29   79  686  991  549  700  414  673  438  496   22  389  184  831   97    3  250  763  570  131  784  589  968  816  260  603  310  656  730  825  215  448  696  895  563  718  530  934  981  626  371  334  299  789  659	: b  908   92  598  542
	preLogic lookup: 435 Rank: 40
post logic: a  288  688  839   32  218  752  306  683  456   23  380  826  411  989  564    2    4  344  644  447  232  258  329  744  562  583  771  697  196  818  980   75  709  499  145  943  128  387  606  785    9  795  729  870  219  382  746  869   66    6   29   79  686  991  549  700  414  673  438  496   22  389  184  831   97    3  250  763  570  131  784  589  968  816  260  603  310  656  730  825  215  448  696  895  563  718  530  934  981  626  371  334  299  789  659	: b  435  908   92  598  542
	preLogic lookup: 288 Rank: 26
post logic: a  688  839   32  218  752  306  683  456   23  380  826  411  989  564    2    4  344  644  447  232  258  329  744  562  583  771  697  196  818  980   75  709  499  145  943  128  387  606  785    9  795  729  870  219  382  746  869   66    6   29   79  686  991  549  700  414  673  438  496   22  389  184  831   97    3  250  763  570  131  784  589  968  816  260  603  310  656  730  825  215  448  696  895  563  718  530  934  981  626  371  334  299  789  659  288	: b  435  908   92  598  542
	preLogic lookup: 688 Rank: 66
post logic: a  839   32  218  752  306  683  456   23  380  826  411  989  564    2    4  344  644  447  232  258  329  744  562  583  771  697  196  818  980   75  709  499  145  943  128  387  606  785    9  795  729  870  219  382  746  869   66    6   29   79  686  991  549  700  414  673  438  496   22  389  184  831   97    3  250  763  570  131  784  589  968  816  260  603  310  656  730  825  215  448  696  895  563  718  530  934  981  626  371  334  299  789  659  288  688	: b  435  908   92  598  542
	preLogic lookup: 839 Rank: 88
post logic: a   32  218  752  306  683  456   23  380  826  411  989  564    2    4  344  644  447  232  258  329  744  562  583  771  697  196  818  980   75  709  499  145  943  128  387  606  785    9  795  729  870  219  382  746  869   66    6   29   79  686  991  549  700  414  673  438  496   22  389  184  831   97    3  250  763  570  131  784  589  968  816  260  603  310  656  730  825  215  448  696  895  563  718  530  934  981  626  371  334  299  789  659  288  688	: b  839  435  908   92  598  542
	preLogic lookup: 32 Rank: 8
post logic: a  218  752  306  683  456   23  380  826  411  989  564    2    4  344  644  447  232  258  329  744  562  583  771  697  196  818  980   75  709  499  145  943  128  387  606  785    9  795  729  870  219  382  746  869   66    6   29   79  686  991  549  700  414  673  438  496   22  389  184  831   97    3  250  763  570  131  784  589  968  816  260  603  310  656  730  825  215  448  696  895  563  718  530  934  981  626  371  334  299  789  659  288  688	: b   32  839  435  908   92  598  542
	preLogic lookup: 218 Rank: 20
post logic: a  752  306  683  456   23  380  826  411  989  564    2    4  344  644  447  232  258  329  744  562  583  771  697  196  818  980   75  709  499  145  943  128  387  606  785    9  795  729  870  219  382  746  869   66    6   29   79  686  991  549  700  414  673  438  496   22  389  184  831   97    3  250  763  570  131  784  589  968  816  260  603  310  656  730  825  215  448  696  895  563  718  530  934  981  626  371  334  299  789  659  288  688	: b  218   32  839  435  908   92  598  542
	preLogic lookup: 752 Rank: 76
post logic: a  306  683  456   23  380  826  411  989  564    2    4  344  644  447  232  258  329  744  562  583  771  697  196  818  980   75  709  499  145  943  128  387  606  785    9  795  729  870  219  382  746  869   66    6   29   79  686  991  549  700  414  673  438  496   22  389  184  831   97    3  250  763  570  131  784  589  968  816  260  603  310  656  730  825  215  448  696  895  563  718  530  934  981  626  371  334  299  789  659  288  688	: b  752  218   32  839  435  908   92  598  542
	preLogic lookup: 306 Rank: 28
post logic: a  683  456   23  380  826  411  989  564    2    4  344  644  447  232  258  329  744  562  583  771  697  196  818  980   75  709  499  145  943  128  387  606  785    9  795  729  870  219  382  746  869   66    6   29   79  686  991  549  700  414  673  438  496   22  389  184  831   97    3  250  763  570  131  784  589  968  816  260  603  310  656  730  825  215  448  696  895  563  718  530  934  981  626  371  334  299  789  659  288  688	: b  306  752  218   32  839  435  908   92  598  542
	preLogic lookup: 683 Rank: 64
post logic: a  456   23  380  826  411  989  564    2    4  344  644  447  232  258  329  744  562  583  771  697  196  818  980   75  709  499  145  943  128  387  606  785    9  795  729  870  219  382  746  869   66    6   29   79  686  991  549  700  414  673  438  496   22  389  184  831   97    3  250  763  570  131  784  589  968  816  260  603  310  656  730  825  215  448  696  895  563  718  530  934  981  626  371  334  299  789  659  288  688	: b  683  306  752  218   32  839  435  908   92  598  542
	preLogic lookup: 456 Rank: 44
post logic: a   23  380  826  411  989  564    2    4  344  644  447  232  258  329  744  562  583  771  697  196  818  980   75  709  499  145  943  128  387  606  785    9  795  729  870  219  382  746  869   66    6   29   79  686  991  549  700  414  673  438  496   22  389  184  831   97    3  250  763  570  131  784  589  968  816  260  603  310  656  730  825  215  448  696  895  563  718  530  934  981  626  371  334  299  789  659  288  688	: b  456  683  306  752  218   32  839  435  908   92  598  542
	preLogic lookup: 23 Rank: 6
post logic: a  380  826  411  989  564    2    4  344  644  447  232  258  329  744  562  583  771  697  196  818  980   75  709  499  145  943  128  387  606  785    9  795  729  870  219  382  746  869   66    6   29   79  686  991  549  700  414  673  438  496   22  389  184  831   97    3  250  763  570  131  784  589  968  816  260  603  310  656  730  825  215  448  696  895  563  718  530  934  981  626  371  334  299  789  659  288  688   23	: b  456  683  306  752  218   32  839  435  908   92  598  542
	preLogic lookup: 380 Rank: 34
post logic: a  826  411  989  564    2    4  344  644  447  232  258  329  744  562  583  771  697  196  818  980   75  709  499  145  943  128  387  606  785    9  795  729  870  219  382  746  869   66    6   29   79  686  991  549  700  414  673  438  496   22  389  184  831   97    3  250  763  570  131  784  589  968  816  260  603  310  656  730  825  215  448  696  895  563  718  530  934  981  626  371  334  299  789  659  288  688   23  380	: b  456  683  306  752  218   32  839  435  908   92  598  542
	preLogic lookup: 826 Rank: 86
post logic: a  411  989  564    2    4  344  644  447  232  258  329  744  562  583  771  697  196  818  980   75  709  499  145  943  128  387  606  785    9  795  729  870  219  382  746  869   66    6   29   79  686  991  549  700  414  673  438  496   22  389  184  831   97    3  250  763  570  131  784  589  968  816  260  603  310  656  730  825  215  448  696  895  563  718  530  934  981  626  371  334  299  789  659  288  688   23  380  826	: b  456  683  306  752  218   32  839  435  908   92  598  542
	preLogic lookup: 411 Rank: 38
post logic: a  989  564    2    4  344  644  447  232  258  329  744  562  583  771  697  196  818  980   75  709  499  145  943  128  387  606  785    9  795  729  870  219  382  746  869   66    6   29   79  686  991  549  700  414  673  438  496   22  389  184  831   97    3  250  763  570  131  784  589  968  816  260  603  310  656  730  825  215  448  696  895  563  718  530  934  981  626  371  334  299  789  659  288  688   23  380  826  411	: b  456  683  306  752  218   32  839  435  908   92  598  542
	preLogic lookup: 989 Rank: 98
post logic: a  564    2    4  344  644  447  232  258  329  744  562  583  771  697  196  818  980   75  709  499  145  943  128  387  606  785    9  795  729  870  219  382  746  869   66    6   29   79  686  991  549  700  414  673  438  496   22  389  184  831   97    3  250  763  570  131  784  589  968  816  260  603  310  656  730  825  215  448  696  895  563  718  530  934  981  626  371  334  299  789  659  288  688   23  380  826  411  989	: b  456  683  306  752  218   32  839  435  908   92  598  542
	preLogic lookup: 564 Rank: 52
post logic: a    2    4  344  644  447  232  258  329  744  562  583  771  697  196  818  980   75  709  499  145  943  128  387  606  785    9  795  729  870  219  382  746  869   66    6   29   79  686  991  549  700  414  673  438  496   22  389  184  831   97    3  250  763  570  131  784  589  968  816  260  603  310  656  730  825  215  448  696  895  563  718  530  934  981  626  371  334  299  789  659  288  688   23  380  826  411  989	: b  564  456  683  306  752  218   32  839  435  908   92  598  542
	preLogic lookup: 2 Rank: 0
post logic: a    4  344  644  447  232  258  329  744  562  583  771  697  196  818  980   75  709  499  145  943  128  387  606  785    9  795  729  870  219  382  746  869   66    6   29   79  686  991  549  700  414  673  438  496   22  389  184  831   97    3  250  763  570  131  784  589  968  816  260  603  310  656  730  825  215  448  696  895  563  718  530  934  981  626  371  334  299  789  659  288  688   23  380  826  411  989	: b    2  564  456  683  306  752  218   32  839  435  908   92  598  542
	preLogic lookup: 4 Rank: 2
post logic: a  344  644  447  232  258  329  744  562  583  771  697  196  818  980   75  709  499  145  943  128  387  606  785    9  795  729  870  219  382  746  869   66    6   29   79  686  991  549  700  414  673  438  496   22  389  184  831   97    3  250  763  570  131  784  589  968  816  260  603  310  656  730  825  215  448  696  895  563  718  530  934  981  626  371  334  299  789  659  288  688   23  380  826  411  989    4	: b    2  564  456  683  306  752  218   32  839  435  908   92  598  542
	preLogic lookup: 344 Rank: 32
post logic: a  644  447  232  258  329  744  562  583  771  697  196  818  980   75  709  499  145  943  128  387  606  785    9  795  729  870  219  382  746  869   66    6   29   79  686  991  549  700  414  673  438  496   22  389  184  831   97    3  250  763  570  131  784  589  968  816  260  603  310  656  730  825  215  448  696  895  563  718  530  934  981  626  371  334  299  789  659  288  688   23  380  826  411  989    4	: b  344    2  564  456  683  306  752  218   32  839  435  908   92  598  542
	preLogic lookup: 644 Rank: 60
post logic: a  447  232  258  329  744  562  583  771  697  196  818  980   75  709  499  145  943  128  387  606  785    9  795  729  870  219  382  746  869   66    6   29   79  686  991  549  700  414  673  438  496   22  389  184  831   97    3  250  763  570  131  784  589  968  816  260  603  310  656  730  825  215  448  696  895  563  718  530  934  981  626  371  334  299  789  659  288  688   23  380  826  411  989    4	: b  644  344    2  564  456  683  306  752  218   32  839  435  908   92  598  542
	preLogic lookup: 447 Rank: 42
post logic: a  232  258  329  744  562  583  771  697  196  818  980   75  709  499  145  943  128  387  606  785    9  795  729  870  219  382  746  869   66    6   29   79  686  991  549  700  414  673  438  496   22  389  184  831   97    3  250  763  570  131  784  589  968  816  260  603  310  656  730  825  215  448  696  895  563  718  530  934  981  626  371  334  299  789  659  288  688   23  380  826  411  989    4  447	: b  644  344    2  564  456  683  306  752  218   32  839  435  908   92  598  542
	preLogic lookup: 232 Rank: 22
post logic: a  258  329  744  562  583  771  697  196  818  980   75  709  499  145  943  128  387  606  785    9  795  729  870  219  382  746  869   66    6   29   79  686  991  549  700  414  673  438  496   22  389  184  831   97    3  250  763  570  131  784  589  968  816  260  603  310  656  730  825  215  448  696  895  563  718  530  934  981  626  371  334  299  789  659  288  688   23  380  826  411  989    4  447  232	: b  644  344    2  564  456  683  306  752  218   32  839  435  908   92  598  542
	preLogic lookup: 258 Rank: 24
post logic: a  329  744  562  583  771  697  196  818  980   75  709  499  145  943  128  387  606  785    9  795  729  870  219  382  746  869   66    6   29   79  686  991  549  700  414  673  438  496   22  389  184  831   97    3  250  763  570  131  784  589  968  816  260  603  310  656  730  825  215  448  696  895  563  718  530  934  981  626  371  334  299  789  659  288  688   23  380  826  411  989    4  447  232	: b  258  644  344    2  564  456  683  306  752  218   32  839  435  908   92  598  542
	preLogic lookup: 329 Rank: 30
post logic: a  744  562  583  771  697  196  818  980   75  709  499  145  943  128  387  606  785    9  795  729  870  219  382  746  869   66    6   29   79  686  991  549  700  414  673  438  496   22  389  184  831   97    3  250  763  570  131  784  589  968  816  260  603  310  656  730  825  215  448  696  895  563  718  530  934  981  626  371  334  299  789  659  288  688   23  380  826  411  989    4  447  232  329	: b  258  644  344    2  564  456  683  306  752  218   32  839  435  908   92  598  542
	preLogic lookup: 744 Rank: 74
post logic: a  562  583  771  697  196  818  980   75  709  499  145  943  128  387  606  785    9  795  729  870  219  382  746  869   66    6   29   79  686  991  549  700  414  673  438  496   22  389  184  831   97    3  250  763  570  131  784  589  968  816  260  603  310  656  730  825  215  448  696  895  563  718  530  934  981  626  371  334  299  789  659  288  688   23  380  826  411  989    4  447  232  329  744	: b  258  644  344    2  564  456  683  306  752  218   32  839  435  908   92  598  542
	preLogic lookup: 562 Rank: 50
post logic: a  583  771  697  196  818  980   75  709  499  145  943  128  387  606  785    9  795  729  870  219  382  746  869   66    6   29   79  686  991  549  700  414  673  438  496   22  389  184  831   97    3  250  763  570  131  784  589  968  816  260  603  310  656  730  825  215  448  696  895  563  718  530  934  981  626  371  334  299  789  659  288  688   23  380  826  411  989    4  447  232  329  744  562	: b  258  644  344    2  564  456  683  306  752  218   32  839  435  908   92  598  542
	preLogic lookup: 583 Rank: 54
post logic: a  771  697  196  818  980   75  709  499  145  943  128  387  606  785    9  795  729  870  219  382  746  869   66    6   29   79  686  991  549  700  414  673  438  496   22  389  184  831   97    3  250  763  570  131  784  589  968  816  260  603  310  656  730  825  215  448  696  895  563  718  530  934  981  626  371  334  299  789  659  288  688   23  380  826  411  989    4  447  232  329  744  562  583	: b  258  644  344    2  564  456  683  306  752  218   32  839  435  908   92  598  542
	preLogic lookup: 771 Rank: 78
post logic: a  697  196  818  980   75  709  499  145  943  128  387  606  785    9  795  729  870  219  382  746  869   66    6   29   79  686  991  549  700  414  673  438  496   22  389  184  831   97    3  250  763  570  131  784  589  968  816  260  603  310  656  730  825  215  448  696  895  563  718  530  934  981  626  371  334  299  789  659  288  688   23  380  826  411  989    4  447  232  329  744  562  583  771	: b  258  644  344    2  564  456  683  306  752  218   32  839  435  908   92  598  542
	preLogic lookup: 697 Rank: 68
post logic: a  196  818  980   75  709  499  145  943  128  387  606  785    9  795  729  870  219  382  746  869   66    6   29   79  686  991  549  700  414  673  438  496   22  389  184  831   97    3  250  763  570  131  784  589  968  816  260  603  310  656  730  825  215  448  696  895  563  718  530  934  981  626  371  334  299  789  659  288  688   23  380  826  411  989    4  447  232  329  744  562  583  771	: b  697  258  644  344    2  564  456  683  306  752  218   32  839  435  908   92  598  542
	preLogic lookup: 196 Rank: 18
post logic: a  818  980   75  709  499  145  943  128  387  606  785    9  795  729  870  219  382  746  869   66    6   29   79  686  991  549  700  414  673  438  496   22  389  184  831   97    3  250  763  570  131  784  589  968  816  260  603  310  656  730  825  215  448  696  895  563  718  530  934  981  626  371  334  299  789  659  288  688   23  380  826  411  989    4  447  232  329  744  562  583  771  196	: b  697  258  644  344    2  564  456  683  306  752  218   32  839  435  908   92  598  542
	preLogic lookup: 818 Rank: 84
post logic: a  980   75  709  499  145  943  128  387  606  785    9  795  729  870  219  382  746  869   66    6   29   79  686  991  549  700  414  673  438  496   22  389  184  831   97    3  250  763  570  131  784  589  968  816  260  603  310  656  730  825  215  448  696  895  563  718  530  934  981  626  371  334  299  789  659  288  688   23  380  826  411  989    4  447  232  329  744  562  583  771  196	: b  818  697  258  644  344    2  564  456  683  306  752  218   32  839  435  908   92  598  542
	preLogic lookup: 980 Rank: 96
post logic: a   75  709  499  145  943  128  387  606  785    9  795  729  870  219  382  746  869   66    6   29   79  686  991  549  700  414  673  438  496   22  389  184  831   97    3  250  763  570  131  784  589  968  816  260  603  310  656  730  825  215  448  696  895  563  718  530  934  981  626  371  334  299  789  659  288  688   23  380  826  411  989    4  447  232  329  744  562  583  771  196	: b  980  818  697  258  644  344    2  564  456  683  306  752  218   32  839  435  908   92  598  542
	preLogic lookup: 75 Rank: 10
post logic: a  709  499  145  943  128  387  606  785    9  795  729  870  219  382  746  869   66    6   29   79  686  991  549  700  414  673  438  496   22  389  184  831   97    3  250  763  570  131  784  589  968  816  260  603  310  656  730  825  215  448  696  895  563  718  530  934  981  626  371  334  299  789  659  288  688   23  380  826  411  989    4  447  232  329  744  562  583  771  196   75	: b  980  818  697  258  644  344    2  564  456  683  306  752  218   32  839  435  908   92  598  542
	preLogic lookup: 709 Rank: 70
post logic: a  499  145  943  128  387  606  785    9  795  729  870  219  382  746  869   66    6   29   79  686  991  549  700  414  673  438  496   22  389  184  831   97    3  250  763  570  131  784  589  968  816  260  603  310  656  730  825  215  448  696  895  563  718  530  934  981  626  371  334  299  789  659  288  688   23  380  826  411  989    4  447  232  329  744  562  583  771  196   75  709	: b  980  818  697  258  644  344    2  564  456  683  306  752  218   32  839  435  908   92  598  542
	preLogic lookup: 499 Rank: 46
post logic: a  145  943  128  387  606  785    9  795  729  870  219  382  746  869   66    6   29   79  686  991  549  700  414  673  438  496   22  389  184  831   97    3  250  763  570  131  784  589  968  816  260  603  310  656  730  825  215  448  696  895  563  718  530  934  981  626  371  334  299  789  659  288  688   23  380  826  411  989    4  447  232  329  744  562  583  771  196   75  709  499	: b  980  818  697  258  644  344    2  564  456  683  306  752  218   32  839  435  908   92  598  542
	preLogic lookup: 145 Rank: 16
post logic: a  943  128  387  606  785    9  795  729  870  219  382  746  869   66    6   29   79  686  991  549  700  414  673  438  496   22  389  184  831   97    3  250  763  570  131  784  589  968  816  260  603  310  656  730  825  215  448  696  895  563  718  530  934  981  626  371  334  299  789  659  288  688   23  380  826  411  989    4  447  232  329  744  562  583  771  196   75  709  499	: b  145  980  818  697  258  644  344    2  564  456  683  306  752  218   32  839  435  908   92  598  542
	preLogic lookup: 943 Rank: 94
post logic: a  128  387  606  785    9  795  729  870  219  382  746  869   66    6   29   79  686  991  549  700  414  673  438  496   22  389  184  831   97    3  250  763  570  131  784  589  968  816  260  603  310  656  730  825  215  448  696  895  563  718  530  934  981  626  371  334  299  789  659  288  688   23  380  826  411  989    4  447  232  329  744  562  583  771  196   75  709  499  943	: b  145  980  818  697  258  644  344    2  564  456  683  306  752  218   32  839  435  908   92  598  542
	preLogic lookup: 128 Rank: 14
post logic: a  387  606  785    9  795  729  870  219  382  746  869   66    6   29   79  686  991  549  700  414  673  438  496   22  389  184  831   97    3  250  763  570  131  784  589  968  816  260  603  310  656  730  825  215  448  696  895  563  718  530  934  981  626  371  334  299  789  659  288  688   23  380  826  411  989    4  447  232  329  744  562  583  771  196   75  709  499  943  128	: b  145  980  818  697  258  644  344    2  564  456  683  306  752  218   32  839  435  908   92  598  542
	preLogic lookup: 387 Rank: 36
post logic: a  606  785    9  795  729  870  219  382  746  869   66    6   29   79  686  991  549  700  414  673  438  496   22  389  184  831   97    3  250  763  570  131  784  589  968  816  260  603  310  656  730  825  215  448  696  895  563  718  530  934  981  626  371  334  299  789  659  288  688   23  380  826  411  989    4  447  232  329  744  562  583  771  196   75  709  499  943  128	: b  387  145  980  818  697  258  644  344    2  564  456  683  306  752  218   32  839  435  908   92  598  542
	preLogic lookup: 606 Rank: 58
post logic: a  785    9  795  729  870  219  382  746  869   66    6   29   79  686  991  549  700  414  673  438  496   22  389  184  831   97    3  250  763  570  131  784  589  968  816  260  603  310  656  730  825  215  448  696  895  563  718  530  934  981  626  371  334  299  789  659  288  688   23  380  826  411  989    4  447  232  329  744  562  583  771  196   75  709  499  943  128  606	: b  387  145  980  818  697  258  644  344    2  564  456  683  306  752  218   32  839  435  908   92  598  542
	preLogic lookup: 785 Rank: 80
post logic: a    9  795  729  870  219  382  746  869   66    6   29   79  686  991  549  700  414  673  438  496   22  389  184  831   97    3  250  763  570  131  784  589  968  816  260  603  310  656  730  825  215  448  696  895  563  718  530  934  981  626  371  334  299  789  659  288  688   23  380  826  411  989    4  447  232  329  744  562  583  771  196   75  709  499  943  128  606	: b  785  387  145  980  818  697  258  644  344    2  564  456  683  306  752  218   32  839  435  908   92  598  542
	preLogic lookup: 9 Rank: 4
post logic: a  795  729  870  219  382  746  869   66    6   29   79  686  991  549  700  414  673  438  496   22  389  184  831   97    3  250  763  570  131  784  589  968  816  260  603  310  656  730  825  215  448  696  895  563  718  530  934  981  626  371  334  299  789  659  288  688   23  380  826  411  989    4  447  232  329  744  562  583  771  196   75  709  499  943  128  606	: b    9  785  387  145  980  818  697  258  644  344    2  564  456  683  306  752  218   32  839  435  908   92  598  542
	preLogic lookup: 795 Rank: 82
post logic: a  729  870  219  382  746  869   66    6   29   79  686  991  549  700  414  673  438  496   22  389  184  831   97    3  250  763  570  131  784  589  968  816  260  603  310  656  730  825  215  448  696  895  563  718  530  934  981  626  371  334  299  789  659  288  688   23  380  826  411  989    4  447  232  329  744  562  583  771  196   75  709  499  943  128  606  795	: b    9  785  387  145  980  818  697  258  644  344    2  564  456  683  306  752  218   32  839  435  908   92  598  542
	preLogic lookup: 729 Rank: 72
post logic: a  870  219  382  746  869   66    6   29   79  686  991  549  700  414  673  438  496   22  389  184  831   97    3  250  763  570  131  784  589  968  816  260  603  310  656  730  825  215  448  696  895  563  718  530  934  981  626  371  334  299  789  659  288  688   23  380  826  411  989    4  447  232  329  744  562  583  771  196   75  709  499  943  128  606  795	: b  729    9  785  387  145  980  818  697  258  644  344    2  564  456  683  306  752  218   32  839  435  908   92  598  542
	preLogic lookup: 870 Rank: 90
post logic: a  219  382  746  869   66    6   29   79  686  991  549  700  414  673  438  496   22  389  184  831   97    3  250  763  570  131  784  589  968  816  260  603  310  656  730  825  215  448  696  895  563  718  530  934  981  626  371  334  299  789  659  288  688   23  380  826  411  989    4  447  232  329  744  562  583  771  196   75  709  499  943  128  606  795  870	: b  729    9  785  387  145  980  818  697  258  644  344    2  564  456  683  306  752  218   32  839  435  908   92  598  542
	preLogic lookup: 219 Rank: 21
post logic: a  382  746  869   66    6   29   79  686  991  549  700  414  673  438  496   22  389  184  831   97    3  250  763  570  131  784  589  968  816  260  603  310  656  730  825  215  448  696  895  563  718  530  934  981  626  371  334  299  789  659  288  688   23  380  826  411  989    4  447  232  329  744  562  583  771  196   75  709  499  943  128  606  795  870	: b  219  729    9  785  387  145  980  818  697  258  644  344    2  564  456  683  306  752  218   32  839  435  908   92  598  542
	preLogic lookup: 382 Rank: 35
post logic: a  746  869   66    6   29   79  686  991  549  700  414  673  438  496   22  389  184  831   97    3  250  763  570  131  784  589  968  816  260  603  310  656  730  825  215  448  696  895  563  718  530  934  981  626  371  334  299  789  659  288  688   23  380  826  411  989    4  447  232  329  744  562  583  771  196   75  709  499  943  128  606  795  870  382	: b  219  729    9  785  387  145  980  818  697  258  644  344    2  564  456  683  306  752  218   32  839  435  908   92  598  542
	preLogic lookup: 746 Rank: 75
post logic: a  869   66    6   29   79  686  991  549  700  414  673  438  496   22  389  184  831   97    3  250  763  570  131  784  589  968  816  260  603  310  656  730  825  215  448  696  895  563  718  530  934  981  626  371  334  299  789  659  288  688   23  380  826  411  989    4  447  232  329  744  562  583  771  196   75  709  499  943  128  606  795  870  382  746	: b  219  729    9  785  387  145  980  818  697  258  644  344    2  564  456  683  306  752  218   32  839  435  908   92  598  542
	preLogic lookup: 869 Rank: 89
post logic: a   66    6   29   79  686  991  549  700  414  673  438  496   22  389  184  831   97    3  250  763  570  131  784  589  968  816  260  603  310  656  730  825  215  448  696  895  563  718  530  934  981  626  371  334  299  789  659  288  688   23  380  826  411  989    4  447  232  329  744  562  583  771  196   75  709  499  943  128  606  795  870  382  746	: b  869  219  729    9  785  387  145  980  818  697  258  644  344    2  564  456  683  306  752  218   32  839  435  908   92  598  542
	preLogic lookup: 66 Rank: 9
post logic: a    6   29   79  686  991  549  700  414  673  438  496   22  389  184  831   97    3  250  763  570  131  784  589  968  816  260  603  310  656  730  825  215  448  696  895  563  718  530  934  981  626  371  334  299  789  659  288  688   23  380  826  411  989    4  447  232  329  744  562  583  771  196   75  709  499  943  128  606  795  870  382  746	: b   66  869  219  729    9  785  387  145  980  818  697  258  644  344    2  564  456  683  306  752  218   32  839  435  908   92  598  542
	preLogic lookup: 6 Rank: 3
post logic: a   29   79  686  991  549  700  414  673  438  496   22  389  184  831   97    3  250  763  570  131  784  589  968  816  260  603  310  656  730  825  215  448  696  895  563  718  530  934  981  626  371  334  299  789  659  288  688   23  380  826  411  989    4  447  232  329  744  562  583  771  196   75  709  499  943  128  606  795  870  382  746    6	: b   66  869  219  729    9  785  387  145  980  818  697  258  644  344    2  564  456  683  306  752  218   32  839  435  908   92  598  542
	preLogic lookup: 29 Rank: 7
post logic: a   79  686  991  549  700  414  673  438  496   22  389  184  831   97    3  250  763  570  131  784  589  968  816  260  603  310  656  730  825  215  448  696  895  563  718  530  934  981  626  371  334  299  789  659  288  688   23  380  826  411  989    4  447  232  329  744  562  583  771  196   75  709  499  943  128  606  795  870  382  746    6   29	: b   66  869  219  729    9  785  387  145  980  818  697  258  644  344    2  564  456  683  306  752  218   32  839  435  908   92  598  542
	preLogic lookup: 79 Rank: 11
post logic: a  686  991  549  700  414  673  438  496   22  389  184  831   97    3  250  763  570  131  784  589  968  816  260  603  310  656  730  825  215  448  696  895  563  718  530  934  981  626  371  334  299  789  659  288  688   23  380  826  411  989    4  447  232  329  744  562  583  771  196   75  709  499  943  128  606  795  870  382  746    6   29   79	: b   66  869  219  729    9  785  387  145  980  818  697  258  644  344    2  564  456  683  306  752  218   32  839  435  908   92  598  542
	preLogic lookup: 686 Rank: 65
post logic: a  991  549  700  414  673  438  496   22  389  184  831   97    3  250  763  570  131  784  589  968  816  260  603  310  656  730  825  215  448  696  895  563  718  530  934  981  626  371  334  299  789  659  288  688   23  380  826  411  989    4  447  232  329  744  562  583  771  196   75  709  499  943  128  606  795  870  382  746    6   29   79	: b  686   66  869  219  729    9  785  387  145  980  818  697  258  644  344    2  564  456  683  306  752  218   32  839  435  908   92  598  542
	preLogic lookup: 991 Rank: 99
post logic: a  549  700  414  673  438  496   22  389  184  831   97    3  250  763  570  131  784  589  968  816  260  603  310  656  730  825  215  448  696  895  563  718  530  934  981  626  371  334  299  789  659  288  688   23  380  826  411  989    4  447  232  329  744  562  583  771  196   75  709  499  943  128  606  795  870  382  746    6   29   79  991	: b  686   66  869  219  729    9  785  387  145  980  818  697  258  644  344    2  564  456  683  306  752  218   32  839  435  908   92  598  542
	preLogic lookup: 549 Rank: 49
post logic: a  700  414  673  438  496   22  389  184  831   97    3  250  763  570  131  784  589  968  816  260  603  310  656  730  825  215  448  696  895  563  718  530  934  981  626  371  334  299  789  659  288  688   23  380  826  411  989    4  447  232  329  744  562  583  771  196   75  709  499  943  128  606  795  870  382  746    6   29   79  991	: b  549  686   66  869  219  729    9  785  387  145  980  818  697  258  644  344    2  564  456  683  306  752  218   32  839  435  908   92  598  542
	preLogic lookup: 700 Rank: 69
post logic: a  414  673  438  496   22  389  184  831   97    3  250  763  570  131  784  589  968  816  260  603  310  656  730  825  215  448  696  895  563  718  530  934  981  626  371  334  299  789  659  288  688   23  380  826  411  989    4  447  232  329  744  562  583  771  196   75  709  499  943  128  606  795  870  382  746    6   29   79  991	: b  700  549  686   66  869  219  729    9  785  387  145  980  818  697  258  644  344    2  564  456  683  306  752  218   32  839  435  908   92  598  542
	preLogic lookup: 414 Rank: 39
post logic: a  673  438  496   22  389  184  831   97    3  250  763  570  131  784  589  968  816  260  603  310  656  730  825  215  448  696  895  563  718  530  934  981  626  371  334  299  789  659  288  688   23  380  826  411  989    4  447  232  329  744  562  583  771  196   75  709  499  943  128  606  795  870  382  746    6   29   79  991  414	: b  700  549  686   66  869  219  729    9  785  387  145  980  818  697  258  644  344    2  564  456  683  306  752  218   32  839  435  908   92  598  542
	preLogic lookup: 673 Rank: 63
post logic: a  438  496   22  389  184  831   97    3  250  763  570  131  784  589  968  816  260  603  310  656  730  825  215  448  696  895  563  718  530  934  981  626  371  334  299  789  659  288  688   23  380  826  411  989    4  447  232  329  744  562  583  771  196   75  709  499  943  128  606  795  870  382  746    6   29   79  991  414  673	: b  700  549  686   66  869  219  729    9  785  387  145  980  818  697  258  644  344    2  564  456  683  306  752  218   32  839  435  908   92  598  542
	preLogic lookup: 438 Rank: 41
post logic: a  496   22  389  184  831   97    3  250  763  570  131  784  589  968  816  260  603  310  656  730  825  215  448  696  895  563  718  530  934  981  626  371  334  299  789  659  288  688   23  380  826  411  989    4  447  232  329  744  562  583  771  196   75  709  499  943  128  606  795  870  382  746    6   29   79  991  414  673	: b  438  700  549  686   66  869  219  729    9  785  387  145  980  818  697  258  644  344    2  564  456  683  306  752  218   32  839  435  908   92  598  542
	preLogic lookup: 496 Rank: 45
post logic: a   22  389  184  831   97    3  250  763  570  131  784  589  968  816  260  603  310  656  730  825  215  448  696  895  563  718  530  934  981  626  371  334  299  789  659  288  688   23  380  826  411  989    4  447  232  329  744  562  583  771  196   75  709  499  943  128  606  795  870  382  746    6   29   79  991  414  673	: b  496  438  700  549  686   66  869  219  729    9  785  387  145  980  818  697  258  644  344    2  564  456  683  306  752  218   32  839  435  908   92  598  542
	preLogic lookup: 22 Rank: 5
post logic: a  389  184  831   97    3  250  763  570  131  784  589  968  816  260  603  310  656  730  825  215  448  696  895  563  718  530  934  981  626  371  334  299  789  659  288  688   23  380  826  411  989    4  447  232  329  744  562  583  771  196   75  709  499  943  128  606  795  870  382  746    6   29   79  991  414  673	: b   22  496  438  700  549  686   66  869  219  729    9  785  387  145  980  818  697  258  644  344    2  564  456  683  306  752  218   32  839  435  908   92  598  542
	preLogic lookup: 389 Rank: 37
post logic: a  184  831   97    3  250  763  570  131  784  589  968  816  260  603  310  656  730  825  215  448  696  895  563  718  530  934  981  626  371  334  299  789  659  288  688   23  380  826  411  989    4  447  232  329  744  562  583  771  196   75  709  499  943  128  606  795  870  382  746    6   29   79  991  414  673	: b  389   22  496  438  700  549  686   66  869  219  729    9  785  387  145  980  818  697  258  644  344    2  564  456  683  306  752  218   32  839  435  908   92  598  542
	preLogic lookup: 184 Rank: 17
post logic: a  831   97    3  250  763  570  131  784  589  968  816  260  603  310  656  730  825  215  448  696  895  563  718  530  934  981  626  371  334  299  789  659  288  688   23  380  826  411  989    4  447  232  329  744  562  583  771  196   75  709  499  943  128  606  795  870  382  746    6   29   79  991  414  673	: b  184  389   22  496  438  700  549  686   66  869  219  729    9  785  387  145  980  818  697  258  644  344    2  564  456  683  306  752  218   32  839  435  908   92  598  542
	preLogic lookup: 831 Rank: 87
post logic: a   97    3  250  763  570  131  784  589  968  816  260  603  310  656  730  825  215  448  696  895  563  718  530  934  981  626  371  334  299  789  659  288  688   23  380  826  411  989    4  447  232  329  744  562  583  771  196   75  709  499  943  128  606  795  870  382  746    6   29   79  991  414  673  831	: b  184  389   22  496  438  700  549  686   66  869  219  729    9  785  387  145  980  818  697  258  644  344    2  564  456  683  306  752  218   32  839  435  908   92  598  542
	preLogic lookup: 97 Rank: 13
post logic: a    3  250  763  570  131  784  589  968  816  260  603  310  656  730  825  215  448  696  895  563  718  530  934  981  626  371  334  299  789  659  288  688   23  380  826  411  989    4  447  232  329  744  562  583  771  196   75  709  499  943  128  606  795  870  382  746    6   29   79  991  414  673  831	: b   97  184  389   22  496  438  700  549  686   66  869  219  729    9  785  387  145  980  818  697  258  644  344    2  564  456  683  306  752  218   32  839  435  908   92  598  542
	preLogic lookup: 3 Rank: 1
post logic: a  250  763  570  131  784  589  968  816  260  603  310  656  730  825  215  448  696  895  563  718  530  934  981  626  371  334  299  789  659  288  688   23  380  826  411  989    4  447  232  329  744  562  583  771  196   75  709  499  943  128  606  795  870  382  746    6   29   79  991  414  673  831	: b    3   97  184  389   22  496  438  700  549  686   66  869  219  729    9  785  387  145  980  818  697  258  644  344    2  564  456  683  306  752  218   32  839  435  908   92  598  542
	preLogic lookup: 250 Rank: 23
post logic: a  763  570  131  784  589  968  816  260  603  310  656  730  825  215  448  696  895  563  718  530  934  981  626  371  334  299  789  659  288  688   23  380  826  411  989    4  447  232  329  744  562  583  771  196   75  709  499  943  128  606  795  870  382  746    6   29   79  991  414  673  831  250	: b    3   97  184  389   22  496  438  700  549  686   66  869  219  729    9  785  387  145  980  818  697  258  644  344    2  564  456  683  306  752  218   32  839  435  908   92  598  542
	preLogic lookup: 763 Rank: 77
post logic: a  570  131  784  589  968  816  260  603  310  656  730  825  215  448  696  895  563  718  530  934  981  626  371  334  299  789  659  288  688   23  380  826  411  989    4  447  232  329  744  562  583  771  196   75  709  499  943  128  606  795  870  382  746    6   29   79  991  414  673  831  250	: b  763    3   97  184  389   22  496  438  700  549  686   66  869  219  729    9  785  387  145  980  818  697  258  644  344    2  564  456  683  306  752  218   32  839  435  908   92  598  542
	preLogic lookup: 570 Rank: 53
post logic: a  131  784  589  968  816  260  603  310  656  730  825  215  448  696  895  563  718  530  934  981  626  371  334  299  789  659  288  688   23  380  826  411  989    4  447  232  329  744  562  583  771  196   75  709  499  943  128  606  795  870  382  746    6   29   79  991  414  673  831  250	: b  570  763    3   97  184  389   22  496  438  700  549  686   66  869  219  729    9  785  387  145  980  818  697  258  644  344    2  564  456  683  306  752  218   32  839  435  908   92  598  542
	preLogic lookup: 131 Rank: 15
post logic: a  784  589  968  816  260  603  310  656  730  825  215  448  696  895  563  718  530  934  981  626  371  334  299  789  659  288  688   23  380  826  411  989    4  447  232  329  744  562  583  771  196   75  709  499  943  128  606  795  870  382  746    6   29   79  991  414  673  831  250  131	: b  570  763    3   97  184  389   22  496  438  700  549  686   66  869  219  729    9  785  387  145  980  818  697  258  644  344    2  564  456  683  306  752  218   32  839  435  908   92  598  542
	preLogic lookup: 784 Rank: 79
post logic: a  589  968  816  260  603  310  656  730  825  215  448  696  895  563  718  530  934  981  626  371  334  299  789  659  288  688   23  380  826  411  989    4  447  232  329  744  562  583  771  196   75  709  499  943  128  606  795  870  382  746    6   29   79  991  414  673  831  250  131  784	: b  570  763    3   97  184  389   22  496  438  700  549  686   66  869  219  729    9  785  387  145  980  818  697  258  644  344    2  564  456  683  306  752  218   32  839  435  908   92  598  542
	preLogic lookup: 589 Rank: 55
post logic: a  968  816  260  603  310  656  730  825  215  448  696  895  563  718  530  934  981  626  371  334  299  789  659  288  688   23  380  826  411  989    4  447  232  329  744  562  583  771  196   75  709  499  943  128  606  795  870  382  746    6   29   79  991  414  673  831  250  131  784  589	: b  570  763    3   97  184  389   22  496  438  700  549  686   66  869  219  729    9  785  387  145  980  818  697  258  644  344    2  564  456  683  306  752  218   32  839  435  908   92  598  542
	preLogic lookup: 968 Rank: 95
post logic: a  816  260  603  310  656  730  825  215  448  696  895  563  718  530  934  981  626  371  334  299  789  659  288  688   23  380  826  411  989    4  447  232  329  744  562  583  771  196   75  709  499  943  128  606  795  870  382  746    6   29   79  991  414  673  831  250  131  784  589  968	: b  570  763    3   97  184  389   22  496  438  700  549  686   66  869  219  729    9  785  387  145  980  818  697  258  644  344    2  564  456  683  306  752  218   32  839  435  908   92  598  542
	preLogic lookup: 816 Rank: 83
post logic: a  260  603  310  656  730  825  215  448  696  895  563  718  530  934  981  626  371  334  299  789  659  288  688   23  380  826  411  989    4  447  232  329  744  562  583  771  196   75  709  499  943  128  606  795  870  382  746    6   29   79  991  414  673  831  250  131  784  589  968  816	: b  570  763    3   97  184  389   22  496  438  700  549  686   66  869  219  729    9  785  387  145  980  818  697  258  644  344    2  564  456  683  306  752  218   32  839  435  908   92  598  542
	preLogic lookup: 260 Rank: 25
post logic: a  603  310  656  730  825  215  448  696  895  563  718  530  934  981  626  371  334  299  789  659  288  688   23  380  826  411  989    4  447  232  329  744  562  583  771  196   75  709  499  943  128  606  795  870  382  746    6   29   79  991  414  673  831  250  131  784  589  968  816	: b  260  570  763    3   97  184  389   22  496  438  700  549  686   66  869  219  729    9  785  387  145  980  818  697  258  644  344    2  564  456  683  306  752  218   32  839  435  908   92  598  542
	preLogic lookup: 603 Rank: 57
post logic: a  310  656  730  825  215  448  696  895  563  718  530  934  981  626  371  334  299  789  659  288  688   23  380  826  411  989    4  447  232  329  744  562  583  771  196   75  709  499  943  128  606  795  870  382  746    6   29   79  991  414  673  831  250  131  784  589  968  816	: b  603  260  570  763    3   97  184  389   22  496  438  700  549  686   66  869  219  729    9  785  387  145  980  818  697  258  644  344    2  564  456  683  306  752  218   32  839  435  908   92  598  542
	preLogic lookup: 310 Rank: 29
post logic: a  656  730  825  215  448  696  895  563  718  530  934  981  626  371  334  299  789  659  288  688   23  380  826  411  989    4  447  232  329  744  562  583  771  196   75  709  499  943  128  606  795  870  382  746    6   29   79  991  414  673  831  250  131  784  589  968  816	: b  310  603  260  570  763    3   97  184  389   22  496  438  700  549  686   66  869  219  729    9  785  387  145  980  818  697  258  644  344    2  564  456  683  306  752  218   32  839  435  908   92  598  542
	preLogic lookup: 656 Rank: 61
post logic: a  730  825  215  448  696  895  563  718  530  934  981  626  371  334  299  789  659  288  688   23  380  826  411  989    4  447  232  329  744  562  583  771  196   75  709  499  943  128  606  795  870  382  746    6   29   79  991  414  673  831  250  131  784  589  968  816	: b  656  310  603  260  570  763    3   97  184  389   22  496  438  700  549  686   66  869  219  729    9  785  387  145  980  818  697  258  644  344    2  564  456  683  306  752  218   32  839  435  908   92  598  542
	preLogic lookup: 730 Rank: 73
post logic: a  825  215  448  696  895  563  718  530  934  981  626  371  334  299  789  659  288  688   23  380  826  411  989    4  447  232  329  744  562  583  771  196   75  709  499  943  128  606  795  870  382  746    6   29   79  991  414  673  831  250  131  784  589  968  816	: b  730  656  310  603  260  570  763    3   97  184  389   22  496  438  700  549  686   66  869  219  729    9  785  387  145  980  818  697  258  644  344    2  564  456  683  306  752  218   32  839  435  908   92  598  542
	preLogic lookup: 825 Rank: 85
post logic: a  215  448  696  895  563  718  530  934  981  626  371  334  299  789  659  288  688   23  380  826  411  989    4  447  232  329  744  562  583  771  196   75  709  499  943  128  606  795  870  382  746    6   29   79  991  414  673  831  250  131  784  589  968  816	: b  825  730  656  310  603  260  570  763    3   97  184  389   22  496  438  700  549  686   66  869  219  729    9  785  387  145  980  818  697  258  644  344    2  564  456  683  306  752  218   32  839  435  908   92  598  542
	preLogic lookup: 215 Rank: 19
post logic: a  448  696  895  563  718  530  934  981  626  371  334  299  789  659  288  688   23  380  826  411  989    4  447  232  329  744  562  583  771  196   75  709  499  943  128  606  795  870  382  746    6   29   79  991  414  673  831  250  131  784  589  968  816  215	: b  825  730  656  310  603  260  570  763    3   97  184  389   22  496  438  700  549  686   66  869  219  729    9  785  387  145  980  818  697  258  644  344    2  564  456  683  306  752  218   32  839  435  908   92  598  542
	preLogic lookup: 448 Rank: 43
post logic: a  696  895  563  718  530  934  981  626  371  334  299  789  659  288  688   23  380  826  411  989    4  447  232  329  744  562  583  771  196   75  709  499  943  128  606  795  870  382  746    6   29   79  991  414  673  831  250  131  784  589  968  816  215  448	: b  825  730  656  310  603  260  570  763    3   97  184  389   22  496  438  700  549  686   66  869  219  729    9  785  387  145  980  818  697  258  644  344    2  564  456  683  306  752  218   32  839  435  908   92  598  542
	preLogic lookup: 696 Rank: 67
post logic: a  895  563  718  530  934  981  626  371  334  299  789  659  288  688   23  380  826  411  989    4  447  232  329  744  562  583  771  196   75  709  499  943  128  606  795  870  382  746    6   29   79  991  414  673  831  250  131  784  589  968  816  215  448  696	: b  825  730  656  310  603  260  570  763    3   97  184  389   22  496  438  700  549  686   66  869  219  729    9  785  387  145  980  818  697  258  644  344    2  564  456  683  306  752  218   32  839  435  908   92  598  542
	preLogic lookup: 895 Rank: 91
post logic: a  563  718  530  934  981  626  371  334  299  789  659  288  688   23  380  826  411  989    4  447  232  329  744  562  583  771  196   75  709  499  943  128  606  795  870  382  746    6   29   79  991  414  673  831  250  131  784  589  968  816  215  448  696  895	: b  825  730  656  310  603  260  570  763    3   97  184  389   22  496  438  700  549  686   66  869  219  729    9  785  387  145  980  818  697  258  644  344    2  564  456  683  306  752  218   32  839  435  908   92  598  542
	preLogic lookup: 563 Rank: 51
post logic: a  718  530  934  981  626  371  334  299  789  659  288  688   23  380  826  411  989    4  447  232  329  744  562  583  771  196   75  709  499  943  128  606  795  870  382  746    6   29   79  991  414  673  831  250  131  784  589  968  816  215  448  696  895  563	: b  825  730  656  310  603  260  570  763    3   97  184  389   22  496  438  700  549  686   66  869  219  729    9  785  387  145  980  818  697  258  644  344    2  564  456  683  306  752  218   32  839  435  908   92  598  542
	preLogic lookup: 718 Rank: 71
post logic: a  530  934  981  626  371  334  299  789  659  288  688   23  380  826  411  989    4  447  232  329  744  562  583  771  196   75  709  499  943  128  606  795  870  382  746    6   29   79  991  414  673  831  250  131  784  589  968  816  215  448  696  895  563  718	: b  825  730  656  310  603  260  570  763    3   97  184  389   22  496  438  700  549  686   66  869  219  729    9  785  387  145  980  818  697  258  644  344    2  564  456  683  306  752  218   32  839  435  908   92  598  542
	preLogic lookup: 530 Rank: 47
post logic: a  934  981  626  371  334  299  789  659  288  688   23  380  826  411  989    4  447  232  329  744  562  583  771  196   75  709  499  943  128  606  795  870  382  746    6   29   79  991  414  673  831  250  131  784  589  968  816  215  448  696  895  563  718  530	: b  825  730  656  310  603  260  570  763    3   97  184  389   22  496  438  700  549  686   66  869  219  729    9  785  387  145  980  818  697  258  644  344    2  564  456  683  306  752  218   32  839  435  908   92  598  542
	preLogic lookup: 934 Rank: 93
post logic: a  981  626  371  334  299  789  659  288  688   23  380  826  411  989    4  447  232  329  744  562  583  771  196   75  709  499  943  128  606  795  870  382  746    6   29   79  991  414  673  831  250  131  784  589  968  816  215  448  696  895  563  718  530	: b  934  825  730  656  310  603  260  570  763    3   97  184  389   22  496  438  700  549  686   66  869  219  729    9  785  387  145  980  818  697  258  644  344    2  564  456  683  306  752  218   32  839  435  908   92  598  542
	preLogic lookup: 981 Rank: 97
post logic: a  626  371  334  299  789  659  288  688   23  380  826  411  989    4  447  232  329  744  562  583  771  196   75  709  499  943  128  606  795  870  382  746    6   29   79  991  414  673  831  250  131  784  589  968  816  215  448  696  895  563  718  530	: b  981  934  825  730  656  310  603  260  570  763    3   97  184  389   22  496  438  700  549  686   66  869  219  729    9  785  387  145  980  818  697  258  644  344    2  564  456  683  306  752  218   32  839  435  908   92  598  542
	preLogic lookup: 626 Rank: 59
post logic: a  371  334  299  789  659  288  688   23  380  826  411  989    4  447  232  329  744  562  583  771  196   75  709  499  943  128  606  795  870  382  746    6   29   79  991  414  673  831  250  131  784  589  968  816  215  448  696  895  563  718  530  626	: b  981  934  825  730  656  310  603  260  570  763    3   97  184  389   22  496  438  700  549  686   66  869  219  729    9  785  387  145  980  818  697  258  644  344    2  564  456  683  306  752  218   32  839  435  908   92  598  542
	preLogic lookup: 371 Rank: 33
post logic: a  334  299  789  659  288  688   23  380  826  411  989    4  447  232  329  744  562  583  771  196   75  709  499  943  128  606  795  870  382  746    6   29   79  991  414  673  831  250  131  784  589  968  816  215  448  696  895  563  718  530  626	: b  371  981  934  825  730  656  310  603  260  570  763    3   97  184  389   22  496  438  700  549  686   66  869  219  729    9  785  387  145  980  818  697  258  644  344    2  564  456  683  306  752  218   32  839  435  908   92  598  542
	preLogic lookup: 334 Rank: 31
post logic: a  299  789  659  288  688   23  380  826  411  989    4  447  232  329  744  562  583  771  196   75  709  499  943  128  606  795  870  382  746    6   29   79  991  414  673  831  250  131  784  589  968  816  215  448  696  895  563  718  530  626  334	: b  371  981  934  825  730  656  310  603  260  570  763    3   97  184  389   22  496  438  700  549  686   66  869  219  729    9  785  387  145  980  818  697  258  644  344    2  564  456  683  306  752  218   32  839  435  908   92  598  542
	preLogic lookup: 299 Rank: 27
post logic: a  789  659  288  688   23  380  826  411  989    4  447  232  329  744  562  583  771  196   75  709  499  943  128  606  795  870  382  746    6   29   79  991  414  673  831  250  131  784  589  968  816  215  448  696  895  563  718  530  626  334  299	: b  371  981  934  825  730  656  310  603  260  570  763    3   97  184  389   22  496  438  700  549  686   66  869  219  729    9  785  387  145  980  818  697  258  644  344    2  564  456  683  306  752  218   32  839  435  908   92  598  542
	preLogic lookup: 789 Rank: 81
post logic: a  659  288  688   23  380  826  411  989    4  447  232  329  744  562  583  771  196   75  709  499  943  128  606  795  870  382  746    6   29   79  991  414  673  831  250  131  784  589  968  816  215  448  696  895  563  718  530  626  334  299	: b  789  371  981  934  825  730  656  310  603  260  570  763    3   97  184  389   22  496  438  700  549  686   66  869  219  729    9  785  387  145  980  818  697  258  644  344    2  564  456  683  306  752  218   32  839  435  908   92  598  542
  preEmpty: a  659  288  688   23  380  826  411  989    4  447  232  329  744  562  583  771  196   75  709  499  943  128  606  795  870  382  746    6   29   79  991  414  673  831  250  131  784  589  968  816  215  448  696  895  563  718  530  626  334  299	: b  789  371  981  934  825  730  656  310  603  260  570  763    3   97  184  389   22  496  438  700  549  686   66  869  219  729    9  785  387  145  980  818  697  258  644  344    2  564  456  683  306  752  218   32  839  435  908   92  598  542
	preLogic lookup: 542 Rank: 48
post logic: a  598   92  908  435  839   32  218  752  306  683  456  564    2  344  644  258  697  818  980  145  387  785    9  729  219  869   66  686  549  700  438  496   22  389  184   97    3  763  570  260  603  310  656  730  825  934  981  371  789  659  288  688   23  380  826  411  989    4  447  232  329  744  562  583  771  196   75  709  499  943  128  606  795  870  382  746    6   29   79  991  414  673  831  250  131  784  589  968  816  215  448  696  895  563  718  530  626  334  299	: b  542
	preLogic lookup: 598 Rank: 56
post logic: a   92  908  435  839   32  218  752  306  683  456  564    2  344  644  258  697  818  980  145  387  785    9  729  219  869   66  686  549  700  438  496   22  389  184   97    3  763  570  260  603  310  656  730  825  934  981  371  789  659  288  688   23  380  826  411  989    4  447  232  329  744  562  583  771  196   75  709  499  943  128  606  795  870  382  746    6   29   79  991  414  673  831  250  131  784  589  968  816  215  448  696  895  563  718  530  626  334  299	: b  598  542
	preLogic lookup: 92 Rank: 12
post logic: a  908  435  839   32  218  752  306  683  456  564    2  344  644  258  697  818  980  145  387  785    9  729  219  869   66  686  549  700  438  496   22  389  184   97    3  763  570  260  603  310  656  730  825  934  981  371  789  659  288  688   23  380  826  411  989    4  447  232  329  744  562  583  771  196   75  709  499  943  128  606  795  870  382  746    6   29   79  991  414  673  831  250  131  784  589  968  816  215  448  696  895  563  718  530  626  334  299   92	: b  598  542
	preLogic lookup: 908 Rank: 92
post logic: a  435  839   32  218  752  306  683  456  564    2  344  644  258  697  818  980  145  387  785    9  729  219  869   66  686  549  700  438  496   22  389  184   97    3  763  570  260  603  310  656  730  825  934  981  371  789  659  288  688   23  380  826  411  989    4  447  232  329  744  562  583  771  196   75  709  499  943  128  606  795  870  382  746    6   29   79  991  414  673  831  250  131  784  589  968  816  215  448  696  895  563  718  530  626  334  299   92  908	: b  598  542
	preLogic lookup: 435 Rank: 40
post logic: a  839   32  218  752  306  683  456  564    2  344  644  258  697  818  980  145  387  785    9  729  219  869   66  686  549  700  438  496   22  389  184   97    3  763  570  260  603  310  656  730  825  934  981  371  789  659  288  688   23  380  826  411  989    4  447  232  329  744  562  583  771  196   75  709  499  943  128  606  795  870  382  746    6   29   79  991  414  673  831  250  131  784  589  968  816  215  448  696  895  563  718  530  626  334  299   92  908	: b  435  598  542
	preLogic lookup: 839 Rank: 88
post logic: a   32  218  752  306  683  456  564    2  344  644  258  697  818  980  145  387  785    9  729  219  869   66  686  549  700  438  496   22  389  184   97    3  763  570  260  603  310  656  730  825  934  981  371  789  659  288  688   23  380  826  411  989    4  447  232  329  744  562  583  771  196   75  709  499  943  128  606  795  870  382  746    6   29   79  991  414  673  831  250  131  784  589  968  816  215  448  696  895  563  718  530  626  334  299   92  908	: b  839  435  598  542
	preLogic lookup: 32 Rank: 8
post logic: a  218  752  306  683  456  564    2  344  644  258  697  818  980  145  387  785    9  729  219  869   66  686  549  700  438  496   22  389  184   97    3  763  570  260  603  310  656  730  825  934  981  371  789  659  288  688   23  380  826  411  989    4  447  232  329  744  562  583  771  196   75  709  499  943  128  606  795  870  382  746    6   29   79  991  414  673  831  250  131  784  589  968  816  215  448  696  895  563  718  530  626  334  299   92  908	: b   32  839  435  598  542
	preLogic lookup: 218 Rank: 20
post logic: a  752  306  683  456  564    2  344  644  258  697  818  980  145  387  785    9  729  219  869   66  686  549  700  438  496   22  389  184   97    3  763  570  260  603  310  656  730  825  934  981  371  789  659  288  688   23  380  826  411  989    4  447  232  329  744  562  583  771  196   75  709  499  943  128  606  795  870  382  746    6   29   79  991  414  673  831  250  131  784  589  968  816  215  448  696  895  563  718  530  626  334  299   92  908  218	: b   32  839  435  598  542
	preLogic lookup: 752 Rank: 76
post logic: a  306  683  456  564    2  344  644  258  697  818  980  145  387  785    9  729  219  869   66  686  549  700  438  496   22  389  184   97    3  763  570  260  603  310  656  730  825  934  981  371  789  659  288  688   23  380  826  411  989    4  447  232  329  744  562  583  771  196   75  709  499  943  128  606  795  870  382  746    6   29   79  991  414  673  831  250  131  784  589  968  816  215  448  696  895  563  718  530  626  334  299   92  908  218  752	: b   32  839  435  598  542
	preLogic lookup: 306 Rank: 28
post logic: a  683  456  564    2  344  644  258  697  818  980  145  387  785    9  729  219  869   66  686  549  700  438  496   22  389  184   97    3  763  570  260  603  310  656  730  825  934  981  371  789  659  288  688   23  380  826  411  989    4  447  232  329  744  562  583  771  196   75  709  499  943  128  606  795  870  382  746    6   29   79  991  414  673  831  250  131  784  589  968  816  215  448  696  895  563  718  530  626  334  299   92  908  218  752  306	: b   32  839  435  598  542
	preLogic lookup: 683 Rank: 64
post logic: a  456  564    2  344  644  258  697  818  980  145  387  785    9  729  219  869   66  686  549  700  438  496   22  389  184   97    3  763  570  260  603  310  656  730  825  934  981  371  789  659  288  688   23  380  826  411  989    4  447  232  329  744  562  583  771  196   75  709  499  943  128  606  795  870  382  746    6   29   79  991  414  673  831  250  131  784  589  968  816  215  448  696  895  563  718  530  626  334  299   92  908  218  752  306	: b  683   32  839  435  598  542
	preLogic lookup: 456 Rank: 44
post logic: a  564    2  344  644  258  697  818  980  145  387  785    9  729  219  869   66  686  549  700  438  496   22  389  184   97    3  763  570  260  603  310  656  730  825  934  981  371  789  659  288  688   23  380  826  411  989    4  447  232  329  744  562  583  771  196   75  709  499  943  128  606  795  870  382  746    6   29   79  991  414  673  831  250  131  784  589  968  816  215  448  696  895  563  718  530  626  334  299   92  908  218  752  306  456	: b  683   32  839  435  598  542
	preLogic lookup: 564 Rank: 52
post logic: a    2  344  644  258  697  818  980  145  387  785    9  729  219  869   66  686  549  700  438  496   22  389  184   97    3  763  570  260  603  310  656  730  825  934  981  371  789  659  288  688   23  380  826  411  989    4  447  232  329  744  562  583  771  196   75  709  499  943  128  606  795  870  382  746    6   29   79  991  414  673  831  250  131  784  589  968  816  215  448  696  895  563  718  530  626  334  299   92  908  218  752  306  456  564	: b  683   32  839  435  598  542
	preLogic lookup: 2 Rank: 0
post logic: a  344  644  258  697  818  980  145  387  785    9  729  219  869   66  686  549  700  438  496   22  389  184   97    3  763  570  260  603  310  656  730  825  934  981  371  789  659  288  688   23  380  826  411  989    4  447  232  329  744  562  583  771  196   75  709  499  943  128  606  795  870  382  746    6   29   79  991  414  673  831  250  131  784  589  968  816  215  448  696  895  563  718  530  626  334  299   92  908  218  752  306  456  564	: b    2  683   32  839  435  598  542
	preLogic lookup: 344 Rank: 32
post logic: a  644  258  697  818  980  145  387  785    9  729  219  869   66  686  549  700  438  496   22  389  184   97    3  763  570  260  603  310  656  730  825  934  981  371  789  659  288  688   23  380  826  411  989    4  447  232  329  744  562  583  771  196   75  709  499  943  128  606  795  870  382  746    6   29   79  991  414  673  831  250  131  784  589  968  816  215  448  696  895  563  718  530  626  334  299   92  908  218  752  306  456  564	: b  344    2  683   32  839  435  598  542
	preLogic lookup: 644 Rank: 60
post logic: a  258  697  818  980  145  387  785    9  729  219  869   66  686  549  700  438  496   22  389  184   97    3  763  570  260  603  310  656  730  825  934  981  371  789  659  288  688   23  380  826  411  989    4  447  232  329  744  562  583  771  196   75  709  499  943  128  606  795  870  382  746    6   29   79  991  414  673  831  250  131  784  589  968  816  215  448  696  895  563  718  530  626  334  299   92  908  218  752  306  456  564  644	: b  344    2  683   32  839  435  598  542
	preLogic lookup: 258 Rank: 24
post logic: a  697  818  980  145  387  785    9  729  219  869   66  686  549  700  438  496   22  389  184   97    3  763  570  260  603  310  656  730  825  934  981  371  789  659  288  688   23  380  826  411  989    4  447  232  329  744  562  583  771  196   75  709  499  943  128  606  795  870  382  746    6   29   79  991  414  673  831  250  131  784  589  968  816  215  448  696  895  563  718  530  626  334  299   92  908  218  752  306  456  564  644	: b  258  344    2  683   32  839  435  598  542
	preLogic lookup: 697 Rank: 68
post logic: a  818  980  145  387  785    9  729  219  869   66  686  549  700  438  496   22  389  184   97    3  763  570  260  603  310  656  730  825  934  981  371  789  659  288  688   23  380  826  411  989    4  447  232  329  744  562  583  771  196   75  709  499  943  128  606  795  870  382  746    6   29   79  991  414  673  831  250  131  784  589  968  816  215  448  696  895  563  718  530  626  334  299   92  908  218  752  306  456  564  644  697	: b  258  344    2  683   32  839  435  598  542
	preLogic lookup: 818 Rank: 84
post logic: a  980  145  387  785    9  729  219  869   66  686  549  700  438  496   22  389  184   97    3  763  570  260  603  310  656  730  825  934  981  371  789  659  288  688   23  380  826  411  989    4  447  232  329  744  562  583  771  196   75  709  499  943  128  606  795  870  382  746    6   29   79  991  414  673  831  250  131  784  589  968  816  215  448  696  895  563  718  530  626  334  299   92  908  218  752  306  456  564  644  697  818	: b  258  344    2  683   32  839  435  598  542
	preLogic lookup: 980 Rank: 96
post logic: a  145  387  785    9  729  219  869   66  686  549  700  438  496   22  389  184   97    3  763  570  260  603  310  656  730  825  934  981  371  789  659  288  688   23  380  826  411  989    4  447  232  329  744  562  583  771  196   75  709  499  943  128  606  795  870  382  746    6   29   79  991  414  673  831  250  131  784  589  968  816  215  448  696  895  563  718  530  626  334  299   92  908  218  752  306  456  564  644  697  818	: b  980  258  344    2  683   32  839  435  598  542
	preLogic lookup: 145 Rank: 16
post logic: a  387  785    9  729  219  869   66  686  549  700  438  496   22  389  184   97    3  763  570  260  603  310  656  730  825  934  981  371  789  659  288  688   23  380  826  411  989    4  447  232  329  744  562  583  771  196   75  709  499  943  128  606  795  870  382  746    6   29   79  991  414  673  831  250  131  784  589  968  816  215  448  696  895  563  718  530  626  334  299   92  908  218  752  306  456  564  644  697  818	: b  145  980  258  344    2  683   32  839  435  598  542
	preLogic lookup: 387 Rank: 36
post logic: a  785    9  729  219  869   66  686  549  700  438  496   22  389  184   97    3  763  570  260  603  310  656  730  825  934  981  371  789  659  288  688   23  380  826  411  989    4  447  232  329  744  562  583  771  196   75  709  499  943  128  606  795  870  382  746    6   29   79  991  414  673  831  250  131  784  589  968  816  215  448  696  895  563  718  530  626  334  299   92  908  218  752  306  456  564  644  697  818  387	: b  145  980  258  344    2  683   32  839  435  598  542
	preLogic lookup: 785 Rank: 80
post logic: a    9  729  219  869   66  686  549  700  438  496   22  389  184   97    3  763  570  260  603  310  656  730  825  934  981  371  789  659  288  688   23  380  826  411  989    4  447  232  329  744  562  583  771  196   75  709  499  943  128  606  795  870  382  746    6   29   79  991  414  673  831  250  131  784  589  968  816  215  448  696  895  563  718  530  626  334  299   92  908  218  752  306  456  564  644  697  818  387	: b  785  145  980  258  344    2  683   32  839  435  598  542
	preLogic lookup: 9 Rank: 4
post logic: a  729  219  869   66  686  549  700  438  496   22  389  184   97    3  763  570  260  603  310  656  730  825  934  981  371  789  659  288  688   23  380  826  411  989    4  447  232  329  744  562  583  771  196   75  709  499  943  128  606  795  870  382  746    6   29   79  991  414  673  831  250  131  784  589  968  816  215  448  696  895  563  718  530  626  334  299   92  908  218  752  306  456  564  644  697  818  387    9	: b  785  145  980  258  344    2  683   32  839  435  598  542
	preLogic lookup: 729 Rank: 72
post logic: a  219  869   66  686  549  700  438  496   22  389  184   97    3  763  570  260  603  310  656  730  825  934  981  371  789  659  288  688   23  380  826  411  989    4  447  232  329  744  562  583  771  196   75  709  499  943  128  606  795  870  382  746    6   29   79  991  414  673  831  250  131  784  589  968  816  215  448  696  895  563  718  530  626  334  299   92  908  218  752  306  456  564  644  697  818  387    9	: b  729  785  145  980  258  344    2  683   32  839  435  598  542
	preLogic lookup: 219 Rank: 21
post logic: a  869   66  686  549  700  438  496   22  389  184   97    3  763  570  260  603  310  656  730  825  934  981  371  789  659  288  688   23  380  826  411  989    4  447  232  329  744  562  583  771  196   75  709  499  943  128  606  795  870  382  746    6   29   79  991  414  673  831  250  131  784  589  968  816  215  448  696  895  563  718  530  626  334  299   92  908  218  752  306  456  564  644  697  818  387    9  219	: b  729  785  145  980  258  344    2  683   32  839  435  598  542
	preLogic lookup: 869 Rank: 89
post logic: a   66  686  549  700  438  496   22  389  184   97    3  763  570  260  603  310  656  730  825  934  981  371  789  659  288  688   23  380  826  411  989    4  447  232  329  744  562  583  771  196   75  709  499  943  128  606  795  870  382  746    6   29   79  991  414  673  831  250  131  784  589  968  816  215  448  696  895  563  718  530  626  334  299   92  908  218  752  306  456  564  644  697  818  387    9  219	: b  869  729  785  145  980  258  344    2  683   32  839  435  598  542
	preLogic lookup: 66 Rank: 9
post logic: a  686  549  700  438  496   22  389  184   97    3  763  570  260  603  310  656  730  825  934  981  371  789  659  288  688   23  380  826  411  989    4  447  232  329  744  562  583  771  196   75  709  499  943  128  606  795  870  382  746    6   29   79  991  414  673  831  250  131  784  589  968  816  215  448  696  895  563  718  530  626  334  299   92  908  218  752  306  456  564  644  697  818  387    9  219	: b   66  869  729  785  145  980  258  344    2  683   32  839  435  598  542
	preLogic lookup: 686 Rank: 65
post logic: a  549  700  438  496   22  389  184   97    3  763  570  260  603  310  656  730  825  934  981  371  789  659  288  688   23  380  826  411  989    4  447  232  329  744  562  583  771  196   75  709  499  943  128  606  795  870  382  746    6   29   79  991  414  673  831  250  131  784  589  968  816  215  448  696  895  563  718  530  626  334  299   92  908  218  752  306  456  564  644  697  818  387    9  219	: b  686   66  869  729  785  145  980  258  344    2  683   32  839  435  598  542
	preLogic lookup: 549 Rank: 49
post logic: a  700  438  496   22  389  184   97    3  763  570  260  603  310  656  730  825  934  981  371  789  659  288  688   23  380  826  411  989    4  447  232  329  744  562  583  771  196   75  709  499  943  128  606  795  870  382  746    6   29   79  991  414  673  831  250  131  784  589  968  816  215  448  696  895  563  718  530  626  334  299   92  908  218  752  306  456  564  644  697  818  387    9  219	: b  549  686   66  869  729  785  145  980  258  344    2  683   32  839  435  598  542
	preLogic lookup: 700 Rank: 69
post logic: a  438  496   22  389  184   97    3  763  570  260  603  310  656  730  825  934  981  371  789  659  288  688   23  380  826  411  989    4  447  232  329  744  562  583  771  196   75  709  499  943  128  606  795  870  382  746    6   29   79  991  414  673  831  250  131  784  589  968  816  215  448  696  895  563  718  530  626  334  299   92  908  218  752  306  456  564  644  697  818  387    9  219  700	: b  549  686   66  869  729  785  145  980  258  344    2  683   32  839  435  598  542
	preLogic lookup: 438 Rank: 41
post logic: a  496   22  389  184   97    3  763  570  260  603  310  656  730  825  934  981  371  789  659  288  688   23  380  826  411  989    4  447  232  329  744  562  583  771  196   75  709  499  943  128  606  795  870  382  746    6   29   79  991  414  673  831  250  131  784  589  968  816  215  448  696  895  563  718  530  626  334  299   92  908  218  752  306  456  564  644  697  818  387    9  219  700	: b  438  549  686   66  869  729  785  145  980  258  344    2  683   32  839  435  598  542
	preLogic lookup: 496 Rank: 45
post logic: a   22  389  184   97    3  763  570  260  603  310  656  730  825  934  981  371  789  659  288  688   23  380  826  411  989    4  447  232  329  744  562  583  771  196   75  709  499  943  128  606  795  870  382  746    6   29   79  991  414  673  831  250  131  784  589  968  816  215  448  696  895  563  718  530  626  334  299   92  908  218  752  306  456  564  644  697  818  387    9  219  700  496	: b  438  549  686   66  869  729  785  145  980  258  344    2  683   32  839  435  598  542
	preLogic lookup: 22 Rank: 5
post logic: a  389  184   97    3  763  570  260  603  310  656  730  825  934  981  371  789  659  288  688   23  380  826  411  989    4  447  232  329  744  562  583  771  196   75  709  499  943  128  606  795  870  382  746    6   29   79  991  414  673  831  250  131  784  589  968  816  215  448  696  895  563  718  530  626  334  299   92  908  218  752  306  456  564  644  697  818  387    9  219  700  496   22	: b  438  549  686   66  869  729  785  145  980  258  344    2  683   32  839  435  598  542
	preLogic lookup: 389 Rank: 37
post logic: a  184   97    3  763  570  260  603  310  656  730  825  934  981  371  789  659  288  688   23  380  826  411  989    4  447  232  329  744  562  583  771  196   75  709  499  943  128  606  795  870  382  746    6   29   79  991  414  673  831  250  131  784  589  968  816  215  448  696  895  563  718  530  626  334  299   92  908  218  752  306  456  564  644  697  818  387    9  219  700  496   22  389	: b  438  549  686   66  869  729  785  145  980  258  344    2  683   32  839  435  598  542
	preLogic lookup: 184 Rank: 17
post logic: a   97    3  763  570  260  603  310  656  730  825  934  981  371  789  659  288  688   23  380  826  411  989    4  447  232  329  744  562  583  771  196   75  709  499  943  128  606  795  870  382  746    6   29   79  991  414  673  831  250  131  784  589  968  816  215  448  696  895  563  718  530  626  334  299   92  908  218  752  306  456  564  644  697  818  387    9  219  700  496   22  389	: b  184  438  549  686   66  869  729  785  145  980  258  344    2  683   32  839  435  598  542
	preLogic lookup: 97 Rank: 13
post logic: a    3  763  570  260  603  310  656  730  825  934  981  371  789  659  288  688   23  380  826  411  989    4  447  232  329  744  562  583  771  196   75  709  499  943  128  606  795  870  382  746    6   29   79  991  414  673  831  250  131  784  589  968  816  215  448  696  895  563  718  530  626  334  299   92  908  218  752  306  456  564  644  697  818  387    9  219  700  496   22  389   97	: b  184  438  549  686   66  869  729  785  145  980  258  344    2  683   32  839  435  598  542
	preLogic lookup: 3 Rank: 1
post logic: a  763  570  260  603  310  656  730  825  934  981  371  789  659  288  688   23  380  826  411  989    4  447  232  329  744  562  583  771  196   75  709  499  943  128  606  795  870  382  746    6   29   79  991  414  673  831  250  131  784  589  968  816  215  448  696  895  563  718  530  626  334  299   92  908  218  752  306  456  564  644  697  818  387    9  219  700  496   22  389   97	: b    3  184  438  549  686   66  869  729  785  145  980  258  344    2  683   32  839  435  598  542
	preLogic lookup: 763 Rank: 77
post logic: a  570  260  603  310  656  730  825  934  981  371  789  659  288  688   23  380  826  411  989    4  447  232  329  744  562  583  771  196   75  709  499  943  128  606  795  870  382  746    6   29   79  991  414  673  831  250  131  784  589  968  816  215  448  696  895  563  718  530  626  334  299   92  908  218  752  306  456  564  644  697  818  387    9  219  700  496   22  389   97  763	: b    3  184  438  549  686   66  869  729  785  145  980  258  344    2  683   32  839  435  598  542
	preLogic lookup: 570 Rank: 53
post logic: a  260  603  310  656  730  825  934  981  371  789  659  288  688   23  380  826  411  989    4  447  232  329  744  562  583  771  196   75  709  499  943  128  606  795  870  382  746    6   29   79  991  414  673  831  250  131  784  589  968  816  215  448  696  895  563  718  530  626  334  299   92  908  218  752  306  456  564  644  697  818  387    9  219  700  496   22  389   97  763  570	: b    3  184  438  549  686   66  869  729  785  145  980  258  344    2  683   32  839  435  598  542
	preLogic lookup: 260 Rank: 25
post logic: a  603  310  656  730  825  934  981  371  789  659  288  688   23  380  826  411  989    4  447  232  329  744  562  583  771  196   75  709  499  943  128  606  795  870  382  746    6   29   79  991  414  673  831  250  131  784  589  968  816  215  448  696  895  563  718  530  626  334  299   92  908  218  752  306  456  564  644  697  818  387    9  219  700  496   22  389   97  763  570	: b  260    3  184  438  549  686   66  869  729  785  145  980  258  344    2  683   32  839  435  598  542
	preLogic lookup: 603 Rank: 57
post logic: a  310  656  730  825  934  981  371  789  659  288  688   23  380  826  411  989    4  447  232  329  744  562  583  771  196   75  709  499  943  128  606  795  870  382  746    6   29   79  991  414  673  831  250  131  784  589  968  816  215  448  696  895  563  718  530  626  334  299   92  908  218  752  306  456  564  644  697  818  387    9  219  700  496   22  389   97  763  570	: b  603  260    3  184  438  549  686   66  869  729  785  145  980  258  344    2  683   32  839  435  598  542
	preLogic lookup: 310 Rank: 29
post logic: a  656  730  825  934  981  371  789  659  288  688   23  380  826  411  989    4  447  232  329  744  562  583  771  196   75  709  499  943  128  606  795  870  382  746    6   29   79  991  414  673  831  250  131  784  589  968  816  215  448  696  895  563  718  530  626  334  299   92  908  218  752  306  456  564  644  697  818  387    9  219  700  496   22  389   97  763  570  310	: b  603  260    3  184  438  549  686   66  869  729  785  145  980  258  344    2  683   32  839  435  598  542
	preLogic lookup: 656 Rank: 61
post logic: a  730  825  934  981  371  789  659  288  688   23  380  826  411  989    4  447  232  329  744  562  583  771  196   75  709  499  943  128  606  795  870  382  746    6   29   79  991  414  673  831  250  131  784  589  968  816  215  448  696  895  563  718  530  626  334  299   92  908  218  752  306  456  564  644  697  818  387    9  219  700  496   22  389   97  763  570  310  656	: b  603  260    3  184  438  549  686   66  869  729  785  145  980  258  344    2  683   32  839  435  598  542
	preLogic lookup: 730 Rank: 73
post logic: a  825  934  981  371  789  659  288  688   23  380  826  411  989    4  447  232  329  744  562  583  771  196   75  709  499  943  128  606  795  870  382  746    6   29   79  991  414  673  831  250  131  784  589  968  816  215  448  696  895  563  718  530  626  334  299   92  908  218  752  306  456  564  644  697  818  387    9  219  700  496   22  389   97  763  570  310  656	: b  730  603  260    3  184  438  549  686   66  869  729  785  145  980  258  344    2  683   32  839  435  598  542
	preLogic lookup: 825 Rank: 85
post logic: a  934  981  371  789  659  288  688   23  380  826  411  989    4  447  232  329  744  562  583  771  196   75  709  499  943  128  606  795  870  382  746    6   29   79  991  414  673  831  250  131  784  589  968  816  215  448  696  895  563  718  530  626  334  299   92  908  218  752  306  456  564  644  697  818  387    9  219  700  496   22  389   97  763  570  310  656  825	: b  730  603  260    3  184  438  549  686   66  869  729  785  145  980  258  344    2  683   32  839  435  598  542
	preLogic lookup: 934 Rank: 93
post logic: a  981  371  789  659  288  688   23  380  826  411  989    4  447  232  329  744  562  583  771  196   75  709  499  943  128  606  795  870  382  746    6   29   79  991  414  673  831  250  131  784  589  968  816  215  448  696  895  563  718  530  626  334  299   92  908  218  752  306  456  564  644  697  818  387    9  219  700  496   22  389   97  763  570  310  656  825  934	: b  730  603  260    3  184  438  549  686   66  869  729  785  145  980  258  344    2  683   32  839  435  598  542
	preLogic lookup: 981 Rank: 97
post logic: a  371  789  659  288  688   23  380  826  411  989    4  447  232  329  744  562  583  771  196   75  709  499  943  128  606  795  870  382  746    6   29   79  991  414  673  831  250  131  784  589  968  816  215  448  696  895  563  718  530  626  334  299   92  908  218  752  306  456  564  644  697  818  387    9  219  700  496   22  389   97  763  570  310  656  825  934	: b  981  730  603  260    3  184  438  549  686   66  869  729  785  145  980  258  344    2  683   32  839  435  598  542
	preLogic lookup: 371 Rank: 33
post logic: a  789  659  288  688   23  380  826  411  989    4  447  232  329  744  562  583  771  196   75  709  499  943  128  606  795  870  382  746    6   29   79  991  414  673  831  250  131  784  589  968  816  215  448  696  895  563  718  530  626  334  299   92  908  218  752  306  456  564  644  697  818  387    9  219  700  496   22  389   97  763  570  310  656  825  934	: b  371  981  730  603  260    3  184  438  549  686   66  869  729  785  145  980  258  344    2  683   32  839  435  598  542
	preLogic lookup: 789 Rank: 81
post logic: a  659  288  688   23  380  826  411  989    4  447  232  329  744  562  583  771  196   75  709  499  943  128  606  795  870  382  746    6   29   79  991  414  673  831  250  131  784  589  968  816  215  448  696  895  563  718  530  626  334  299   92  908  218  752  306  456  564  644  697  818  387    9  219  700  496   22  389   97  763  570  310  656  825  934	: b  789  371  981  730  603  260    3  184  438  549  686   66  869  729  785  145  980  258  344    2  683   32  839  435  598  542
	preLogic lookup: 659 Rank: 62
post logic: a  288  688   23  380  826  411  989    4  447  232  329  744  562  583  771  196   75  709  499  943  128  606  795  870  382  746    6   29   79  991  414  673  831  250  131  784  589  968  816  215  448  696  895  563  718  530  626  334  299   92  908  218  752  306  456  564  644  697  818  387    9  219  700  496   22  389   97  763  570  310  656  825  934  659	: b  789  371  981  730  603  260    3  184  438  549  686   66  869  729  785  145  980  258  344    2  683   32  839  435  598  542
	preLogic lookup: 288 Rank: 26
post logic: a  688   23  380  826  411  989    4  447  232  329  744  562  583  771  196   75  709  499  943  128  606  795  870  382  746    6   29   79  991  414  673  831  250  131  784  589  968  816  215  448  696  895  563  718  530  626  334  299   92  908  218  752  306  456  564  644  697  818  387    9  219  700  496   22  389   97  763  570  310  656  825  934  659	: b  288  789  371  981  730  603  260    3  184  438  549  686   66  869  729  785  145  980  258  344    2  683   32  839  435  598  542
	preLogic lookup: 688 Rank: 66
post logic: a   23  380  826  411  989    4  447  232  329  744  562  583  771  196   75  709  499  943  128  606  795  870  382  746    6   29   79  991  414  673  831  250  131  784  589  968  816  215  448  696  895  563  718  530  626  334  299   92  908  218  752  306  456  564  644  697  818  387    9  219  700  496   22  389   97  763  570  310  656  825  934  659	: b  688  288  789  371  981  730  603  260    3  184  438  549  686   66  869  729  785  145  980  258  344    2  683   32  839  435  598  542
	preLogic lookup: 23 Rank: 6
post logic: a  380  826  411  989    4  447  232  329  744  562  583  771  196   75  709  499  943  128  606  795  870  382  746    6   29   79  991  414  673  831  250  131  784  589  968  816  215  448  696  895  563  718  530  626  334  299   92  908  218  752  306  456  564  644  697  818  387    9  219  700  496   22  389   97  763  570  310  656  825  934  659   23	: b  688  288  789  371  981  730  603  260    3  184  438  549  686   66  869  729  785  145  980  258  344    2  683   32  839  435  598  542
	preLogic lookup: 380 Rank: 34
post logic: a  826  411  989    4  447  232  329  744  562  583  771  196   75  709  499  943  128  606  795  870  382  746    6   29   79  991  414  673  831  250  131  784  589  968  816  215  448  696  895  563  718  530  626  334  299   92  908  218  752  306  456  564  644  697  818  387    9  219  700  496   22  389   97  763  570  310  656  825  934  659   23	: b  380  688  288  789  371  981  730  603  260    3  184  438  549  686   66  869  729  785  145  980  258  344    2  683   32  839  435  598  542
	preLogic lookup: 826 Rank: 86
post logic: a  411  989    4  447  232  329  744  562  583  771  196   75  709  499  943  128  606  795  870  382  746    6   29   79  991  414  673  831  250  131  784  589  968  816  215  448  696  895  563  718  530  626  334  299   92  908  218  752  306  456  564  644  697  818  387    9  219  700  496   22  389   97  763  570  310  656  825  934  659   23  826	: b  380  688  288  789  371  981  730  603  260    3  184  438  549  686   66  869  729  785  145  980  258  344    2  683   32  839  435  598  542
	preLogic lookup: 411 Rank: 38
post logic: a  989    4  447  232  329  744  562  583  771  196   75  709  499  943  128  606  795  870  382  746    6   29   79  991  414  673  831  250  131  784  589  968  816  215  448  696  895  563  718  530  626  334  299   92  908  218  752  306  456  564  644  697  818  387    9  219  700  496   22  389   97  763  570  310  656  825  934  659   23  826  411	: b  380  688  288  789  371  981  730  603  260    3  184  438  549  686   66  869  729  785  145  980  258  344    2  683   32  839  435  598  542
	preLogic lookup: 989 Rank: 98
post logic: a    4  447  232  329  744  562  583  771  196   75  709  499  943  128  606  795  870  382  746    6   29   79  991  414  673  831  250  131  784  589  968  816  215  448  696  895  563  718  530  626  334  299   92  908  218  752  306  456  564  644  697  818  387    9  219  700  496   22  389   97  763  570  310  656  825  934  659   23  826  411	: b  989  380  688  288  789  371  981  730  603  260    3  184  438  549  686   66  869  729  785  145  980  258  344    2  683   32  839  435  598  542
	preLogic lookup: 4 Rank: 2
post logic: a  447  232  329  744  562  583  771  196   75  709  499  943  128  606  795  870  382  746    6   29   79  991  414  673  831  250  131  784  589  968  816  215  448  696  895  563  718  530  626  334  299   92  908  218  752  306  456  564  644  697  818  387    9  219  700  496   22  389   97  763  570  310  656  825  934  659   23  826  411	: b    4  989  380  688  288  789  371  981  730  603  260    3  184  438  549  686   66  869  729  785  145  980  258  344    2  683   32  839  435  598  542
	preLogic lookup: 447 Rank: 42
post logic: a  232  329  744  562  583  771  196   75  709  499  943  128  606  795  870  382  746    6   29   79  991  414  673  831  250  131  784  589  968  816  215  448  696  895  563  718  530  626  334  299   92  908  218  752  306  456  564  644  697  818  387    9  219  700  496   22  389   97  763  570  310  656  825  934  659   23  826  411	: b  447    4  989  380  688  288  789  371  981  730  603  260    3  184  438  549  686   66  869  729  785  145  980  258  344    2  683   32  839  435  598  542
	preLogic lookup: 232 Rank: 22
post logic: a  329  744  562  583  771  196   75  709  499  943  128  606  795  870  382  746    6   29   79  991  414  673  831  250  131  784  589  968  816  215  448  696  895  563  718  530  626  334  299   92  908  218  752  306  456  564  644  697  818  387    9  219  700  496   22  389   97  763  570  310  656  825  934  659   23  826  411  232	: b  447    4  989  380  688  288  789  371  981  730  603  260    3  184  438  549  686   66  869  729  785  145  980  258  344    2  683   32  839  435  598  542
	preLogic lookup: 329 Rank: 30
post logic: a  744  562  583  771  196   75  709  499  943  128  606  795  870  382  746    6   29   79  991  414  673  831  250  131  784  589  968  816  215  448  696  895  563  718  530  626  334  299   92  908  218  752  306  456  564  644  697  818  387    9  219  700  496   22  389   97  763  570  310  656  825  934  659   23  826  411  232  329	: b  447    4  989  380  688  288  789  371  981  730  603  260    3  184  438  549  686   66  869  729  785  145  980  258  344    2  683   32  839  435  598  542
	preLogic lookup: 744 Rank: 74
post logic: a  562  583  771  196   75  709  499  943  128  606  795  870  382  746    6   29   79  991  414  673  831  250  131  784  589  968  816  215  448  696  895  563  718  530  626  334  299   92  908  218  752  306  456  564  644  697  818  387    9  219  700  496   22  389   97  763  570  310  656  825  934  659   23  826  411  232  329	: b  744  447    4  989  380  688  288  789  371  981  730  603  260    3  184  438  549  686   66  869  729  785  145  980  258  344    2  683   32  839  435  598  542
	preLogic lookup: 562 Rank: 50
post logic: a  583  771  196   75  709  499  943  128  606  795  870  382  746    6   29   79  991  414  673  831  250  131  784  589  968  816  215  448  696  895  563  718  530  626  334  299   92  908  218  752  306  456  564  644  697  818  387    9  219  700  496   22  389   97  763  570  310  656  825  934  659   23  826  411  232  329	: b  562  744  447    4  989  380  688  288  789  371  981  730  603  260    3  184  438  549  686   66  869  729  785  145  980  258  344    2  683   32  839  435  598  542
	preLogic lookup: 583 Rank: 54
post logic: a  771  196   75  709  499  943  128  606  795  870  382  746    6   29   79  991  414  673  831  250  131  784  589  968  816  215  448  696  895  563  718  530  626  334  299   92  908  218  752  306  456  564  644  697  818  387    9  219  700  496   22  389   97  763  570  310  656  825  934  659   23  826  411  232  329  583	: b  562  744  447    4  989  380  688  288  789  371  981  730  603  260    3  184  438  549  686   66  869  729  785  145  980  258  344    2  683   32  839  435  598  542
	preLogic lookup: 771 Rank: 78
post logic: a  196   75  709  499  943  128  606  795  870  382  746    6   29   79  991  414  673  831  250  131  784  589  968  816  215  448  696  895  563  718  530  626  334  299   92  908  218  752  306  456  564  644  697  818  387    9  219  700  496   22  389   97  763  570  310  656  825  934  659   23  826  411  232  329  583  771	: b  562  744  447    4  989  380  688  288  789  371  981  730  603  260    3  184  438  549  686   66  869  729  785  145  980  258  344    2  683   32  839  435  598  542
	preLogic lookup: 196 Rank: 18
post logic: a   75  709  499  943  128  606  795  870  382  746    6   29   79  991  414  673  831  250  131  784  589  968  816  215  448  696  895  563  718  530  626  334  299   92  908  218  752  306  456  564  644  697  818  387    9  219  700  496   22  389   97  763  570  310  656  825  934  659   23  826  411  232  329  583  771	: b  196  562  744  447    4  989  380  688  288  789  371  981  730  603  260    3  184  438  549  686   66  869  729  785  145  980  258  344    2  683   32  839  435  598  542
	preLogic lookup: 75 Rank: 10
post logic: a  709  499  943  128  606  795  870  382  746    6   29   79  991  414  673  831  250  131  784  589  968  816  215  448  696  895  563  718  530  626  334  299   92  908  218  752  306  456  564  644  697  818  387    9  219  700  496   22  389   97  763  570  310  656  825  934  659   23  826  411  232  329  583  771	: b   75  196  562  744  447    4  989  380  688  288  789  371  981  730  603  260    3  184  438  549  686   66  869  729  785  145  980  258  344    2  683   32  839  435  598  542
	preLogic lookup: 709 Rank: 70
post logic: a  499  943  128  606  795  870  382  746    6   29   79  991  414  673  831  250  131  784  589  968  816  215  448  696  895  563  718  530  626  334  299   92  908  218  752  306  456  564  644  697  818  387    9  219  700  496   22  389   97  763  570  310  656  825  934  659   23  826  411  232  329  583  771  709	: b   75  196  562  744  447    4  989  380  688  288  789  371  981  730  603  260    3  184  438  549  686   66  869  729  785  145  980  258  344    2  683   32  839  435  598  542
	preLogic lookup: 499 Rank: 46
post logic: a  943  128  606  795  870  382  746    6   29   79  991  414  673  831  250  131  784  589  968  816  215  448  696  895  563  718  530  626  334  299   92  908  218  752  306  456  564  644  697  818  387    9  219  700  496   22  389   97  763  570  310  656  825  934  659   23  826  411  232  329  583  771  709  499	: b   75  196  562  744  447    4  989  380  688  288  789  371  981  730  603  260    3  184  438  549  686   66  869  729  785  145  980  258  344    2  683   32  839  435  598  542
	preLogic lookup: 943 Rank: 94
post logic: a  128  606  795  870  382  746    6   29   79  991  414  673  831  250  131  784  589  968  816  215  448  696  895  563  718  530  626  334  299   92  908  218  752  306  456  564  644  697  818  387    9  219  700  496   22  389   97  763  570  310  656  825  934  659   23  826  411  232  329  583  771  709  499  943	: b   75  196  562  744  447    4  989  380  688  288  789  371  981  730  603  260    3  184  438  549  686   66  869  729  785  145  980  258  344    2  683   32  839  435  598  542
	preLogic lookup: 128 Rank: 14
post logic: a  606  795  870  382  746    6   29   79  991  414  673  831  250  131  784  589  968  816  215  448  696  895  563  718  530  626  334  299   92  908  218  752  306  456  564  644  697  818  387    9  219  700  496   22  389   97  763  570  310  656  825  934  659   23  826  411  232  329  583  771  709  499  943  128	: b   75  196  562  744  447    4  989  380  688  288  789  371  981  730  603  260    3  184  438  549  686   66  869  729  785  145  980  258  344    2  683   32  839  435  598  542
	preLogic lookup: 606 Rank: 58
post logic: a  795  870  382  746    6   29   79  991  414  673  831  250  131  784  589  968  816  215  448  696  895  563  718  530  626  334  299   92  908  218  752  306  456  564  644  697  818  387    9  219  700  496   22  389   97  763  570  310  656  825  934  659   23  826  411  232  329  583  771  709  499  943  128	: b  606   75  196  562  744  447    4  989  380  688  288  789  371  981  730  603  260    3  184  438  549  686   66  869  729  785  145  980  258  344    2  683   32  839  435  598  542
	preLogic lookup: 795 Rank: 82
post logic: a  870  382  746    6   29   79  991  414  673  831  250  131  784  589  968  816  215  448  696  895  563  718  530  626  334  299   92  908  218  752  306  456  564  644  697  818  387    9  219  700  496   22  389   97  763  570  310  656  825  934  659   23  826  411  232  329  583  771  709  499  943  128	: b  795  606   75  196  562  744  447    4  989  380  688  288  789  371  981  730  603  260    3  184  438  549  686   66  869  729  785  145  980  258  344    2  683   32  839  435  598  542
	preLogic lookup: 870 Rank: 90
post logic: a  382  746    6   29   79  991  414  673  831  250  131  784  589  968  816  215  448  696  895  563  718  530  626  334  299   92  908  218  752  306  456  564  644  697  818  387    9  219  700  496   22  389   97  763  570  310  656  825  934  659   23  826  411  232  329  583  771  709  499  943  128	: b  870  795  606   75  196  562  744  447    4  989  380  688  288  789  371  981  730  603  260    3  184  438  549  686   66  869  729  785  145  980  258  344    2  683   32  839  435  598  542
	preLogic lookup: 382 Rank: 35
post logic: a  746    6   29   79  991  414  673  831  250  131  784  589  968  816  215  448  696  895  563  718  530  626  334  299   92  908  218  752  306  456  564  644  697  818  387    9  219  700  496   22  389   97  763  570  310  656  825  934  659   23  826  411  232  329  583  771  709  499  943  128	: b  382  870  795  606   75  196  562  744  447    4  989  380  688  288  789  371  981  730  603  260    3  184  438  549  686   66  869  729  785  145  980  258  344    2  683   32  839  435  598  542
	preLogic lookup: 746 Rank: 75
post logic: a    6   29   79  991  414  673  831  250  131  784  589  968  816  215  448  696  895  563  718  530  626  334  299   92  908  218  752  306  456  564  644  697  818  387    9  219  700  496   22  389   97  763  570  310  656  825  934  659   23  826  411  232  329  583  771  709  499  943  128	: b  746  382  870  795  606   75  196  562  744  447    4  989  380  688  288  789  371  981  730  603  260    3  184  438  549  686   66  869  729  785  145  980  258  344    2  683   32  839  435  598  542
	preLogic lookup: 6 Rank: 3
post logic: a   29   79  991  414  673  831  250  131  784  589  968  816  215  448  696  895  563  718  530  626  334  299   92  908  218  752  306  456  564  644  697  818  387    9  219  700  496   22  389   97  763  570  310  656  825  934  659   23  826  411  232  329  583  771  709  499  943  128	: b    6  746  382  870  795  606   75  196  562  744  447    4  989  380  688  288  789  371  981  730  603  260    3  184  438  549  686   66  869  729  785  145  980  258  344    2  683   32  839  435  598  542
	preLogic lookup: 29 Rank: 7
post logic: a   79  991  414  673  831  250  131  784  589  968  816  215  448  696  895  563  718  530  626  334  299   92  908  218  752  306  456  564  644  697  818  387    9  219  700  496   22  389   97  763  570  310  656  825  934  659   23  826  411  232  329  583  771  709  499  943  128   29	: b    6  746  382  870  795  606   75  196  562  744  447    4  989  380  688  288  789  371  981  730  603  260    3  184  438  549  686   66  869  729  785  145  980  258  344    2  683   32  839  435  598  542
	preLogic lookup: 79 Rank: 11
post logic: a  991  414  673  831  250  131  784  589  968  816  215  448  696  895  563  718  530  626  334  299   92  908  218  752  306  456  564  644  697  818  387    9  219  700  496   22  389   97  763  570  310  656  825  934  659   23  826  411  232  329  583  771  709  499  943  128   29	: b   79    6  746  382  870  795  606   75  196  562  744  447    4  989  380  688  288  789  371  981  730  603  260    3  184  438  549  686   66  869  729  785  145  980  258  344    2  683   32  839  435  598  542
	preLogic lookup: 991 Rank: 99
post logic: a  414  673  831  250  131  784  589  968  816  215  448  696  895  563  718  530  626  334  299   92  908  218  752  306  456  564  644  697  818  387    9  219  700  496   22  389   97  763  570  310  656  825  934  659   23  826  411  232  329  583  771  709  499  943  128   29	: b  991   79    6  746  382  870  795  606   75  196  562  744  447    4  989  380  688  288  789  371  981  730  603  260    3  184  438  549  686   66  869  729  785  145  980  258  344    2  683   32  839  435  598  542
	preLogic lookup: 414 Rank: 39
post logic: a  673  831  250  131  784  589  968  816  215  448  696  895  563  718  530  626  334  299   92  908  218  752  306  456  564  644  697  818  387    9  219  700  496   22  389   97  763  570  310  656  825  934  659   23  826  411  232  329  583  771  709  499  943  128   29  414	: b  991   79    6  746  382  870  795  606   75  196  562  744  447    4  989  380  688  288  789  371  981  730  603  260    3  184  438  549  686   66  869  729  785  145  980  258  344    2  683   32  839  435  598  542
	preLogic lookup: 673 Rank: 63
post logic: a  831  250  131  784  589  968  816  215  448  696  895  563  718  530  626  334  299   92  908  218  752  306  456  564  644  697  818  387    9  219  700  496   22  389   97  763  570  310  656  825  934  659   23  826  411  232  329  583  771  709  499  943  128   29  414  673	: b  991   79    6  746  382  870  795  606   75  196  562  744  447    4  989  380  688  288  789  371  981  730  603  260    3  184  438  549  686   66  869  729  785  145  980  258  344    2  683   32  839  435  598  542
	preLogic lookup: 831 Rank: 87
post logic: a  250  131  784  589  968  816  215  448  696  895  563  718  530  626  334  299   92  908  218  752  306  456  564  644  697  818  387    9  219  700  496   22  389   97  763  570  310  656  825  934  659   23  826  411  232  329  583  771  709  499  943  128   29  414  673  831	: b  991   79    6  746  382  870  795  606   75  196  562  744  447    4  989  380  688  288  789  371  981  730  603  260    3  184  438  549  686   66  869  729  785  145  980  258  344    2  683   32  839  435  598  542
	preLogic lookup: 250 Rank: 23
post logic: a  131  784  589  968  816  215  448  696  895  563  718  530  626  334  299   92  908  218  752  306  456  564  644  697  818  387    9  219  700  496   22  389   97  763  570  310  656  825  934  659   23  826  411  232  329  583  771  709  499  943  128   29  414  673  831  250	: b  991   79    6  746  382  870  795  606   75  196  562  744  447    4  989  380  688  288  789  371  981  730  603  260    3  184  438  549  686   66  869  729  785  145  980  258  344    2  683   32  839  435  598  542
	preLogic lookup: 131 Rank: 15
post logic: a  784  589  968  816  215  448  696  895  563  718  530  626  334  299   92  908  218  752  306  456  564  644  697  818  387    9  219  700  496   22  389   97  763  570  310  656  825  934  659   23  826  411  232  329  583  771  709  499  943  128   29  414  673  831  250  131	: b  991   79    6  746  382  870  795  606   75  196  562  744  447    4  989  380  688  288  789  371  981  730  603  260    3  184  438  549  686   66  869  729  785  145  980  258  344    2  683   32  839  435  598  542
	preLogic lookup: 784 Rank: 79
post logic: a  589  968  816  215  448  696  895  563  718  530  626  334  299   92  908  218  752  306  456  564  644  697  818  387    9  219  700  496   22  389   97  763  570  310  656  825  934  659   23  826  411  232  329  583  771  709  499  943  128   29  414  673  831  250  131  784	: b  991   79    6  746  382  870  795  606   75  196  562  744  447    4  989  380  688  288  789  371  981  730  603  260    3  184  438  549  686   66  869  729  785  145  980  258  344    2  683   32  839  435  598  542
	preLogic lookup: 589 Rank: 55
post logic: a  968  816  215  448  696  895  563  718  530  626  334  299   92  908  218  752  306  456  564  644  697  818  387    9  219  700  496   22  389   97  763  570  310  656  825  934  659   23  826  411  232  329  583  771  709  499  943  128   29  414  673  831  250  131  784  589	: b  991   79    6  746  382  870  795  606   75  196  562  744  447    4  989  380  688  288  789  371  981  730  603  260    3  184  438  549  686   66  869  729  785  145  980  258  344    2  683   32  839  435  598  542
	preLogic lookup: 968 Rank: 95
post logic: a  816  215  448  696  895  563  718  530  626  334  299   92  908  218  752  306  456  564  644  697  818  387    9  219  700  496   22  389   97  763  570  310  656  825  934  659   23  826  411  232  329  583  771  709  499  943  128   29  414  673  831  250  131  784  589  968	: b  991   79    6  746  382  870  795  606   75  196  562  744  447    4  989  380  688  288  789  371  981  730  603  260    3  184  438  549  686   66  869  729  785  145  980  258  344    2  683   32  839  435  598  542
	preLogic lookup: 816 Rank: 83
post logic: a  215  448  696  895  563  718  530  626  334  299   92  908  218  752  306  456  564  644  697  818  387    9  219  700  496   22  389   97  763  570  310  656  825  934  659   23  826  411  232  329  583  771  709  499  943  128   29  414  673  831  250  131  784  589  968	: b  816  991   79    6  746  382  870  795  606   75  196  562  744  447    4  989  380  688  288  789  371  981  730  603  260    3  184  438  549  686   66  869  729  785  145  980  258  344    2  683   32  839  435  598  542
	preLogic lookup: 215 Rank: 19
post logic: a  448  696  895  563  718  530  626  334  299   92  908  218  752  306  456  564  644  697  818  387    9  219  700  496   22  389   97  763  570  310  656  825  934  659   23  826  411  232  329  583  771  709  499  943  128   29  414  673  831  250  131  784  589  968	: b  215  816  991   79    6  746  382  870  795  606   75  196  562  744  447    4  989  380  688  288  789  371  981  730  603  260    3  184  438  549  686   66  869  729  785  145  980  258  344    2  683   32  839  435  598  542
	preLogic lookup: 448 Rank: 43
post logic: a  696  895  563  718  530  626  334  299   92  908  218  752  306  456  564  644  697  818  387    9  219  700  496   22  389   97  763  570  310  656  825  934  659   23  826  411  232  329  583  771  709  499  943  128   29  414  673  831  250  131  784  589  968	: b  448  215  816  991   79    6  746  382  870  795  606   75  196  562  744  447    4  989  380  688  288  789  371  981  730  603  260    3  184  438  549  686   66  869  729  785  145  980  258  344    2  683   32  839  435  598  542
	preLogic lookup: 696 Rank: 67
post logic: a  895  563  718  530  626  334  299   92  908  218  752  306  456  564  644  697  818  387    9  219  700  496   22  389   97  763  570  310  656  825  934  659   23  826  411  232  329  583  771  709  499  943  128   29  414  673  831  250  131  784  589  968	: b  696  448  215  816  991   79    6  746  382  870  795  606   75  196  562  744  447    4  989  380  688  288  789  371  981  730  603  260    3  184  438  549  686   66  869  729  785  145  980  258  344    2  683   32  839  435  598  542
	preLogic lookup: 895 Rank: 91
post logic: a  563  718  530  626  334  299   92  908  218  752  306  456  564  644  697  818  387    9  219  700  496   22  389   97  763  570  310  656  825  934  659   23  826  411  232  329  583  771  709  499  943  128   29  414  673  831  250  131  784  589  968	: b  895  696  448  215  816  991   79    6  746  382  870  795  606   75  196  562  744  447    4  989  380  688  288  789  371  981  730  603  260    3  184  438  549  686   66  869  729  785  145  980  258  344    2  683   32  839  435  598  542
	preLogic lookup: 563 Rank: 51
post logic: a  718  530  626  334  299   92  908  218  752  306  456  564  644  697  818  387    9  219  700  496   22  389   97  763  570  310  656  825  934  659   23  826  411  232  329  583  771  709  499  943  128   29  414  673  831  250  131  784  589  968	: b  563  895  696  448  215  816  991   79    6  746  382  870  795  606   75  196  562  744  447    4  989  380  688  288  789  371  981  730  603  260    3  184  438  549  686   66  869  729  785  145  980  258  344    2  683   32  839  435  598  542
	preLogic lookup: 718 Rank: 71
post logic: a  530  626  334  299   92  908  218  752  306  456  564  644  697  818  387    9  219  700  496   22  389   97  763  570  310  656  825  934  659   23  826  411  232  329  583  771  709  499  943  128   29  414  673  831  250  131  784  589  968  718	: b  563  895  696  448  215  816  991   79    6  746  382  870  795  606   75  196  562  744  447    4  989  380  688  288  789  371  981  730  603  260    3  184  438  549  686   66  869  729  785  145  980  258  344    2  683   32  839  435  598  542
	preLogic lookup: 530 Rank: 47
post logic: a  626  334  299   92  908  218  752  306  456  564  644  697  818  387    9  219  700  496   22  389   97  763  570  310  656  825  934  659   23  826  411  232  329  583  771  709  499  943  128   29  414  673  831  250  131  784  589  968  718  530	: b  563  895  696  448  215  816  991   79    6  746  382  870  795  606   75  196  562  744  447    4  989  380  688  288  789  371  981  730  603  260    3  184  438  549  686   66  869  729  785  145  980  258  344    2  683   32  839  435  598  542
	preLogic lookup: 626 Rank: 59
post logic: a  334  299   92  908  218  752  306  456  564  644  697  818  387    9  219  700  496   22  389   97  763  570  310  656  825  934  659   23  826  411  232  329  583  771  709  499  943  128   29  414  673  831  250  131  784  589  968  718  530	: b  626  563  895  696  448  215  816  991   79    6  746  382  870  795  606   75  196  562  744  447    4  989  380  688  288  789  371  981  730  603  260    3  184  438  549  686   66  869  729  785  145  980  258  344    2  683   32  839  435  598  542
	preLogic lookup: 334 Rank: 31
post logic: a  299   92  908  218  752  306  456  564  644  697  818  387    9  219  700  496   22  389   97  763  570  310  656  825  934  659   23  826  411  232  329  583  771  709  499  943  128   29  414  673  831  250  131  784  589  968  718  530  334	: b  626  563  895  696  448  215  816  991   79    6  746  382  870  795  606   75  196  562  744  447    4  989  380  688  288  789  371  981  730  603  260    3  184  438  549  686   66  869  729  785  145  980  258  344    2  683   32  839  435  598  542
	preLogic lookup: 299 Rank: 27
post logic: a   92  908  218  752  306  456  564  644  697  818  387    9  219  700  496   22  389   97  763  570  310  656  825  934  659   23  826  411  232  329  583  771  709  499  943  128   29  414  673  831  250  131  784  589  968  718  530  334	: b  299  626  563  895  696  448  215  816  991   79    6  746  382  870  795  606   75  196  562  744  447    4  989  380  688  288  789  371  981  730  603  260    3  184  438  549  686   66  869  729  785  145  980  258  344    2  683   32  839  435  598  542
  preEmpty: a   92  908  218  752  306  456  564  644  697  818  387    9  219  700  496   22  389   97  763  570  310  656  825  934  659   23  826  411  232  329  583  771  709  499  943  128   29  414  673  831  250  131  784  589  968  718  530  334	: b  299  626  563  895  696  448  215  816  991   79    6  746  382  870  795  606   75  196  562  744  447    4  989  380  688  288  789  371  981  730  603  260    3  184  438  549  686   66  869  729  785  145  980  258  344    2  683   32  839  435  598  542
	preLogic lookup: 542 Rank: 48
post logic: a  598  435  839   32  683    2  344  258  980  145  785  729  869   66  686  549  438  184    3  260  603  730  981  371  789  288  688  380  989    4  447  744  562  196   75  606  795  870  382  746    6   79  991  816  215  448  696  895  563  626  299   92  908  218  752  306  456  564  644  697  818  387    9  219  700  496   22  389   97  763  570  310  656  825  934  659   23  826  411  232  329  583  771  709  499  943  128   29  414  673  831  250  131  784  589  968  718  530  334	: b  542
	preLogic lookup: 598 Rank: 56
post logic: a  435  839   32  683    2  344  258  980  145  785  729  869   66  686  549  438  184    3  260  603  730  981  371  789  288  688  380  989    4  447  744  562  196   75  606  795  870  382  746    6   79  991  816  215  448  696  895  563  626  299   92  908  218  752  306  456  564  644  697  818  387    9  219  700  496   22  389   97  763  570  310  656  825  934  659   23  826  411  232  329  583  771  709  499  943  128   29  414  673  831  250  131  784  589  968  718  530  334  598	: b  542
	preLogic lookup: 435 Rank: 40
post logic: a  839   32  683    2  344  258  980  145  785  729  869   66  686  549  438  184    3  260  603  730  981  371  789  288  688  380  989    4  447  744  562  196   75  606  795  870  382  746    6   79  991  816  215  448  696  895  563  626  299   92  908  218  752  306  456  564  644  697  818  387    9  219  700  496   22  389   97  763  570  310  656  825  934  659   23  826  411  232  329  583  771  709  499  943  128   29  414  673  831  250  131  784  589  968  718  530  334  598  435	: b  542
	preLogic lookup: 839 Rank: 88
post logic: a   32  683    2  344  258  980  145  785  729  869   66  686  549  438  184    3  260  603  730  981  371  789  288  688  380  989    4  447  744  562  196   75  606  795  870  382  746    6   79  991  816  215  448  696  895  563  626  299   92  908  218  752  306  456  564  644  697  818  387    9  219  700  496   22  389   97  763  570  310  656  825  934  659   23  826  411  232  329  583  771  709  499  943  128   29  414  673  831  250  131  784  589  968  718  530  334  598  435  839	: b  542
	preLogic lookup: 32 Rank: 8
post logic: a  683    2  344  258  980  145  785  729  869   66  686  549  438  184    3  260  603  730  981  371  789  288  688  380  989    4  447  744  562  196   75  606  795  870  382  746    6   79  991  816  215  448  696  895  563  626  299   92  908  218  752  306  456  564  644  697  818  387    9  219  700  496   22  389   97  763  570  310  656  825  934  659   23  826  411  232  329  583  771  709  499  943  128   29  414  673  831  250  131  784  589  968  718  530  334  598  435  839   32	: b  542
	preLogic lookup: 683 Rank: 64
post logic: a    2  344  258  980  145  785  729  869   66  686  549  438  184    3  260  603  730  981  371  789  288  688  380  989    4  447  744  562  196   75  606  795  870  382  746    6   79  991  816  215  448  696  895  563  626  299   92  908  218  752  306  456  564  644  697  818  387    9  219  700  496   22  389   97  763  570  310  656  825  934  659   23  826  411  232  329  583  771  709  499  943  128   29  414  673  831  250  131  784  589  968  718  530  334  598  435  839   32	: b  683  542
	preLogic lookup: 2 Rank: 0
post logic: a  344  258  980  145  785  729  869   66  686  549  438  184    3  260  603  730  981  371  789  288  688  380  989    4  447  744  562  196   75  606  795  870  382  746    6   79  991  816  215  448  696  895  563  626  299   92  908  218  752  306  456  564  644  697  818  387    9  219  700  496   22  389   97  763  570  310  656  825  934  659   23  826  411  232  329  583  771  709  499  943  128   29  414  673  831  250  131  784  589  968  718  530  334  598  435  839   32	: b    2  683  542
	preLogic lookup: 344 Rank: 32
post logic: a  258  980  145  785  729  869   66  686  549  438  184    3  260  603  730  981  371  789  288  688  380  989    4  447  744  562  196   75  606  795  870  382  746    6   79  991  816  215  448  696  895  563  626  299   92  908  218  752  306  456  564  644  697  818  387    9  219  700  496   22  389   97  763  570  310  656  825  934  659   23  826  411  232  329  583  771  709  499  943  128   29  414  673  831  250  131  784  589  968  718  530  334  598  435  839   32	: b  344    2  683  542
	preLogic lookup: 258 Rank: 24
post logic: a  980  145  785  729  869   66  686  549  438  184    3  260  603  730  981  371  789  288  688  380  989    4  447  744  562  196   75  606  795  870  382  746    6   79  991  816  215  448  696  895  563  626  299   92  908  218  752  306  456  564  644  697  818  387    9  219  700  496   22  389   97  763  570  310  656  825  934  659   23  826  411  232  329  583  771  709  499  943  128   29  414  673  831  250  131  784  589  968  718  530  334  598  435  839   32  258	: b  344    2  683  542
	preLogic lookup: 980 Rank: 96
post logic: a  145  785  729  869   66  686  549  438  184    3  260  603  730  981  371  789  288  688  380  989    4  447  744  562  196   75  606  795  870  382  746    6   79  991  816  215  448  696  895  563  626  299   92  908  218  752  306  456  564  644  697  818  387    9  219  700  496   22  389   97  763  570  310  656  825  934  659   23  826  411  232  329  583  771  709  499  943  128   29  414  673  831  250  131  784  589  968  718  530  334  598  435  839   32  258	: b  980  344    2  683  542
	preLogic lookup: 145 Rank: 16
post logic: a  785  729  869   66  686  549  438  184    3  260  603  730  981  371  789  288  688  380  989    4  447  744  562  196   75  606  795  870  382  746    6   79  991  816  215  448  696  895  563  626  299   92  908  218  752  306  456  564  644  697  818  387    9  219  700  496   22  389   97  763  570  310  656  825  934  659   23  826  411  232  329  583  771  709  499  943  128   29  414  673  831  250  131  784  589  968  718  530  334  598  435  839   32  258	: b  145  980  344    2  683  542
	preLogic lookup: 785 Rank: 80
post logic: a  729  869   66  686  549  438  184    3  260  603  730  981  371  789  288  688  380  989    4  447  744  562  196   75  606  795  870  382  746    6   79  991  816  215  448  696  895  563  626  299   92  908  218  752  306  456  564  644  697  818  387    9  219  700  496   22  389   97  763  570  310  656  825  934  659   23  826  411  232  329  583  771  709  499  943  128   29  414  673  831  250  131  784  589  968  718  530  334  598  435  839   32  258	: b  785  145  980  344    2  683  542
	preLogic lookup: 729 Rank: 72
post logic: a  869   66  686  549  438  184    3  260  603  730  981  371  789  288  688  380  989    4  447  744  562  196   75  606  795  870  382  746    6   79  991  816  215  448  696  895  563  626  299   92  908  218  752  306  456  564  644  697  818  387    9  219  700  496   22  389   97  763  570  310  656  825  934  659   23  826  411  232  329  583  771  709  499  943  128   29  414  673  831  250  131  784  589  968  718  530  334  598  435  839   32  258  729	: b  785  145  980  344    2  683  542
	preLogic lookup: 869 Rank: 89
post logic: a   66  686  549  438  184    3  260  603  730  981  371  789  288  688  380  989    4  447  744  562  196   75  606  795  870  382  746    6   79  991  816  215  448  696  895  563  626  299   92  908  218  752  306  456  564  644  697  818  387    9  219  700  496   22  389   97  763  570  310  656  825  934  659   23  826  411  232  329  583  771  709  499  943  128   29  414  673  831  250  131  784  589  968  718  530  334  598  435  839   32  258  729  869	: b  785  145  980  344    2  683  542
	preLogic lookup: 66 Rank: 9
post logic: a  686  549  438  184    3  260  603  730  981  371  789  288  688  380  989    4  447  744  562  196   75  606  795  870  382  746    6   79  991  816  215  448  696  895  563  626  299   92  908  218  752  306  456  564  644  697  818  387    9  219  700  496   22  389   97  763  570  310  656  825  934  659   23  826  411  232  329  583  771  709  499  943  128   29  414  673  831  250  131  784  589  968  718  530  334  598  435  839   32  258  729  869   66	: b  785  145  980  344    2  683  542
	preLogic lookup: 686 Rank: 65
post logic: a  549  438  184    3  260  603  730  981  371  789  288  688  380  989    4  447  744  562  196   75  606  795  870  382  746    6   79  991  816  215  448  696  895  563  626  299   92  908  218  752  306  456  564  644  697  818  387    9  219  700  496   22  389   97  763  570  310  656  825  934  659   23  826  411  232  329  583  771  709  499  943  128   29  414  673  831  250  131  784  589  968  718  530  334  598  435  839   32  258  729  869   66	: b  686  785  145  980  344    2  683  542
	preLogic lookup: 549 Rank: 49
post logic: a  438  184    3  260  603  730  981  371  789  288  688  380  989    4  447  744  562  196   75  606  795  870  382  746    6   79  991  816  215  448  696  895  563  626  299   92  908  218  752  306  456  564  644  697  818  387    9  219  700  496   22  389   97  763  570  310  656  825  934  659   23  826  411  232  329  583  771  709  499  943  128   29  414  673  831  250  131  784  589  968  718  530  334  598  435  839   32  258  729  869   66	: b  549  686  785  145  980  344    2  683  542
	preLogic lookup: 438 Rank: 41
post logic: a  184    3  260  603  730  981  371  789  288  688  380  989    4  447  744  562  196   75  606  795  870  382  746    6   79  991  816  215  448  696  895  563  626  299   92  908  218  752  306  456  564  644  697  818  387    9  219  700  496   22  389   97  763  570  310  656  825  934  659   23  826  411  232  329  583  771  709  499  943  128   29  414  673  831  250  131  784  589  968  718  530  334  598  435  839   32  258  729  869   66  438	: b  549  686  785  145  980  344    2  683  542
	preLogic lookup: 184 Rank: 17
post logic: a    3  260  603  730  981  371  789  288  688  380  989    4  447  744  562  196   75  606  795  870  382  746    6   79  991  816  215  448  696  895  563  626  299   92  908  218  752  306  456  564  644  697  818  387    9  219  700  496   22  389   97  763  570  310  656  825  934  659   23  826  411  232  329  583  771  709  499  943  128   29  414  673  831  250  131  784  589  968  718  530  334  598  435  839   32  258  729  869   66  438	: b  184  549  686  785  145  980  344    2  683  542
	preLogic lookup: 3 Rank: 1
post logic: a  260  603  730  981  371  789  288  688  380  989    4  447  744  562  196   75  606  795  870  382  746    6   79  991  816  215  448  696  895  563  626  299   92  908  218  752  306  456  564  644  697  818  387    9  219  700  496   22  389   97  763  570  310  656  825  934  659   23  826  411  232  329  583  771  709  499  943  128   29  414  673  831  250  131  784  589  968  718  530  334  598  435  839   32  258  729  869   66  438	: b    3  184  549  686  785  145  980  344    2  683  542
	preLogic lookup: 260 Rank: 25
post logic: a  603  730  981  371  789  288  688  380  989    4  447  744  562  196   75  606  795  870  382  746    6   79  991  816  215  448  696  895  563  626  299   92  908  218  752  306  456  564  644  697  818  387    9  219  700  496   22  389   97  763  570  310  656  825  934  659   23  826  411  232  329  583  771  709  499  943  128   29  414  673  831  250  131  784  589  968  718  530  334  598  435  839   32  258  729  869   66  438  260	: b    3  184  549  686  785  145  980  344    2  683  542
	preLogic lookup: 603 Rank: 57
post logic: a  730  981  371  789  288  688  380  989    4  447  744  562  196   75  606  795  870  382  746    6   79  991  816  215  448  696  895  563  626  299   92  908  218  752  306  456  564  644  697  818  387    9  219  700  496   22  389   97  763  570  310  656  825  934  659   23  826  411  232  329  583  771  709  499  943  128   29  414  673  831  250  131  784  589  968  718  530  334  598  435  839   32  258  729  869   66  438  260  603	: b    3  184  549  686  785  145  980  344    2  683  542
	preLogic lookup: 730 Rank: 73
post logic: a  981  371  789  288  688  380  989    4  447  744  562  196   75  606  795  870  382  746    6   79  991  816  215  448  696  895  563  626  299   92  908  218  752  306  456  564  644  697  818  387    9  219  700  496   22  389   97  763  570  310  656  825  934  659   23  826  411  232  329  583  771  709  499  943  128   29  414  673  831  250  131  784  589  968  718  530  334  598  435  839   32  258  729  869   66  438  260  603  730	: b    3  184  549  686  785  145  980  344    2  683  542
	preLogic lookup: 981 Rank: 97
post logic: a  371  789  288  688  380  989    4  447  744  562  196   75  606  795  870  382  746    6   79  991  816  215  448  696  895  563  626  299   92  908  218  752  306  456  564  644  697  818  387    9  219  700  496   22  389   97  763  570  310  656  825  934  659   23  826  411  232  329  583  771  709  499  943  128   29  414  673  831  250  131  784  589  968  718  530  334  598  435  839   32  258  729  869   66  438  260  603  730	: b  981    3  184  549  686  785  145  980  344    2  683  542
	preLogic lookup: 371 Rank: 33
post logic: a  789  288  688  380  989    4  447  744  562  196   75  606  795  870  382  746    6   79  991  816  215  448  696  895  563  626  299   92  908  218  752  306  456  564  644  697  818  387    9  219  700  496   22  389   97  763  570  310  656  825  934  659   23  826  411  232  329  583  771  709  499  943  128   29  414  673  831  250  131  784  589  968  718  530  334  598  435  839   32  258  729  869   66  438  260  603  730	: b  371  981    3  184  549  686  785  145  980  344    2  683  542
	preLogic lookup: 789 Rank: 81
post logic: a  288  688  380  989    4  447  744  562  196   75  606  795  870  382  746    6   79  991  816  215  448  696  895  563  626  299   92  908  218  752  306  456  564  644  697  818  387    9  219  700  496   22  389   97  763  570  310  656  825  934  659   23  826  411  232  329  583  771  709  499  943  128   29  414  673  831  250  131  784  589  968  718  530  334  598  435  839   32  258  729  869   66  438  260  603  730	: b  789  371  981    3  184  549  686  785  145  980  344    2  683  542
	preLogic lookup: 288 Rank: 26
post logic: a  688  380  989    4  447  744  562  196   75  606  795  870  382  746    6   79  991  816  215  448  696  895  563  626  299   92  908  218  752  306  456  564  644  697  818  387    9  219  700  496   22  389   97  763  570  310  656  825  934  659   23  826  411  232  329  583  771  709  499  943  128   29  414  673  831  250  131  784  589  968  718  530  334  598  435  839   32  258  729  869   66  438  260  603  730  288	: b  789  371  981    3  184  549  686  785  145  980  344    2  683  542
	preLogic lookup: 688 Rank: 66
post logic: a  380  989    4  447  744  562  196   75  606  795  870  382  746    6   79  991  816  215  448  696  895  563  626  299   92  908  218  752  306  456  564  644  697  818  387    9  219  700  496   22  389   97  763  570  310  656  825  934  659   23  826  411  232  329  583  771  709  499  943  128   29  414  673  831  250  131  784  589  968  718  530  334  598  435  839   32  258  729  869   66  438  260  603  730  288	: b  688  789  371  981    3  184  549  686  785  145  980  344    2  683  542
	preLogic lookup: 380 Rank: 34
post logic: a  989    4  447  744  562  196   75  606  795  870  382  746    6   79  991  816  215  448  696  895  563  626  299   92  908  218  752  306  456  564  644  697  818  387    9  219  700  496   22  389   97  763  570  310  656  825  934  659   23  826  411  232  329  583  771  709  499  943  128   29  414  673  831  250  131  784  589  968  718  530  334  598  435  839   32  258  729  869   66  438  260  603  730  288	: b  380  688  789  371  981    3  184  549  686  785  145  980  344    2  683  542
	preLogic lookup: 989 Rank: 98
post logic: a    4  447  744  562  196   75  606  795  870  382  746    6   79  991  816  215  448  696  895  563  626  299   92  908  218  752  306  456  564  644  697  818  387    9  219  700  496   22  389   97  763  570  310  656  825  934  659   23  826  411  232  329  583  771  709  499  943  128   29  414  673  831  250  131  784  589  968  718  530  334  598  435  839   32  258  729  869   66  438  260  603  730  288	: b  989  380  688  789  371  981    3  184  549  686  785  145  980  344    2  683  542
	preLogic lookup: 4 Rank: 2
post logic: a  447  744  562  196   75  606  795  870  382  746    6   79  991  816  215  448  696  895  563  626  299   92  908  218  752  306  456  564  644  697  818  387    9  219  700  496   22  389   97  763  570  310  656  825  934  659   23  826  411  232  329  583  771  709  499  943  128   29  414  673  831  250  131  784  589  968  718  530  334  598  435  839   32  258  729  869   66  438  260  603  730  288	: b    4  989  380  688  789  371  981    3  184  549  686  785  145  980  344    2  683  542
	preLogic lookup: 447 Rank: 42
post logic: a  744  562  196   75  606  795  870  382  746    6   79  991  816  215  448  696  895  563  626  299   92  908  218  752  306  456  564  644  697  818  387    9  219  700  496   22  389   97  763  570  310  656  825  934  659   23  826  411  232  329  583  771  709  499  943  128   29  414  673  831  250  131  784  589  968  718  530  334  598  435  839   32  258  729  869   66  438  260  603  730  288  447	: b    4  989  380  688  789  371  981    3  184  549  686  785  145  980  344    2  683  542
	preLogic lookup: 744 Rank: 74
post logic: a  562  196   75  606  795  870  382  746    6   79  991  816  215  448  696  895  563  626  299   92  908  218  752  306  456  564  644  697  818  387    9  219  700  496   22  389   97  763  570  310  656  825  934  659   23  826  411  232  329  583  771  709  499  943  128   29  414  673  831  250  131  784  589  968  718  530  334  598  435  839   32  258  729  869   66  438  260  603  730  288  447  744	: b    4  989  380  688  789  371  981    3  184  549  686  785  145  980  344    2  683  542
	preLogic lookup: 562 Rank: 50
post logic: a  196   75  606  795  870  382  746    6   79  991  816  215  448  696  895  563  626  299   92  908  218  752  306  456  564  644  697  818  387    9  219  700  496   22  389   97  763  570  310  656  825  934  659   23  826  411  232  329  583  771  709  499  943  128   29  414  673  831  250  131  784  589  968  718  530  334  598  435  839   32  258  729  869   66  438  260  603  730  288  447  744	: b  562    4  989  380  688  789  371  981    3  184  549  686  785  145  980  344    2  683  542
	preLogic lookup: 196 Rank: 18
post logic: a   75  606  795  870  382  746    6   79  991  816  215  448  696  895  563  626  299   92  908  218  752  306  456  564  644  697  818  387    9  219  700  496   22  389   97  763  570  310  656  825  934  659   23  826  411  232  329  583  771  709  499  943  128   29  414  673  831  250  131  784  589  968  718  530  334  598  435  839   32  258  729  869   66  438  260  603  730  288  447  744	: b  196  562    4  989  380  688  789  371  981    3  184  549  686  785  145  980  344    2  683  542
	preLogic lookup: 75 Rank: 10
post logic: a  606  795  870  382  746    6   79  991  816  215  448  696  895  563  626  299   92  908  218  752  306  456  564  644  697  818  387    9  219  700  496   22  389   97  763  570  310  656  825  934  659   23  826  411  232  329  583  771  709  499  943  128   29  414  673  831  250  131  784  589  968  718  530  334  598  435  839   32  258  729  869   66  438  260  603  730  288  447  744   75	: b  196  562    4  989  380  688  789  371  981    3  184  549  686  785  145  980  344    2  683  542
	preLogic lookup: 606 Rank: 58
post logic: a  795  870  382  746    6   79  991  816  215  448  696  895  563  626  299   92  908  218  752  306  456  564  644  697  818  387    9  219  700  496   22  389   97  763  570  310  656  825  934  659   23  826  411  232  329  583  771  709  499  943  128   29  414  673  831  250  131  784  589  968  718  530  334  598  435  839   32  258  729  869   66  438  260  603  730  288  447  744   75  606	: b  196  562    4  989  380  688  789  371  981    3  184  549  686  785  145  980  344    2  683  542
	preLogic lookup: 795 Rank: 82
post logic: a  870  382  746    6   79  991  816  215  448  696  895  563  626  299   92  908  218  752  306  456  564  644  697  818  387    9  219  700  496   22  389   97  763  570  310  656  825  934  659   23  826  411  232  329  583  771  709  499  943  128   29  414  673  831  250  131  784  589  968  718  530  334  598  435  839   32  258  729  869   66  438  260  603  730  288  447  744   75  606	: b  795  196  562    4  989  380  688  789  371  981    3  184  549  686  785  145  980  344    2  683  542
	preLogic lookup: 870 Rank: 90
post logic: a  382  746    6   79  991  816  215  448  696  895  563  626  299   92  908  218  752  306  456  564  644  697  818  387    9  219  700  496   22  389   97  763  570  310  656  825  934  659   23  826  411  232  329  583  771  709  499  943  128   29  414  673  831  250  131  784  589  968  718  530  334  598  435  839   32  258  729  869   66  438  260  603  730  288  447  744   75  606  870	: b  795  196  562    4  989  380  688  789  371  981    3  184  549  686  785  145  980  344    2  683  542
	preLogic lookup: 382 Rank: 35
post logic: a  746    6   79  991  816  215  448  696  895  563  626  299   92  908  218  752  306  456  564  644  697  818  387    9  219  700  496   22  389   97  763  570  310  656  825  934  659   23  826  411  232  329  583  771  709  499  943  128   29  414  673  831  250  131  784  589  968  718  530  334  598  435  839   32  258  729  869   66  438  260  603  730  288  447  744   75  606  870	: b  382  795  196  562    4  989  380  688  789  371  981    3  184  549  686  785  145  980  344    2  683  542
	preLogic lookup: 746 Rank: 75
post logic: a    6   79  991  816  215  448  696  895  563  626  299   92  908  218  752  306  456  564  644  697  818  387    9  219  700  496   22  389   97  763  570  310  656  825  934  659   23  826  411  232  329  583  771  709  499  943  128   29  414  673  831  250  131  784  589  968  718  530  334  598  435  839   32  258  729  869   66  438  260  603  730  288  447  744   75  606  870  746	: b  382  795  196  562    4  989  380  688  789  371  981    3  184  549  686  785  145  980  344    2  683  542
	preLogic lookup: 6 Rank: 3
post logic: a   79  991  816  215  448  696  895  563  626  299   92  908  218  752  306  456  564  644  697  818  387    9  219  700  496   22  389   97  763  570  310  656  825  934  659   23  826  411  232  329  583  771  709  499  943  128   29  414  673  831  250  131  784  589  968  718  530  334  598  435  839   32  258  729  869   66  438  260  603  730  288  447  744   75  606  870  746	: b    6  382  795  196  562    4  989  380  688  789  371  981    3  184  549  686  785  145  980  344    2  683  542
	preLogic lookup: 79 Rank: 11
post logic: a  991  816  215  448  696  895  563  626  299   92  908  218  752  306  456  564  644  697  818  387    9  219  700  496   22  389   97  763  570  310  656  825  934  659   23  826  411  232  329  583  771  709  499  943  128   29  414  673  831  250  131  784  589  968  718  530  334  598  435  839   32  258  729  869   66  438  260  603  730  288  447  744   75  606  870  746   79	: b    6  382  795  196  562    4  989  380  688  789  371  981    3  184  549  686  785  145  980  344    2  683  542
	preLogic lookup: 991 Rank: 99
post logic: a  816  215  448  696  895  563  626  299   92  908  218  752  306  456  564  644  697  818  387    9  219  700  496   22  389   97  763  570  310  656  825  934  659   23  826  411  232  329  583  771  709  499  943  128   29  414  673  831  250  131  784  589  968  718  530  334  598  435  839   32  258  729  869   66  438  260  603  730  288  447  744   75  606  870  746   79	: b  991    6  382  795  196  562    4  989  380  688  789  371  981    3  184  549  686  785  145  980  344    2  683  542
	preLogic lookup: 816 Rank: 83
post logic: a  215  448  696  895  563  626  299   92  908  218  752  306  456  564  644  697  818  387    9  219  700  496   22  389   97  763  570  310  656  825  934  659   23  826  411  232  329  583  771  709  499  943  128   29  414  673  831  250  131  784  589  968  718  530  334  598  435  839   32  258  729  869   66  438  260  603  730  288  447  744   75  606  870  746   79	: b  816  991    6  382  795  196  562    4  989  380  688  789  371  981    3  184  549  686  785  145  980  344    2  683  542
	preLogic lookup: 215 Rank: 19
post logic: a  448  696  895  563  626  299   92  908  218  752  306  456  564  644  697  818  387    9  219  700  496   22  389   97  763  570  310  656  825  934  659   23  826  411  232  329  583  771  709  499  943  128   29  414  673  831  250  131  784  589  968  718  530  334  598  435  839   32  258  729  869   66  438  260  603  730  288  447  744   75  606  870  746   79	: b  215  816  991    6  382  795  196  562    4  989  380  688  789  371  981    3  184  549  686  785  145  980  344    2  683  542
	preLogic lookup: 448 Rank: 43
post logic: a  696  895  563  626  299   92  908  218  752  306  456  564  644  697  818  387    9  219  700  496   22  389   97  763  570  310  656  825  934  659   23  826  411  232  329  583  771  709  499  943  128   29  414  673  831  250  131  784  589  968  718  530  334  598  435  839   32  258  729  869   66  438  260  603  730  288  447  744   75  606  870  746   79  448	: b  215  816  991    6  382  795  196  562    4  989  380  688  789  371  981    3  184  549  686  785  145  980  344    2  683  542
	preLogic lookup: 696 Rank: 67
post logic: a  895  563  626  299   92  908  218  752  306  456  564  644  697  818  387    9  219  700  496   22  389   97  763  570  310  656  825  934  659   23  826  411  232  329  583  771  709  499  943  128   29  414  673  831  250  131  784  589  968  718  530  334  598  435  839   32  258  729  869   66  438  260  603  730  288  447  744   75  606  870  746   79  448	: b  696  215  816  991    6  382  795  196  562    4  989  380  688  789  371  981    3  184  549  686  785  145  980  344    2  683  542
	preLogic lookup: 895 Rank: 91
post logic: a  563  626  299   92  908  218  752  306  456  564  644  697  818  387    9  219  700  496   22  389   97  763  570  310  656  825  934  659   23  826  411  232  329  583  771  709  499  943  128   29  414  673  831  250  131  784  589  968  718  530  334  598  435  839   32  258  729  869   66  438  260  603  730  288  447  744   75  606  870  746   79  448  895	: b  696  215  816  991    6  382  795  196  562    4  989  380  688  789  371  981    3  184  549  686  785  145  980  344    2  683  542
	preLogic lookup: 563 Rank: 51
post logic: a  626  299   92  908  218  752  306  456  564  644  697  818  387    9  219  700  496   22  389   97  763  570  310  656  825  934  659   23  826  411  232  329  583  771  709  499  943  128   29  414  673  831  250  131  784  589  968  718  530  334  598  435  839   32  258  729  869   66  438  260  603  730  288  447  744   75  606  870  746   79  448  895	: b  563  696  215  816  991    6  382  795  196  562    4  989  380  688  789  371  981    3  184  549  686  785  145  980  344    2  683  542
	preLogic lookup: 626 Rank: 59
post logic: a  299   92  908  218  752  306  456  564  644  697  818  387    9  219  700  496   22  389   97  763  570  310  656  825  934  659   23  826  411  232  329  583  771  709  499  943  128   29  414  673  831  250  131  784  589  968  718  530  334  598  435  839   32  258  729  869   66  438  260  603  730  288  447  744   75  606  870  746   79  448  895  626	: b  563  696  215  816  991    6  382  795  196  562    4  989  380  688  789  371  981    3  184  549  686  785  145  980  344    2  683  542
	preLogic lookup: 299 Rank: 27
post logic: a   92  908  218  752  306  456  564  644  697  818  387    9  219  700  496   22  389   97  763  570  310  656  825  934  659   23  826  411  232  329  583  771  709  499  943  128   29  414  673  831  250  131  784  589  968  718  530  334  598  435  839   32  258  729  869   66  438  260  603  730  288  447  744   75  606  870  746   79  448  895  626  299	: b  563  696  215  816  991    6  382  795  196  562    4  989  380  688  789  371  981    3  184  549  686  785  145  980  344    2  683  542
	preLogic lookup: 92 Rank: 12
post logic: a  908  218  752  306  456  564  644  697  818  387    9  219  700  496   22  389   97  763  570  310  656  825  934  659   23  826  411  232  329  583  771  709  499  943  128   29  414  673  831  250  131  784  589  968  718  530  334  598  435  839   32  258  729  869   66  438  260  603  730  288  447  744   75  606  870  746   79  448  895  626  299   92	: b  563  696  215  816  991    6  382  795  196  562    4  989  380  688  789  371  981    3  184  549  686  785  145  980  344    2  683  542
	preLogic lookup: 908 Rank: 92
post logic: a  218  752  306  456  564  644  697  818  387    9  219  700  496   22  389   97  763  570  310  656  825  934  659   23  826  411  232  329  583  771  709  499  943  128   29  414  673  831  250  131  784  589  968  718  530  334  598  435  839   32  258  729  869   66  438  260  603  730  288  447  744   75  606  870  746   79  448  895  626  299   92  908	: b  563  696  215  816  991    6  382  795  196  562    4  989  380  688  789  371  981    3  184  549  686  785  145  980  344    2  683  542
	preLogic lookup: 218 Rank: 20
post logic: a  752  306  456  564  644  697  818  387    9  219  700  496   22  389   97  763  570  310  656  825  934  659   23  826  411  232  329  583  771  709  499  943  128   29  414  673  831  250  131  784  589  968  718  530  334  598  435  839   32  258  729  869   66  438  260  603  730  288  447  744   75  606  870  746   79  448  895  626  299   92  908	: b  218  563  696  215  816  991    6  382  795  196  562    4  989  380  688  789  371  981    3  184  549  686  785  145  980  344    2  683  542
	preLogic lookup: 752 Rank: 76
post logic: a  306  456  564  644  697  818  387    9  219  700  496   22  389   97  763  570  310  656  825  934  659   23  826  411  232  329  583  771  709  499  943  128   29  414  673  831  250  131  784  589  968  718  530  334  598  435  839   32  258  729  869   66  438  260  603  730  288  447  744   75  606  870  746   79  448  895  626  299   92  908  752	: b  218  563  696  215  816  991    6  382  795  196  562    4  989  380  688  789  371  981    3  184  549  686  785  145  980  344    2  683  542
	preLogic lookup: 306 Rank: 28
post logic: a  456  564  644  697  818  387    9  219  700  496   22  389   97  763  570  310  656  825  934  659   23  826  411  232  329  583  771  709  499  943  128   29  414  673  831  250  131  784  589  968  718  530  334  598  435  839   32  258  729  869   66  438  260  603  730  288  447  744   75  606  870  746   79  448  895  626  299   92  908  752  306	: b  218  563  696  215  816  991    6  382  795  196  562    4  989  380  688  789  371  981    3  184  549  686  785  145  980  344    2  683  542
	preLogic lookup: 456 Rank: 44
post logic: a  564  644  697  818  387    9  219  700  496   22  389   97  763  570  310  656  825  934  659   23  826  411  232  329  583  771  709  499  943  128   29  414  673  831  250  131  784  589  968  718  530  334  598  435  839   32  258  729  869   66  438  260  603  730  288  447  744   75  606  870  746   79  448  895  626  299   92  908  752  306  456	: b  218  563  696  215  816  991    6  382  795  196  562    4  989  380  688  789  371  981    3  184  549  686  785  145  980  344    2  683  542
	preLogic lookup: 564 Rank: 52
post logic: a  644  697  818  387    9  219  700  496   22  389   97  763  570  310  656  825  934  659   23  826  411  232  329  583  771  709  499  943  128   29  414  673  831  250  131  784  589  968  718  530  334  598  435  839   32  258  729  869   66  438  260  603  730  288  447  744   75  606  870  746   79  448  895  626  299   92  908  752  306  456	: b  564  218  563  696  215  816  991    6  382  795  196  562    4  989  380  688  789  371  981    3  184  549  686  785  145  980  344    2  683  542
	preLogic lookup: 644 Rank: 60
post logic: a  697  818  387    9  219  700  496   22  389   97  763  570  310  656  825  934  659   23  826  411  232  329  583  771  709  499  943  128   29  414  673  831  250  131  784  589  968  718  530  334  598  435  839   32  258  729  869   66  438  260  603  730  288  447  744   75  606  870  746   79  448  895  626  299   92  908  752  306  456  644	: b  564  218  563  696  215  816  991    6  382  795  196  562    4  989  380  688  789  371  981    3  184  549  686  785  145  980  344    2  683  542
	preLogic lookup: 697 Rank: 68
post logic: a  818  387    9  219  700  496   22  389   97  763  570  310  656  825  934  659   23  826  411  232  329  583  771  709  499  943  128   29  414  673  831  250  131  784  589  968  718  530  334  598  435  839   32  258  729  869   66  438  260  603  730  288  447  744   75  606  870  746   79  448  895  626  299   92  908  752  306  456  644	: b  697  564  218  563  696  215  816  991    6  382  795  196  562    4  989  380  688  789  371  981    3  184  549  686  785  145  980  344    2  683  542
	preLogic lookup: 818 Rank: 84
post logic: a  387    9  219  700  496   22  389   97  763  570  310  656  825  934  659   23  826  411  232  329  583  771  709  499  943  128   29  414  673  831  250  131  784  589  968  718  530  334  598  435  839   32  258  729  869   66  438  260  603  730  288  447  744   75  606  870  746   79  448  895  626  299   92  908  752  306  456  644	: b  818  697  564  218  563  696  215  816  991    6  382  795  196  562    4  989  380  688  789  371  981    3  184  549  686  785  145  980  344    2  683  542
	preLogic lookup: 387 Rank: 36
post logic: a    9  219  700  496   22  389   97  763  570  310  656  825  934  659   23  826  411  232  329  583  771  709  499  943  128   29  414  673  831  250  131  784  589  968  718  530  334  598  435  839   32  258  729  869   66  438  260  603  730  288  447  744   75  606  870  746   79  448  895  626  299   92  908  752  306  456  644	: b  387  818  697  564  218  563  696  215  816  991    6  382  795  196  562    4  989  380  688  789  371  981    3  184  549  686  785  145  980  344    2  683  542
	preLogic lookup: 9 Rank: 4
post logic: a  219  700  496   22  389   97  763  570  310  656  825  934  659   23  826  411  232  329  583  771  709  499  943  128   29  414  673  831  250  131  784  589  968  718  530  334  598  435  839   32  258  729  869   66  438  260  603  730  288  447  744   75  606  870  746   79  448  895  626  299   92  908  752  306  456  644	: b    9  387  818  697  564  218  563  696  215  816  991    6  382  795  196  562    4  989  380  688  789  371  981    3  184  549  686  785  145  980  344    2  683  542
	preLogic lookup: 219 Rank: 21
post logic: a  700  496   22  389   97  763  570  310  656  825  934  659   23  826  411  232  329  583  771  709  499  943  128   29  414  673  831  250  131  784  589  968  718  530  334  598  435  839   32  258  729  869   66  438  260  603  730  288  447  744   75  606  870  746   79  448  895  626  299   92  908  752  306  456  644	: b  219    9  387  818  697  564  218  563  696  215  816  991    6  382  795  196  562    4  989  380  688  789  371  981    3  184  549  686  785  145  980  344    2  683  542
	preLogic lookup: 700 Rank: 69
post logic: a  496   22  389   97  763  570  310  656  825  934  659   23  826  411  232  329  583  771  709  499  943  128   29  414  673  831  250  131  784  589  968  718  530  334  598  435  839   32  258  729  869   66  438  260  603  730  288  447  744   75  606  870  746   79  448  895  626  299   92  908  752  306  456  644	: b  700  219    9  387  818  697  564  218  563  696  215  816  991    6  382  795  196  562    4  989  380  688  789  371  981    3  184  549  686  785  145  980  344    2  683  542
	preLogic lookup: 496 Rank: 45
post logic: a   22  389   97  763  570  310  656  825  934  659   23  826  411  232  329  583  771  709  499  943  128   29  414  673  831  250  131  784  589  968  718  530  334  598  435  839   32  258  729  869   66  438  260  603  730  288  447  744   75  606  870  746   79  448  895  626  299   92  908  752  306  456  644  496	: b  700  219    9  387  818  697  564  218  563  696  215  816  991    6  382  795  196  562    4  989  380  688  789  371  981    3  184  549  686  785  145  980  344    2  683  542
	preLogic lookup: 22 Rank: 5
post logic: a  389   97  763  570  310  656  825  934  659   23  826  411  232  329  583  771  709  499  943  128   29  414  673  831  250  131  784  589  968  718  530  334  598  435  839   32  258  729  869   66  438  260  603  730  288  447  744   75  606  870  746   79  448  895  626  299   92  908  752  306  456  644  496	: b   22  700  219    9  387  818  697  564  218  563  696  215  816  991    6  382  795  196  562    4  989  380  688  789  371  981    3  184  549  686  785  145  980  344    2  683  542
	preLogic lookup: 389 Rank: 37
post logic: a   97  763  570  310  656  825  934  659   23  826  411  232  329  583  771  709  499  943  128   29  414  673  831  250  131  784  589  968  718  530  334  598  435  839   32  258  729  869   66  438  260  603  730  288  447  744   75  606  870  746   79  448  895  626  299   92  908  752  306  456  644  496	: b  389   22  700  219    9  387  818  697  564  218  563  696  215  816  991    6  382  795  196  562    4  989  380  688  789  371  981    3  184  549  686  785  145  980  344    2  683  542
	preLogic lookup: 97 Rank: 13
post logic: a  763  570  310  656  825  934  659   23  826  411  232  329  583  771  709  499  943  128   29  414  673  831  250  131  784  589  968  718  530  334  598  435  839   32  258  729  869   66  438  260  603  730  288  447  744   75  606  870  746   79  448  895  626  299   92  908  752  306  456  644  496   97	: b  389   22  700  219    9  387  818  697  564  218  563  696  215  816  991    6  382  795  196  562    4  989  380  688  789  371  981    3  184  549  686  785  145  980  344    2  683  542
	preLogic lookup: 763 Rank: 77
post logic: a  570  310  656  825  934  659   23  826  411  232  329  583  771  709  499  943  128   29  414  673  831  250  131  784  589  968  718  530  334  598  435  839   32  258  729  869   66  438  260  603  730  288  447  744   75  606  870  746   79  448  895  626  299   92  908  752  306  456  644  496   97  763	: b  389   22  700  219    9  387  818  697  564  218  563  696  215  816  991    6  382  795  196  562    4  989  380  688  789  371  981    3  184  549  686  785  145  980  344    2  683  542
	preLogic lookup: 570 Rank: 53
post logic: a  310  656  825  934  659   23  826  411  232  329  583  771  709  499  943  128   29  414  673  831  250  131  784  589  968  718  530  334  598  435  839   32  258  729  869   66  438  260  603  730  288  447  744   75  606  870  746   79  448  895  626  299   92  908  752  306  456  644  496   97  763	: b  570  389   22  700  219    9  387  818  697  564  218  563  696  215  816  991    6  382  795  196  562    4  989  380  688  789  371  981    3  184  549  686  785  145  980  344    2  683  542
	preLogic lookup: 310 Rank: 29
post logic: a  656  825  934  659   23  826  411  232  329  583  771  709  499  943  128   29  414  673  831  250  131  784  589  968  718  530  334  598  435  839   32  258  729  869   66  438  260  603  730  288  447  744   75  606  870  746   79  448  895  626  299   92  908  752  306  456  644  496   97  763  310	: b  570  389   22  700  219    9  387  818  697  564  218  563  696  215  816  991    6  382  795  196  562    4  989  380  688  789  371  981    3  184  549  686  785  145  980  344    2  683  542
	preLogic lookup: 656 Rank: 61
post logic: a  825  934  659   23  826  411  232  329  583  771  709  499  943  128   29  414  673  831  250  131  784  589  968  718  530  334  598  435  839   32  258  729  869   66  438  260  603  730  288  447  744   75  606  870  746   79  448  895  626  299   92  908  752  306  456  644  496   97  763  310  656	: b  570  389   22  700  219    9  387  818  697  564  218  563  696  215  816  991    6  382  795  196  562    4  989  380  688  789  371  981    3  184  549  686  785  145  980  344    2  683  542
	preLogic lookup: 825 Rank: 85
post logic: a  934  659   23  826  411  232  329  583  771  709  499  943  128   29  414  673  831  250  131  784  589  968  718  530  334  598  435  839   32  258  729  869   66  438  260  603  730  288  447  744   75  606  870  746   79  448  895  626  299   92  908  752  306  456  644  496   97  763  310  656	: b  825  570  389   22  700  219    9  387  818  697  564  218  563  696  215  816  991    6  382  795  196  562    4  989  380  688  789  371  981    3  184  549  686  785  145  980  344    2  683  542
	preLogic lookup: 934 Rank: 93
post logic: a  659   23  826  411  232  329  583  771  709  499  943  128   29  414  673  831  250  131  784  589  968  718  530  334  598  435  839   32  258  729  869   66  438  260  603  730  288  447  744   75  606  870  746   79  448  895  626  299   92  908  752  306  456  644  496   97  763  310  656  934	: b  825  570  389   22  700  219    9  387  818  697  564  218  563  696  215  816  991    6  382  795  196  562    4  989  380  688  789  371  981    3  184  549  686  785  145  980  344    2  683  542
	preLogic lookup: 659 Rank: 62
post logic: a   23  826  411  232  329  583  771  709  499  943  128   29  414  673  831  250  131  784  589  968  718  530  334  598  435  839   32  258  729  869   66  438  260  603  730  288  447  744   75  606  870  746   79  448  895  626  299   92  908  752  306  456  644  496   97  763  310  656  934  659	: b  825  570  389   22  700  219    9  387  818  697  564  218  563  696  215  816  991    6  382  795  196  562    4  989  380  688  789  371  981    3  184  549  686  785  145  980  344    2  683  542
	preLogic lookup: 23 Rank: 6
post logic: a  826  411  232  329  583  771  709  499  943  128   29  414  673  831  250  131  784  589  968  718  530  334  598  435  839   32  258  729  869   66  438  260  603  730  288  447  744   75  606  870  746   79  448  895  626  299   92  908  752  306  456  644  496   97  763  310  656  934  659	: b   23  825  570  389   22  700  219    9  387  818  697  564  218  563  696  215  816  991    6  382  795  196  562    4  989  380  688  789  371  981    3  184  549  686  785  145  980  344    2  683  542
	preLogic lookup: 826 Rank: 86
post logic: a  411  232  329  583  771  709  499  943  128   29  414  673  831  250  131  784  589  968  718  530  334  598  435  839   32  258  729  869   66  438  260  603  730  288  447  744   75  606  870  746   79  448  895  626  299   92  908  752  306  456  644  496   97  763  310  656  934  659	: b  826   23  825  570  389   22  700  219    9  387  818  697  564  218  563  696  215  816  991    6  382  795  196  562    4  989  380  688  789  371  981    3  184  549  686  785  145  980  344    2  683  542
	preLogic lookup: 411 Rank: 38
post logic: a  232  329  583  771  709  499  943  128   29  414  673  831  250  131  784  589  968  718  530  334  598  435  839   32  258  729  869   66  438  260  603  730  288  447  744   75  606  870  746   79  448  895  626  299   92  908  752  306  456  644  496   97  763  310  656  934  659	: b  411  826   23  825  570  389   22  700  219    9  387  818  697  564  218  563  696  215  816  991    6  382  795  196  562    4  989  380  688  789  371  981    3  184  549  686  785  145  980  344    2  683  542
	preLogic lookup: 232 Rank: 22
post logic: a  329  583  771  709  499  943  128   29  414  673  831  250  131  784  589  968  718  530  334  598  435  839   32  258  729  869   66  438  260  603  730  288  447  744   75  606  870  746   79  448  895  626  299   92  908  752  306  456  644  496   97  763  310  656  934  659	: b  232  411  826   23  825  570  389   22  700  219    9  387  818  697  564  218  563  696  215  816  991    6  382  795  196  562    4  989  380  688  789  371  981    3  184  549  686  785  145  980  344    2  683  542
	preLogic lookup: 329 Rank: 30
post logic: a  583  771  709  499  943  128   29  414  673  831  250  131  784  589  968  718  530  334  598  435  839   32  258  729  869   66  438  260  603  730  288  447  744   75  606  870  746   79  448  895  626  299   92  908  752  306  456  644  496   97  763  310  656  934  659  329	: b  232  411  826   23  825  570  389   22  700  219    9  387  818  697  564  218  563  696  215  816  991    6  382  795  196  562    4  989  380  688  789  371  981    3  184  549  686  785  145  980  344    2  683  542
	preLogic lookup: 583 Rank: 54
post logic: a  771  709  499  943  128   29  414  673  831  250  131  784  589  968  718  530  334  598  435  839   32  258  729  869   66  438  260  603  730  288  447  744   75  606  870  746   79  448  895  626  299   92  908  752  306  456  644  496   97  763  310  656  934  659  329	: b  583  232  411  826   23  825  570  389   22  700  219    9  387  818  697  564  218  563  696  215  816  991    6  382  795  196  562    4  989  380  688  789  371  981    3  184  549  686  785  145  980  344    2  683  542
	preLogic lookup: 771 Rank: 78
post logic: a  709  499  943  128   29  414  673  831  250  131  784  589  968  718  530  334  598  435  839   32  258  729  869   66  438  260  603  730  288  447  744   75  606  870  746   79  448  895  626  299   92  908  752  306  456  644  496   97  763  310  656  934  659  329  771	: b  583  232  411  826   23  825  570  389   22  700  219    9  387  818  697  564  218  563  696  215  816  991    6  382  795  196  562    4  989  380  688  789  371  981    3  184  549  686  785  145  980  344    2  683  542
	preLogic lookup: 709 Rank: 70
post logic: a  499  943  128   29  414  673  831  250  131  784  589  968  718  530  334  598  435  839   32  258  729  869   66  438  260  603  730  288  447  744   75  606  870  746   79  448  895  626  299   92  908  752  306  456  644  496   97  763  310  656  934  659  329  771	: b  709  583  232  411  826   23  825  570  389   22  700  219    9  387  818  697  564  218  563  696  215  816  991    6  382  795  196  562    4  989  380  688  789  371  981    3  184  549  686  785  145  980  344    2  683  542
	preLogic lookup: 499 Rank: 46
post logic: a  943  128   29  414  673  831  250  131  784  589  968  718  530  334  598  435  839   32  258  729  869   66  438  260  603  730  288  447  744   75  606  870  746   79  448  895  626  299   92  908  752  306  456  644  496   97  763  310  656  934  659  329  771  499	: b  709  583  232  411  826   23  825  570  389   22  700  219    9  387  818  697  564  218  563  696  215  816  991    6  382  795  196  562    4  989  380  688  789  371  981    3  184  549  686  785  145  980  344    2  683  542
	preLogic lookup: 943 Rank: 94
post logic: a  128   29  414  673  831  250  131  784  589  968  718  530  334  598  435  839   32  258  729  869   66  438  260  603  730  288  447  744   75  606  870  746   79  448  895  626  299   92  908  752  306  456  644  496   97  763  310  656  934  659  329  771  499  943	: b  709  583  232  411  826   23  825  570  389   22  700  219    9  387  818  697  564  218  563  696  215  816  991    6  382  795  196  562    4  989  380  688  789  371  981    3  184  549  686  785  145  980  344    2  683  542
	preLogic lookup: 128 Rank: 14
post logic: a   29  414  673  831  250  131  784  589  968  718  530  334  598  435  839   32  258  729  869   66  438  260  603  730  288  447  744   75  606  870  746   79  448  895  626  299   92  908  752  306  456  644  496   97  763  310  656  934  659  329  771  499  943  128	: b  709  583  232  411  826   23  825  570  389   22  700  219    9  387  818  697  564  218  563  696  215  816  991    6  382  795  196  562    4  989  380  688  789  371  981    3  184  549  686  785  145  980  344    2  683  542
	preLogic lookup: 29 Rank: 7
post logic: a  414  673  831  250  131  784  589  968  718  530  334  598  435  839   32  258  729  869   66  438  260  603  730  288  447  744   75  606  870  746   79  448  895  626  299   92  908  752  306  456  644  496   97  763  310  656  934  659  329  771  499  943  128	: b   29  709  583  232  411  826   23  825  570  389   22  700  219    9  387  818  697  564  218  563  696  215  816  991    6  382  795  196  562    4  989  380  688  789  371  981    3  184  549  686  785  145  980  344    2  683  542
	preLogic lookup: 414 Rank: 39
post logic: a  673  831  250  131  784  589  968  718  530  334  598  435  839   32  258  729  869   66  438  260  603  730  288  447  744   75  606  870  746   79  448  895  626  299   92  908  752  306  456  644  496   97  763  310  656  934  659  329  771  499  943  128	: b  414   29  709  583  232  411  826   23  825  570  389   22  700  219    9  387  818  697  564  218  563  696  215  816  991    6  382  795  196  562    4  989  380  688  789  371  981    3  184  549  686  785  145  980  344    2  683  542
	preLogic lookup: 673 Rank: 63
post logic: a  831  250  131  784  589  968  718  530  334  598  435  839   32  258  729  869   66  438  260  603  730  288  447  744   75  606  870  746   79  448  895  626  299   92  908  752  306  456  644  496   97  763  310  656  934  659  329  771  499  943  128  673	: b  414   29  709  583  232  411  826   23  825  570  389   22  700  219    9  387  818  697  564  218  563  696  215  816  991    6  382  795  196  562    4  989  380  688  789  371  981    3  184  549  686  785  145  980  344    2  683  542
	preLogic lookup: 831 Rank: 87
post logic: a  250  131  784  589  968  718  530  334  598  435  839   32  258  729  869   66  438  260  603  730  288  447  744   75  606  870  746   79  448  895  626  299   92  908  752  306  456  644  496   97  763  310  656  934  659  329  771  499  943  128  673	: b  831  414   29  709  583  232  411  826   23  825  570  389   22  700  219    9  387  818  697  564  218  563  696  215  816  991    6  382  795  196  562    4  989  380  688  789  371  981    3  184  549  686  785  145  980  344    2  683  542
	preLogic lookup: 250 Rank: 23
post logic: a  131  784  589  968  718  530  334  598  435  839   32  258  729  869   66  438  260  603  730  288  447  744   75  606  870  746   79  448  895  626  299   92  908  752  306  456  644  496   97  763  310  656  934  659  329  771  499  943  128  673	: b  250  831  414   29  709  583  232  411  826   23  825  570  389   22  700  219    9  387  818  697  564  218  563  696  215  816  991    6  382  795  196  562    4  989  380  688  789  371  981    3  184  549  686  785  145  980  344    2  683  542
	preLogic lookup: 131 Rank: 15
post logic: a  784  589  968  718  530  334  598  435  839   32  258  729  869   66  438  260  603  730  288  447  744   75  606  870  746   79  448  895  626  299   92  908  752  306  456  644  496   97  763  310  656  934  659  329  771  499  943  128  673  131	: b  250  831  414   29  709  583  232  411  826   23  825  570  389   22  700  219    9  387  818  697  564  218  563  696  215  816  991    6  382  795  196  562    4  989  380  688  789  371  981    3  184  549  686  785  145  980  344    2  683  542
	preLogic lookup: 784 Rank: 79
post logic: a  589  968  718  530  334  598  435  839   32  258  729  869   66  438  260  603  730  288  447  744   75  606  870  746   79  448  895  626  299   92  908  752  306  456  644  496   97  763  310  656  934  659  329  771  499  943  128  673  131  784	: b  250  831  414   29  709  583  232  411  826   23  825  570  389   22  700  219    9  387  818  697  564  218  563  696  215  816  991    6  382  795  196  562    4  989  380  688  789  371  981    3  184  549  686  785  145  980  344    2  683  542
	preLogic lookup: 589 Rank: 55
post logic: a  968  718  530  334  598  435  839   32  258  729  869   66  438  260  603  730  288  447  744   75  606  870  746   79  448  895  626  299   92  908  752  306  456  644  496   97  763  310  656  934  659  329  771  499  943  128  673  131  784	: b  589  250  831  414   29  709  583  232  411  826   23  825  570  389   22  700  219    9  387  818  697  564  218  563  696  215  816  991    6  382  795  196  562    4  989  380  688  789  371  981    3  184  549  686  785  145  980  344    2  683  542
	preLogic lookup: 968 Rank: 95
post logic: a  718  530  334  598  435  839   32  258  729  869   66  438  260  603  730  288  447  744   75  606  870  746   79  448  895  626  299   92  908  752  306  456  644  496   97  763  310  656  934  659  329  771  499  943  128  673  131  784  968	: b  589  250  831  414   29  709  583  232  411  826   23  825  570  389   22  700  219    9  387  818  697  564  218  563  696  215  816  991    6  382  795  196  562    4  989  380  688  789  371  981    3  184  549  686  785  145  980  344    2  683  542
	preLogic lookup: 718 Rank: 71
post logic: a  530  334  598  435  839   32  258  729  869   66  438  260  603  730  288  447  744   75  606  870  746   79  448  895  626  299   92  908  752  306  456  644  496   97  763  310  656  934  659  329  771  499  943  128  673  131  784  968	: b  718  589  250  831  414   29  709  583  232  411  826   23  825  570  389   22  700  219    9  387  818  697  564  218  563  696  215  816  991    6  382  795  196  562    4  989  380  688  789  371  981    3  184  549  686  785  145  980  344    2  683  542
	preLogic lookup: 530 Rank: 47
post logic: a  334  598  435  839   32  258  729  869   66  438  260  603  730  288  447  744   75  606  870  746   79  448  895  626  299   92  908  752  306  456  644  496   97  763  310  656  934  659  329  771  499  943  128  673  131  784  968  530	: b  718  589  250  831  414   29  709  583  232  411  826   23  825  570  389   22  700  219    9  387  818  697  564  218  563  696  215  816  991    6  382  795  196  562    4  989  380  688  789  371  981    3  184  549  686  785  145  980  344    2  683  542
	preLogic lookup: 334 Rank: 31
post logic: a  598  435  839   32  258  729  869   66  438  260  603  730  288  447  744   75  606  870  746   79  448  895  626  299   92  908  752  306  456  644  496   97  763  310  656  934  659  329  771  499  943  128  673  131  784  968  530  334	: b  718  589  250  831  414   29  709  583  232  411  826   23  825  570  389   22  700  219    9  387  818  697  564  218  563  696  215  816  991    6  382  795  196  562    4  989  380  688  789  371  981    3  184  549  686  785  145  980  344    2  683  542
  preEmpty: a  598  435  839   32  258  729  869   66  438  260  603  730  288  447  744   75  606  870  746   79  448  895  626  299   92  908  752  306  456  644  496   97  763  310  656  934  659  329  771  499  943  128  673  131  784  968  530  334	: b  718  589  250  831  414   29  709  583  232  411  826   23  825  570  389   22  700  219    9  387  818  697  564  218  563  696  215  816  991    6  382  795  196  562    4  989  380  688  789  371  981    3  184  549  686  785  145  980  344    2  683  542
	preLogic lookup: 542 Rank: 48
post logic: a  683    2  344  980  145  785  686  549  184    3  981  371  789  688  380  989    4  562  196  795  382    6  991  816  215  696  563  218  564  697  818  387    9  219  700   22  389  570  825   23  826  411  232  583  709   29  414  831  250  589  718  598  435  839   32  258  729  869   66  438  260  603  730  288  447  744   75  606  870  746   79  448  895  626  299   92  908  752  306  456  644  496   97  763  310  656  934  659  329  771  499  943  128  673  131  784  968  530  334  542	: b
	preLogic lookup: 683 Rank: 64
post logic: a    2  344  980  145  785  686  549  184    3  981  371  789  688  380  989    4  562  196  795  382    6  991  816  215  696  563  218  564  697  818  387    9  219  700   22  389  570  825   23  826  411  232  583  709   29  414  831  250  589  718  598  435  839   32  258  729  869   66  438  260  603  730  288  447  744   75  606  870  746   79  448  895  626  299   92  908  752  306  456  644  496   97  763  310  656  934  659  329  771  499  943  128  673  131  784  968  530  334  542	: b  683
	preLogic lookup: 2 Rank: 0
post logic: a  344  980  145  785  686  549  184    3  981  371  789  688  380  989    4  562  196  795  382    6  991  816  215  696  563  218  564  697  818  387    9  219  700   22  389  570  825   23  826  411  232  583  709   29  414  831  250  589  718  598  435  839   32  258  729  869   66  438  260  603  730  288  447  744   75  606  870  746   79  448  895  626  299   92  908  752  306  456  644  496   97  763  310  656  934  659  329  771  499  943  128  673  131  784  968  530  334  542	: b    2  683
	preLogic lookup: 344 Rank: 32
post logic: a  980  145  785  686  549  184    3  981  371  789  688  380  989    4  562  196  795  382    6  991  816  215  696  563  218  564  697  818  387    9  219  700   22  389  570  825   23  826  411  232  583  709   29  414  831  250  589  718  598  435  839   32  258  729  869   66  438  260  603  730  288  447  744   75  606  870  746   79  448  895  626  299   92  908  752  306  456  644  496   97  763  310  656  934  659  329  771  499  943  128  673  131  784  968  530  334  542	: b  344    2  683
	preLogic lookup: 980 Rank: 96
post logic: a  145  785  686  549  184    3  981  371  789  688  380  989    4  562  196  795  382    6  991  816  215  696  563  218  564  697  818  387    9  219  700   22  389  570  825   23  826  411  232  583  709   29  414  831  250  589  718  598  435  839   32  258  729  869   66  438  260  603  730  288  447  744   75  606  870  746   79  448  895  626  299   92  908  752  306  456  644  496   97  763  310  656  934  659  329  771  499  943  128  673  131  784  968  530  334  542	: b  980  344    2  683
	preLogic lookup: 145 Rank: 16
post logic: a  785  686  549  184    3  981  371  789  688  380  989    4  562  196  795  382    6  991  816  215  696  563  218  564  697  818  387    9  219  700   22  389  570  825   23  826  411  232  583  709   29  414  831  250  589  718  598  435  839   32  258  729  869   66  438  260  603  730  288  447  744   75  606  870  746   79  448  895  626  299   92  908  752  306  456  644  496   97  763  310  656  934  659  329  771  499  943  128  673  131  784  968  530  334  542  145	: b  980  344    2  683
	preLogic lookup: 785 Rank: 80
post logic: a  686  549  184    3  981  371  789  688  380  989    4  562  196  795  382    6  991  816  215  696  563  218  564  697  818  387    9  219  700   22  389  570  825   23  826  411  232  583  709   29  414  831  250  589  718  598  435  839   32  258  729  869   66  438  260  603  730  288  447  744   75  606  870  746   79  448  895  626  299   92  908  752  306  456  644  496   97  763  310  656  934  659  329  771  499  943  128  673  131  784  968  530  334  542  145  785	: b  980  344    2  683
	preLogic lookup: 686 Rank: 65
post logic: a  549  184    3  981  371  789  688  380  989    4  562  196  795  382    6  991  816  215  696  563  218  564  697  818  387    9  219  700   22  389  570  825   23  826  411  232  583  709   29  414  831  250  589  718  598  435  839   32  258  729  869   66  438  260  603  730  288  447  744   75  606  870  746   79  448  895  626  299   92  908  752  306  456  644  496   97  763  310  656  934  659  329  771  499  943  128  673  131  784  968  530  334  542  145  785	: b  686  980  344    2  683
	preLogic lookup: 549 Rank: 49
post logic: a  184    3  981  371  789  688  380  989    4  562  196  795  382    6  991  816  215  696  563  218  564  697  818  387    9  219  700   22  389  570  825   23  826  411  232  583  709   29  414  831  250  589  718  598  435  839   32  258  729  869   66  438  260  603  730  288  447  744   75  606  870  746   79  448  895  626  299   92  908  752  306  456  644  496   97  763  310  656  934  659  329  771  499  943  128  673  131  784  968  530  334  542  145  785  549	: b  686  980  344    2  683
	preLogic lookup: 184 Rank: 17
post logic: a    3  981  371  789  688  380  989    4  562  196  795  382    6  991  816  215  696  563  218  564  697  818  387    9  219  700   22  389  570  825   23  826  411  232  583  709   29  414  831  250  589  718  598  435  839   32  258  729  869   66  438  260  603  730  288  447  744   75  606  870  746   79  448  895  626  299   92  908  752  306  456  644  496   97  763  310  656  934  659  329  771  499  943  128  673  131  784  968  530  334  542  145  785  549  184	: b  686  980  344    2  683
	preLogic lookup: 3 Rank: 1
post logic: a  981  371  789  688  380  989    4  562  196  795  382    6  991  816  215  696  563  218  564  697  818  387    9  219  700   22  389  570  825   23  826  411  232  583  709   29  414  831  250  589  718  598  435  839   32  258  729  869   66  438  260  603  730  288  447  744   75  606  870  746   79  448  895  626  299   92  908  752  306  456  644  496   97  763  310  656  934  659  329  771  499  943  128  673  131  784  968  530  334  542  145  785  549  184	: b    3  686  980  344    2  683
	preLogic lookup: 981 Rank: 97
post logic: a  371  789  688  380  989    4  562  196  795  382    6  991  816  215  696  563  218  564  697  818  387    9  219  700   22  389  570  825   23  826  411  232  583  709   29  414  831  250  589  718  598  435  839   32  258  729  869   66  438  260  603  730  288  447  744   75  606  870  746   79  448  895  626  299   92  908  752  306  456  644  496   97  763  310  656  934  659  329  771  499  943  128  673  131  784  968  530  334  542  145  785  549  184	: b  981    3  686  980  344    2  683
	preLogic lookup: 371 Rank: 33
post logic: a  789  688  380  989    4  562  196  795  382    6  991  816  215  696  563  218  564  697  818  387    9  219  700   22  389  570  825   23  826  411  232  583  709   29  414  831  250  589  718  598  435  839   32  258  729  869   66  438  260  603  730  288  447  744   75  606  870  746   79  448  895  626  299   92  908  752  306  456  644  496   97  763  310  656  934  659  329  771  499  943  128  673  131  784  968  530  334  542  145  785  549  184	: b  371  981    3  686  980  344    2  683
	preLogic lookup: 789 Rank: 81
post logic: a  688  380  989    4  562  196  795  382    6  991  816  215  696  563  218  564  697  818  387    9  219  700   22  389  570  825   23  826  411  232  583  709   29  414  831  250  589  718  598  435  839   32  258  729  869   66  438  260  603  730  288  447  744   75  606  870  746   79  448  895  626  299   92  908  752  306  456  644  496   97  763  310  656  934  659  329  771  499  943  128  673  131  784  968  530  334  542  145  785  549  184  789	: b  371  981    3  686  980  344    2  683
	preLogic lookup: 688 Rank: 66
post logic: a  380  989    4  562  196  795  382    6  991  816  215  696  563  218  564  697  818  387    9  219  700   22  389  570  825   23  826  411  232  583  709   29  414  831  250  589  718  598  435  839   32  258  729  869   66  438  260  603  730  288  447  744   75  606  870  746   79  448  895  626  299   92  908  752  306  456  644  496   97  763  310  656  934  659  329  771  499  943  128  673  131  784  968  530  334  542  145  785  549  184  789	: b  688  371  981    3  686  980  344    2  683
	preLogic lookup: 380 Rank: 34
post logic: a  989    4  562  196  795  382    6  991  816  215  696  563  218  564  697  818  387    9  219  700   22  389  570  825   23  826  411  232  583  709   29  414  831  250  589  718  598  435  839   32  258  729  869   66  438  260  603  730  288  447  744   75  606  870  746   79  448  895  626  299   92  908  752  306  456  644  496   97  763  310  656  934  659  329  771  499  943  128  673  131  784  968  530  334  542  145  785  549  184  789	: b  380  688  371  981    3  686  980  344    2  683
	preLogic lookup: 989 Rank: 98
post logic: a    4  562  196  795  382    6  991  816  215  696  563  218  564  697  818  387    9  219  700   22  389  570  825   23  826  411  232  583  709   29  414  831  250  589  718  598  435  839   32  258  729  869   66  438  260  603  730  288  447  744   75  606  870  746   79  448  895  626  299   92  908  752  306  456  644  496   97  763  310  656  934  659  329  771  499  943  128  673  131  784  968  530  334  542  145  785  549  184  789	: b  989  380  688  371  981    3  686  980  344    2  683
	preLogic lookup: 4 Rank: 2
post logic: a  562  196  795  382    6  991  816  215  696  563  218  564  697  818  387    9  219  700   22  389  570  825   23  826  411  232  583  709   29  414  831  250  589  718  598  435  839   32  258  729  869   66  438  260  603  730  288  447  744   75  606  870  746   79  448  895  626  299   92  908  752  306  456  644  496   97  763  310  656  934  659  329  771  499  943  128  673  131  784  968  530  334  542  145  785  549  184  789	: b    4  989  380  688  371  981    3  686  980  344    2  683
	preLogic lookup: 562 Rank: 50
post logic: a  196  795  382    6  991  816  215  696  563  218  564  697  818  387    9  219  700   22  389  570  825   23  826  411  232  583  709   29  414  831  250  589  718  598  435  839   32  258  729  869   66  438  260  603  730  288  447  744   75  606  870  746   79  448  895  626  299   92  908  752  306  456  644  496   97  763  310  656  934  659  329  771  499  943  128  673  131  784  968  530  334  542  145  785  549  184  789  562	: b    4  989  380  688  371  981    3  686  980  344    2  683
	preLogic lookup: 196 Rank: 18
post logic: a  795  382    6  991  816  215  696  563  218  564  697  818  387    9  219  700   22  389  570  825   23  826  411  232  583  709   29  414  831  250  589  718  598  435  839   32  258  729  869   66  438  260  603  730  288  447  744   75  606  870  746   79  448  895  626  299   92  908  752  306  456  644  496   97  763  310  656  934  659  329  771  499  943  128  673  131  784  968  530  334  542  145  785  549  184  789  562  196	: b    4  989  380  688  371  981    3  686  980  344    2  683
	preLogic lookup: 795 Rank: 82
post logic: a  382    6  991  816  215  696  563  218  564  697  818  387    9  219  700   22  389  570  825   23  826  411  232  583  709   29  414  831  250  589  718  598  435  839   32  258  729  869   66  438  260  603  730  288  447  744   75  606  870  746   79  448  895  626  299   92  908  752  306  456  644  496   97  763  310  656  934  659  329  771  499  943  128  673  131  784  968  530  334  542  145  785  549  184  789  562  196  795	: b    4  989  380  688  371  981    3  686  980  344    2  683
	preLogic lookup: 382 Rank: 35
post logic: a    6  991  816  215  696  563  218  564  697  818  387    9  219  700   22  389  570  825   23  826  411  232  583  709   29  414  831  250  589  718  598  435  839   32  258  729  869   66  438  260  603  730  288  447  744   75  606  870  746   79  448  895  626  299   92  908  752  306  456  644  496   97  763  310  656  934  659  329  771  499  943  128  673  131  784  968  530  334  542  145  785  549  184  789  562  196  795	: b  382    4  989  380  688  371  981    3  686  980  344    2  683
	preLogic lookup: 6 Rank: 3
post logic: a  991  816  215  696  563  218  564  697  818  387    9  219  700   22  389  570  825   23  826  411  232  583  709   29  414  831  250  589  718  598  435  839   32  258  729  869   66  438  260  603  730  288  447  744   75  606  870  746   79  448  895  626  299   92  908  752  306  456  644  496   97  763  310  656  934  659  329  771  499  943  128  673  131  784  968  530  334  542  145  785  549  184  789  562  196  795	: b    6  382    4  989  380  688  371  981    3  686  980  344    2  683
	preLogic lookup: 991 Rank: 99
post logic: a  816  215  696  563  218  564  697  818  387    9  219  700   22  389  570  825   23  826  411  232  583  709   29  414  831  250  589  718  598  435  839   32  258  729  869   66  438  260  603  730  288  447  744   75  606  870  746   79  448  895  626  299   92  908  752  306  456  644  496   97  763  310  656  934  659  329  771  499  943  128  673  131  784  968  530  334  542  145  785  549  184  789  562  196  795	: b  991    6  382    4  989  380  688  371  981    3  686  980  344    2  683
	preLogic lookup: 816 Rank: 83
post logic: a  215  696  563  218  564  697  818  387    9  219  700   22  389  570  825   23  826  411  232  583  709   29  414  831  250  589  718  598  435  839   32  258  729  869   66  438  260  603  730  288  447  744   75  606  870  746   79  448  895  626  299   92  908  752  306  456  644  496   97  763  310  656  934  659  329  771  499  943  128  673  131  784  968  530  334  542  145  785  549  184  789  562  196  795  816	: b  991    6  382    4  989  380  688  371  981    3  686  980  344    2  683
	preLogic lookup: 215 Rank: 19
post logic: a  696  563  218  564  697  818  387    9  219  700   22  389  570  825   23  826  411  232  583  709   29  414  831  250  589  718  598  435  839   32  258  729  869   66  438  260  603  730  288  447  744   75  606  870  746   79  448  895  626  299   92  908  752  306  456  644  496   97  763  310  656  934  659  329  771  499  943  128  673  131  784  968  530  334  542  145  785  549  184  789  562  196  795  816  215	: b  991    6  382    4  989  380  688  371  981    3  686  980  344    2  683
	preLogic lookup: 696 Rank: 67
post logic: a  563  218  564  697  818  387    9  219  700   22  389  570  825   23  826  411  232  583  709   29  414  831  250  589  718  598  435  839   32  258  729  869   66  438  260  603  730  288  447  744   75  606  870  746   79  448  895  626  299   92  908  752  306  456  644  496   97  763  310  656  934  659  329  771  499  943  128  673  131  784  968  530  334  542  145  785  549  184  789  562  196  795  816  215	: b  696  991    6  382    4  989  380  688  371  981    3  686  980  344    2  683
	preLogic lookup: 563 Rank: 51
post logic: a  218  564  697  818  387    9  219  700   22  389  570  825   23  826  411  232  583  709   29  414  831  250  589  718  598  435  839   32  258  729  869   66  438  260  603  730  288  447  744   75  606  870  746   79  448  895  626  299   92  908  752  306  456  644  496   97  763  310  656  934  659  329  771  499  943  128  673  131  784  968  530  334  542  145  785  549  184  789  562  196  795  816  215  563	: b  696  991    6  382    4  989  380  688  371  981    3  686  980  344    2  683
	preLogic lookup: 218 Rank: 20
post logic: a  564  697  818  387    9  219  700   22  389  570  825   23  826  411  232  583  709   29  414  831  250  589  718  598  435  839   32  258  729  869   66  438  260  603  730  288  447  744   75  606  870  746   79  448  895  626  299   92  908  752  306  456  644  496   97  763  310  656  934  659  329  771  499  943  128  673  131  784  968  530  334  542  145  785  549  184  789  562  196  795  816  215  563  218	: b  696  991    6  382    4  989  380  688  371  981    3  686  980  344    2  683
	preLogic lookup: 564 Rank: 52
post logic: a  697  818  387    9  219  700   22  389  570  825   23  826  411  232  583  709   29  414  831  250  589  718  598  435  839   32  258  729  869   66  438  260  603  730  288  447  744   75  606  870  746   79  448  895  626  299   92  908  752  306  456  644  496   97  763  310  656  934  659  329  771  499  943  128  673  131  784  968  530  334  542  145  785  549  184  789  562  196  795  816  215  563  218  564	: b  696  991    6  382    4  989  380  688  371  981    3  686  980  344    2  683
	preLogic lookup: 697 Rank: 68
post logic: a  818  387    9  219  700   22  389  570  825   23  826  411  232  583  709   29  414  831  250  589  718  598  435  839   32  258  729  869   66  438  260  603  730  288  447  744   75  606  870  746   79  448  895  626  299   92  908  752  306  456  644  496   97  763  310  656  934  659  329  771  499  943  128  673  131  784  968  530  334  542  145  785  549  184  789  562  196  795  816  215  563  218  564	: b  697  696  991    6  382    4  989  380  688  371  981    3  686  980  344    2  683
	preLogic lookup: 818 Rank: 84
post logic: a  387    9  219  700   22  389  570  825   23  826  411  232  583  709   29  414  831  250  589  718  598  435  839   32  258  729  869   66  438  260  603  730  288  447  744   75  606  870  746   79  448  895  626  299   92  908  752  306  456  644  496   97  763  310  656  934  659  329  771  499  943  128  673  131  784  968  530  334  542  145  785  549  184  789  562  196  795  816  215  563  218  564  818	: b  697  696  991    6  382    4  989  380  688  371  981    3  686  980  344    2  683
	preLogic lookup: 387 Rank: 36
post logic: a    9  219  700   22  389  570  825   23  826  411  232  583  709   29  414  831  250  589  718  598  435  839   32  258  729  869   66  438  260  603  730  288  447  744   75  606  870  746   79  448  895  626  299   92  908  752  306  456  644  496   97  763  310  656  934  659  329  771  499  943  128  673  131  784  968  530  334  542  145  785  549  184  789  562  196  795  816  215  563  218  564  818	: b  387  697  696  991    6  382    4  989  380  688  371  981    3  686  980  344    2  683
	preLogic lookup: 9 Rank: 4
post logic: a  219  700   22  389  570  825   23  826  411  232  583  709   29  414  831  250  589  718  598  435  839   32  258  729  869   66  438  260  603  730  288  447  744   75  606  870  746   79  448  895  626  299   92  908  752  306  456  644  496   97  763  310  656  934  659  329  771  499  943  128  673  131  784  968  530  334  542  145  785  549  184  789  562  196  795  816  215  563  218  564  818	: b    9  387  697  696  991    6  382    4  989  380  688  371  981    3  686  980  344    2  683
	preLogic lookup: 219 Rank: 21
post logic: a  700   22  389  570  825   23  826  411  232  583  709   29  414  831  250  589  718  598  435  839   32  258  729  869   66  438  260  603  730  288  447  744   75  606  870  746   79  448  895  626  299   92  908  752  306  456  644  496   97  763  310  656  934  659  329  771  499  943  128  673  131  784  968  530  334  542  145  785  549  184  789  562  196  795  816  215  563  218  564  818  219	: b    9  387  697  696  991    6  382    4  989  380  688  371  981    3  686  980  344    2  683
	preLogic lookup: 700 Rank: 69
post logic: a   22  389  570  825   23  826  411  232  583  709   29  414  831  250  589  718  598  435  839   32  258  729  869   66  438  260  603  730  288  447  744   75  606  870  746   79  448  895  626  299   92  908  752  306  456  644  496   97  763  310  656  934  659  329  771  499  943  128  673  131  784  968  530  334  542  145  785  549  184  789  562  196  795  816  215  563  218  564  818  219	: b  700    9  387  697  696  991    6  382    4  989  380  688  371  981    3  686  980  344    2  683
	preLogic lookup: 22 Rank: 5
post logic: a  389  570  825   23  826  411  232  583  709   29  414  831  250  589  718  598  435  839   32  258  729  869   66  438  260  603  730  288  447  744   75  606  870  746   79  448  895  626  299   92  908  752  306  456  644  496   97  763  310  656  934  659  329  771  499  943  128  673  131  784  968  530  334  542  145  785  549  184  789  562  196  795  816  215  563  218  564  818  219	: b   22  700    9  387  697  696  991    6  382    4  989  380  688  371  981    3  686  980  344    2  683
	preLogic lookup: 389 Rank: 37
post logic: a  570  825   23  826  411  232  583  709   29  414  831  250  589  718  598  435  839   32  258  729  869   66  438  260  603  730  288  447  744   75  606  870  746   79  448  895  626  299   92  908  752  306  456  644  496   97  763  310  656  934  659  329  771  499  943  128  673  131  784  968  530  334  542  145  785  549  184  789  562  196  795  816  215  563  218  564  818  219	: b  389   22  700    9  387  697  696  991    6  382    4  989  380  688  371  981    3  686  980  344    2  683
	preLogic lookup: 570 Rank: 53
post logic: a  825   23  826  411  232  583  709   29  414  831  250  589  718  598  435  839   32  258  729  869   66  438  260  603  730  288  447  744   75  606  870  746   79  448  895  626  299   92  908  752  306  456  644  496   97  763  310  656  934  659  329  771  499  943  128  673  131  784  968  530  334  542  145  785  549  184  789  562  196  795  816  215  563  218  564  818  219  570	: b  389   22  700    9  387  697  696  991    6  382    4  989  380  688  371  981    3  686  980  344    2  683
	preLogic lookup: 825 Rank: 85
post logic: a   23  826  411  232  583  709   29  414  831  250  589  718  598  435  839   32  258  729  869   66  438  260  603  730  288  447  744   75  606  870  746   79  448  895  626  299   92  908  752  306  456  644  496   97  763  310  656  934  659  329  771  499  943  128  673  131  784  968  530  334  542  145  785  549  184  789  562  196  795  816  215  563  218  564  818  219  570  825	: b  389   22  700    9  387  697  696  991    6  382    4  989  380  688  371  981    3  686  980  344    2  683
	preLogic lookup: 23 Rank: 6
post logic: a  826  411  232  583  709   29  414  831  250  589  718  598  435  839   32  258  729  869   66  438  260  603  730  288  447  744   75  606  870  746   79  448  895  626  299   92  908  752  306  456  644  496   97  763  310  656  934  659  329  771  499  943  128  673  131  784  968  530  334  542  145  785  549  184  789  562  196  795  816  215  563  218  564  818  219  570  825	: b   23  389   22  700    9  387  697  696  991    6  382    4  989  380  688  371  981    3  686  980  344    2  683
	preLogic lookup: 826 Rank: 86
post logic: a  411  232  583  709   29  414  831  250  589  718  598  435  839   32  258  729  869   66  438  260  603  730  288  447  744   75  606  870  746   79  448  895  626  299   92  908  752  306  456  644  496   97  763  310  656  934  659  329  771  499  943  128  673  131  784  968  530  334  542  145  785  549  184  789  562  196  795  816  215  563  218  564  818  219  570  825  826	: b   23  389   22  700    9  387  697  696  991    6  382    4  989  380  688  371  981    3  686  980  344    2  683
	preLogic lookup: 411 Rank: 38
post logic: a  232  583  709   29  414  831  250  589  718  598  435  839   32  258  729  869   66  438  260  603  730  288  447  744   75  606  870  746   79  448  895  626  299   92  908  752  306  456  644  496   97  763  310  656  934  659  329  771  499  943  128  673  131  784  968  530  334  542  145  785  549  184  789  562  196  795  816  215  563  218  564  818  219  570  825  826	: b  411   23  389   22  700    9  387  697  696  991    6  382    4  989  380  688  371  981    3  686  980  344    2  683
	preLogic lookup: 232 Rank: 22
post logic: a  583  709   29  414  831  250  589  718  598  435  839   32  258  729  869   66  438  260  603  730  288  447  744   75  606  870  746   79  448  895  626  299   92  908  752  306  456  644  496   97  763  310  656  934  659  329  771  499  943  128  673  131  784  968  530  334  542  145  785  549  184  789  562  196  795  816  215  563  218  564  818  219  570  825  826  232	: b  411   23  389   22  700    9  387  697  696  991    6  382    4  989  380  688  371  981    3  686  980  344    2  683
	preLogic lookup: 583 Rank: 54
post logic: a  709   29  414  831  250  589  718  598  435  839   32  258  729  869   66  438  260  603  730  288  447  744   75  606  870  746   79  448  895  626  299   92  908  752  306  456  644  496   97  763  310  656  934  659  329  771  499  943  128  673  131  784  968  530  334  542  145  785  549  184  789  562  196  795  816  215  563  218  564  818  219  570  825  826  232  583	: b  411   23  389   22  700    9  387  697  696  991    6  382    4  989  380  688  371  981    3  686  980  344    2  683
	preLogic lookup: 709 Rank: 70
post logic: a   29  414  831  250  589  718  598  435  839   32  258  729  869   66  438  260  603  730  288  447  744   75  606  870  746   79  448  895  626  299   92  908  752  306  456  644  496   97  763  310  656  934  659  329  771  499  943  128  673  131  784  968  530  334  542  145  785  549  184  789  562  196  795  816  215  563  218  564  818  219  570  825  826  232  583	: b  709  411   23  389   22  700    9  387  697  696  991    6  382    4  989  380  688  371  981    3  686  980  344    2  683
	preLogic lookup: 29 Rank: 7
post logic: a  414  831  250  589  718  598  435  839   32  258  729  869   66  438  260  603  730  288  447  744   75  606  870  746   79  448  895  626  299   92  908  752  306  456  644  496   97  763  310  656  934  659  329  771  499  943  128  673  131  784  968  530  334  542  145  785  549  184  789  562  196  795  816  215  563  218  564  818  219  570  825  826  232  583	: b   29  709  411   23  389   22  700    9  387  697  696  991    6  382    4  989  380  688  371  981    3  686  980  344    2  683
	preLogic lookup: 414 Rank: 39
post logic: a  831  250  589  718  598  435  839   32  258  729  869   66  438  260  603  730  288  447  744   75  606  870  746   79  448  895  626  299   92  908  752  306  456  644  496   97  763  310  656  934  659  329  771  499  943  128  673  131  784  968  530  334  542  145  785  549  184  789  562  196  795  816  215  563  218  564  818  219  570  825  826  232  583	: b  414   29  709  411   23  389   22  700    9  387  697  696  991    6  382    4  989  380  688  371  981    3  686  980  344    2  683
	preLogic lookup: 831 Rank: 87
post logic: a  250  589  718  598  435  839   32  258  729  869   66  438  260  603  730  288  447  744   75  606  870  746   79  448  895  626  299   92  908  752  306  456  644  496   97  763  310  656  934  659  329  771  499  943  128  673  131  784  968  530  334  542  145  785  549  184  789  562  196  795  816  215  563  218  564  818  219  570  825  826  232  583  831	: b  414   29  709  411   23  389   22  700    9  387  697  696  991    6  382    4  989  380  688  371  981    3  686  980  344    2  683
	preLogic lookup: 250 Rank: 23
post logic: a  589  718  598  435  839   32  258  729  869   66  438  260  603  730  288  447  744   75  606  870  746   79  448  895  626  299   92  908  752  306  456  644  496   97  763  310  656  934  659  329  771  499  943  128  673  131  784  968  530  334  542  145  785  549  184  789  562  196  795  816  215  563  218  564  818  219  570  825  826  232  583  831  250	: b  414   29  709  411   23  389   22  700    9  387  697  696  991    6  382    4  989  380  688  371  981    3  686  980  344    2  683
	preLogic lookup: 589 Rank: 55
post logic: a  718  598  435  839   32  258  729  869   66  438  260  603  730  288  447  744   75  606  870  746   79  448  895  626  299   92  908  752  306  456  644  496   97  763  310  656  934  659  329  771  499  943  128  673  131  784  968  530  334  542  145  785  549  184  789  562  196  795  816  215  563  218  564  818  219  570  825  826  232  583  831  250  589	: b  414   29  709  411   23  389   22  700    9  387  697  696  991    6  382    4  989  380  688  371  981    3  686  980  344    2  683
	preLogic lookup: 718 Rank: 71
post logic: a  598  435  839   32  258  729  869   66  438  260  603  730  288  447  744   75  606  870  746   79  448  895  626  299   92  908  752  306  456  644  496   97  763  310  656  934  659  329  771  499  943  128  673  131  784  968  530  334  542  145  785  549  184  789  562  196  795  816  215  563  218  564  818  219  570  825  826  232  583  831  250  589	: b  718  414   29  709  411   23  389   22  700    9  387  697  696  991    6  382    4  989  380  688  371  981    3  686  980  344    2  683
	preLogic lookup: 598 Rank: 56
post logic: a  435  839   32  258  729  869   66  438  260  603  730  288  447  744   75  606  870  746   79  448  895  626  299   92  908  752  306  456  644  496   97  763  310  656  934  659  329  771  499  943  128  673  131  784  968  530  334  542  145  785  549  184  789  562  196  795  816  215  563  218  564  818  219  570  825  826  232  583  831  250  589  598	: b  718  414   29  709  411   23  389   22  700    9  387  697  696  991    6  382    4  989  380  688  371  981    3  686  980  344    2  683
	preLogic lookup: 435 Rank: 40
post logic: a  839   32  258  729  869   66  438  260  603  730  288  447  744   75  606  870  746   79  448  895  626  299   92  908  752  306  456  644  496   97  763  310  656  934  659  329  771  499  943  128  673  131  784  968  530  334  542  145  785  549  184  789  562  196  795  816  215  563  218  564  818  219  570  825  826  232  583  831  250  589  598	: b  435  718  414   29  709  411   23  389   22  700    9  387  697  696  991    6  382    4  989  380  688  371  981    3  686  980  344    2  683
	preLogic lookup: 839 Rank: 88
post logic: a   32  258  729  869   66  438  260  603  730  288  447  744   75  606  870  746   79  448  895  626  299   92  908  752  306  456  644  496   97  763  310  656  934  659  329  771  499  943  128  673  131  784  968  530  334  542  145  785  549  184  789  562  196  795  816  215  563  218  564  818  219  570  825  826  232  583  831  250  589  598  839	: b  435  718  414   29  709  411   23  389   22  700    9  387  697  696  991    6  382    4  989  380  688  371  981    3  686  980  344    2  683
	preLogic lookup: 32 Rank: 8
post logic: a  258  729  869   66  438  260  603  730  288  447  744   75  606  870  746   79  448  895  626  299   92  908  752  306  456  644  496   97  763  310  656  934  659  329  771  499  943  128  673  131  784  968  530  334  542  145  785  549  184  789  562  196  795  816  215  563  218  564  818  219  570  825  826  232  583  831  250  589  598  839	: b   32  435  718  414   29  709  411   23  389   22  700    9  387  697  696  991    6  382    4  989  380  688  371  981    3  686  980  344    2  683
	preLogic lookup: 258 Rank: 24
post logic: a  729  869   66  438  260  603  730  288  447  744   75  606  870  746   79  448  895  626  299   92  908  752  306  456  644  496   97  763  310  656  934  659  329  771  499  943  128  673  131  784  968  530  334  542  145  785  549  184  789  562  196  795  816  215  563  218  564  818  219  570  825  826  232  583  831  250  589  598  839  258	: b   32  435  718  414   29  709  411   23  389   22  700    9  387  697  696  991    6  382    4  989  380  688  371  981    3  686  980  344    2  683
	preLogic lookup: 729 Rank: 72
post logic: a  869   66  438  260  603  730  288  447  744   75  606  870  746   79  448  895  626  299   92  908  752  306  456  644  496   97  763  310  656  934  659  329  771  499  943  128  673  131  784  968  530  334  542  145  785  549  184  789  562  196  795  816  215  563  218  564  818  219  570  825  826  232  583  831  250  589  598  839  258	: b  729   32  435  718  414   29  709  411   23  389   22  700    9  387  697  696  991    6  382    4  989  380  688  371  981    3  686  980  344    2  683
	preLogic lookup: 869 Rank: 89
post logic: a   66  438  260  603  730  288  447  744   75  606  870  746   79  448  895  626  299   92  908  752  306  456  644  496   97  763  310  656  934  659  329  771  499  943  128  673  131  784  968  530  334  542  145  785  549  184  789  562  196  795  816  215  563  218  564  818  219  570  825  826  232  583  831  250  589  598  839  258  869	: b  729   32  435  718  414   29  709  411   23  389   22  700    9  387  697  696  991    6  382    4  989  380  688  371  981    3  686  980  344    2  683
	preLogic lookup: 66 Rank: 9
post logic: a  438  260  603  730  288  447  744   75  606  870  746   79  448  895  626  299   92  908  752  306  456  644  496   97  763  310  656  934  659  329  771  499  943  128  673  131  784  968  530  334  542  145  785  549  184  789  562  196  795  816  215  563  218  564  818  219  570  825  826  232  583  831  250  589  598  839  258  869	: b   66  729   32  435  718  414   29  709  411   23  389   22  700    9  387  697  696  991    6  382    4  989  380  688  371  981    3  686  980  344    2  683
	preLogic lookup: 438 Rank: 41
post logic: a  260  603  730  288  447  744   75  606  870  746   79  448  895  626  299   92  908  752  306  456  644  496   97  763  310  656  934  659  329  771  499  943  128  673  131  784  968  530  334  542  145  785  549  184  789  562  196  795  816  215  563  218  564  818  219  570  825  826  232  583  831  250  589  598  839  258  869	: b  438   66  729   32  435  718  414   29  709  411   23  389   22  700    9  387  697  696  991    6  382    4  989  380  688  371  981    3  686  980  344    2  683
	preLogic lookup: 260 Rank: 25
post logic: a  603  730  288  447  744   75  606  870  746   79  448  895  626  299   92  908  752  306  456  644  496   97  763  310  656  934  659  329  771  499  943  128  673  131  784  968  530  334  542  145  785  549  184  789  562  196  795  816  215  563  218  564  818  219  570  825  826  232  583  831  250  589  598  839  258  869  260	: b  438   66  729   32  435  718  414   29  709  411   23  389   22  700    9  387  697  696  991    6  382    4  989  380  688  371  981    3  686  980  344    2  683
	preLogic lookup: 603 Rank: 57
post logic: a  730  288  447  744   75  606  870  746   79  448  895  626  299   92  908  752  306  456  644  496   97  763  310  656  934  659  329  771  499  943  128  673  131  784  968  530  334  542  145  785  549  184  789  562  196  795  816  215  563  218  564  818  219  570  825  826  232  583  831  250  589  598  839  258  869  260  603	: b  438   66  729   32  435  718  414   29  709  411   23  389   22  700    9  387  697  696  991    6  382    4  989  380  688  371  981    3  686  980  344    2  683
	preLogic lookup: 730 Rank: 73
post logic: a  288  447  744   75  606  870  746   79  448  895  626  299   92  908  752  306  456  644  496   97  763  310  656  934  659  329  771  499  943  128  673  131  784  968  530  334  542  145  785  549  184  789  562  196  795  816  215  563  218  564  818  219  570  825  826  232  583  831  250  589  598  839  258  869  260  603	: b  730  438   66  729   32  435  718  414   29  709  411   23  389   22  700    9  387  697  696  991    6  382    4  989  380  688  371  981    3  686  980  344    2  683
	preLogic lookup: 288 Rank: 26
post logic: a  447  744   75  606  870  746   79  448  895  626  299   92  908  752  306  456  644  496   97  763  310  656  934  659  329  771  499  943  128  673  131  784  968  530  334  542  145  785  549  184  789  562  196  795  816  215  563  218  564  818  219  570  825  826  232  583  831  250  589  598  839  258  869  260  603  288	: b  730  438   66  729   32  435  718  414   29  709  411   23  389   22  700    9  387  697  696  991    6  382    4  989  380  688  371  981    3  686  980  344    2  683
	preLogic lookup: 447 Rank: 42
post logic: a  744   75  606  870  746   79  448  895  626  299   92  908  752  306  456  644  496   97  763  310  656  934  659  329  771  499  943  128  673  131  784  968  530  334  542  145  785  549  184  789  562  196  795  816  215  563  218  564  818  219  570  825  826  232  583  831  250  589  598  839  258  869  260  603  288	: b  447  730  438   66  729   32  435  718  414   29  709  411   23  389   22  700    9  387  697  696  991    6  382    4  989  380  688  371  981    3  686  980  344    2  683
	preLogic lookup: 744 Rank: 74
post logic: a   75  606  870  746   79  448  895  626  299   92  908  752  306  456  644  496   97  763  310  656  934  659  329  771  499  943  128  673  131  784  968  530  334  542  145  785  549  184  789  562  196  795  816  215  563  218  564  818  219  570  825  826  232  583  831  250  589  598  839  258  869  260  603  288	: b  744  447  730  438   66  729   32  435  718  414   29  709  411   23  389   22  700    9  387  697  696  991    6  382    4  989  380  688  371  981    3  686  980  344    2  683
	preLogic lookup: 75 Rank: 10
post logic: a  606  870  746   79  448  895  626  299   92  908  752  306  456  644  496   97  763  310  656  934  659  329  771  499  943  128  673  131  784  968  530  334  542  145  785  549  184  789  562  196  795  816  215  563  218  564  818  219  570  825  826  232  583  831  250  589  598  839  258  869  260  603  288	: b   75  744  447  730  438   66  729   32  435  718  414   29  709  411   23  389   22  700    9  387  697  696  991    6  382    4  989  380  688  371  981    3  686  980  344    2  683
	preLogic lookup: 606 Rank: 58
post logic: a  870  746   79  448  895  626  299   92  908  752  306  456  644  496   97  763  310  656  934  659  329  771  499  943  128  673  131  784  968  530  334  542  145  785  549  184  789  562  196  795  816  215  563  218  564  818  219  570  825  826  232  583  831  250  589  598  839  258  869  260  603  288  606	: b   75  744  447  730  438   66  729   32  435  718  414   29  709  411   23  389   22  700    9  387  697  696  991    6  382    4  989  380  688  371  981    3  686  980  344    2  683
	preLogic lookup: 870 Rank: 90
post logic: a  746   79  448  895  626  299   92  908  752  306  456  644  496   97  763  310  656  934  659  329  771  499  943  128  673  131  784  968  530  334  542  145  785  549  184  789  562  196  795  816  215  563  218  564  818  219  570  825  826  232  583  831  250  589  598  839  258  869  260  603  288  606  870	: b   75  744  447  730  438   66  729   32  435  718  414   29  709  411   23  389   22  700    9  387  697  696  991    6  382    4  989  380  688  371  981    3  686  980  344    2  683
	preLogic lookup: 746 Rank: 75
post logic: a   79  448  895  626  299   92  908  752  306  456  644  496   97  763  310  656  934  659  329  771  499  943  128  673  131  784  968  530  334  542  145  785  549  184  789  562  196  795  816  215  563  218  564  818  219  570  825  826  232  583  831  250  589  598  839  258  869  260  603  288  606  870	: b  746   75  744  447  730  438   66  729   32  435  718  414   29  709  411   23  389   22  700    9  387  697  696  991    6  382    4  989  380  688  371  981    3  686  980  344    2  683
	preLogic lookup: 79 Rank: 11
post logic: a  448  895  626  299   92  908  752  306  456  644  496   97  763  310  656  934  659  329  771  499  943  128  673  131  784  968  530  334  542  145  785  549  184  789  562  196  795  816  215  563  218  564  818  219  570  825  826  232  583  831  250  589  598  839  258  869  260  603  288  606  870	: b   79  746   75  744  447  730  438   66  729   32  435  718  414   29  709  411   23  389   22  700    9  387  697  696  991    6  382    4  989  380  688  371  981    3  686  980  344    2  683
	preLogic lookup: 448 Rank: 43
post logic: a  895  626  299   92  908  752  306  456  644  496   97  763  310  656  934  659  329  771  499  943  128  673  131  784  968  530  334  542  145  785  549  184  789  562  196  795  816  215  563  218  564  818  219  570  825  826  232  583  831  250  589  598  839  258  869  260  603  288  606  870	: b  448   79  746   75  744  447  730  438   66  729   32  435  718  414   29  709  411   23  389   22  700    9  387  697  696  991    6  382    4  989  380  688  371  981    3  686  980  344    2  683
	preLogic lookup: 895 Rank: 91
post logic: a  626  299   92  908  752  306  456  644  496   97  763  310  656  934  659  329  771  499  943  128  673  131  784  968  530  334  542  145  785  549  184  789  562  196  795  816  215  563  218  564  818  219  570  825  826  232  583  831  250  589  598  839  258  869  260  603  288  606  870  895	: b  448   79  746   75  744  447  730  438   66  729   32  435  718  414   29  709  411   23  389   22  700    9  387  697  696  991    6  382    4  989  380  688  371  981    3  686  980  344    2  683
	preLogic lookup: 626 Rank: 59
post logic: a  299   92  908  752  306  456  644  496   97  763  310  656  934  659  329  771  499  943  128  673  131  784  968  530  334  542  145  785  549  184  789  562  196  795  816  215  563  218  564  818  219  570  825  826  232  583  831  250  589  598  839  258  869  260  603  288  606  870  895  626	: b  448   79  746   75  744  447  730  438   66  729   32  435  718  414   29  709  411   23  389   22  700    9  387  697  696  991    6  382    4  989  380  688  371  981    3  686  980  344    2  683
	preLogic lookup: 299 Rank: 27
post logic: a   92  908  752  306  456  644  496   97  763  310  656  934  659  329  771  499  943  128  673  131  784  968  530  334  542  145  785  549  184  789  562  196  795  816  215  563  218  564  818  219  570  825  826  232  583  831  250  589  598  839  258  869  260  603  288  606  870  895  626  299	: b  448   79  746   75  744  447  730  438   66  729   32  435  718  414   29  709  411   23  389   22  700    9  387  697  696  991    6  382    4  989  380  688  371  981    3  686  980  344    2  683
	preLogic lookup: 92 Rank: 12
post logic: a  908  752  306  456  644  496   97  763  310  656  934  659  329  771  499  943  128  673  131  784  968  530  334  542  145  785  549  184  789  562  196  795  816  215  563  218  564  818  219  570  825  826  232  583  831  250  589  598  839  258  869  260  603  288  606  870  895  626  299	: b   92  448   79  746   75  744  447  730  438   66  729   32  435  718  414   29  709  411   23  389   22  700    9  387  697  696  991    6  382    4  989  380  688  371  981    3  686  980  344    2  683
	preLogic lookup: 908 Rank: 92
post logic: a  752  306  456  644  496   97  763  310  656  934  659  329  771  499  943  128  673  131  784  968  530  334  542  145  785  549  184  789  562  196  795  816  215  563  218  564  818  219  570  825  826  232  583  831  250  589  598  839  258  869  260  603  288  606  870  895  626  299  908	: b   92  448   79  746   75  744  447  730  438   66  729   32  435  718  414   29  709  411   23  389   22  700    9  387  697  696  991    6  382    4  989  380  688  371  981    3  686  980  344    2  683
	preLogic lookup: 752 Rank: 76
post logic: a  306  456  644  496   97  763  310  656  934  659  329  771  499  943  128  673  131  784  968  530  334  542  145  785  549  184  789  562  196  795  816  215  563  218  564  818  219  570  825  826  232  583  831  250  589  598  839  258  869  260  603  288  606  870  895  626  299  908	: b  752   92  448   79  746   75  744  447  730  438   66  729   32  435  718  414   29  709  411   23  389   22  700    9  387  697  696  991    6  382    4  989  380  688  371  981    3  686  980  344    2  683
	preLogic lookup: 306 Rank: 28
post logic: a  456  644  496   97  763  310  656  934  659  329  771  499  943  128  673  131  784  968  530  334  542  145  785  549  184  789  562  196  795  816  215  563  218  564  818  219  570  825  826  232  583  831  250  589  598  839  258  869  260  603  288  606  870  895  626  299  908  306	: b  752   92  448   79  746   75  744  447  730  438   66  729   32  435  718  414   29  709  411   23  389   22  700    9  387  697  696  991    6  382    4  989  380  688  371  981    3  686  980  344    2  683
	preLogic lookup: 456 Rank: 44
post logic: a  644  496   97  763  310  656  934  659  329  771  499  943  128  673  131  784  968  530  334  542  145  785  549  184  789  562  196  795  816  215  563  218  564  818  219  570  825  826  232  583  831  250  589  598  839  258  869  260  603  288  606  870  895  626  299  908  306	: b  456  752   92  448   79  746   75  744  447  730  438   66  729   32  435  718  414   29  709  411   23  389   22  700    9  387  697  696  991    6  382    4  989  380  688  371  981    3  686  980  344    2  683
	preLogic lookup: 644 Rank: 60
post logic: a  496   97  763  310  656  934  659  329  771  499  943  128  673  131  784  968  530  334  542  145  785  549  184  789  562  196  795  816  215  563  218  564  818  219  570  825  826  232  583  831  250  589  598  839  258  869  260  603  288  606  870  895  626  299  908  306  644	: b  456  752   92  448   79  746   75  744  447  730  438   66  729   32  435  718  414   29  709  411   23  389   22  700    9  387  697  696  991    6  382    4  989  380  688  371  981    3  686  980  344    2  683
	preLogic lookup: 496 Rank: 45
post logic: a   97  763  310  656  934  659  329  771  499  943  128  673  131  784  968  530  334  542  145  785  549  184  789  562  196  795  816  215  563  218  564  818  219  570  825  826  232  583  831  250  589  598  839  258  869  260  603  288  606  870  895  626  299  908  306  644	: b  496  456  752   92  448   79  746   75  744  447  730  438   66  729   32  435  718  414   29  709  411   23  389   22  700    9  387  697  696  991    6  382    4  989  380  688  371  981    3  686  980  344    2  683
	preLogic lookup: 97 Rank: 13
post logic: a  763  310  656  934  659  329  771  499  943  128  673  131  784  968  530  334  542  145  785  549  184  789  562  196  795  816  215  563  218  564  818  219  570  825  826  232  583  831  250  589  598  839  258  869  260  603  288  606  870  895  626  299  908  306  644	: b   97  496  456  752   92  448   79  746   75  744  447  730  438   66  729   32  435  718  414   29  709  411   23  389   22  700    9  387  697  696  991    6  382    4  989  380  688  371  981    3  686  980  344    2  683
	preLogic lookup: 763 Rank: 77
post logic: a  310  656  934  659  329  771  499  943  128  673  131  784  968  530  334  542  145  785  549  184  789  562  196  795  816  215  563  218  564  818  219  570  825  826  232  583  831  250  589  598  839  258  869  260  603  288  606  870  895  626  299  908  306  644	: b  763   97  496  456  752   92  448   79  746   75  744  447  730  438   66  729   32  435  718  414   29  709  411   23  389   22  700    9  387  697  696  991    6  382    4  989  380  688  371  981    3  686  980  344    2  683
	preLogic lookup: 310 Rank: 29
post logic: a  656  934  659  329  771  499  943  128  673  131  784  968  530  334  542  145  785  549  184  789  562  196  795  816  215  563  218  564  818  219  570  825  826  232  583  831  250  589  598  839  258  869  260  603  288  606  870  895  626  299  908  306  644  310	: b  763   97  496  456  752   92  448   79  746   75  744  447  730  438   66  729   32  435  718  414   29  709  411   23  389   22  700    9  387  697  696  991    6  382    4  989  380  688  371  981    3  686  980  344    2  683
	preLogic lookup: 656 Rank: 61
post logic: a  934  659  329  771  499  943  128  673  131  784  968  530  334  542  145  785  549  184  789  562  196  795  816  215  563  218  564  818  219  570  825  826  232  583  831  250  589  598  839  258  869  260  603  288  606  870  895  626  299  908  306  644  310  656	: b  763   97  496  456  752   92  448   79  746   75  744  447  730  438   66  729   32  435  718  414   29  709  411   23  389   22  700    9  387  697  696  991    6  382    4  989  380  688  371  981    3  686  980  344    2  683
	preLogic lookup: 934 Rank: 93
post logic: a  659  329  771  499  943  128  673  131  784  968  530  334  542  145  785  549  184  789  562  196  795  816  215  563  218  564  818  219  570  825  826  232  583  831  250  589  598  839  258  869  260  603  288  606  870  895  626  299  908  306  644  310  656  934	: b  763   97  496  456  752   92  448   79  746   75  744  447  730  438   66  729   32  435  718  414   29  709  411   23  389   22  700    9  387  697  696  991    6  382    4  989  380  688  371  981    3  686  980  344    2  683
	preLogic lookup: 659 Rank: 62
post logic: a  329  771  499  943  128  673  131  784  968  530  334  542  145  785  549  184  789  562  196  795  816  215  563  218  564  818  219  570  825  826  232  583  831  250  589  598  839  258  869  260  603  288  606  870  895  626  299  908  306  644  310  656  934  659	: b  763   97  496  456  752   92  448   79  746   75  744  447  730  438   66  729   32  435  718  414   29  709  411   23  389   22  700    9  387  697  696  991    6  382    4  989  380  688  371  981    3  686  980  344    2  683
	preLogic lookup: 329 Rank: 30
post logic: a  771  499  943  128  673  131  784  968  530  334  542  145  785  549  184  789  562  196  795  816  215  563  218  564  818  219  570  825  826  232  583  831  250  589  598  839  258  869  260  603  288  606  870  895  626  299  908  306  644  310  656  934  659  329	: b  763   97  496  456  752   92  448   79  746   75  744  447  730  438   66  729   32  435  718  414   29  709  411   23  389   22  700    9  387  697  696  991    6  382    4  989  380  688  371  981    3  686  980  344    2  683
	preLogic lookup: 771 Rank: 78
post logic: a  499  943  128  673  131  784  968  530  334  542  145  785  549  184  789  562  196  795  816  215  563  218  564  818  219  570  825  826  232  583  831  250  589  598  839  258  869  260  603  288  606  870  895  626  299  908  306  644  310  656  934  659  329	: b  771  763   97  496  456  752   92  448   79  746   75  744  447  730  438   66  729   32  435  718  414   29  709  411   23  389   22  700    9  387  697  696  991    6  382    4  989  380  688  371  981    3  686  980  344    2  683
	preLogic lookup: 499 Rank: 46
post logic: a  943  128  673  131  784  968  530  334  542  145  785  549  184  789  562  196  795  816  215  563  218  564  818  219  570  825  826  232  583  831  250  589  598  839  258  869  260  603  288  606  870  895  626  299  908  306  644  310  656  934  659  329	: b  499  771  763   97  496  456  752   92  448   79  746   75  744  447  730  438   66  729   32  435  718  414   29  709  411   23  389   22  700    9  387  697  696  991    6  382    4  989  380  688  371  981    3  686  980  344    2  683
	preLogic lookup: 943 Rank: 94
post logic: a  128  673  131  784  968  530  334  542  145  785  549  184  789  562  196  795  816  215  563  218  564  818  219  570  825  826  232  583  831  250  589  598  839  258  869  260  603  288  606  870  895  626  299  908  306  644  310  656  934  659  329  943	: b  499  771  763   97  496  456  752   92  448   79  746   75  744  447  730  438   66  729   32  435  718  414   29  709  411   23  389   22  700    9  387  697  696  991    6  382    4  989  380  688  371  981    3  686  980  344    2  683
	preLogic lookup: 128 Rank: 14
post logic: a  673  131  784  968  530  334  542  145  785  549  184  789  562  196  795  816  215  563  218  564  818  219  570  825  826  232  583  831  250  589  598  839  258  869  260  603  288  606  870  895  626  299  908  306  644  310  656  934  659  329  943	: b  128  499  771  763   97  496  456  752   92  448   79  746   75  744  447  730  438   66  729   32  435  718  414   29  709  411   23  389   22  700    9  387  697  696  991    6  382    4  989  380  688  371  981    3  686  980  344    2  683
	preLogic lookup: 673 Rank: 63
post logic: a  131  784  968  530  334  542  145  785  549  184  789  562  196  795  816  215  563  218  564  818  219  570  825  826  232  583  831  250  589  598  839  258  869  260  603  288  606  870  895  626  299  908  306  644  310  656  934  659  329  943  673	: b  128  499  771  763   97  496  456  752   92  448   79  746   75  744  447  730  438   66  729   32  435  718  414   29  709  411   23  389   22  700    9  387  697  696  991    6  382    4  989  380  688  371  981    3  686  980  344    2  683
	preLogic lookup: 131 Rank: 15
post logic: a  784  968  530  334  542  145  785  549  184  789  562  196  795  816  215  563  218  564  818  219  570  825  826  232  583  831  250  589  598  839  258  869  260  603  288  606  870  895  626  299  908  306  644  310  656  934  659  329  943  673	: b  131  128  499  771  763   97  496  456  752   92  448   79  746   75  744  447  730  438   66  729   32  435  718  414   29  709  411   23  389   22  700    9  387  697  696  991    6  382    4  989  380  688  371  981    3  686  980  344    2  683
	preLogic lookup: 784 Rank: 79
post logic: a  968  530  334  542  145  785  549  184  789  562  196  795  816  215  563  218  564  818  219  570  825  826  232  583  831  250  589  598  839  258  869  260  603  288  606  870  895  626  299  908  306  644  310  656  934  659  329  943  673	: b  784  131  128  499  771  763   97  496  456  752   92  448   79  746   75  744  447  730  438   66  729   32  435  718  414   29  709  411   23  389   22  700    9  387  697  696  991    6  382    4  989  380  688  371  981    3  686  980  344    2  683
	preLogic lookup: 968 Rank: 95
post logic: a  530  334  542  145  785  549  184  789  562  196  795  816  215  563  218  564  818  219  570  825  826  232  583  831  250  589  598  839  258  869  260  603  288  606  870  895  626  299  908  306  644  310  656  934  659  329  943  673  968	: b  784  131  128  499  771  763   97  496  456  752   92  448   79  746   75  744  447  730  438   66  729   32  435  718  414   29  709  411   23  389   22  700    9  387  697  696  991    6  382    4  989  380  688  371  981    3  686  980  344    2  683
	preLogic lookup: 530 Rank: 47
post logic: a  334  542  145  785  549  184  789  562  196  795  816  215  563  218  564  818  219  570  825  826  232  583  831  250  589  598  839  258  869  260  603  288  606  870  895  626  299  908  306  644  310  656  934  659  329  943  673  968	: b  530  784  131  128  499  771  763   97  496  456  752   92  448   79  746   75  744  447  730  438   66  729   32  435  718  414   29  709  411   23  389   22  700    9  387  697  696  991    6  382    4  989  380  688  371  981    3  686  980  344    2  683
	preLogic lookup: 334 Rank: 31
post logic: a  542  145  785  549  184  789  562  196  795  816  215  563  218  564  818  219  570  825  826  232  583  831  250  589  598  839  258  869  260  603  288  606  870  895  626  299  908  306  644  310  656  934  659  329  943  673  968  334	: b  530  784  131  128  499  771  763   97  496  456  752   92  448   79  746   75  744  447  730  438   66  729   32  435  718  414   29  709  411   23  389   22  700    9  387  697  696  991    6  382    4  989  380  688  371  981    3  686  980  344    2  683
  preEmpty: a  542  145  785  549  184  789  562  196  795  816  215  563  218  564  818  219  570  825  826  232  583  831  250  589  598  839  258  869  260  603  288  606  870  895  626  299  908  306  644  310  656  934  659  329  943  673  968  334	: b  530  784  131  128  499  771  763   97  496  456  752   92  448   79  746   75  744  447  730  438   66  729   32  435  718  414   29  709  411   23  389   22  700    9  387  697  696  991    6  382    4  989  380  688  371  981    3  686  980  344    2  683
	preLogic lookup: 683 Rank: 64
post logic: a    2  344  980  686    3  981  371  688  380  989    4  382    6  991  696  697  387    9  700   22  389   23  411  709   29  414  718  435   32  729   66  438  730  447  744   75  746   79  448   92  752  456  496   97  763  771  499  128  131  784  530  542  145  785  549  184  789  562  196  795  816  215  563  218  564  818  219  570  825  826  232  583  831  250  589  598  839  258  869  260  603  288  606  870  895  626  299  908  306  644  310  656  934  659  329  943  673  968  334	: b  683
	preLogic lookup: 2 Rank: 0
post logic: a  344  980  686    3  981  371  688  380  989    4  382    6  991  696  697  387    9  700   22  389   23  411  709   29  414  718  435   32  729   66  438  730  447  744   75  746   79  448   92  752  456  496   97  763  771  499  128  131  784  530  542  145  785  549  184  789  562  196  795  816  215  563  218  564  818  219  570  825  826  232  583  831  250  589  598  839  258  869  260  603  288  606  870  895  626  299  908  306  644  310  656  934  659  329  943  673  968  334	: b    2  683
	preLogic lookup: 344 Rank: 32
post logic: a  980  686    3  981  371  688  380  989    4  382    6  991  696  697  387    9  700   22  389   23  411  709   29  414  718  435   32  729   66  438  730  447  744   75  746   79  448   92  752  456  496   97  763  771  499  128  131  784  530  542  145  785  549  184  789  562  196  795  816  215  563  218  564  818  219  570  825  826  232  583  831  250  589  598  839  258  869  260  603  288  606  870  895  626  299  908  306  644  310  656  934  659  329  943  673  968  334  344	: b    2  683
	preLogic lookup: 980 Rank: 96
post logic: a  686    3  981  371  688  380  989    4  382    6  991  696  697  387    9  700   22  389   23  411  709   29  414  718  435   32  729   66  438  730  447  744   75  746   79  448   92  752  456  496   97  763  771  499  128  131  784  530  542  145  785  549  184  789  562  196  795  816  215  563  218  564  818  219  570  825  826  232  583  831  250  589  598  839  258  869  260  603  288  606  870  895  626  299  908  306  644  310  656  934  659  329  943  673  968  334  344  980	: b    2  683
	preLogic lookup: 686 Rank: 65
post logic: a    3  981  371  688  380  989    4  382    6  991  696  697  387    9  700   22  389   23  411  709   29  414  718  435   32  729   66  438  730  447  744   75  746   79  448   92  752  456  496   97  763  771  499  128  131  784  530  542  145  785  549  184  789  562  196  795  816  215  563  218  564  818  219  570  825  826  232  583  831  250  589  598  839  258  869  260  603  288  606  870  895  626  299  908  306  644  310  656  934  659  329  943  673  968  334  344  980	: b  686    2  683
	preLogic lookup: 3 Rank: 1
post logic: a  981  371  688  380  989    4  382    6  991  696  697  387    9  700   22  389   23  411  709   29  414  718  435   32  729   66  438  730  447  744   75  746   79  448   92  752  456  496   97  763  771  499  128  131  784  530  542  145  785  549  184  789  562  196  795  816  215  563  218  564  818  219  570  825  826  232  583  831  250  589  598  839  258  869  260  603  288  606  870  895  626  299  908  306  644  310  656  934  659  329  943  673  968  334  344  980	: b    3  686    2  683
	preLogic lookup: 981 Rank: 97
post logic: a  371  688  380  989    4  382    6  991  696  697  387    9  700   22  389   23  411  709   29  414  718  435   32  729   66  438  730  447  744   75  746   79  448   92  752  456  496   97  763  771  499  128  131  784  530  542  145  785  549  184  789  562  196  795  816  215  563  218  564  818  219  570  825  826  232  583  831  250  589  598  839  258  869  260  603  288  606  870  895  626  299  908  306  644  310  656  934  659  329  943  673  968  334  344  980  981	: b    3  686    2  683
	preLogic lookup: 371 Rank: 33
post logic: a  688  380  989    4  382    6  991  696  697  387    9  700   22  389   23  411  709   29  414  718  435   32  729   66  438  730  447  744   75  746   79  448   92  752  456  496   97  763  771  499  128  131  784  530  542  145  785  549  184  789  562  196  795  816  215  563  218  564  818  219  570  825  826  232  583  831  250  589  598  839  258  869  260  603  288  606  870  895  626  299  908  306  644  310  656  934  659  329  943  673  968  334  344  980  981  371	: b    3  686    2  683
	preLogic lookup: 688 Rank: 66
post logic: a  380  989    4  382    6  991  696  697  387    9  700   22  389   23  411  709   29  414  718  435   32  729   66  438  730  447  744   75  746   79  448   92  752  456  496   97  763  771  499  128  131  784  530  542  145  785  549  184  789  562  196  795  816  215  563  218  564  818  219  570  825  826  232  583  831  250  589  598  839  258  869  260  603  288  606  870  895  626  299  908  306  644  310  656  934  659  329  943  673  968  334  344  980  981  371	: b  688    3  686    2  683
	preLogic lookup: 380 Rank: 34
post logic: a  989    4  382    6  991  696  697  387    9  700   22  389   23  411  709   29  414  718  435   32  729   66  438  730  447  744   75  746   79  448   92  752  456  496   97  763  771  499  128  131  784  530  542  145  785  549  184  789  562  196  795  816  215  563  218  564  818  219  570  825  826  232  583  831  250  589  598  839  258  869  260  603  288  606  870  895  626  299  908  306  644  310  656  934  659  329  943  673  968  334  344  980  981  371  380	: b  688    3  686    2  683
	preLogic lookup: 989 Rank: 98
post logic: a    4  382    6  991  696  697  387    9  700   22  389   23  411  709   29  414  718  435   32  729   66  438  730  447  744   75  746   79  448   92  752  456  496   97  763  771  499  128  131  784  530  542  145  785  549  184  789  562  196  795  816  215  563  218  564  818  219  570  825  826  232  583  831  250  589  598  839  258  869  260  603  288  606  870  895  626  299  908  306  644  310  656  934  659  329  943  673  968  334  344  980  981  371  380  989	: b  688    3  686    2  683
	preLogic lookup: 4 Rank: 2
post logic: a  382    6  991  696  697  387    9  700   22  389   23  411  709   29  414  718  435   32  729   66  438  730  447  744   75  746   79  448   92  752  456  496   97  763  771  499  128  131  784  530  542  145  785  549  184  789  562  196  795  816  215  563  218  564  818  219  570  825  826  232  583  831  250  589  598  839  258  869  260  603  288  606  870  895  626  299  908  306  644  310  656  934  659  329  943  673  968  334  344  980  981  371  380  989	: b    4  688    3  686    2  683
	preLogic lookup: 382 Rank: 35
post logic: a    6  991  696  697  387    9  700   22  389   23  411  709   29  414  718  435   32  729   66  438  730  447  744   75  746   79  448   92  752  456  496   97  763  771  499  128  131  784  530  542  145  785  549  184  789  562  196  795  816  215  563  218  564  818  219  570  825  826  232  583  831  250  589  598  839  258  869  260  603  288  606  870  895  626  299  908  306  644  310  656  934  659  329  943  673  968  334  344  980  981  371  380  989  382	: b    4  688    3  686    2  683
	preLogic lookup: 6 Rank: 3
post logic: a  991  696  697  387    9  700   22  389   23  411  709   29  414  718  435   32  729   66  438  730  447  744   75  746   79  448   92  752  456  496   97  763  771  499  128  131  784  530  542  145  785  549  184  789  562  196  795  816  215  563  218  564  818  219  570  825  826  232  583  831  250  589  598  839  258  869  260  603  288  606  870  895  626  299  908  306  644  310  656  934  659  329  943  673  968  334  344  980  981  371  380  989  382	: b    6    4  688    3  686    2  683
	preLogic lookup: 991 Rank: 99
post logic: a  696  697  387    9  700   22  389   23  411  709   29  414  718  435   32  729   66  438  730  447  744   75  746   79  448   92  752  456  496   97  763  771  499  128  131  784  530  542  145  785  549  184  789  562  196  795  816  215  563  218  564  818  219  570  825  826  232  583  831  250  589  598  839  258  869  260  603  288  606  870  895  626  299  908  306  644  310  656  934  659  329  943  673  968  334  344  980  981  371  380  989  382  991	: b    6    4  688    3  686    2  683
	preLogic lookup: 696 Rank: 67
post logic: a  697  387    9  700   22  389   23  411  709   29  414  718  435   32  729   66  438  730  447  744   75  746   79  448   92  752  456  496   97  763  771  499  128  131  784  530  542  145  785  549  184  789  562  196  795  816  215  563  218  564  818  219  570  825  826  232  583  831  250  589  598  839  258  869  260  603  288  606  870  895  626  299  908  306  644  310  656  934  659  329  943  673  968  334  344  980  981  371  380  989  382  991	: b  696    6    4  688    3  686    2  683
	preLogic lookup: 697 Rank: 68
post logic: a  387    9  700   22  389   23  411  709   29  414  718  435   32  729   66  438  730  447  744   75  746   79  448   92  752  456  496   97  763  771  499  128  131  784  530  542  145  785  549  184  789  562  196  795  816  215  563  218  564  818  219  570  825  826  232  583  831  250  589  598  839  258  869  260  603  288  606  870  895  626  299  908  306  644  310  656  934  659  329  943  673  968  334  344  980  981  371  380  989  382  991	: b  697  696    6    4  688    3  686    2  683
	preLogic lookup: 387 Rank: 36
post logic: a    9  700   22  389   23  411  709   29  414  718  435   32  729   66  438  730  447  744   75  746   79  448   92  752  456  496   97  763  771  499  128  131  784  530  542  145  785  549  184  789  562  196  795  816  215  563  218  564  818  219  570  825  826  232  583  831  250  589  598  839  258  869  260  603  288  606  870  895  626  299  908  306  644  310  656  934  659  329  943  673  968  334  344  980  981  371  380  989  382  991  387	: b  697  696    6    4  688    3  686    2  683
	preLogic lookup: 9 Rank: 4
post logic: a  700   22  389   23  411  709   29  414  718  435   32  729   66  438  730  447  744   75  746   79  448   92  752  456  496   97  763  771  499  128  131  784  530  542  145  785  549  184  789  562  196  795  816  215  563  218  564  818  219  570  825  826  232  583  831  250  589  598  839  258  869  260  603  288  606  870  895  626  299  908  306  644  310  656  934  659  329  943  673  968  334  344  980  981  371  380  989  382  991  387	: b    9  697  696    6    4  688    3  686    2  683
	preLogic lookup: 700 Rank: 69
post logic: a   22  389   23  411  709   29  414  718  435   32  729   66  438  730  447  744   75  746   79  448   92  752  456  496   97  763  771  499  128  131  784  530  542  145  785  549  184  789  562  196  795  816  215  563  218  564  818  219  570  825  826  232  583  831  250  589  598  839  258  869  260  603  288  606  870  895  626  299  908  306  644  310  656  934  659  329  943  673  968  334  344  980  981  371  380  989  382  991  387	: b  700    9  697  696    6    4  688    3  686    2  683
	preLogic lookup: 22 Rank: 5
post logic: a  389   23  411  709   29  414  718  435   32  729   66  438  730  447  744   75  746   79  448   92  752  456  496   97  763  771  499  128  131  784  530  542  145  785  549  184  789  562  196  795  816  215  563  218  564  818  219  570  825  826  232  583  831  250  589  598  839  258  869  260  603  288  606  870  895  626  299  908  306  644  310  656  934  659  329  943  673  968  334  344  980  981  371  380  989  382  991  387	: b   22  700    9  697  696    6    4  688    3  686    2  683
	preLogic lookup: 389 Rank: 37
post logic: a   23  411  709   29  414  718  435   32  729   66  438  730  447  744   75  746   79  448   92  752  456  496   97  763  771  499  128  131  784  530  542  145  785  549  184  789  562  196  795  816  215  563  218  564  818  219  570  825  826  232  583  831  250  589  598  839  258  869  260  603  288  606  870  895  626  299  908  306  644  310  656  934  659  329  943  673  968  334  344  980  981  371  380  989  382  991  387  389	: b   22  700    9  697  696    6    4  688    3  686    2  683
	preLogic lookup: 23 Rank: 6
post logic: a  411  709   29  414  718  435   32  729   66  438  730  447  744   75  746   79  448   92  752  456  496   97  763  771  499  128  131  784  530  542  145  785  549  184  789  562  196  795  816  215  563  218  564  818  219  570  825  826  232  583  831  250  589  598  839  258  869  260  603  288  606  870  895  626  299  908  306  644  310  656  934  659  329  943  673  968  334  344  980  981  371  380  989  382  991  387  389	: b   23   22  700    9  697  696    6    4  688    3  686    2  683
	preLogic lookup: 411 Rank: 38
post logic: a  709   29  414  718  435   32  729   66  438  730  447  744   75  746   79  448   92  752  456  496   97  763  771  499  128  131  784  530  542  145  785  549  184  789  562  196  795  816  215  563  218  564  818  219  570  825  826  232  583  831  250  589  598  839  258  869  260  603  288  606  870  895  626  299  908  306  644  310  656  934  659  329  943  673  968  334  344  980  981  371  380  989  382  991  387  389  411	: b   23   22  700    9  697  696    6    4  688    3  686    2  683
	preLogic lookup: 709 Rank: 70
post logic: a   29  414  718  435   32  729   66  438  730  447  744   75  746   79  448   92  752  456  496   97  763  771  499  128  131  784  530  542  145  785  549  184  789  562  196  795  816  215  563  218  564  818  219  570  825  826  232  583  831  250  589  598  839  258  869  260  603  288  606  870  895  626  299  908  306  644  310  656  934  659  329  943  673  968  334  344  980  981  371  380  989  382  991  387  389  411	: b  709   23   22  700    9  697  696    6    4  688    3  686    2  683
	preLogic lookup: 29 Rank: 7
post logic: a  414  718  435   32  729   66  438  730  447  744   75  746   79  448   92  752  456  496   97  763  771  499  128  131  784  530  542  145  785  549  184  789  562  196  795  816  215  563  218  564  818  219  570  825  826  232  583  831  250  589  598  839  258  869  260  603  288  606  870  895  626  299  908  306  644  310  656  934  659  329  943  673  968  334  344  980  981  371  380  989  382  991  387  389  411	: b   29  709   23   22  700    9  697  696    6    4  688    3  686    2  683
	preLogic lookup: 414 Rank: 39
post logic: a  718  435   32  729   66  438  730  447  744   75  746   79  448   92  752  456  496   97  763  771  499  128  131  784  530  542  145  785  549  184  789  562  196  795  816  215  563  218  564  818  219  570  825  826  232  583  831  250  589  598  839  258  869  260  603  288  606  870  895  626  299  908  306  644  310  656  934  659  329  943  673  968  334  344  980  981  371  380  989  382  991  387  389  411  414	: b   29  709   23   22  700    9  697  696    6    4  688    3  686    2  683
	preLogic lookup: 718 Rank: 71
post logic: a  435   32  729   66  438  730  447  744   75  746   79  448   92  752  456  496   97  763  771  499  128  131  784  530  542  145  785  549  184  789  562  196  795  816  215  563  218  564  818  219  570  825  826  232  583  831  250  589  598  839  258  869  260  603  288  606  870  895  626  299  908  306  644  310  656  934  659  329  943  673  968  334  344  980  981  371  380  989  382  991  387  389  411  414	: b  718   29  709   23   22  700    9  697  696    6    4  688    3  686    2  683
	preLogic lookup: 435 Rank: 40
post logic: a   32  729   66  438  730  447  744   75  746   79  448   92  752  456  496   97  763  771  499  128  131  784  530  542  145  785  549  184  789  562  196  795  816  215  563  218  564  818  219  570  825  826  232  583  831  250  589  598  839  258  869  260  603  288  606  870  895  626  299  908  306  644  310  656  934  659  329  943  673  968  334  344  980  981  371  380  989  382  991  387  389  411  414  435	: b  718   29  709   23   22  700    9  697  696    6    4  688    3  686    2  683
	preLogic lookup: 32 Rank: 8
post logic: a  729   66  438  730  447  744   75  746   79  448   92  752  456  496   97  763  771  499  128  131  784  530  542  145  785  549  184  789  562  196  795  816  215  563  218  564  818  219  570  825  826  232  583  831  250  589  598  839  258  869  260  603  288  606  870  895  626  299  908  306  644  310  656  934  659  329  943  673  968  334  344  980  981  371  380  989  382  991  387  389  411  414  435	: b   32  718   29  709   23   22  700    9  697  696    6    4  688    3  686    2  683
	preLogic lookup: 729 Rank: 72
post logic: a   66  438  730  447  744   75  746   79  448   92  752  456  496   97  763  771  499  128  131  784  530  542  145  785  549  184  789  562  196  795  816  215  563  218  564  818  219  570  825  826  232  583  831  250  589  598  839  258  869  260  603  288  606  870  895  626  299  908  306  644  310  656  934  659  329  943  673  968  334  344  980  981  371  380  989  382  991  387  389  411  414  435	: b  729   32  718   29  709   23   22  700    9  697  696    6    4  688    3  686    2  683
	preLogic lookup: 66 Rank: 9
post logic: a  438  730  447  744   75  746   79  448   92  752  456  496   97  763  771  499  128  131  784  530  542  145  785  549  184  789  562  196  795  816  215  563  218  564  818  219  570  825  826  232  583  831  250  589  598  839  258  869  260  603  288  606  870  895  626  299  908  306  644  310  656  934  659  329  943  673  968  334  344  980  981  371  380  989  382  991  387  389  411  414  435	: b   66  729   32  718   29  709   23   22  700    9  697  696    6    4  688    3  686    2  683
	preLogic lookup: 438 Rank: 41
post logic: a  730  447  744   75  746   79  448   92  752  456  496   97  763  771  499  128  131  784  530  542  145  785  549  184  789  562  196  795  816  215  563  218  564  818  219  570  825  826  232  583  831  250  589  598  839  258  869  260  603  288  606  870  895  626  299  908  306  644  310  656  934  659  329  943  673  968  334  344  980  981  371  380  989  382  991  387  389  411  414  435  438	: b   66  729   32  718   29  709   23   22  700    9  697  696    6    4  688    3  686    2  683
	preLogic lookup: 730 Rank: 73
post logic: a  447  744   75  746   79  448   92  752  456  496   97  763  771  499  128  131  784  530  542  145  785  549  184  789  562  196  795  816  215  563  218  564  818  219  570  825  826  232  583  831  250  589  598  839  258  869  260  603  288  606  870  895  626  299  908  306  644  310  656  934  659  329  943  673  968  334  344  980  981  371  380  989  382  991  387  389  411  414  435  438	: b  730   66  729   32  718   29  709   23   22  700    9  697  696    6    4  688    3  686    2  683
	preLogic lookup: 447 Rank: 42
post logic: a  744   75  746   79  448   92  752  456  496   97  763  771  499  128  131  784  530  542  145  785  549  184  789  562  196  795  816  215  563  218  564  818  219  570  825  826  232  583  831  250  589  598  839  258  869  260  603  288  606  870  895  626  299  908  306  644  310  656  934  659  329  943  673  968  334  344  980  981  371  380  989  382  991  387  389  411  414  435  438  447	: b  730   66  729   32  718   29  709   23   22  700    9  697  696    6    4  688    3  686    2  683
	preLogic lookup: 744 Rank: 74
post logic: a   75  746   79  448   92  752  456  496   97  763  771  499  128  131  784  530  542  145  785  549  184  789  562  196  795  816  215  563  218  564  818  219  570  825  826  232  583  831  250  589  598  839  258  869  260  603  288  606  870  895  626  299  908  306  644  310  656  934  659  329  943  673  968  334  344  980  981  371  380  989  382  991  387  389  411  414  435  438  447	: b  744  730   66  729   32  718   29  709   23   22  700    9  697  696    6    4  688    3  686    2  683
	preLogic lookup: 75 Rank: 10
post logic: a  746   79  448   92  752  456  496   97  763  771  499  128  131  784  530  542  145  785  549  184  789  562  196  795  816  215  563  218  564  818  219  570  825  826  232  583  831  250  589  598  839  258  869  260  603  288  606  870  895  626  299  908  306  644  310  656  934  659  329  943  673  968  334  344  980  981  371  380  989  382  991  387  389  411  414  435  438  447	: b   75  744  730   66  729   32  718   29  709   23   22  700    9  697  696    6    4  688    3  686    2  683
	preLogic lookup: 746 Rank: 75
post logic: a   79  448   92  752  456  496   97  763  771  499  128  131  784  530  542  145  785  549  184  789  562  196  795  816  215  563  218  564  818  219  570  825  826  232  583  831  250  589  598  839  258  869  260  603  288  606  870  895  626  299  908  306  644  310  656  934  659  329  943  673  968  334  344  980  981  371  380  989  382  991  387  389  411  414  435  438  447	: b  746   75  744  730   66  729   32  718   29  709   23   22  700    9  697  696    6    4  688    3  686    2  683
	preLogic lookup: 79 Rank: 11
post logic: a  448   92  752  456  496   97  763  771  499  128  131  784  530  542  145  785  549  184  789  562  196  795  816  215  563  218  564  818  219  570  825  826  232  583  831  250  589  598  839  258  869  260  603  288  606  870  895  626  299  908  306  644  310  656  934  659  329  943  673  968  334  344  980  981  371  380  989  382  991  387  389  411  414  435  438  447	: b   79  746   75  744  730   66  729   32  718   29  709   23   22  700    9  697  696    6    4  688    3  686    2  683
	preLogic lookup: 448 Rank: 43
post logic: a   92  752  456  496   97  763  771  499  128  131  784  530  542  145  785  549  184  789  562  196  795  816  215  563  218  564  818  219  570  825  826  232  583  831  250  589  598  839  258  869  260  603  288  606  870  895  626  299  908  306  644  310  656  934  659  329  943  673  968  334  344  980  981  371  380  989  382  991  387  389  411  414  435  438  447  448	: b   79  746   75  744  730   66  729   32  718   29  709   23   22  700    9  697  696    6    4  688    3  686    2  683
	preLogic lookup: 92 Rank: 12
post logic: a  752  456  496   97  763  771  499  128  131  784  530  542  145  785  549  184  789  562  196  795  816  215  563  218  564  818  219  570  825  826  232  583  831  250  589  598  839  258  869  260  603  288  606  870  895  626  299  908  306  644  310  656  934  659  329  943  673  968  334  344  980  981  371  380  989  382  991  387  389  411  414  435  438  447  448	: b   92   79  746   75  744  730   66  729   32  718   29  709   23   22  700    9  697  696    6    4  688    3  686    2  683
	preLogic lookup: 752 Rank: 76
post logic: a  456  496   97  763  771  499  128  131  784  530  542  145  785  549  184  789  562  196  795  816  215  563  218  564  818  219  570  825  826  232  583  831  250  589  598  839  258  869  260  603  288  606  870  895  626  299  908  306  644  310  656  934  659  329  943  673  968  334  344  980  981  371  380  989  382  991  387  389  411  414  435  438  447  448	: b  752   92   79  746   75  744  730   66  729   32  718   29  709   23   22  700    9  697  696    6    4  688    3  686    2  683
	preLogic lookup: 456 Rank: 44
post logic: a  496   97  763  771  499  128  131  784  530  542  145  785  549  184  789  562  196  795  816  215  563  218  564  818  219  570  825  826  232  583  831  250  589  598  839  258  869  260  603  288  606  870  895  626  299  908  306  644  310  656  934  659  329  943  673  968  334  344  980  981  371  380  989  382  991  387  389  411  414  435  438  447  448  456	: b  752   92   79  746   75  744  730   66  729   32  718   29  709   23   22  700    9  697  696    6    4  688    3  686    2  683
	preLogic lookup: 496 Rank: 45
post logic: a   97  763  771  499  128  131  784  530  542  145  785  549  184  789  562  196  795  816  215  563  218  564  818  219  570  825  826  232  583  831  250  589  598  839  258  869  260  603  288  606  870  895  626  299  908  306  644  310  656  934  659  329  943  673  968  334  344  980  981  371  380  989  382  991  387  389  411  414  435  438  447  448  456  496	: b  752   92   79  746   75  744  730   66  729   32  718   29  709   23   22  700    9  697  696    6    4  688    3  686    2  683
	preLogic lookup: 97 Rank: 13
post logic: a  763  771  499  128  131  784  530  542  145  785  549  184  789  562  196  795  816  215  563  218  564  818  219  570  825  826  232  583  831  250  589  598  839  258  869  260  603  288  606  870  895  626  299  908  306  644  310  656  934  659  329  943  673  968  334  344  980  981  371  380  989  382  991  387  389  411  414  435  438  447  448  456  496	: b   97  752   92   79  746   75  744  730   66  729   32  718   29  709   23   22  700    9  697  696    6    4  688    3  686    2  683
	preLogic lookup: 763 Rank: 77
post logic: a  771  499  128  131  784  530  542  145  785  549  184  789  562  196  795  816  215  563  218  564  818  219  570  825  826  232  583  831  250  589  598  839  258  869  260  603  288  606  870  895  626  299  908  306  644  310  656  934  659  329  943  673  968  334  344  980  981  371  380  989  382  991  387  389  411  414  435  438  447  448  456  496	: b  763   97  752   92   79  746   75  744  730   66  729   32  718   29  709   23   22  700    9  697  696    6    4  688    3  686    2  683
	preLogic lookup: 771 Rank: 78
post logic: a  499  128  131  784  530  542  145  785  549  184  789  562  196  795  816  215  563  218  564  818  219  570  825  826  232  583  831  250  589  598  839  258  869  260  603  288  606  870  895  626  299  908  306  644  310  656  934  659  329  943  673  968  334  344  980  981  371  380  989  382  991  387  389  411  414  435  438  447  448  456  496	: b  771  763   97  752   92   79  746   75  744  730   66  729   32  718   29  709   23   22  700    9  697  696    6    4  688    3  686    2  683
	preLogic lookup: 499 Rank: 46
post logic: a  128  131  784  530  542  145  785  549  184  789  562  196  795  816  215  563  218  564  818  219  570  825  826  232  583  831  250  589  598  839  258  869  260  603  288  606  870  895  626  299  908  306  644  310  656  934  659  329  943  673  968  334  344  980  981  371  380  989  382  991  387  389  411  414  435  438  447  448  456  496  499	: b  771  763   97  752   92   79  746   75  744  730   66  729   32  718   29  709   23   22  700    9  697  696    6    4  688    3  686    2  683
	preLogic lookup: 128 Rank: 14
post logic: a  131  784  530  542  145  785  549  184  789  562  196  795  816  215  563  218  564  818  219  570  825  826  232  583  831  250  589  598  839  258  869  260  603  288  606  870  895  626  299  908  306  644  310  656  934  659  329  943  673  968  334  344  980  981  371  380  989  382  991  387  389  411  414  435  438  447  448  456  496  499	: b  128  771  763   97  752   92   79  746   75  744  730   66  729   32  718   29  709   23   22  700    9  697  696    6    4  688    3  686    2  683
	preLogic lookup: 131 Rank: 15
post logic: a  784  530  542  145  785  549  184  789  562  196  795  816  215  563  218  564  818  219  570  825  826  232  583  831  250  589  598  839  258  869  260  603  288  606  870  895  626  299  908  306  644  310  656  934  659  329  943  673  968  334  344  980  981  371  380  989  382  991  387  389  411  414  435  438  447  448  456  496  499	: b  131  128  771  763   97  752   92   79  746   75  744  730   66  729   32  718   29  709   23   22  700    9  697  696    6    4  688    3  686    2  683
	preLogic lookup: 784 Rank: 79
post logic: a  530  542  145  785  549  184  789  562  196  795  816  215  563  218  564  818  219  570  825  826  232  583  831  250  589  598  839  258  869  260  603  288  606  870  895  626  299  908  306  644  310  656  934  659  329  943  673  968  334  344  980  981  371  380  989  382  991  387  389  411  414  435  438  447  448  456  496  499	: b  784  131  128  771  763   97  752   92   79  746   75  744  730   66  729   32  718   29  709   23   22  700    9  697  696    6    4  688    3  686    2  683
	preLogic lookup: 530 Rank: 47
post logic: a  542  145  785  549  184  789  562  196  795  816  215  563  218  564  818  219  570  825  826  232  583  831  250  589  598  839  258  869  260  603  288  606  870  895  626  299  908  306  644  310  656  934  659  329  943  673  968  334  344  980  981  371  380  989  382  991  387  389  411  414  435  438  447  448  456  496  499  530	: b  784  131  128  771  763   97  752   92   79  746   75  744  730   66  729   32  718   29  709   23   22  700    9  697  696    6    4  688    3  686    2  683
	preLogic lookup: 542 Rank: 48
post logic: a  145  785  549  184  789  562  196  795  816  215  563  218  564  818  219  570  825  826  232  583  831  250  589  598  839  258  869  260  603  288  606  870  895  626  299  908  306  644  310  656  934  659  329  943  673  968  334  344  980  981  371  380  989  382  991  387  389  411  414  435  438  447  448  456  496  499  530  542	: b  784  131  128  771  763   97  752   92   79  746   75  744  730   66  729   32  718   29  709   23   22  700    9  697  696    6    4  688    3  686    2  683
	preLogic lookup: 145 Rank: 16
post logic: a  785  549  184  789  562  196  795  816  215  563  218  564  818  219  570  825  826  232  583  831  250  589  598  839  258  869  260  603  288  606  870  895  626  299  908  306  644  310  656  934  659  329  943  673  968  334  344  980  981  371  380  989  382  991  387  389  411  414  435  438  447  448  456  496  499  530  542	: b  145  784  131  128  771  763   97  752   92   79  746   75  744  730   66  729   32  718   29  709   23   22  700    9  697  696    6    4  688    3  686    2  683
	preLogic lookup: 785 Rank: 80
post logic: a  549  184  789  562  196  795  816  215  563  218  564  818  219  570  825  826  232  583  831  250  589  598  839  258  869  260  603  288  606  870  895  626  299  908  306  644  310  656  934  659  329  943  673  968  334  344  980  981  371  380  989  382  991  387  389  411  414  435  438  447  448  456  496  499  530  542	: b  785  145  784  131  128  771  763   97  752   92   79  746   75  744  730   66  729   32  718   29  709   23   22  700    9  697  696    6    4  688    3  686    2  683
	preLogic lookup: 549 Rank: 49
post logic: a  184  789  562  196  795  816  215  563  218  564  818  219  570  825  826  232  583  831  250  589  598  839  258  869  260  603  288  606  870  895  626  299  908  306  644  310  656  934  659  329  943  673  968  334  344  980  981  371  380  989  382  991  387  389  411  414  435  438  447  448  456  496  499  530  542  549	: b  785  145  784  131  128  771  763   97  752   92   79  746   75  744  730   66  729   32  718   29  709   23   22  700    9  697  696    6    4  688    3  686    2  683
	preLogic lookup: 184 Rank: 17
post logic: a  789  562  196  795  816  215  563  218  564  818  219  570  825  826  232  583  831  250  589  598  839  258  869  260  603  288  606  870  895  626  299  908  306  644  310  656  934  659  329  943  673  968  334  344  980  981  371  380  989  382  991  387  389  411  414  435  438  447  448  456  496  499  530  542  549	: b  184  785  145  784  131  128  771  763   97  752   92   79  746   75  744  730   66  729   32  718   29  709   23   22  700    9  697  696    6    4  688    3  686    2  683
	preLogic lookup: 789 Rank: 81
post logic: a  562  196  795  816  215  563  218  564  818  219  570  825  826  232  583  831  250  589  598  839  258  869  260  603  288  606  870  895  626  299  908  306  644  310  656  934  659  329  943  673  968  334  344  980  981  371  380  989  382  991  387  389  411  414  435  438  447  448  456  496  499  530  542  549	: b  789  184  785  145  784  131  128  771  763   97  752   92   79  746   75  744  730   66  729   32  718   29  709   23   22  700    9  697  696    6    4  688    3  686    2  683
	preLogic lookup: 562 Rank: 50
post logic: a  196  795  816  215  563  218  564  818  219  570  825  826  232  583  831  250  589  598  839  258  869  260  603  288  606  870  895  626  299  908  306  644  310  656  934  659  329  943  673  968  334  344  980  981  371  380  989  382  991  387  389  411  414  435  438  447  448  456  496  499  530  542  549  562	: b  789  184  785  145  784  131  128  771  763   97  752   92   79  746   75  744  730   66  729   32  718   29  709   23   22  700    9  697  696    6    4  688    3  686    2  683
	preLogic lookup: 196 Rank: 18
post logic: a  795  816  215  563  218  564  818  219  570  825  826  232  583  831  250  589  598  839  258  869  260  603  288  606  870  895  626  299  908  306  644  310  656  934  659  329  943  673  968  334  344  980  981  371  380  989  382  991  387  389  411  414  435  438  447  448  456  496  499  530  542  549  562	: b  196  789  184  785  145  784  131  128  771  763   97  752   92   79  746   75  744  730   66  729   32  718   29  709   23   22  700    9  697  696    6    4  688    3  686    2  683
	preLogic lookup: 795 Rank: 82
post logic: a  816  215  563  218  564  818  219  570  825  826  232  583  831  250  589  598  839  258  869  260  603  288  606  870  895  626  299  908  306  644  310  656  934  659  329  943  673  968  334  344  980  981  371  380  989  382  991  387  389  411  414  435  438  447  448  456  496  499  530  542  549  562	: b  795  196  789  184  785  145  784  131  128  771  763   97  752   92   79  746   75  744  730   66  729   32  718   29  709   23   22  700    9  697  696    6    4  688    3  686    2  683
	preLogic lookup: 816 Rank: 83
post logic: a  215  563  218  564  818  219  570  825  826  232  583  831  250  589  598  839  258  869  260  603  288  606  870  895  626  299  908  306  644  310  656  934  659  329  943  673  968  334  344  980  981  371  380  989  382  991  387  389  411  414  435  438  447  448  456  496  499  530  542  549  562	: b  816  795  196  789  184  785  145  784  131  128  771  763   97  752   92   79  746   75  744  730   66  729   32  718   29  709   23   22  700    9  697  696    6    4  688    3  686    2  683
	preLogic lookup: 215 Rank: 19
post logic: a  563  218  564  818  219  570  825  826  232  583  831  250  589  598  839  258  869  260  603  288  606  870  895  626  299  908  306  644  310  656  934  659  329  943  673  968  334  344  980  981  371  380  989  382  991  387  389  411  414  435  438  447  448  456  496  499  530  542  549  562	: b  215  816  795  196  789  184  785  145  784  131  128  771  763   97  752   92   79  746   75  744  730   66  729   32  718   29  709   23   22  700    9  697  696    6    4  688    3  686    2  683
	preLogic lookup: 563 Rank: 51
post logic: a  218  564  818  219  570  825  826  232  583  831  250  589  598  839  258  869  260  603  288  606  870  895  626  299  908  306  644  310  656  934  659  329  943  673  968  334  344  980  981  371  380  989  382  991  387  389  411  414  435  438  447  448  456  496  499  530  542  549  562  563	: b  215  816  795  196  789  184  785  145  784  131  128  771  763   97  752   92   79  746   75  744  730   66  729   32  718   29  709   23   22  700    9  697  696    6    4  688    3  686    2  683
	preLogic lookup: 218 Rank: 20
post logic: a  564  818  219  570  825  826  232  583  831  250  589  598  839  258  869  260  603  288  606  870  895  626  299  908  306  644  310  656  934  659  329  943  673  968  334  344  980  981  371  380  989  382  991  387  389  411  414  435  438  447  448  456  496  499  530  542  549  562  563	: b  218  215  816  795  196  789  184  785  145  784  131  128  771  763   97  752   92   79  746   75  744  730   66  729   32  718   29  709   23   22  700    9  697  696    6    4  688    3  686    2  683
	preLogic lookup: 564 Rank: 52
post logic: a  818  219  570  825  826  232  583  831  250  589  598  839  258  869  260  603  288  606  870  895  626  299  908  306  644  310  656  934  659  329  943  673  968  334  344  980  981  371  380  989  382  991  387  389  411  414  435  438  447  448  456  496  499  530  542  549  562  563  564	: b  218  215  816  795  196  789  184  785  145  784  131  128  771  763   97  752   92   79  746   75  744  730   66  729   32  718   29  709   23   22  700    9  697  696    6    4  688    3  686    2  683
	preLogic lookup: 818 Rank: 84
post logic: a  219  570  825  826  232  583  831  250  589  598  839  258  869  260  603  288  606  870  895  626  299  908  306  644  310  656  934  659  329  943  673  968  334  344  980  981  371  380  989  382  991  387  389  411  414  435  438  447  448  456  496  499  530  542  549  562  563  564	: b  818  218  215  816  795  196  789  184  785  145  784  131  128  771  763   97  752   92   79  746   75  744  730   66  729   32  718   29  709   23   22  700    9  697  696    6    4  688    3  686    2  683
	preLogic lookup: 219 Rank: 21
post logic: a  570  825  826  232  583  831  250  589  598  839  258  869  260  603  288  606  870  895  626  299  908  306  644  310  656  934  659  329  943  673  968  334  344  980  981  371  380  989  382  991  387  389  411  414  435  438  447  448  456  496  499  530  542  549  562  563  564	: b  219  818  218  215  816  795  196  789  184  785  145  784  131  128  771  763   97  752   92   79  746   75  744  730   66  729   32  718   29  709   23   22  700    9  697  696    6    4  688    3  686    2  683
	preLogic lookup: 570 Rank: 53
post logic: a  825  826  232  583  831  250  589  598  839  258  869  260  603  288  606  870  895  626  299  908  306  644  310  656  934  659  329  943  673  968  334  344  980  981  371  380  989  382  991  387  389  411  414  435  438  447  448  456  496  499  530  542  549  562  563  564  570	: b  219  818  218  215  816  795  196  789  184  785  145  784  131  128  771  763   97  752   92   79  746   75  744  730   66  729   32  718   29  709   23   22  700    9  697  696    6    4  688    3  686    2  683
	preLogic lookup: 825 Rank: 85
post logic: a  826  232  583  831  250  589  598  839  258  869  260  603  288  606  870  895  626  299  908  306  644  310  656  934  659  329  943  673  968  334  344  980  981  371  380  989  382  991  387  389  411  414  435  438  447  448  456  496  499  530  542  549  562  563  564  570	: b  825  219  818  218  215  816  795  196  789  184  785  145  784  131  128  771  763   97  752   92   79  746   75  744  730   66  729   32  718   29  709   23   22  700    9  697  696    6    4  688    3  686    2  683
	preLogic lookup: 826 Rank: 86
post logic: a  232  583  831  250  589  598  839  258  869  260  603  288  606  870  895  626  299  908  306  644  310  656  934  659  329  943  673  968  334  344  980  981  371  380  989  382  991  387  389  411  414  435  438  447  448  456  496  499  530  542  549  562  563  564  570	: b  826  825  219  818  218  215  816  795  196  789  184  785  145  784  131  128  771  763   97  752   92   79  746   75  744  730   66  729   32  718   29  709   23   22  700    9  697  696    6    4  688    3  686    2  683
	preLogic lookup: 232 Rank: 22
post logic: a  583  831  250  589  598  839  258  869  260  603  288  606  870  895  626  299  908  306  644  310  656  934  659  329  943  673  968  334  344  980  981  371  380  989  382  991  387  389  411  414  435  438  447  448  456  496  499  530  542  549  562  563  564  570	: b  232  826  825  219  818  218  215  816  795  196  789  184  785  145  784  131  128  771  763   97  752   92   79  746   75  744  730   66  729   32  718   29  709   23   22  700    9  697  696    6    4  688    3  686    2  683
	preLogic lookup: 583 Rank: 54
post logic: a  831  250  589  598  839  258  869  260  603  288  606  870  895  626  299  908  306  644  310  656  934  659  329  943  673  968  334  344  980  981  371  380  989  382  991  387  389  411  414  435  438  447  448  456  496  499  530  542  549  562  563  564  570  583	: b  232  826  825  219  818  218  215  816  795  196  789  184  785  145  784  131  128  771  763   97  752   92   79  746   75  744  730   66  729   32  718   29  709   23   22  700    9  697  696    6    4  688    3  686    2  683
	preLogic lookup: 831 Rank: 87
post logic: a  250  589  598  839  258  869  260  603  288  606  870  895  626  299  908  306  644  310  656  934  659  329  943  673  968  334  344  980  981  371  380  989  382  991  387  389  411  414  435  438  447  448  456  496  499  530  542  549  562  563  564  570  583	: b  831  232  826  825  219  818  218  215  816  795  196  789  184  785  145  784  131  128  771  763   97  752   92   79  746   75  744  730   66  729   32  718   29  709   23   22  700    9  697  696    6    4  688    3  686    2  683
	preLogic lookup: 250 Rank: 23
post logic: a  589  598  839  258  869  260  603  288  606  870  895  626  299  908  306  644  310  656  934  659  329  943  673  968  334  344  980  981  371  380  989  382  991  387  389  411  414  435  438  447  448  456  496  499  530  542  549  562  563  564  570  583	: b  250  831  232  826  825  219  818  218  215  816  795  196  789  184  785  145  784  131  128  771  763   97  752   92   79  746   75  744  730   66  729   32  718   29  709   23   22  700    9  697  696    6    4  688    3  686    2  683
	preLogic lookup: 589 Rank: 55
post logic: a  598  839  258  869  260  603  288  606  870  895  626  299  908  306  644  310  656  934  659  329  943  673  968  334  344  980  981  371  380  989  382  991  387  389  411  414  435  438  447  448  456  496  499  530  542  549  562  563  564  570  583  589	: b  250  831  232  826  825  219  818  218  215  816  795  196  789  184  785  145  784  131  128  771  763   97  752   92   79  746   75  744  730   66  729   32  718   29  709   23   22  700    9  697  696    6    4  688    3  686    2  683
	preLogic lookup: 598 Rank: 56
post logic: a  839  258  869  260  603  288  606  870  895  626  299  908  306  644  310  656  934  659  329  943  673  968  334  344  980  981  371  380  989  382  991  387  389  411  414  435  438  447  448  456  496  499  530  542  549  562  563  564  570  583  589  598	: b  250  831  232  826  825  219  818  218  215  816  795  196  789  184  785  145  784  131  128  771  763   97  752   92   79  746   75  744  730   66  729   32  718   29  709   23   22  700    9  697  696    6    4  688    3  686    2  683
	preLogic lookup: 839 Rank: 88
post logic: a  258  869  260  603  288  606  870  895  626  299  908  306  644  310  656  934  659  329  943  673  968  334  344  980  981  371  380  989  382  991  387  389  411  414  435  438  447  448  456  496  499  530  542  549  562  563  564  570  583  589  598	: b  839  250  831  232  826  825  219  818  218  215  816  795  196  789  184  785  145  784  131  128  771  763   97  752   92   79  746   75  744  730   66  729   32  718   29  709   23   22  700    9  697  696    6    4  688    3  686    2  683
	preLogic lookup: 258 Rank: 24
post logic: a  869  260  603  288  606  870  895  626  299  908  306  644  310  656  934  659  329  943  673  968  334  344  980  981  371  380  989  382  991  387  389  411  414  435  438  447  448  456  496  499  530  542  549  562  563  564  570  583  589  598	: b  258  839  250  831  232  826  825  219  818  218  215  816  795  196  789  184  785  145  784  131  128  771  763   97  752   92   79  746   75  744  730   66  729   32  718   29  709   23   22  700    9  697  696    6    4  688    3  686    2  683
	preLogic lookup: 869 Rank: 89
post logic: a  260  603  288  606  870  895  626  299  908  306  644  310  656  934  659  329  943  673  968  334  344  980  981  371  380  989  382  991  387  389  411  414  435  438  447  448  456  496  499  530  542  549  562  563  564  570  583  589  598	: b  869  258  839  250  831  232  826  825  219  818  218  215  816  795  196  789  184  785  145  784  131  128  771  763   97  752   92   79  746   75  744  730   66  729   32  718   29  709   23   22  700    9  697  696    6    4  688    3  686    2  683
	preLogic lookup: 260 Rank: 25
post logic: a  603  288  606  870  895  626  299  908  306  644  310  656  934  659  329  943  673  968  334  344  980  981  371  380  989  382  991  387  389  411  414  435  438  447  448  456  496  499  530  542  549  562  563  564  570  583  589  598	: b  260  869  258  839  250  831  232  826  825  219  818  218  215  816  795  196  789  184  785  145  784  131  128  771  763   97  752   92   79  746   75  744  730   66  729   32  718   29  709   23   22  700    9  697  696    6    4  688    3  686    2  683
	preLogic lookup: 603 Rank: 57
post logic: a  288  606  870  895  626  299  908  306  644  310  656  934  659  329  943  673  968  334  344  980  981  371  380  989  382  991  387  389  411  414  435  438  447  448  456  496  499  530  542  549  562  563  564  570  583  589  598  603	: b  260  869  258  839  250  831  232  826  825  219  818  218  215  816  795  196  789  184  785  145  784  131  128  771  763   97  752   92   79  746   75  744  730   66  729   32  718   29  709   23   22  700    9  697  696    6    4  688    3  686    2  683
	preLogic lookup: 288 Rank: 26
post logic: a  606  870  895  626  299  908  306  644  310  656  934  659  329  943  673  968  334  344  980  981  371  380  989  382  991  387  389  411  414  435  438  447  448  456  496  499  530  542  549  562  563  564  570  583  589  598  603	: b  288  260  869  258  839  250  831  232  826  825  219  818  218  215  816  795  196  789  184  785  145  784  131  128  771  763   97  752   92   79  746   75  744  730   66  729   32  718   29  709   23   22  700    9  697  696    6    4  688    3  686    2  683
	preLogic lookup: 606 Rank: 58
post logic: a  870  895  626  299  908  306  644  310  656  934  659  329  943  673  968  334  344  980  981  371  380  989  382  991  387  389  411  414  435  438  447  448  456  496  499  530  542  549  562  563  564  570  583  589  598  603  606	: b  288  260  869  258  839  250  831  232  826  825  219  818  218  215  816  795  196  789  184  785  145  784  131  128  771  763   97  752   92   79  746   75  744  730   66  729   32  718   29  709   23   22  700    9  697  696    6    4  688    3  686    2  683
	preLogic lookup: 870 Rank: 90
post logic: a  895  626  299  908  306  644  310  656  934  659  329  943  673  968  334  344  980  981  371  380  989  382  991  387  389  411  414  435  438  447  448  456  496  499  530  542  549  562  563  564  570  583  589  598  603  606	: b  870  288  260  869  258  839  250  831  232  826  825  219  818  218  215  816  795  196  789  184  785  145  784  131  128  771  763   97  752   92   79  746   75  744  730   66  729   32  718   29  709   23   22  700    9  697  696    6    4  688    3  686    2  683
	preLogic lookup: 895 Rank: 91
post logic: a  626  299  908  306  644  310  656  934  659  329  943  673  968  334  344  980  981  371  380  989  382  991  387  389  411  414  435  438  447  448  456  496  499  530  542  549  562  563  564  570  583  589  598  603  606	: b  895  870  288  260  869  258  839  250  831  232  826  825  219  818  218  215  816  795  196  789  184  785  145  784  131  128  771  763   97  752   92   79  746   75  744  730   66  729   32  718   29  709   23   22  700    9  697  696    6    4  688    3  686    2  683
	preLogic lookup: 626 Rank: 59
post logic: a  299  908  306  644  310  656  934  659  329  943  673  968  334  344  980  981  371  380  989  382  991  387  389  411  414  435  438  447  448  456  496  499  530  542  549  562  563  564  570  583  589  598  603  606  626	: b  895  870  288  260  869  258  839  250  831  232  826  825  219  818  218  215  816  795  196  789  184  785  145  784  131  128  771  763   97  752   92   79  746   75  744  730   66  729   32  718   29  709   23   22  700    9  697  696    6    4  688    3  686    2  683
	preLogic lookup: 299 Rank: 27
post logic: a  908  306  644  310  656  934  659  329  943  673  968  334  344  980  981  371  380  989  382  991  387  389  411  414  435  438  447  448  456  496  499  530  542  549  562  563  564  570  583  589  598  603  606  626	: b  299  895  870  288  260  869  258  839  250  831  232  826  825  219  818  218  215  816  795  196  789  184  785  145  784  131  128  771  763   97  752   92   79  746   75  744  730   66  729   32  718   29  709   23   22  700    9  697  696    6    4  688    3  686    2  683
	preLogic lookup: 908 Rank: 92
post logic: a  306  644  310  656  934  659  329  943  673  968  334  344  980  981  371  380  989  382  991  387  389  411  414  435  438  447  448  456  496  499  530  542  549  562  563  564  570  583  589  598  603  606  626	: b  908  299  895  870  288  260  869  258  839  250  831  232  826  825  219  818  218  215  816  795  196  789  184  785  145  784  131  128  771  763   97  752   92   79  746   75  744  730   66  729   32  718   29  709   23   22  700    9  697  696    6    4  688    3  686    2  683
	preLogic lookup: 306 Rank: 28
post logic: a  644  310  656  934  659  329  943  673  968  334  344  980  981  371  380  989  382  991  387  389  411  414  435  438  447  448  456  496  499  530  542  549  562  563  564  570  583  589  598  603  606  626	: b  306  908  299  895  870  288  260  869  258  839  250  831  232  826  825  219  818  218  215  816  795  196  789  184  785  145  784  131  128  771  763   97  752   92   79  746   75  744  730   66  729   32  718   29  709   23   22  700    9  697  696    6    4  688    3  686    2  683
	preLogic lookup: 644 Rank: 60
post logic: a  310  656  934  659  329  943  673  968  334  344  980  981  371  380  989  382  991  387  389  411  414  435  438  447  448  456  496  499  530  542  549  562  563  564  570  583  589  598  603  606  626  644	: b  306  908  299  895  870  288  260  869  258  839  250  831  232  826  825  219  818  218  215  816  795  196  789  184  785  145  784  131  128  771  763   97  752   92   79  746   75  744  730   66  729   32  718   29  709   23   22  700    9  697  696    6    4  688    3  686    2  683
	preLogic lookup: 310 Rank: 29
post logic: a  656  934  659  329  943  673  968  334  344  980  981  371  380  989  382  991  387  389  411  414  435  438  447  448  456  496  499  530  542  549  562  563  564  570  583  589  598  603  606  626  644	: b  310  306  908  299  895  870  288  260  869  258  839  250  831  232  826  825  219  818  218  215  816  795  196  789  184  785  145  784  131  128  771  763   97  752   92   79  746   75  744  730   66  729   32  718   29  709   23   22  700    9  697  696    6    4  688    3  686    2  683
	preLogic lookup: 656 Rank: 61
post logic: a  934  659  329  943  673  968  334  344  980  981  371  380  989  382  991  387  389  411  414  435  438  447  448  456  496  499  530  542  549  562  563  564  570  583  589  598  603  606  626  644  656	: b  310  306  908  299  895  870  288  260  869  258  839  250  831  232  826  825  219  818  218  215  816  795  196  789  184  785  145  784  131  128  771  763   97  752   92   79  746   75  744  730   66  729   32  718   29  709   23   22  700    9  697  696    6    4  688    3  686    2  683
	preLogic lookup: 934 Rank: 93
post logic: a  659  329  943  673  968  334  344  980  981  371  380  989  382  991  387  389  411  414  435  438  447  448  456  496  499  530  542  549  562  563  564  570  583  589  598  603  606  626  644  656	: b  934  310  306  908  299  895  870  288  260  869  258  839  250  831  232  826  825  219  818  218  215  816  795  196  789  184  785  145  784  131  128  771  763   97  752   92   79  746   75  744  730   66  729   32  718   29  709   23   22  700    9  697  696    6    4  688    3  686    2  683
	preLogic lookup: 659 Rank: 62
post logic: a  329  943  673  968  334  344  980  981  371  380  989  382  991  387  389  411  414  435  438  447  448  456  496  499  530  542  549  562  563  564  570  583  589  598  603  606  626  644  656  659	: b  934  310  306  908  299  895  870  288  260  869  258  839  250  831  232  826  825  219  818  218  215  816  795  196  789  184  785  145  784  131  128  771  763   97  752   92   79  746   75  744  730   66  729   32  718   29  709   23   22  700    9  697  696    6    4  688    3  686    2  683
	preLogic lookup: 329 Rank: 30
post logic: a  943  673  968  334  344  980  981  371  380  989  382  991  387  389  411  414  435  438  447  448  456  496  499  530  542  549  562  563  564  570  583  589  598  603  606  626  644  656  659	: b  329  934  310  306  908  299  895  870  288  260  869  258  839  250  831  232  826  825  219  818  218  215  816  795  196  789  184  785  145  784  131  128  771  763   97  752   92   79  746   75  744  730   66  729   32  718   29  709   23   22  700    9  697  696    6    4  688    3  686    2  683
	preLogic lookup: 943 Rank: 94
post logic: a  673  968  334  344  980  981  371  380  989  382  991  387  389  411  414  435  438  447  448  456  496  499  530  542  549  562  563  564  570  583  589  598  603  606  626  644  656  659	: b  943  329  934  310  306  908  299  895  870  288  260  869  258  839  250  831  232  826  825  219  818  218  215  816  795  196  789  184  785  145  784  131  128  771  763   97  752   92   79  746   75  744  730   66  729   32  718   29  709   23   22  700    9  697  696    6    4  688    3  686    2  683
	preLogic lookup: 673 Rank: 63
post logic: a  968  334  344  980  981  371  380  989  382  991  387  389  411  414  435  438  447  448  456  496  499  530  542  549  562  563  564  570  583  589  598  603  606  626  644  656  659  673	: b  943  329  934  310  306  908  299  895  870  288  260  869  258  839  250  831  232  826  825  219  818  218  215  816  795  196  789  184  785  145  784  131  128  771  763   97  752   92   79  746   75  744  730   66  729   32  718   29  709   23   22  700    9  697  696    6    4  688    3  686    2  683
	preLogic lookup: 968 Rank: 95
post logic: a  334  344  980  981  371  380  989  382  991  387  389  411  414  435  438  447  448  456  496  499  530  542  549  562  563  564  570  583  589  598  603  606  626  644  656  659  673	: b  968  943  329  934  310  306  908  299  895  870  288  260  869  258  839  250  831  232  826  825  219  818  218  215  816  795  196  789  184  785  145  784  131  128  771  763   97  752   92   79  746   75  744  730   66  729   32  718   29  709   23   22  700    9  697  696    6    4  688    3  686    2  683
	preLogic lookup: 334 Rank: 31
post logic: a  344  980  981  371  380  989  382  991  387  389  411  414  435  438  447  448  456  496  499  530  542  549  562  563  564  570  583  589  598  603  606  626  644  656  659  673	: b  334  968  943  329  934  310  306  908  299  895  870  288  260  869  258  839  250  831  232  826  825  219  818  218  215  816  795  196  789  184  785  145  784  131  128  771  763   97  752   92   79  746   75  744  730   66  729   32  718   29  709   23   22  700    9  697  696    6    4  688    3  686    2  683
  preEmpty: a  344  980  981  371  380  989  382  991  387  389  411  414  435  438  447  448  456  496  499  530  542  549  562  563  564  570  583  589  598  603  606  626  644  656  659  673	: b  334  968  943  329  934  310  306  908  299  895  870  288  260  869  258  839  250  831  232  826  825  219  818  218  215  816  795  196  789  184  785  145  784  131  128  771  763   97  752   92   79  746   75  744  730   66  729   32  718   29  709   23   22  700    9  697  696    6    4  688    3  686    2  683
	preLogic lookup: 683 Rank: 64
post logic: a    2  686    3  688    4    6  696  697    9  700   22   23  709   29  718   32  729   66  730  744   75  746   79   92  752   97  763  771  128  131  784  145  785  184  789  196  795  816  215  218  818  219  825  826  232  831  250  839  258  869  260  288  870  895  299  908  306  310  934  329  943  968  334  344  980  981  371  380  989  382  991  387  389  411  414  435  438  447  448  456  496  499  530  542  549  562  563  564  570  583  589  598  603  606  626  644  656  659  673  683	: b
	preLogic lookup: 2 Rank: 0
post logic: a  686    3  688    4    6  696  697    9  700   22   23  709   29  718   32  729   66  730  744   75  746   79   92  752   97  763  771  128  131  784  145  785  184  789  196  795  816  215  218  818  219  825  826  232  831  250  839  258  869  260  288  870  895  299  908  306  310  934  329  943  968  334  344  980  981  371  380  989  382  991  387  389  411  414  435  438  447  448  456  496  499  530  542  549  562  563  564  570  583  589  598  603  606  626  644  656  659  673  683	: b    2
	preLogic lookup: 686 Rank: 65
post logic: a    3  688    4    6  696  697    9  700   22   23  709   29  718   32  729   66  730  744   75  746   79   92  752   97  763  771  128  131  784  145  785  184  789  196  795  816  215  218  818  219  825  826  232  831  250  839  258  869  260  288  870  895  299  908  306  310  934  329  943  968  334  344  980  981  371  380  989  382  991  387  389  411  414  435  438  447  448  456  496  499  530  542  549  562  563  564  570  583  589  598  603  606  626  644  656  659  673  683  686	: b    2
	preLogic lookup: 3 Rank: 1
post logic: a  688    4    6  696  697    9  700   22   23  709   29  718   32  729   66  730  744   75  746   79   92  752   97  763  771  128  131  784  145  785  184  789  196  795  816  215  218  818  219  825  826  232  831  250  839  258  869  260  288  870  895  299  908  306  310  934  329  943  968  334  344  980  981  371  380  989  382  991  387  389  411  414  435  438  447  448  456  496  499  530  542  549  562  563  564  570  583  589  598  603  606  626  644  656  659  673  683  686	: b    3    2
	preLogic lookup: 688 Rank: 66
post logic: a    4    6  696  697    9  700   22   23  709   29  718   32  729   66  730  744   75  746   79   92  752   97  763  771  128  131  784  145  785  184  789  196  795  816  215  218  818  219  825  826  232  831  250  839  258  869  260  288  870  895  299  908  306  310  934  329  943  968  334  344  980  981  371  380  989  382  991  387  389  411  414  435  438  447  448  456  496  499  530  542  549  562  563  564  570  583  589  598  603  606  626  644  656  659  673  683  686  688	: b    3    2
	preLogic lookup: 4 Rank: 2
post logic: a    6  696  697    9  700   22   23  709   29  718   32  729   66  730  744   75  746   79   92  752   97  763  771  128  131  784  145  785  184  789  196  795  816  215  218  818  219  825  826  232  831  250  839  258  869  260  288  870  895  299  908  306  310  934  329  943  968  334  344  980  981  371  380  989  382  991  387  389  411  414  435  438  447  448  456  496  499  530  542  549  562  563  564  570  583  589  598  603  606  626  644  656  659  673  683  686  688	: b    4    3    2
	preLogic lookup: 6 Rank: 3
post logic: a  696  697    9  700   22   23  709   29  718   32  729   66  730  744   75  746   79   92  752   97  763  771  128  131  784  145  785  184  789  196  795  816  215  218  818  219  825  826  232  831  250  839  258  869  260  288  870  895  299  908  306  310  934  329  943  968  334  344  980  981  371  380  989  382  991  387  389  411  414  435  438  447  448  456  496  499  530  542  549  562  563  564  570  583  589  598  603  606  626  644  656  659  673  683  686  688	: b    6    4    3    2
	preLogic lookup: 696 Rank: 67
post logic: a  697    9  700   22   23  709   29  718   32  729   66  730  744   75  746   79   92  752   97  763  771  128  131  784  145  785  184  789  196  795  816  215  218  818  219  825  826  232  831  250  839  258  869  260  288  870  895  299  908  306  310  934  329  943  968  334  344  980  981  371  380  989  382  991  387  389  411  414  435  438  447  448  456  496  499  530  542  549  562  563  564  570  583  589  598  603  606  626  644  656  659  673  683  686  688  696	: b    6    4    3    2
	preLogic lookup: 697 Rank: 68
post logic: a    9  700   22   23  709   29  718   32  729   66  730  744   75  746   79   92  752   97  763  771  128  131  784  145  785  184  789  196  795  816  215  218  818  219  825  826  232  831  250  839  258  869  260  288  870  895  299  908  306  310  934  329  943  968  334  344  980  981  371  380  989  382  991  387  389  411  414  435  438  447  448  456  496  499  530  542  549  562  563  564  570  583  589  598  603  606  626  644  656  659  673  683  686  688  696  697	: b    6    4    3    2
	preLogic lookup: 9 Rank: 4
post logic: a  700   22   23  709   29  718   32  729   66  730  744   75  746   79   92  752   97  763  771  128  131  784  145  785  184  789  196  795  816  215  218  818  219  825  826  232  831  250  839  258  869  260  288  870  895  299  908  306  310  934  329  943  968  334  344  980  981  371  380  989  382  991  387  389  411  414  435  438  447  448  456  496  499  530  542  549  562  563  564  570  583  589  598  603  606  626  644  656  659  673  683  686  688  696  697	: b    9    6    4    3    2
	preLogic lookup: 700 Rank: 69
post logic: a   22   23  709   29  718   32  729   66  730  744   75  746   79   92  752   97  763  771  128  131  784  145  785  184  789  196  795  816  215  218  818  219  825  826  232  831  250  839  258  869  260  288  870  895  299  908  306  310  934  329  943  968  334  344  980  981  371  380  989  382  991  387  389  411  414  435  438  447  448  456  496  499  530  542  549  562  563  564  570  583  589  598  603  606  626  644  656  659  673  683  686  688  696  697  700	: b    9    6    4    3    2
	preLogic lookup: 22 Rank: 5
post logic: a   23  709   29  718   32  729   66  730  744   75  746   79   92  752   97  763  771  128  131  784  145  785  184  789  196  795  816  215  218  818  219  825  826  232  831  250  839  258  869  260  288  870  895  299  908  306  310  934  329  943  968  334  344  980  981  371  380  989  382  991  387  389  411  414  435  438  447  448  456  496  499  530  542  549  562  563  564  570  583  589  598  603  606  626  644  656  659  673  683  686  688  696  697  700	: b   22    9    6    4    3    2
	preLogic lookup: 23 Rank: 6
post logic: a  709   29  718   32  729   66  730  744   75  746   79   92  752   97  763  771  128  131  784  145  785  184  789  196  795  816  215  218  818  219  825  826  232  831  250  839  258  869  260  288  870  895  299  908  306  310  934  329  943  968  334  344  980  981  371  380  989  382  991  387  389  411  414  435  438  447  448  456  496  499  530  542  549  562  563  564  570  583  589  598  603  606  626  644  656  659  673  683  686  688  696  697  700	: b   23   22    9    6    4    3    2
	preLogic lookup: 709 Rank: 70
post logic: a   29  718   32  729   66  730  744   75  746   79   92  752   97  763  771  128  131  784  145  785  184  789  196  795  816  215  218  818  219  825  826  232  831  250  839  258  869  260  288  870  895  299  908  306  310  934  329  943  968  334  344  980  981  371  380  989  382  991  387  389  411  414  435  438  447  448  456  496  499  530  542  549  562  563  564  570  583  589  598  603  606  626  644  656  659  673  683  686  688  696  697  700  709	: b   23   22    9    6    4    3    2
	preLogic lookup: 29 Rank: 7
post logic: a  718   32  729   66  730  744   75  746   79   92  752   97  763  771  128  131  784  145  785  184  789  196  795  816  215  218  818  219  825  826  232  831  250  839  258  869  260  288  870  895  299  908  306  310  934  329  943  968  334  344  980  981  371  380  989  382  991  387  389  411  414  435  438  447  448  456  496  499  530  542  549  562  563  564  570  583  589  598  603  606  626  644  656  659  673  683  686  688  696  697  700  709	: b   29   23   22    9    6    4    3    2
	preLogic lookup: 718 Rank: 71
post logic: a   32  729   66  730  744   75  746   79   92  752   97  763  771  128  131  784  145  785  184  789  196  795  816  215  218  818  219  825  826  232  831  250  839  258  869  260  288  870  895  299  908  306  310  934  329  943  968  334  344  980  981  371  380  989  382  991  387  389  411  414  435  438  447  448  456  496  499  530  542  549  562  563  564  570  583  589  598  603  606  626  644  656  659  673  683  686  688  696  697  700  709  718	: b   29   23   22    9    6    4    3    2
	preLogic lookup: 32 Rank: 8
post logic: a  729   66  730  744   75  746   79   92  752   97  763  771  128  131  784  145  785  184  789  196  795  816  215  218  818  219  825  826  232  831  250  839  258  869  260  288  870  895  299  908  306  310  934  329  943  968  334  344  980  981  371  380  989  382  991  387  389  411  414  435  438  447  448  456  496  499  530  542  549  562  563  564  570  583  589  598  603  606  626  644  656  659  673  683  686  688  696  697  700  709  718	: b   32   29   23   22    9    6    4    3    2
	preLogic lookup: 729 Rank: 72
post logic: a   66  730  744   75  746   79   92  752   97  763  771  128  131  784  145  785  184  789  196  795  816  215  218  818  219  825  826  232  831  250  839  258  869  260  288  870  895  299  908  306  310  934  329  943  968  334  344  980  981  371  380  989  382  991  387  389  411  414  435  438  447  448  456  496  499  530  542  549  562  563  564  570  583  589  598  603  606  626  644  656  659  673  683  686  688  696  697  700  709  718  729	: b   32   29   23   22    9    6    4    3    2
	preLogic lookup: 66 Rank: 9
post logic: a  730  744   75  746   79   92  752   97  763  771  128  131  784  145  785  184  789  196  795  816  215  218  818  219  825  826  232  831  250  839  258  869  260  288  870  895  299  908  306  310  934  329  943  968  334  344  980  981  371  380  989  382  991  387  389  411  414  435  438  447  448  456  496  499  530  542  549  562  563  564  570  583  589  598  603  606  626  644  656  659  673  683  686  688  696  697  700  709  718  729	: b   66   32   29   23   22    9    6    4    3    2
	preLogic lookup: 730 Rank: 73
post logic: a  744   75  746   79   92  752   97  763  771  128  131  784  145  785  184  789  196  795  816  215  218  818  219  825  826  232  831  250  839  258  869  260  288  870  895  299  908  306  310  934  329  943  968  334  344  980  981  371  380  989  382  991  387  389  411  414  435  438  447  448  456  496  499  530  542  549  562  563  564  570  583  589  598  603  606  626  644  656  659  673  683  686  688  696  697  700  709  718  729  730	: b   66   32   29   23   22    9    6    4    3    2
	preLogic lookup: 744 Rank: 74
post logic: a   75  746   79   92  752   97  763  771  128  131  784  145  785  184  789  196  795  816  215  218  818  219  825  826  232  831  250  839  258  869  260  288  870  895  299  908  306  310  934  329  943  968  334  344  980  981  371  380  989  382  991  387  389  411  414  435  438  447  448  456  496  499  530  542  549  562  563  564  570  583  589  598  603  606  626  644  656  659  673  683  686  688  696  697  700  709  718  729  730  744	: b   66   32   29   23   22    9    6    4    3    2
	preLogic lookup: 75 Rank: 10
post logic: a  746   79   92  752   97  763  771  128  131  784  145  785  184  789  196  795  816  215  218  818  219  825  826  232  831  250  839  258  869  260  288  870  895  299  908  306  310  934  329  943  968  334  344  980  981  371  380  989  382  991  387  389  411  414  435  438  447  448  456  496  499  530  542  549  562  563  564  570  583  589  598  603  606  626  644  656  659  673  683  686  688  696  697  700  709  718  729  730  744	: b   75   66   32   29   23   22    9    6    4    3    2
	preLogic lookup: 746 Rank: 75
post logic: a   79   92  752   97  763  771  128  131  784  145  785  184  789  196  795  816  215  218  818  219  825  826  232  831  250  839  258  869  260  288  870  895  299  908  306  310  934  329  943  968  334  344  980  981  371  380  989  382  991  387  389  411  414  435  438  447  448  456  496  499  530  542  549  562  563  564  570  583  589  598  603  606  626  644  656  659  673  683  686  688  696  697  700  709  718  729  730  744  746	: b   75   66   32   29   23   22    9    6    4    3    2
	preLogic lookup: 79 Rank: 11
post logic: a   92  752   97  763  771  128  131  784  145  785  184  789  196  795  816  215  218  818  219  825  826  232  831  250  839  258  869  260  288  870  895  299  908  306  310  934  329  943  968  334  344  980  981  371  380  989  382  991  387  389  411  414  435  438  447  448  456  496  499  530  542  549  562  563  564  570  583  589  598  603  606  626  644  656  659  673  683  686  688  696  697  700  709  718  729  730  744  746	: b   79   75   66   32   29   23   22    9    6    4    3    2
	preLogic lookup: 92 Rank: 12
post logic: a  752   97  763  771  128  131  784  145  785  184  789  196  795  816  215  218  818  219  825  826  232  831  250  839  258  869  260  288  870  895  299  908  306  310  934  329  943  968  334  344  980  981  371  380  989  382  991  387  389  411  414  435  438  447  448  456  496  499  530  542  549  562  563  564  570  583  589  598  603  606  626  644  656  659  673  683  686  688  696  697  700  709  718  729  730  744  746	: b   92   79   75   66   32   29   23   22    9    6    4    3    2
	preLogic lookup: 752 Rank: 76
post logic: a   97  763  771  128  131  784  145  785  184  789  196  795  816  215  218  818  219  825  826  232  831  250  839  258  869  260  288  870  895  299  908  306  310  934  329  943  968  334  344  980  981  371  380  989  382  991  387  389  411  414  435  438  447  448  456  496  499  530  542  549  562  563  564  570  583  589  598  603  606  626  644  656  659  673  683  686  688  696  697  700  709  718  729  730  744  746  752	: b   92   79   75   66   32   29   23   22    9    6    4    3    2
	preLogic lookup: 97 Rank: 13
post logic: a  763  771  128  131  784  145  785  184  789  196  795  816  215  218  818  219  825  826  232  831  250  839  258  869  260  288  870  895  299  908  306  310  934  329  943  968  334  344  980  981  371  380  989  382  991  387  389  411  414  435  438  447  448  456  496  499  530  542  549  562  563  564  570  583  589  598  603  606  626  644  656  659  673  683  686  688  696  697  700  709  718  729  730  744  746  752	: b   97   92   79   75   66   32   29   23   22    9    6    4    3    2
	preLogic lookup: 763 Rank: 77
post logic: a  771  128  131  784  145  785  184  789  196  795  816  215  218  818  219  825  826  232  831  250  839  258  869  260  288  870  895  299  908  306  310  934  329  943  968  334  344  980  981  371  380  989  382  991  387  389  411  414  435  438  447  448  456  496  499  530  542  549  562  563  564  570  583  589  598  603  606  626  644  656  659  673  683  686  688  696  697  700  709  718  729  730  744  746  752  763	: b   97   92   79   75   66   32   29   23   22    9    6    4    3    2
	preLogic lookup: 771 Rank: 78
post logic: a  128  131  784  145  785  184  789  196  795  816  215  218  818  219  825  826  232  831  250  839  258  869  260  288  870  895  299  908  306  310  934  329  943  968  334  344  980  981  371  380  989  382  991  387  389  411  414  435  438  447  448  456  496  499  530  542  549  562  563  564  570  583  589  598  603  606  626  644  656  659  673  683  686  688  696  697  700  709  718  729  730  744  746  752  763  771	: b   97   92   79   75   66   32   29   23   22    9    6    4    3    2
	preLogic lookup: 128 Rank: 14
post logic: a  131  784  145  785  184  789  196  795  816  215  218  818  219  825  826  232  831  250  839  258  869  260  288  870  895  299  908  306  310  934  329  943  968  334  344  980  981  371  380  989  382  991  387  389  411  414  435  438  447  448  456  496  499  530  542  549  562  563  564  570  583  589  598  603  606  626  644  656  659  673  683  686  688  696  697  700  709  718  729  730  744  746  752  763  771	: b  128   97   92   79   75   66   32   29   23   22    9    6    4    3    2
	preLogic lookup: 131 Rank: 15
post logic: a  784  145  785  184  789  196  795  816  215  218  818  219  825  826  232  831  250  839  258  869  260  288  870  895  299  908  306  310  934  329  943  968  334  344  980  981  371  380  989  382  991  387  389  411  414  435  438  447  448  456  496  499  530  542  549  562  563  564  570  583  589  598  603  606  626  644  656  659  673  683  686  688  696  697  700  709  718  729  730  744  746  752  763  771	: b  131  128   97   92   79   75   66   32   29   23   22    9    6    4    3    2
	preLogic lookup: 784 Rank: 79
post logic: a  145  785  184  789  196  795  816  215  218  818  219  825  826  232  831  250  839  258  869  260  288  870  895  299  908  306  310  934  329  943  968  334  344  980  981  371  380  989  382  991  387  389  411  414  435  438  447  448  456  496  499  530  542  549  562  563  564  570  583  589  598  603  606  626  644  656  659  673  683  686  688  696  697  700  709  718  729  730  744  746  752  763  771  784	: b  131  128   97   92   79   75   66   32   29   23   22    9    6    4    3    2
	preLogic lookup: 145 Rank: 16
post logic: a  785  184  789  196  795  816  215  218  818  219  825  826  232  831  250  839  258  869  260  288  870  895  299  908  306  310  934  329  943  968  334  344  980  981  371  380  989  382  991  387  389  411  414  435  438  447  448  456  496  499  530  542  549  562  563  564  570  583  589  598  603  606  626  644  656  659  673  683  686  688  696  697  700  709  718  729  730  744  746  752  763  771  784	: b  145  131  128   97   92   79   75   66   32   29   23   22    9    6    4    3    2
	preLogic lookup: 785 Rank: 80
post logic: a  184  789  196  795  816  215  218  818  219  825  826  232  831  250  839  258  869  260  288  870  895  299  908  306  310  934  329  943  968  334  344  980  981  371  380  989  382  991  387  389  411  414  435  438  447  448  456  496  499  530  542  549  562  563  564  570  583  589  598  603  606  626  644  656  659  673  683  686  688  696  697  700  709  718  729  730  744  746  752  763  771  784  785	: b  145  131  128   97   92   79   75   66   32   29   23   22    9    6    4    3    2
	preLogic lookup: 184 Rank: 17
post logic: a  789  196  795  816  215  218  818  219  825  826  232  831  250  839  258  869  260  288  870  895  299  908  306  310  934  329  943  968  334  344  980  981  371  380  989  382  991  387  389  411  414  435  438  447  448  456  496  499  530  542  549  562  563  564  570  583  589  598  603  606  626  644  656  659  673  683  686  688  696  697  700  709  718  729  730  744  746  752  763  771  784  785	: b  184  145  131  128   97   92   79   75   66   32   29   23   22    9    6    4    3    2
	preLogic lookup: 789 Rank: 81
post logic: a  196  795  816  215  218  818  219  825  826  232  831  250  839  258  869  260  288  870  895  299  908  306  310  934  329  943  968  334  344  980  981  371  380  989  382  991  387  389  411  414  435  438  447  448  456  496  499  530  542  549  562  563  564  570  583  589  598  603  606  626  644  656  659  673  683  686  688  696  697  700  709  718  729  730  744  746  752  763  771  784  785  789	: b  184  145  131  128   97   92   79   75   66   32   29   23   22    9    6    4    3    2
	preLogic lookup: 196 Rank: 18
post logic: a  795  816  215  218  818  219  825  826  232  831  250  839  258  869  260  288  870  895  299  908  306  310  934  329  943  968  334  344  980  981  371  380  989  382  991  387  389  411  414  435  438  447  448  456  496  499  530  542  549  562  563  564  570  583  589  598  603  606  626  644  656  659  673  683  686  688  696  697  700  709  718  729  730  744  746  752  763  771  784  785  789	: b  196  184  145  131  128   97   92   79   75   66   32   29   23   22    9    6    4    3    2
	preLogic lookup: 795 Rank: 82
post logic: a  816  215  218  818  219  825  826  232  831  250  839  258  869  260  288  870  895  299  908  306  310  934  329  943  968  334  344  980  981  371  380  989  382  991  387  389  411  414  435  438  447  448  456  496  499  530  542  549  562  563  564  570  583  589  598  603  606  626  644  656  659  673  683  686  688  696  697  700  709  718  729  730  744  746  752  763  771  784  785  789  795	: b  196  184  145  131  128   97   92   79   75   66   32   29   23   22    9    6    4    3    2
	preLogic lookup: 816 Rank: 83
post logic: a  215  218  818  219  825  826  232  831  250  839  258  869  260  288  870  895  299  908  306  310  934  329  943  968  334  344  980  981  371  380  989  382  991  387  389  411  414  435  438  447  448  456  496  499  530  542  549  562  563  564  570  583  589  598  603  606  626  644  656  659  673  683  686  688  696  697  700  709  718  729  730  744  746  752  763  771  784  785  789  795  816	: b  196  184  145  131  128   97   92   79   75   66   32   29   23   22    9    6    4    3    2
	preLogic lookup: 215 Rank: 19
post logic: a  218  818  219  825  826  232  831  250  839  258  869  260  288  870  895  299  908  306  310  934  329  943  968  334  344  980  981  371  380  989  382  991  387  389  411  414  435  438  447  448  456  496  499  530  542  549  562  563  564  570  583  589  598  603  606  626  644  656  659  673  683  686  688  696  697  700  709  718  729  730  744  746  752  763  771  784  785  789  795  816	: b  215  196  184  145  131  128   97   92   79   75   66   32   29   23   22    9    6    4    3    2
	preLogic lookup: 218 Rank: 20
post logic: a  818  219  825  826  232  831  250  839  258  869  260  288  870  895  299  908  306  310  934  329  943  968  334  344  980  981  371  380  989  382  991  387  389  411  414  435  438  447  448  456  496  499  530  542  549  562  563  564  570  583  589  598  603  606  626  644  656  659  673  683  686  688  696  697  700  709  718  729  730  744  746  752  763  771  784  785  789  795  816	: b  218  215  196  184  145  131  128   97   92   79   75   66   32   29   23   22    9    6    4    3    2
	preLogic lookup: 818 Rank: 84
post logic: a  219  825  826  232  831  250  839  258  869  260  288  870  895  299  908  306  310  934  329  943  968  334  344  980  981  371  380  989  382  991  387  389  411  414  435  438  447  448  456  496  499  530  542  549  562  563  564  570  583  589  598  603  606  626  644  656  659  673  683  686  688  696  697  700  709  718  729  730  744  746  752  763  771  784  785  789  795  816  818	: b  218  215  196  184  145  131  128   97   92   79   75   66   32   29   23   22    9    6    4    3    2
	preLogic lookup: 219 Rank: 21
post logic: a  825  826  232  831  250  839  258  869  260  288  870  895  299  908  306  310  934  329  943  968  334  344  980  981  371  380  989  382  991  387  389  411  414  435  438  447  448  456  496  499  530  542  549  562  563  564  570  583  589  598  603  606  626  644  656  659  673  683  686  688  696  697  700  709  718  729  730  744  746  752  763  771  784  785  789  795  816  818	: b  219  218  215  196  184  145  131  128   97   92   79   75   66   32   29   23   22    9    6    4    3    2
	preLogic lookup: 825 Rank: 85
post logic: a  826  232  831  250  839  258  869  260  288  870  895  299  908  306  310  934  329  943  968  334  344  980  981  371  380  989  382  991  387  389  411  414  435  438  447  448  456  496  499  530  542  549  562  563  564  570  583  589  598  603  606  626  644  656  659  673  683  686  688  696  697  700  709  718  729  730  744  746  752  763  771  784  785  789  795  816  818  825	: b  219  218  215  196  184  145  131  128   97   92   79   75   66   32   29   23   22    9    6    4    3    2
	preLogic lookup: 826 Rank: 86
post logic: a  232  831  250  839  258  869  260  288  870  895  299  908  306  310  934  329  943  968  334  344  980  981  371  380  989  382  991  387  389  411  414  435  438  447  448  456  496  499  530  542  549  562  563  564  570  583  589  598  603  606  626  644  656  659  673  683  686  688  696  697  700  709  718  729  730  744  746  752  763  771  784  785  789  795  816  818  825  826	: b  219  218  215  196  184  145  131  128   97   92   79   75   66   32   29   23   22    9    6    4    3    2
	preLogic lookup: 232 Rank: 22
post logic: a  831  250  839  258  869  260  288  870  895  299  908  306  310  934  329  943  968  334  344  980  981  371  380  989  382  991  387  389  411  414  435  438  447  448  456  496  499  530  542  549  562  563  564  570  583  589  598  603  606  626  644  656  659  673  683  686  688  696  697  700  709  718  729  730  744  746  752  763  771  784  785  789  795  816  818  825  826	: b  232  219  218  215  196  184  145  131  128   97   92   79   75   66   32   29   23   22    9    6    4    3    2
	preLogic lookup: 831 Rank: 87
post logic: a  250  839  258  869  260  288  870  895  299  908  306  310  934  329  943  968  334  344  980  981  371  380  989  382  991  387  389  411  414  435  438  447  448  456  496  499  530  542  549  562  563  564  570  583  589  598  603  606  626  644  656  659  673  683  686  688  696  697  700  709  718  729  730  744  746  752  763  771  784  785  789  795  816  818  825  826  831	: b  232  219  218  215  196  184  145  131  128   97   92   79   75   66   32   29   23   22    9    6    4    3    2
	preLogic lookup: 250 Rank: 23
post logic: a  839  258  869  260  288  870  895  299  908  306  310  934  329  943  968  334  344  980  981  371  380  989  382  991  387  389  411  414  435  438  447  448  456  496  499  530  542  549  562  563  564  570  583  589  598  603  606  626  644  656  659  673  683  686  688  696  697  700  709  718  729  730  744  746  752  763  771  784  785  789  795  816  818  825  826  831	: b  250  232  219  218  215  196  184  145  131  128   97   92   79   75   66   32   29   23   22    9    6    4    3    2
	preLogic lookup: 839 Rank: 88
post logic: a  258  869  260  288  870  895  299  908  306  310  934  329  943  968  334  344  980  981  371  380  989  382  991  387  389  411  414  435  438  447  448  456  496  499  530  542  549  562  563  564  570  583  589  598  603  606  626  644  656  659  673  683  686  688  696  697  700  709  718  729  730  744  746  752  763  771  784  785  789  795  816  818  825  826  831  839	: b  250  232  219  218  215  196  184  145  131  128   97   92   79   75   66   32   29   23   22    9    6    4    3    2
	preLogic lookup: 258 Rank: 24
post logic: a  869  260  288  870  895  299  908  306  310  934  329  943  968  334  344  980  981  371  380  989  382  991  387  389  411  414  435  438  447  448  456  496  499  530  542  549  562  563  564  570  583  589  598  603  606  626  644  656  659  673  683  686  688  696  697  700  709  718  729  730  744  746  752  763  771  784  785  789  795  816  818  825  826  831  839	: b  258  250  232  219  218  215  196  184  145  131  128   97   92   79   75   66   32   29   23   22    9    6    4    3    2
	preLogic lookup: 869 Rank: 89
post logic: a  260  288  870  895  299  908  306  310  934  329  943  968  334  344  980  981  371  380  989  382  991  387  389  411  414  435  438  447  448  456  496  499  530  542  549  562  563  564  570  583  589  598  603  606  626  644  656  659  673  683  686  688  696  697  700  709  718  729  730  744  746  752  763  771  784  785  789  795  816  818  825  826  831  839  869	: b  258  250  232  219  218  215  196  184  145  131  128   97   92   79   75   66   32   29   23   22    9    6    4    3    2
	preLogic lookup: 260 Rank: 25
post logic: a  288  870  895  299  908  306  310  934  329  943  968  334  344  980  981  371  380  989  382  991  387  389  411  414  435  438  447  448  456  496  499  530  542  549  562  563  564  570  583  589  598  603  606  626  644  656  659  673  683  686  688  696  697  700  709  718  729  730  744  746  752  763  771  784  785  789  795  816  818  825  826  831  839  869	: b  260  258  250  232  219  218  215  196  184  145  131  128   97   92   79   75   66   32   29   23   22    9    6    4    3    2
	preLogic lookup: 288 Rank: 26
post logic: a  870  895  299  908  306  310  934  329  943  968  334  344  980  981  371  380  989  382  991  387  389  411  414  435  438  447  448  456  496  499  530  542  549  562  563  564  570  583  589  598  603  606  626  644  656  659  673  683  686  688  696  697  700  709  718  729  730  744  746  752  763  771  784  785  789  795  816  818  825  826  831  839  869	: b  288  260  258  250  232  219  218  215  196  184  145  131  128   97   92   79   75   66   32   29   23   22    9    6    4    3    2
	preLogic lookup: 870 Rank: 90
post logic: a  895  299  908  306  310  934  329  943  968  334  344  980  981  371  380  989  382  991  387  389  411  414  435  438  447  448  456  496  499  530  542  549  562  563  564  570  583  589  598  603  606  626  644  656  659  673  683  686  688  696  697  700  709  718  729  730  744  746  752  763  771  784  785  789  795  816  818  825  826  831  839  869  870	: b  288  260  258  250  232  219  218  215  196  184  145  131  128   97   92   79   75   66   32   29   23   22    9    6    4    3    2
	preLogic lookup: 895 Rank: 91
post logic: a  299  908  306  310  934  329  943  968  334  344  980  981  371  380  989  382  991  387  389  411  414  435  438  447  448  456  496  499  530  542  549  562  563  564  570  583  589  598  603  606  626  644  656  659  673  683  686  688  696  697  700  709  718  729  730  744  746  752  763  771  784  785  789  795  816  818  825  826  831  839  869  870  895	: b  288  260  258  250  232  219  218  215  196  184  145  131  128   97   92   79   75   66   32   29   23   22    9    6    4    3    2
	preLogic lookup: 299 Rank: 27
post logic: a  908  306  310  934  329  943  968  334  344  980  981  371  380  989  382  991  387  389  411  414  435  438  447  448  456  496  499  530  542  549  562  563  564  570  583  589  598  603  606  626  644  656  659  673  683  686  688  696  697  700  709  718  729  730  744  746  752  763  771  784  785  789  795  816  818  825  826  831  839  869  870  895	: b  299  288  260  258  250  232  219  218  215  196  184  145  131  128   97   92   79   75   66   32   29   23   22    9    6    4    3    2
	preLogic lookup: 908 Rank: 92
post logic: a  306  310  934  329  943  968  334  344  980  981  371  380  989  382  991  387  389  411  414  435  438  447  448  456  496  499  530  542  549  562  563  564  570  583  589  598  603  606  626  644  656  659  673  683  686  688  696  697  700  709  718  729  730  744  746  752  763  771  784  785  789  795  816  818  825  826  831  839  869  870  895  908	: b  299  288  260  258  250  232  219  218  215  196  184  145  131  128   97   92   79   75   66   32   29   23   22    9    6    4    3    2
	preLogic lookup: 306 Rank: 28
post logic: a  310  934  329  943  968  334  344  980  981  371  380  989  382  991  387  389  411  414  435  438  447  448  456  496  499  530  542  549  562  563  564  570  583  589  598  603  606  626  644  656  659  673  683  686  688  696  697  700  709  718  729  730  744  746  752  763  771  784  785  789  795  816  818  825  826  831  839  869  870  895  908	: b  306  299  288  260  258  250  232  219  218  215  196  184  145  131  128   97   92   79   75   66   32   29   23   22    9    6    4    3    2
	preLogic lookup: 310 Rank: 29
post logic: a  934  329  943  968  334  344  980  981  371  380  989  382  991  387  389  411  414  435  438  447  448  456  496  499  530  542  549  562  563  564  570  583  589  598  603  606  626  644  656  659  673  683  686  688  696  697  700  709  718  729  730  744  746  752  763  771  784  785  789  795  816  818  825  826  831  839  869  870  895  908	: b  310  306  299  288  260  258  250  232  219  218  215  196  184  145  131  128   97   92   79   75   66   32   29   23   22    9    6    4    3    2
	preLogic lookup: 934 Rank: 93
post logic: a  329  943  968  334  344  980  981  371  380  989  382  991  387  389  411  414  435  438  447  448  456  496  499  530  542  549  562  563  564  570  583  589  598  603  606  626  644  656  659  673  683  686  688  696  697  700  709  718  729  730  744  746  752  763  771  784  785  789  795  816  818  825  826  831  839  869  870  895  908  934	: b  310  306  299  288  260  258  250  232  219  218  215  196  184  145  131  128   97   92   79   75   66   32   29   23   22    9    6    4    3    2
	preLogic lookup: 329 Rank: 30
post logic: a  943  968  334  344  980  981  371  380  989  382  991  387  389  411  414  435  438  447  448  456  496  499  530  542  549  562  563  564  570  583  589  598  603  606  626  644  656  659  673  683  686  688  696  697  700  709  718  729  730  744  746  752  763  771  784  785  789  795  816  818  825  826  831  839  869  870  895  908  934	: b  329  310  306  299  288  260  258  250  232  219  218  215  196  184  145  131  128   97   92   79   75   66   32   29   23   22    9    6    4    3    2
	preLogic lookup: 943 Rank: 94
post logic: a  968  334  344  980  981  371  380  989  382  991  387  389  411  414  435  438  447  448  456  496  499  530  542  549  562  563  564  570  583  589  598  603  606  626  644  656  659  673  683  686  688  696  697  700  709  718  729  730  744  746  752  763  771  784  785  789  795  816  818  825  826  831  839  869  870  895  908  934  943	: b  329  310  306  299  288  260  258  250  232  219  218  215  196  184  145  131  128   97   92   79   75   66   32   29   23   22    9    6    4    3    2
	preLogic lookup: 968 Rank: 95
post logic: a  334  344  980  981  371  380  989  382  991  387  389  411  414  435  438  447  448  456  496  499  530  542  549  562  563  564  570  583  589  598  603  606  626  644  656  659  673  683  686  688  696  697  700  709  718  729  730  744  746  752  763  771  784  785  789  795  816  818  825  826  831  839  869  870  895  908  934  943  968	: b  329  310  306  299  288  260  258  250  232  219  218  215  196  184  145  131  128   97   92   79   75   66   32   29   23   22    9    6    4    3    2
	preLogic lookup: 334 Rank: 31
post logic: a  344  980  981  371  380  989  382  991  387  389  411  414  435  438  447  448  456  496  499  530  542  549  562  563  564  570  583  589  598  603  606  626  644  656  659  673  683  686  688  696  697  700  709  718  729  730  744  746  752  763  771  784  785  789  795  816  818  825  826  831  839  869  870  895  908  934  943  968	: b  334  329  310  306  299  288  260  258  250  232  219  218  215  196  184  145  131  128   97   92   79   75   66   32   29   23   22    9    6    4    3    2
	preLogic lookup: 344 Rank: 32
post logic: a  980  981  371  380  989  382  991  387  389  411  414  435  438  447  448  456  496  499  530  542  549  562  563  564  570  583  589  598  603  606  626  644  656  659  673  683  686  688  696  697  700  709  718  729  730  744  746  752  763  771  784  785  789  795  816  818  825  826  831  839  869  870  895  908  934  943  968	: b  344  334  329  310  306  299  288  260  258  250  232  219  218  215  196  184  145  131  128   97   92   79   75   66   32   29   23   22    9    6    4    3    2
	preLogic lookup: 980 Rank: 96
post logic: a  981  371  380  989  382  991  387  389  411  414  435  438  447  448  456  496  499  530  542  549  562  563  564  570  583  589  598  603  606  626  644  656  659  673  683  686  688  696  697  700  709  718  729  730  744  746  752  763  771  784  785  789  795  816  818  825  826  831  839  869  870  895  908  934  943  968  980	: b  344  334  329  310  306  299  288  260  258  250  232  219  218  215  196  184  145  131  128   97   92   79   75   66   32   29   23   22    9    6    4    3    2
	preLogic lookup: 981 Rank: 97
post logic: a  371  380  989  382  991  387  389  411  414  435  438  447  448  456  496  499  530  542  549  562  563  564  570  583  589  598  603  606  626  644  656  659  673  683  686  688  696  697  700  709  718  729  730  744  746  752  763  771  784  785  789  795  816  818  825  826  831  839  869  870  895  908  934  943  968  980  981	: b  344  334  329  310  306  299  288  260  258  250  232  219  218  215  196  184  145  131  128   97   92   79   75   66   32   29   23   22    9    6    4    3    2
	preLogic lookup: 371 Rank: 33
post logic: a  380  989  382  991  387  389  411  414  435  438  447  448  456  496  499  530  542  549  562  563  564  570  583  589  598  603  606  626  644  656  659  673  683  686  688  696  697  700  709  718  729  730  744  746  752  763  771  784  785  789  795  816  818  825  826  831  839  869  870  895  908  934  943  968  980  981	: b  371  344  334  329  310  306  299  288  260  258  250  232  219  218  215  196  184  145  131  128   97   92   79   75   66   32   29   23   22    9    6    4    3    2
	preLogic lookup: 380 Rank: 34
post logic: a  989  382  991  387  389  411  414  435  438  447  448  456  496  499  530  542  549  562  563  564  570  583  589  598  603  606  626  644  656  659  673  683  686  688  696  697  700  709  718  729  730  744  746  752  763  771  784  785  789  795  816  818  825  826  831  839  869  870  895  908  934  943  968  980  981	: b  380  371  344  334  329  310  306  299  288  260  258  250  232  219  218  215  196  184  145  131  128   97   92   79   75   66   32   29   23   22    9    6    4    3    2
	preLogic lookup: 989 Rank: 98
post logic: a  382  991  387  389  411  414  435  438  447  448  456  496  499  530  542  549  562  563  564  570  583  589  598  603  606  626  644  656  659  673  683  686  688  696  697  700  709  718  729  730  744  746  752  763  771  784  785  789  795  816  818  825  826  831  839  869  870  895  908  934  943  968  980  981  989	: b  380  371  344  334  329  310  306  299  288  260  258  250  232  219  218  215  196  184  145  131  128   97   92   79   75   66   32   29   23   22    9    6    4    3    2
	preLogic lookup: 382 Rank: 35
post logic: a  991  387  389  411  414  435  438  447  448  456  496  499  530  542  549  562  563  564  570  583  589  598  603  606  626  644  656  659  673  683  686  688  696  697  700  709  718  729  730  744  746  752  763  771  784  785  789  795  816  818  825  826  831  839  869  870  895  908  934  943  968  980  981  989	: b  382  380  371  344  334  329  310  306  299  288  260  258  250  232  219  218  215  196  184  145  131  128   97   92   79   75   66   32   29   23   22    9    6    4    3    2
	preLogic lookup: 991 Rank: 99
post logic: a  387  389  411  414  435  438  447  448  456  496  499  530  542  549  562  563  564  570  583  589  598  603  606  626  644  656  659  673  683  686  688  696  697  700  709  718  729  730  744  746  752  763  771  784  785  789  795  816  818  825  826  831  839  869  870  895  908  934  943  968  980  981  989  991	: b  382  380  371  344  334  329  310  306  299  288  260  258  250  232  219  218  215  196  184  145  131  128   97   92   79   75   66   32   29   23   22    9    6    4    3    2
	preLogic lookup: 387 Rank: 36
post logic: a  389  411  414  435  438  447  448  456  496  499  530  542  549  562  563  564  570  583  589  598  603  606  626  644  656  659  673  683  686  688  696  697  700  709  718  729  730  744  746  752  763  771  784  785  789  795  816  818  825  826  831  839  869  870  895  908  934  943  968  980  981  989  991	: b  387  382  380  371  344  334  329  310  306  299  288  260  258  250  232  219  218  215  196  184  145  131  128   97   92   79   75   66   32   29   23   22    9    6    4    3    2
	preLogic lookup: 389 Rank: 37
post logic: a  411  414  435  438  447  448  456  496  499  530  542  549  562  563  564  570  583  589  598  603  606  626  644  656  659  673  683  686  688  696  697  700  709  718  729  730  744  746  752  763  771  784  785  789  795  816  818  825  826  831  839  869  870  895  908  934  943  968  980  981  989  991	: b  389  387  382  380  371  344  334  329  310  306  299  288  260  258  250  232  219  218  215  196  184  145  131  128   97   92   79   75   66   32   29   23   22    9    6    4    3    2
	preLogic lookup: 411 Rank: 38
post logic: a  414  435  438  447  448  456  496  499  530  542  549  562  563  564  570  583  589  598  603  606  626  644  656  659  673  683  686  688  696  697  700  709  718  729  730  744  746  752  763  771  784  785  789  795  816  818  825  826  831  839  869  870  895  908  934  943  968  980  981  989  991	: b  411  389  387  382  380  371  344  334  329  310  306  299  288  260  258  250  232  219  218  215  196  184  145  131  128   97   92   79   75   66   32   29   23   22    9    6    4    3    2
	preLogic lookup: 414 Rank: 39
post logic: a  435  438  447  448  456  496  499  530  542  549  562  563  564  570  583  589  598  603  606  626  644  656  659  673  683  686  688  696  697  700  709  718  729  730  744  746  752  763  771  784  785  789  795  816  818  825  826  831  839  869  870  895  908  934  943  968  980  981  989  991	: b  414  411  389  387  382  380  371  344  334  329  310  306  299  288  260  258  250  232  219  218  215  196  184  145  131  128   97   92   79   75   66   32   29   23   22    9    6    4    3    2
	preLogic lookup: 435 Rank: 40
post logic: a  438  447  448  456  496  499  530  542  549  562  563  564  570  583  589  598  603  606  626  644  656  659  673  683  686  688  696  697  700  709  718  729  730  744  746  752  763  771  784  785  789  795  816  818  825  826  831  839  869  870  895  908  934  943  968  980  981  989  991	: b  435  414  411  389  387  382  380  371  344  334  329  310  306  299  288  260  258  250  232  219  218  215  196  184  145  131  128   97   92   79   75   66   32   29   23   22    9    6    4    3    2
	preLogic lookup: 438 Rank: 41
post logic: a  447  448  456  496  499  530  542  549  562  563  564  570  583  589  598  603  606  626  644  656  659  673  683  686  688  696  697  700  709  718  729  730  744  746  752  763  771  784  785  789  795  816  818  825  826  831  839  869  870  895  908  934  943  968  980  981  989  991	: b  438  435  414  411  389  387  382  380  371  344  334  329  310  306  299  288  260  258  250  232  219  218  215  196  184  145  131  128   97   92   79   75   66   32   29   23   22    9    6    4    3    2
	preLogic lookup: 447 Rank: 42
post logic: a  448  456  496  499  530  542  549  562  563  564  570  583  589  598  603  606  626  644  656  659  673  683  686  688  696  697  700  709  718  729  730  744  746  752  763  771  784  785  789  795  816  818  825  826  831  839  869  870  895  908  934  943  968  980  981  989  991	: b  447  438  435  414  411  389  387  382  380  371  344  334  329  310  306  299  288  260  258  250  232  219  218  215  196  184  145  131  128   97   92   79   75   66   32   29   23   22    9    6    4    3    2
	preLogic lookup: 448 Rank: 43
post logic: a  456  496  499  530  542  549  562  563  564  570  583  589  598  603  606  626  644  656  659  673  683  686  688  696  697  700  709  718  729  730  744  746  752  763  771  784  785  789  795  816  818  825  826  831  839  869  870  895  908  934  943  968  980  981  989  991	: b  448  447  438  435  414  411  389  387  382  380  371  344  334  329  310  306  299  288  260  258  250  232  219  218  215  196  184  145  131  128   97   92   79   75   66   32   29   23   22    9    6    4    3    2
	preLogic lookup: 456 Rank: 44
post logic: a  496  499  530  542  549  562  563  564  570  583  589  598  603  606  626  644  656  659  673  683  686  688  696  697  700  709  718  729  730  744  746  752  763  771  784  785  789  795  816  818  825  826  831  839  869  870  895  908  934  943  968  980  981  989  991	: b  456  448  447  438  435  414  411  389  387  382  380  371  344  334  329  310  306  299  288  260  258  250  232  219  218  215  196  184  145  131  128   97   92   79   75   66   32   29   23   22    9    6    4    3    2
	preLogic lookup: 496 Rank: 45
post logic: a  499  530  542  549  562  563  564  570  583  589  598  603  606  626  644  656  659  673  683  686  688  696  697  700  709  718  729  730  744  746  752  763  771  784  785  789  795  816  818  825  826  831  839  869  870  895  908  934  943  968  980  981  989  991	: b  496  456  448  447  438  435  414  411  389  387  382  380  371  344  334  329  310  306  299  288  260  258  250  232  219  218  215  196  184  145  131  128   97   92   79   75   66   32   29   23   22    9    6    4    3    2
	preLogic lookup: 499 Rank: 46
post logic: a  530  542  549  562  563  564  570  583  589  598  603  606  626  644  656  659  673  683  686  688  696  697  700  709  718  729  730  744  746  752  763  771  784  785  789  795  816  818  825  826  831  839  869  870  895  908  934  943  968  980  981  989  991	: b  499  496  456  448  447  438  435  414  411  389  387  382  380  371  344  334  329  310  306  299  288  260  258  250  232  219  218  215  196  184  145  131  128   97   92   79   75   66   32   29   23   22    9    6    4    3    2
	preLogic lookup: 530 Rank: 47
post logic: a  542  549  562  563  564  570  583  589  598  603  606  626  644  656  659  673  683  686  688  696  697  700  709  718  729  730  744  746  752  763  771  784  785  789  795  816  818  825  826  831  839  869  870  895  908  934  943  968  980  981  989  991	: b  530  499  496  456  448  447  438  435  414  411  389  387  382  380  371  344  334  329  310  306  299  288  260  258  250  232  219  218  215  196  184  145  131  128   97   92   79   75   66   32   29   23   22    9    6    4    3    2
	preLogic lookup: 542 Rank: 48
post logic: a  549  562  563  564  570  583  589  598  603  606  626  644  656  659  673  683  686  688  696  697  700  709  718  729  730  744  746  752  763  771  784  785  789  795  816  818  825  826  831  839  869  870  895  908  934  943  968  980  981  989  991	: b  542  530  499  496  456  448  447  438  435  414  411  389  387  382  380  371  344  334  329  310  306  299  288  260  258  250  232  219  218  215  196  184  145  131  128   97   92   79   75   66   32   29   23   22    9    6    4    3    2
	preLogic lookup: 549 Rank: 49
post logic: a  562  563  564  570  583  589  598  603  606  626  644  656  659  673  683  686  688  696  697  700  709  718  729  730  744  746  752  763  771  784  785  789  795  816  818  825  826  831  839  869  870  895  908  934  943  968  980  981  989  991	: b  549  542  530  499  496  456  448  447  438  435  414  411  389  387  382  380  371  344  334  329  310  306  299  288  260  258  250  232  219  218  215  196  184  145  131  128   97   92   79   75   66   32   29   23   22    9    6    4    3    2
	preLogic lookup: 562 Rank: 50
post logic: a  563  564  570  583  589  598  603  606  626  644  656  659  673  683  686  688  696  697  700  709  718  729  730  744  746  752  763  771  784  785  789  795  816  818  825  826  831  839  869  870  895  908  934  943  968  980  981  989  991	: b  562  549  542  530  499  496  456  448  447  438  435  414  411  389  387  382  380  371  344  334  329  310  306  299  288  260  258  250  232  219  218  215  196  184  145  131  128   97   92   79   75   66   32   29   23   22    9    6    4    3    2
	preLogic lookup: 563 Rank: 51
post logic: a  564  570  583  589  598  603  606  626  644  656  659  673  683  686  688  696  697  700  709  718  729  730  744  746  752  763  771  784  785  789  795  816  818  825  826  831  839  869  870  895  908  934  943  968  980  981  989  991	: b  563  562  549  542  530  499  496  456  448  447  438  435  414  411  389  387  382  380  371  344  334  329  310  306  299  288  260  258  250  232  219  218  215  196  184  145  131  128   97   92   79   75   66   32   29   23   22    9    6    4    3    2
	preLogic lookup: 564 Rank: 52
post logic: a  570  583  589  598  603  606  626  644  656  659  673  683  686  688  696  697  700  709  718  729  730  744  746  752  763  771  784  785  789  795  816  818  825  826  831  839  869  870  895  908  934  943  968  980  981  989  991	: b  564  563  562  549  542  530  499  496  456  448  447  438  435  414  411  389  387  382  380  371  344  334  329  310  306  299  288  260  258  250  232  219  218  215  196  184  145  131  128   97   92   79   75   66   32   29   23   22    9    6    4    3    2
	preLogic lookup: 570 Rank: 53
post logic: a  583  589  598  603  606  626  644  656  659  673  683  686  688  696  697  700  709  718  729  730  744  746  752  763  771  784  785  789  795  816  818  825  826  831  839  869  870  895  908  934  943  968  980  981  989  991	: b  570  564  563  562  549  542  530  499  496  456  448  447  438  435  414  411  389  387  382  380  371  344  334  329  310  306  299  288  260  258  250  232  219  218  215  196  184  145  131  128   97   92   79   75   66   32   29   23   22    9    6    4    3    2
	preLogic lookup: 583 Rank: 54
post logic: a  589  598  603  606  626  644  656  659  673  683  686  688  696  697  700  709  718  729  730  744  746  752  763  771  784  785  789  795  816  818  825  826  831  839  869  870  895  908  934  943  968  980  981  989  991	: b  583  570  564  563  562  549  542  530  499  496  456  448  447  438  435  414  411  389  387  382  380  371  344  334  329  310  306  299  288  260  258  250  232  219  218  215  196  184  145  131  128   97   92   79   75   66   32   29   23   22    9    6    4    3    2
	preLogic lookup: 589 Rank: 55
post logic: a  598  603  606  626  644  656  659  673  683  686  688  696  697  700  709  718  729  730  744  746  752  763  771  784  785  789  795  816  818  825  826  831  839  869  870  895  908  934  943  968  980  981  989  991	: b  589  583  570  564  563  562  549  542  530  499  496  456  448  447  438  435  414  411  389  387  382  380  371  344  334  329  310  306  299  288  260  258  250  232  219  218  215  196  184  145  131  128   97   92   79   75   66   32   29   23   22    9    6    4    3    2
	preLogic lookup: 598 Rank: 56
post logic: a  603  606  626  644  656  659  673  683  686  688  696  697  700  709  718  729  730  744  746  752  763  771  784  785  789  795  816  818  825  826  831  839  869  870  895  908  934  943  968  980  981  989  991	: b  598  589  583  570  564  563  562  549  542  530  499  496  456  448  447  438  435  414  411  389  387  382  380  371  344  334  329  310  306  299  288  260  258  250  232  219  218  215  196  184  145  131  128   97   92   79   75   66   32   29   23   22    9    6    4    3    2
	preLogic lookup: 603 Rank: 57
post logic: a  606  626  644  656  659  673  683  686  688  696  697  700  709  718  729  730  744  746  752  763  771  784  785  789  795  816  818  825  826  831  839  869  870  895  908  934  943  968  980  981  989  991	: b  603  598  589  583  570  564  563  562  549  542  530  499  496  456  448  447  438  435  414  411  389  387  382  380  371  344  334  329  310  306  299  288  260  258  250  232  219  218  215  196  184  145  131  128   97   92   79   75   66   32   29   23   22    9    6    4    3    2
	preLogic lookup: 606 Rank: 58
post logic: a  626  644  656  659  673  683  686  688  696  697  700  709  718  729  730  744  746  752  763  771  784  785  789  795  816  818  825  826  831  839  869  870  895  908  934  943  968  980  981  989  991	: b  606  603  598  589  583  570  564  563  562  549  542  530  499  496  456  448  447  438  435  414  411  389  387  382  380  371  344  334  329  310  306  299  288  260  258  250  232  219  218  215  196  184  145  131  128   97   92   79   75   66   32   29   23   22    9    6    4    3    2
	preLogic lookup: 626 Rank: 59
post logic: a  644  656  659  673  683  686  688  696  697  700  709  718  729  730  744  746  752  763  771  784  785  789  795  816  818  825  826  831  839  869  870  895  908  934  943  968  980  981  989  991	: b  626  606  603  598  589  583  570  564  563  562  549  542  530  499  496  456  448  447  438  435  414  411  389  387  382  380  371  344  334  329  310  306  299  288  260  258  250  232  219  218  215  196  184  145  131  128   97   92   79   75   66   32   29   23   22    9    6    4    3    2
	preLogic lookup: 644 Rank: 60
post logic: a  656  659  673  683  686  688  696  697  700  709  718  729  730  744  746  752  763  771  784  785  789  795  816  818  825  826  831  839  869  870  895  908  934  943  968  980  981  989  991	: b  644  626  606  603  598  589  583  570  564  563  562  549  542  530  499  496  456  448  447  438  435  414  411  389  387  382  380  371  344  334  329  310  306  299  288  260  258  250  232  219  218  215  196  184  145  131  128   97   92   79   75   66   32   29   23   22    9    6    4    3    2
	preLogic lookup: 656 Rank: 61
post logic: a  659  673  683  686  688  696  697  700  709  718  729  730  744  746  752  763  771  784  785  789  795  816  818  825  826  831  839  869  870  895  908  934  943  968  980  981  989  991	: b  656  644  626  606  603  598  589  583  570  564  563  562  549  542  530  499  496  456  448  447  438  435  414  411  389  387  382  380  371  344  334  329  310  306  299  288  260  258  250  232  219  218  215  196  184  145  131  128   97   92   79   75   66   32   29   23   22    9    6    4    3    2
	preLogic lookup: 659 Rank: 62
post logic: a  673  683  686  688  696  697  700  709  718  729  730  744  746  752  763  771  784  785  789  795  816  818  825  826  831  839  869  870  895  908  934  943  968  980  981  989  991	: b  659  656  644  626  606  603  598  589  583  570  564  563  562  549  542  530  499  496  456  448  447  438  435  414  411  389  387  382  380  371  344  334  329  310  306  299  288  260  258  250  232  219  218  215  196  184  145  131  128   97   92   79   75   66   32   29   23   22    9    6    4    3    2
	preLogic lookup: 673 Rank: 63
post logic: a  683  686  688  696  697  700  709  718  729  730  744  746  752  763  771  784  785  789  795  816  818  825  826  831  839  869  870  895  908  934  943  968  980  981  989  991	: b  673  659  656  644  626  606  603  598  589  583  570  564  563  562  549  542  530  499  496  456  448  447  438  435  414  411  389  387  382  380  371  344  334  329  310  306  299  288  260  258  250  232  219  218  215  196  184  145  131  128   97   92   79   75   66   32   29   23   22    9    6    4    3    2
  preEmpty: a  683  686  688  696  697  700  709  718  729  730  744  746  752  763  771  784  785  789  795  816  818  825  826  831  839  869  870  895  908  934  943  968  980  981  989  991	: b  673  659  656  644  626  606  603  598  589  583  570  564  563  562  549  542  530  499  496  456  448  447  438  435  414  411  389  387  382  380  371  344  334  329  310  306  299  288  260  258  250  232  219  218  215  196  184  145  131  128   97   92   79   75   66   32   29   23   22    9    6    4    3    2
       END: a    2    3    4    6    9   22   23   29   32   66   75   79   92   97  128  131  145  184  196  215  218  219  232  250  258  260  288  299  306  310  329  334  344  371  380  382  387  389  411  414  435  438  447  448  456  496  499  530  542  549  562  563  564  570  583  589  598  603  606  626  644  656  659  673  683  686  688  696  697  700  709  718  729  730  744  746  752  763  771  784  785  789  795  816  818  825  826  831  839  869  870  895  908  934  943  968  980  981  989  991	: b
	Sorting End: 1084

Algorithm 6	Chunking Sort
     Start: a  659  219  382  542  746  869   66  598    6   29   79  686   92  908  435  288  688  991  549  839   32  218  700  414  752  306  683  673  456   23  380  826  411  438  989  496  564   22    2  389  184  831    4  344  644  447  232   97    3  258  250  329  744  562  583  763  771  570  697  131  784  589  968  196  818  980  816  260  603   75  310  709  656  730  825  215  448  499  696  145  895  943  563  128  718  530  934  981  387  606  626  371  785  334    9  299  795  729  870  789	: b
     Pre A: a  659  219  382  542  746  869   66  598    6   29   79  686   92  908  435  288  688  991  549  839   32  218  700  414  752  306  683  673  456   23  380  826  411  438  989  496  564   22    2  389  184  831    4  344  644  447  232   97    3  258  250  329  744  562  583  763  771  570  697  131  784  589  968  196  818  980  816  260  603   75  310  709  656  730  825  215  448  499  696  145  895  943  563  128  718  530  934  981  387  606  626  371  785  334    9  299  795  729  870  789	: b
    Post A: a	: b  870  981  934  943  895  980  968  989  991  908  789  795  785  825  816  818  831  826  839  869  729  718  730  709  784  771  763  744  752  746  696  656  697  644  673  683  700  688  686  659  626  606  563  603  589  570  583  562  564  598  530  499  448  447  496  438  456  549  435  542  334  371  387  329  344  389  411  380  414  382  299  310  260  250  258  232  306  218  288  219  128  145  215   75  196  131   97  184   92   79    9    3    4    2   22   23   32   29    6   66
       END: a    2    3    4    6    9   22   23   29   32   66   75   79   92   97  128  131  145  184  196  215  218  219  232  250  258  260  288  299  306  310  329  334  344  371  380  382  387  389  411  414  435  438  447  448  456  496  499  530  542  549  562  563  564  570  583  589  598  603  606  626  644  656  659  673  683  686  688  696  697  700  709  718  729  730  744  746  752  763  771  784  785  789  795  816  818  825  826  831  839  869  870  895  908  934  943  968  980  981  989  991	: b
	Sorting End: 834


Printing Algorithm: 6

	Chunking Sort
     Start: a  659  219  382  542  746  869   66  598    6   29   79  686   92  908  435  288  688  991  549  839   32  218  700  414  752  306  683  673  456   23  380  826  411  438  989  496  564   22    2  389  184  831    4  344  644  447  232   97    3  258  250  329  744  562  583  763  771  570  697  131  784  589  968  196  818  980  816  260  603   75  310  709  656  730  825  215  448  499  696  145  895  943  563  128  718  530  934  981  387  606  626  371  785  334    9  299  795  729  870  789	: b
     Pre A: a  659  219  382  542  746  869   66  598    6   29   79  686   92  908  435  288  688  991  549  839   32  218  700  414  752  306  683  673  456   23  380  826  411  438  989  496  564   22    2  389  184  831    4  344  644  447  232   97    3  258  250  329  744  562  583  763  771  570  697  131  784  589  968  196  818  980  816  260  603   75  310  709  656  730  825  215  448  499  696  145  895  943  563  128  718  530  934  981  387  606  626  371  785  334    9  299  795  729  870  789	: b
    Post A: a	: b  870  981  934  943  895  980  968  989  991  908  789  795  785  825  816  818  831  826  839  869  729  718  730  709  784  771  763  744  752  746  696  656  697  644  673  683  700  688  686  659  626  606  563  603  589  570  583  562  564  598  530  499  448  447  496  438  456  549  435  542  334  371  387  329  344  389  411  380  414  382  299  310  260  250  258  232  306  218  288  219  128  145  215   75  196  131   97  184   92   79    9    3    4    2   22   23   32   29    6   66
       END: a    2    3    4    6    9   22   23   29   32   66   75   79   92   97  128  131  145  184  196  215  218  219  232  250  258  260  288  299  306  310  329  334  344  371  380  382  387  389  411  414  435  438  447  448  456  496  499  530  542  549  562  563  564  570  583  589  598  603  606  626  644  656  659  673  683  686  688  696  697  700  709  718  729  730  744  746  752  763  771  784  785  789  795  816  818  825  826  831  839  869  870  895  908  934  943  968  980  981  989  991	: b
