Multiple size <= 100
TEST 1 ARG:14 72 78 56 88 15 91 77 48 52 57 40 92 2 50 6 37 59 66 65 28 73 10 18 31 61 11 17 96 7 4 75 81 27 83 90 8 0 19 87 93 49 25 69 24 60 12 3 41 82 55 23 84 20 85 32 67 22 36 63 99 58 74 97 46 86 35 62 44 64 33 13 30 68 43 53 70 39 42 98 26 94 47 34 9 21 38 51 16 71 5 76 95 80 45 79 29 54 89 1 
TEST 2 ARG:2 58 63 67 4 45 92 13 21 38 97 60 65 32 12 85 37 88 28 7 23 20 10 27 80 66 57 50 96 93 54 40 89 33 11 46 82 72 49 62 8 79 84 18 15 16 64 39 81 91 76 70 36 43 42 95 35 77 22 47 75 86 6 51 30 78 74 69 17 31 94 34 5 55 83 19 59 99 9 71 0 87 41 53 44 90 52 24 56 29 1 26 98 14 73 61 25 68 3 48 
TEST 3 ARG:47 49 61 32 69 93 62 5 13 73 78 74 43 50 40 92 42 87 41 29 2 59 89 80 15 63 23 19 46 57 94 82 56 25 9 24 84 53 28 88 90 26 37 52 22 39 35 31 0 96 86 98 45 1 95 8 3 54 81 70 4 68 10 17 99 16 79 44 85 18 38 20 21 97 58 48 65 64 75 76 27 34 83 67 12 77 36 7 14 72 55 6 66 11 33 91 30 71 51 60 
TEST 4 ARG:59 17 26 16 97 11 69 62 3 78 82 91 15 52 28 68 71 4 67 38 43 30 65 87 41 94 53 90 57 37 45 6 80 33 10 0 55 40 84 70 88 46 93 23 29 58 85 73 61 14 83 8 74 36 24 63 77 19 9 54 66 35 48 32 64 81 20 56 5 7 34 92 98 44 2 50 72 39 42 21 86 1 89 27 76 25 95 12 96 51 60 18 47 22 13 49 79 75 31 99 
TEST 5 ARG:30 78 96 75 60 72 97 27 98 87 26 83 56 53 5 91 49 15 73 76 89 86 71 18 4 50 84 52 19 93 16 13 39 9 64 45 99 8 28 68 33 48 42 79 62 25 67 22 24 10 58 70 88 92 17 32 65 55 3 29 59 69 34 77 47 11 95 2 35 94 20 40 80 31 36 6 7 14 43 63 54 1 23 85 44 37 0 46 81 90 61 12 57 74 38 21 51 66 82 41 
TEST 6 ARG:10 20 15 63 18 62 36 66 70 83 72 16 52 75 54 80 1 8 84 58 2 6 28 17 76 53 23 26 67 98 46 65 45 92 44 4 57 77 99 71 3 56 47 81 64 11 13 93 27 39 31 96 88 5 21 59 79 29 14 85 22 25 35 34 7 60 95 42 40 68 50 61 74 38 78 97 24 0 12 19 91 86 94 48 89 55 82 9 87 32 41 33 37 73 49 69 30 43 51 90 
TEST 7 ARG:22 56 71 88 59 8 6 98 13 41 28 67 11 74 19 53 0 90 72 66 44 95 62 38 40 27 60 86 73 77 49 82 96 34 39 94 4 83 64 26 63 61 70 42 85 32 2 35 37 20 21 1 48 36 16 43 50 97 68 76 92 89 17 46 57 81 33 47 18 15 7 23 87 75 24 58 25 54 45 91 52 31 69 79 80 99 9 3 12 51 14 55 78 65 93 29 5 84 30 10 
TEST 8 ARG:74 33 21 27 76 35 89 48 56 83 65 18 34 87 20 60 11 94 95 30 43 52 53 70 9 82 54 14 37 92 7 22 72 51 12 17 38 41 5 58 59 98 31 39 84 4 86 80 19 88 46 62 2 73 29 50 44 97 1 96 68 71 85 91 24 3 10 15 90 49 81 36 64 16 8 78 69 28 77 57 6 23 79 47 61 32 93 99 42 40 13 67 25 0 55 26 63 66 45 75 
TEST 9 ARG:16 93 63 13 14 53 51 6 96 50 65 2 58 27 94 75 7 44 33 52 28 15 11 29 48 68 25 31 0 3 21 12 43 66 92 54 22 19 83 90 1 86 84 4 97 30 35 18 45 74 40 39 37 57 8 64 9 60 79 88 72 99 5 95 78 67 77 70 26 82 87 61 71 47 20 46 59 56 80 32 10 98 38 91 69 76 34 73 42 62 23 24 55 41 85 89 17 36 49 81 
TEST 10 ARG:9 21 61 60 25 49 80 86 97 46 51 68 30 28 71 8 34 7 32 90 81 26 54 94 2 37 42 48 77 93 58 95 39 16 20 55 52 38 3 45 24 15 47 64 22 79 65 92 36 33 88 13 11 14 99 17 91 66 96 85 78 62 73 69 29 23 82 4 43 57 56 74 67 6 72 40 63 50 27 53 31 10 89 84 59 18 5 44 75 12 87 1 0 98 76 19 70 83 35 41 
TEST 11 ARG:12 89 0 98 22 33 24 18 54 30 88 97 48 43 66 86 93 16 72 13 45 50 79 44 61 63 73 29 47 4 5 20 69 92 11 15 78 94 57 37 7 46 58 96 65 14 8 59 87 68 71 51 1 80 25 35 95 64 42 3 60 26 6 70 84 82 56 75 36 9 31 10 49 62 67 90 74 2 17 52 83 99 32 76 27 23 40 34 39 55 41 91 21 85 77 53 38 19 81 28 
TEST 12 ARG:96 32 41 44 69 51 4 58 27 38 94 28 67 53 98 35 17 49 37 47 66 55 75 61 64 95 54 84 15 10 93 74 23 34 89 72 18 39 57 60 73 65 3 8 12 46 21 22 92 56 36 82 43 79 63 68 25 78 91 81 1 13 77 30 48 19 31 76 33 80 11 16 26 88 83 52 20 70 14 71 7 87 99 0 86 62 97 50 45 42 24 90 2 9 85 5 29 40 59 6 
TEST 13 ARG:26 20 37 99 91 7 24 39 52 29 62 89 15 48 4 90 17 5 61 53 63 51 11 50 0 30 64 76 95 6 2 35 97 86 56 41 25 71 9 69 43 87 68 77 83 84 3 18 66 40 60 82 12 70 55 72 28 14 94 49 67 44 21 58 22 81 79 98 19 42 36 80 96 31 33 93 46 8 13 47 78 74 16 32 10 73 23 45 85 38 65 1 75 54 92 59 57 34 88 27 
TEST 14 ARG:22 89 16 4 97 79 60 94 29 85 44 90 30 35 19 14 45 81 71 21 98 9 48 52 68 67 74 56 50 42 70 41 10 27 6 15 69 13 24 2 11 40 75 61 78 5 8 38 43 25 58 49 76 3 31 83 39 96 33 26 63 92 66 80 36 18 47 46 28 84 55 87 99 82 72 54 62 51 93 77 59 88 73 34 12 0 53 37 32 91 65 1 64 86 57 20 23 7 17 95 
TEST 15 ARG:53 39 16 25 55 95 94 75 22 60 6 89 63 72 31 0 23 61 26 64 52 47 38 13 33 2 65 66 51 70 43 96 67 71 92 49 77 7 73 14 80 1 3 46 5 29 56 27 93 19 11 17 18 86 50 98 79 9 35 42 24 69 20 82 8 88 45 83 84 85 34 15 68 21 54 76 99 57 78 28 59 81 32 41 40 62 91 37 90 58 87 74 97 4 30 10 36 44 12 48 
TEST 16 ARG:61 37 24 56 4 73 2 86 47 14 46 68 69 55 84 88 35 12 8 50 11 36 17 18 93 94 25 28 6 1 82 5 43 71 58 59 38 79 33 63 57 95 78 29 60 40 44 13 45 26 64 34 54 76 87 96 65 52 98 99 90 66 16 39 31 97 0 77 92 67 9 3 49 10 91 30 48 62 19 85 83 41 32 22 80 27 42 89 72 21 20 75 74 81 53 15 7 51 70 23 
TEST 17 ARG:66 84 64 99 21 67 3 44 47 13 1 75 37 9 29 35 12 23 18 16 72 73 46 38 85 86 43 76 97 19 68 36 15 70 24 32 40 57 61 39 25 65 0 62 53 41 11 77 79 10 59 82 89 28 22 26 93 94 20 81 92 45 52 98 49 80 55 30 34 54 6 33 88 91 58 56 90 83 96 78 95 48 2 87 71 8 42 60 63 7 74 69 50 51 27 5 4 31 17 14 
TEST 18 ARG:76 8 72 86 5 23 10 46 15 87 59 80 43 79 47 19 49 12 96 58 50 78 31 18 95 11 82 36 42 66 33 84 98 41 25 55 38 88 39 64 34 52 68 63 4 83 48 90 27 35 3 16 45 93 24 14 74 6 60 53 65 37 30 70 67 73 85 20 92 9 13 51 44 22 97 2 75 1 56 99 71 81 77 29 89 17 91 61 94 62 54 7 57 40 32 21 69 0 26 28 
TEST 19 ARG:76 14 43 95 0 88 66 99 2 54 48 75 83 42 38 26 10 52 85 56 33 53 40 36 15 39 58 44 57 30 45 78 73 32 90 31 96 87 46 37 29 41 21 9 49 72 27 6 93 1 79 8 63 3 80 84 4 7 17 64 65 55 71 70 20 51 12 24 97 23 89 25 28 13 18 47 98 50 11 61 19 5 22 81 82 74 86 16 91 69 68 67 94 35 62 60 92 77 34 59 
TEST 20 ARG:44 45 20 81 27 29 93 88 90 28 13 55 61 84 69 73 87 18 71 59 98 26 68 8 39 25 41 30 36 75 37 6 2 49 38 91 77 5 86 46 17 34 7 79 95 35 76 94 43 99 78 60 70 16 32 12 52 0 62 9 51 14 63 80 74 31 57 15 56 10 96 83 42 21 53 3 22 66 40 89 19 33 58 24 92 11 97 72 64 65 1 23 4 50 54 67 82 85 48 47 
TEST 21 ARG:22 0 6 93 4 35 29 85 74 84 71 47 95 80 82 48 57 39 77 90 46 91 36 98 52 37 88 44 7 68 59 70 20 73 45 12 43 23 72 79 49 40 42 55 2 62 67 34 21 25 60 75 69 38 18 86 19 76 32 13 83 27 8 63 87 30 24 5 65 92 16 50 96 33 58 14 99 54 78 17 9 11 15 26 31 10 97 28 89 66 53 1 3 51 81 56 41 61 94 64 
TEST 22 ARG:67 43 44 80 98 41 16 95 5 73 20 14 54 40 46 69 66 86 57 78 35 10 25 50 65 76 83 49 7 45 75 87 31 60 17 33 21 27 3 90 4 58 2 68 37 62 19 89 53 96 0 34 97 24 77 99 92 84 64 52 51 32 71 59 11 72 91 42 36 47 79 22 48 38 55 18 13 12 15 23 74 56 81 93 1 85 9 70 29 88 61 8 94 30 63 39 26 28 82 6 
TEST 23 ARG:7 74 48 13 72 95 90 32 66 54 51 31 12 15 81 78 57 60 61 65 49 52 80 1 22 3 70 35 87 86 39 89 91 19 98 14 25 38 17 64 37 77 75 29 99 58 82 30 24 0 28 83 93 63 59 41 42 33 79 97 50 69 16 9 92 68 85 62 76 8 11 2 94 55 34 40 71 18 43 27 46 53 4 73 84 5 6 44 88 36 26 45 21 67 56 23 96 47 20 10 
TEST 24 ARG:34 57 48 37 99 93 4 94 29 55 88 50 12 79 39 1 19 36 73 80 32 24 82 68 35 27 23 86 67 76 90 69 51 30 83 31 72 87 70 18 74 28 92 53 77 62 42 91 64 38 6 3 66 11 25 81 52 2 15 20 0 95 49 47 65 33 17 63 96 9 60 45 75 56 84 85 16 22 21 14 54 78 13 97 40 5 46 98 44 89 59 10 7 8 41 61 43 71 26 58 
TEST 25 ARG:98 64 87 56 68 53 93 54 46 41 51 82 52 10 80 32 81 59 49 83 69 97 30 17 73 15 61 92 38 65 45 48 85 19 89 9 31 58 86 90 76 94 35 16 75 5 40 77 4 66 95 13 23 84 12 29 74 22 24 91 1 72 63 6 34 21 67 99 37 39 36 57 2 25 20 43 47 70 27 14 88 3 62 55 60 79 18 71 0 78 33 44 28 42 8 50 7 11 96 26 
TEST 26 ARG:95 88 48 72 2 51 92 16 69 52 29 21 85 42 34 64 57 6 40 87 76 22 12 74 17 46 7 27 50 71 30 61 84 79 78 0 24 44 8 93 4 1 77 37 13 81 63 45 35 54 10 70 98 5 68 67 41 89 33 83 65 38 82 75 60 19 53 96 49 18 59 36 47 43 39 31 56 58 55 28 11 9 97 73 94 26 90 20 91 23 62 25 66 80 86 99 15 32 3 14 
TEST 27 ARG:35 58 54 45 78 51 36 87 83 40 94 32 8 86 55 50 1 60 52 26 25 70 67 47 49 64 21 57 27 0 97 77 43 34 10 30 84 16 6 66 15 91 46 33 80 90 68 95 81 73 38 56 2 88 85 76 39 18 98 41 4 13 53 17 62 31 92 61 11 28 82 24 48 93 59 29 20 19 99 65 22 72 63 79 3 12 7 96 9 5 42 37 74 14 69 75 23 71 44 89 
TEST 28 ARG:80 60 84 46 37 8 22 12 35 21 63 43 14 67 97 27 9 73 41 54 81 38 23 29 75 32 30 13 72 20 62 24 18 44 16 91 31 79 85 15 56 53 71 88 74 76 68 47 36 19 11 2 99 5 25 17 48 45 51 52 94 90 86 89 57 4 65 61 50 7 40 70 0 42 92 58 87 59 78 83 26 96 28 98 93 95 69 66 39 3 49 33 1 64 34 55 77 82 6 10 
TEST 29 ARG:92 96 27 3 11 31 8 88 9 93 74 80 39 76 65 84 55 97 28 90 14 33 22 71 68 1 69 95 40 49 38 10 37 59 42 43 94 73 41 4 13 87 30 0 54 85 20 64 58 63 45 47 53 16 23 60 86 24 17 21 7 19 66 26 57 56 70 61 75 62 83 67 52 72 77 2 99 29 82 36 50 5 89 79 35 25 48 81 91 12 51 6 44 18 15 78 32 46 98 34 
TEST 30 ARG:2 9 50 34 29 25 30 61 85 32 87 49 93 63 96 86 70 35 39 46 26 13 7 62 80 51 69 38 68 74 8 0 10 14 90 92 84 6 3 75 56 5 23 79 82 88 91 1 95 53 55 94 12 89 60 33 77 73 21 16 18 36 59 42 71 57 66 64 65 11 52 72 67 19 58 48 28 54 43 15 99 31 40 45 4 81 47 44 78 22 17 24 41 97 76 37 27 20 98 83 
TEST 31 ARG:97 87 53 76 38 4 29 63 16 24 90 2 7 50 80 32 54 59 51 96 18 25 82 66 40 21 10 1 57 77 91 52 73 36 94 39 98 89 42 67 9 92 43 49 41 86 58 48 46 11 45 31 62 20 33 61 17 84 95 19 37 60 83 72 14 28 56 70 22 12 26 6 35 69 79 23 64 13 68 74 93 85 34 99 47 5 88 75 27 15 3 78 71 44 8 55 0 30 81 65 
TEST 32 ARG:96 76 86 82 26 59 52 30 7 35 38 64 73 17 60 20 44 65 37 62 68 87 34 18 74 54 8 45 39 3 85 27 21 31 12 94 95 9 29 51 4 84 71 23 36 92 28 19 33 91 66 47 46 97 10 58 49 15 88 40 55 81 1 42 79 57 75 5 2 56 50 77 69 89 13 61 0 80 53 24 98 22 67 16 99 6 25 43 32 93 78 83 11 63 41 90 48 14 70 72 
TEST 33 ARG:75 14 89 95 79 0 80 82 10 12 93 99 56 11 26 67 23 32 22 52 37 66 98 1 63 9 70 25 91 2 33 24 76 31 48 81 61 6 54 3 73 50 41 59 5 55 15 17 40 47 83 68 43 92 85 84 42 19 74 60 4 96 21 62 69 64 86 13 20 39 38 34 97 78 30 36 94 87 65 77 8 72 51 45 29 44 49 71 35 7 27 90 57 28 53 88 46 18 16 58 
TEST 34 ARG:43 27 29 49 35 13 90 21 14 94 34 50 91 88 44 1 83 23 6 11 69 48 20 46 93 41 30 32 81 15 80 9 57 58 40 38 45 31 98 59 74 51 2 52 87 85 17 37 65 19 97 82 39 76 42 5 84 99 64 33 10 95 55 3 73 86 18 96 63 7 56 12 68 8 25 60 62 92 72 28 47 77 4 89 0 66 36 26 78 22 70 75 54 67 24 53 61 79 71 16 
TEST 35 ARG:33 38 40 66 55 36 12 29 51 18 50 2 76 62 93 48 72 81 24 58 15 44 28 42 1 4 7 31 68 74 47 35 73 56 90 30 21 8 32 16 13 27 97 88 54 60 82 59 9 53 46 26 19 64 65 79 84 25 61 71 69 52 22 89 20 95 17 94 41 83 5 67 70 34 11 80 49 75 45 87 98 96 91 77 85 37 57 23 3 78 39 63 43 14 6 0 92 99 86 10 
TEST 36 ARG:19 54 27 70 85 40 3 8 15 30 21 28 4 44 25 41 14 37 33 79 93 6 82 84 39 46 58 20 95 96 22 48 69 11 77 36 88 73 94 31 78 10 17 97 62 98 49 53 9 47 43 51 60 91 72 34 7 90 26 80 67 5 56 38 61 50 65 66 92 81 76 59 63 35 1 87 68 2 89 24 32 29 13 0 57 16 99 86 12 75 74 55 45 83 42 23 71 64 52 18 
TEST 37 ARG:34 83 1 4 58 61 78 19 2 0 88 17 39 52 64 13 55 35 33 11 73 60 82 51 28 96 44 53 6 68 75 65 49 21 71 43 92 41 90 26 10 30 91 25 99 89 97 31 50 7 16 47 5 46 94 38 70 56 14 95 18 48 98 15 57 20 87 59 29 72 77 42 62 66 76 69 24 86 67 32 63 22 36 84 27 79 12 81 8 9 40 93 54 80 3 74 37 23 45 85 
TEST 38 ARG:0 55 62 72 34 70 64 81 95 90 5 98 38 73 96 21 13 33 84 2 51 56 79 18 78 28 77 20 11 59 19 88 54 31 14 61 94 1 26 58 71 65 3 75 52 17 92 76 46 57 83 86 93 27 66 41 29 89 68 67 30 22 47 12 85 45 99 80 7 15 42 6 97 91 87 74 63 37 82 16 69 8 60 43 10 35 53 39 44 24 49 50 40 25 23 32 48 36 4 9 
TEST 39 ARG:66 45 8 48 36 23 27 83 50 67 52 34 90 49 12 30 94 33 85 38 69 47 11 56 7 24 46 63 59 43 86 15 53 95 70 2 60 93 28 62 5 88 71 0 17 41 79 16 44 99 3 74 39 6 72 98 26 87 64 91 35 97 77 78 10 75 4 84 37 22 51 32 65 57 82 89 25 58 21 18 29 9 92 68 14 80 54 13 55 31 76 19 42 20 96 81 1 61 40 73 
TEST 40 ARG:54 97 76 12 13 18 22 87 16 24 92 75 37 28 40 84 81 62 78 41 93 39 57 94 1 23 67 49 34 53 7 59 79 2 44 95 43 42 5 80 69 71 20 72 35 14 56 74 98 4 36 10 27 63 17 6 46 77 26 15 31 82 11 48 25 91 83 3 66 90 21 38 32 47 64 45 9 50 86 68 85 61 65 88 52 99 60 33 30 29 8 51 96 89 70 73 58 0 55 19 
TEST 41 ARG:61 75 1 38 36 96 43 88 28 18 44 16 9 23 25 90 12 0 92 47 20 30 8 24 83 34 94 31 35 59 57 5 46 14 7 52 2 78 60 99 6 19 65 69 91 71 76 21 89 84 37 77 4 42 62 50 81 48 10 85 45 56 54 82 40 63 29 11 3 74 64 66 39 51 22 97 73 86 98 58 93 27 55 13 70 67 87 53 17 72 33 15 32 95 41 79 49 80 26 68 
TEST 42 ARG:76 68 56 8 75 0 6 96 27 4 66 51 24 43 77 71 60 80 48 89 84 72 9 73 65 58 98 92 21 49 63 74 1 95 14 22 19 99 61 30 31 62 82 41 12 18 37 91 47 3 44 93 87 15 39 64 83 45 69 53 17 34 81 85 86 23 70 79 26 42 38 32 94 5 40 54 78 25 67 97 11 57 16 35 10 29 2 50 59 7 20 88 13 90 33 46 36 55 52 28 
TEST 43 ARG:86 30 20 68 72 93 43 70 78 31 52 83 18 35 34 16 77 45 60 69 97 53 81 65 39 41 84 42 11 40 27 76 55 54 46 9 2 5 13 8 64 82 90 66 63 17 12 89 73 0 19 96 32 10 92 25 98 36 4 44 37 48 51 33 79 23 88 26 59 95 67 22 94 56 28 85 14 7 50 15 47 87 24 99 61 38 62 1 91 74 3 57 6 49 80 75 71 21 58 29 
TEST 44 ARG:80 5 93 74 71 27 45 7 37 21 70 49 83 61 58 23 59 53 22 40 84 48 50 72 36 11 38 64 4 9 88 89 73 52 79 97 20 41 87 25 96 66 8 47 35 98 68 57 67 94 75 76 63 56 69 92 2 30 39 6 44 17 85 13 32 0 60 46 28 26 54 10 29 91 55 51 43 18 42 31 78 86 24 16 95 3 14 90 62 99 82 1 34 19 65 12 77 15 33 81 
TEST 45 ARG:73 86 44 20 9 26 27 83 55 35 40 63 58 56 90 48 43 89 65 95 67 57 16 22 42 51 38 49 59 61 54 70 5 14 45 7 97 11 93 17 30 52 33 0 4 24 31 25 37 74 77 21 10 71 68 69 75 41 79 92 85 84 53 76 94 13 50 46 88 91 28 23 18 87 64 66 99 6 82 36 19 29 2 98 3 80 34 1 47 78 32 12 96 15 39 8 81 72 60 62 
TEST 46 ARG:96 4 65 29 85 75 41 35 21 48 52 56 63 36 58 74 5 46 91 15 54 13 28 9 60 93 89 22 53 55 97 71 37 77 12 16 40 10 67 27 59 64 99 30 17 1 81 19 82 8 94 0 80 42 44 23 14 69 86 51 73 66 3 31 34 61 24 79 25 70 47 39 6 90 83 62 87 7 76 33 68 92 43 88 84 57 38 18 72 98 78 49 45 26 20 50 32 95 2 11 
TEST 47 ARG:26 41 89 37 1 6 15 7 83 13 28 11 72 76 65 63 9 4 95 51 77 68 19 0 69 39 91 66 99 20 71 90 43 75 36 8 81 79 23 42 59 61 25 84 3 5 64 52 2 50 32 85 40 12 18 33 30 92 27 98 49 70 94 86 31 87 58 10 34 56 55 88 62 53 21 73 74 57 67 44 17 46 78 45 96 14 29 35 82 97 54 48 93 60 22 80 24 47 38 16 
TEST 48 ARG:77 23 99 19 32 88 81 31 94 82 30 26 4 76 43 35 92 95 63 24 40 87 70 3 69 38 90 48 11 52 86 27 14 59 58 96 62 22 65 21 79 74 91 60 46 83 78 29 93 18 17 33 8 37 47 55 73 9 54 34 20 98 42 39 2 49 80 15 64 16 75 36 89 53 13 7 50 12 45 0 84 41 6 28 61 85 71 44 56 67 25 5 10 51 57 72 97 66 1 68 
TEST 49 ARG:27 26 24 11 44 70 78 40 32 12 62 22 76 84 81 64 73 4 29 69 43 56 10 37 51 35 9 82 85 8 68 42 79 18 36 58 17 41 25 60 86 33 19 15 23 34 80 52 0 83 39 13 98 2 30 46 87 14 75 3 97 89 74 77 67 92 54 88 50 20 16 91 63 94 59 28 45 61 47 95 72 31 93 55 57 7 6 71 96 48 49 99 90 1 21 53 5 38 66 65 
TEST 50 ARG:51 81 11 42 50 21 70 1 15 8 49 93 32 84 7 18 68 86 53 74 5 41 96 91 24 95 29 98 39 36 71 63 34 10 28 22 35 45 19 69 75 94 78 60 6 0 64 72 83 89 43 31 2 44 79 20 40 17 4 47 87 77 90 82 30 55 88 66 26 57 80 97 12 54 67 52 25 23 61 99 38 3 85 62 33 92 76 65 59 14 48 27 58 46 37 56 73 13 9 16 
TEST 51 ARG:29 0 45 87 15 79 9 5 4 98 23 59 14 99 31 6 16 85 57 74 69 38 67 21 27 76 34 70 20 42 40 12 47 94 19 26 97 35 37 80 90 64 10 81 51 24 3 8 83 72 78 58 7 89 33 66 56 25 1 86 62 32 39 68 71 52 43 93 63 92 17 53 84 95 54 73 28 65 30 49 2 60 55 50 13 44 46 18 82 96 88 36 77 61 41 22 11 91 48 75 
TEST 52 ARG:33 31 89 11 43 61 81 80 92 4 54 96 70 0 24 87 66 41 14 71 40 57 74 3 95 82 50 79 28 12 27 37 10 88 60 19 34 86 67 45 48 49 55 2 15 78 85 5 1 90 72 59 23 26 62 84 36 64 91 13 58 16 18 56 63 98 8 25 69 39 94 30 9 20 73 75 6 32 77 7 65 22 21 47 83 17 99 44 68 76 51 38 35 93 46 42 29 52 53 97 
TEST 53 ARG:34 29 68 19 66 90 9 14 88 27 6 63 62 71 76 96 94 43 99 58 84 78 35 31 91 37 52 32 83 2 17 7 69 95 61 23 33 18 47 97 25 3 92 70 72 46 53 93 82 36 80 54 67 11 40 38 44 87 77 28 48 1 60 98 81 73 85 74 10 57 51 79 22 42 26 39 4 12 13 24 64 86 5 16 30 15 89 21 59 65 75 8 55 41 20 45 56 0 50 49 
TEST 54 ARG:44 9 84 51 47 14 1 88 3 7 20 22 19 74 50 65 85 78 6 70 25 55 67 73 34 66 18 4 48 10 83 32 97 49 42 17 38 40 16 37 68 46 96 77 59 61 98 82 76 87 86 69 23 12 29 33 91 95 43 72 90 26 13 45 58 52 60 75 71 57 0 54 39 94 24 21 2 35 27 92 5 62 93 28 11 80 63 41 64 31 53 36 89 81 79 8 15 56 99 30 
TEST 55 ARG:84 34 12 38 89 64 33 61 2 72 17 45 6 98 81 88 97 32 9 95 78 28 19 68 69 76 24 39 50 31 42 47 44 27 16 51 93 15 49 13 46 40 29 8 20 26 79 85 58 86 94 25 62 22 83 66 35 96 82 43 53 7 92 37 57 36 75 56 3 5 21 65 73 74 48 70 14 1 71 80 60 67 30 41 99 10 59 63 87 90 77 11 4 18 55 54 52 0 91 23 
TEST 56 ARG:44 51 41 31 60 70 30 42 45 37 53 77 47 85 3 59 81 56 58 16 65 48 40 8 62 33 67 13 91 39 95 1 61 55 5 93 2 99 63 22 12 94 54 17 79 68 97 34 14 89 86 73 11 38 29 88 23 43 78 71 6 84 76 74 75 96 72 4 57 10 28 9 52 82 15 90 64 83 80 87 26 36 49 50 98 46 25 66 0 21 92 69 27 32 18 20 24 19 7 35 
TEST 57 ARG:15 7 3 16 94 77 32 81 2 30 66 54 28 98 70 74 31 19 72 63 92 87 12 20 52 69 58 36 22 18 45 14 71 68 9 47 91 37 57 4 11 97 44 95 89 84 5 27 6 56 99 38 67 23 75 79 13 80 17 33 51 96 73 26 62 93 64 50 34 40 43 0 1 29 42 48 24 35 8 76 82 21 88 49 86 25 78 39 85 60 10 90 65 46 59 55 61 53 41 83 
TEST 58 ARG:59 15 43 90 37 31 3 63 49 60 86 50 93 76 20 64 42 29 73 82 67 85 10 72 11 94 56 75 0 74 47 69 88 2 33 95 52 22 54 13 19 80 65 27 45 48 28 46 68 1 70 62 81 18 77 87 41 61 44 23 53 39 97 9 55 24 35 32 38 92 12 26 98 7 99 91 14 16 66 79 8 83 58 6 25 17 40 89 34 96 36 71 4 84 5 21 51 57 78 30 
TEST 59 ARG:11 25 97 34 46 49 13 20 7 86 48 80 8 66 74 56 64 96 77 60 21 93 67 68 62 51 3 98 75 91 59 26 65 30 76 32 10 58 38 14 43 70 6 4 72 23 73 47 78 42 61 99 27 71 41 40 90 24 18 52 5 2 63 53 39 12 95 45 19 1 79 57 54 55 44 28 36 33 81 29 35 31 88 82 50 83 69 89 22 37 15 16 85 92 9 0 87 84 17 94 
TEST 60 ARG:56 77 43 75 78 18 0 28 91 45 52 37 33 51 40 89 81 79 94 7 84 39 20 66 53 93 10 5 98 72 60 11 17 54 9 16 26 64 87 14 95 92 35 76 29 31 97 22 21 1 57 59 58 65 6 88 8 90 83 41 23 34 38 36 46 32 85 96 67 70 24 49 27 4 73 15 48 82 55 62 25 68 99 69 63 2 30 42 47 3 61 12 50 44 86 74 80 13 71 19 
TEST 61 ARG:19 23 36 95 18 98 12 55 48 54 72 67 6 8 42 41 53 37 61 22 14 85 10 44 96 39 89 66 49 57 20 76 43 29 69 90 65 16 92 5 28 13 25 27 2 99 73 82 63 87 78 30 34 46 75 56 9 17 31 81 21 93 32 1 38 40 83 11 60 15 59 3 51 68 94 58 33 26 47 52 35 74 45 71 77 50 62 24 86 91 70 79 88 80 97 4 64 0 7 84 
TEST 62 ARG:85 33 9 86 48 73 82 90 91 57 40 23 62 29 88 75 10 38 44 24 61 42 21 25 14 60 45 95 35 98 66 89 69 50 56 30 71 59 68 70 2 12 84 64 79 49 27 36 47 16 58 81 28 96 0 93 34 72 13 11 4 92 22 76 6 41 65 1 15 46 20 51 26 31 63 3 19 7 83 39 54 53 37 32 8 52 17 94 67 99 55 74 5 87 43 18 97 78 80 77 
TEST 63 ARG:2 4 91 18 94 12 55 85 35 25 56 98 32 33 52 57 82 63 96 69 86 92 67 24 13 64 72 6 65 21 74 19 73 59 76 22 42 83 75 68 70 54 40 79 50 20 47 84 3 99 58 95 81 49 53 45 38 5 71 39 30 78 37 62 77 43 15 10 93 14 36 26 51 0 28 8 66 17 27 97 34 16 87 46 90 41 89 48 9 31 7 1 44 23 88 80 61 29 60 11 
TEST 64 ARG:50 67 11 48 70 36 79 31 63 32 0 20 74 33 53 43 65 29 18 68 97 7 9 47 16 93 59 12 75 40 45 60 58 87 84 27 86 80 83 30 14 42 77 88 13 3 5 71 21 8 90 39 69 91 78 10 92 76 61 28 22 49 37 62 95 38 46 64 24 81 44 15 98 23 94 54 55 19 73 35 26 2 17 96 66 25 6 41 85 52 34 82 1 4 56 99 57 89 72 51 
TEST 65 ARG:69 19 88 11 53 70 49 73 9 40 29 74 95 16 30 7 31 13 65 50 62 92 96 18 27 66 84 60 61 35 85 24 86 45 8 36 89 22 20 87 15 25 38 63 46 33 57 77 26 0 52 5 94 37 83 34 12 6 98 3 23 56 75 39 48 42 58 28 47 44 99 82 72 68 80 2 4 91 79 51 67 64 10 14 76 78 97 41 90 81 59 55 93 54 32 17 71 43 21 1 
TEST 66 ARG:31 88 91 61 0 36 52 12 45 35 74 8 59 41 92 48 89 70 38 93 49 26 77 84 62 51 97 72 6 5 53 11 34 7 15 42 71 20 81 95 55 43 60 24 46 67 75 33 56 99 2 28 57 25 17 50 29 10 14 66 44 58 13 90 32 76 4 18 9 19 79 78 16 83 96 3 85 22 65 21 63 1 30 40 37 73 80 54 86 68 23 69 39 27 64 98 94 82 47 87 
TEST 67 ARG:68 6 74 35 40 13 5 29 66 90 0 23 96 1 30 12 22 83 86 34 33 19 88 48 42 3 9 46 4 47 21 25 82 73 41 62 67 94 70 61 84 26 37 36 14 8 24 80 95 54 15 7 65 58 92 43 20 16 51 76 78 38 59 49 64 93 60 72 50 56 77 98 97 18 2 81 63 87 17 69 32 71 31 85 55 45 28 99 91 27 75 57 89 52 39 10 79 44 53 11 
TEST 68 ARG:5 81 36 15 93 53 48 75 64 8 4 58 72 87 47 55 32 62 6 2 37 21 54 27 99 76 61 97 3 17 82 14 77 11 51 42 68 70 20 45 67 10 60 84 33 66 95 63 80 22 59 91 30 44 86 43 12 88 78 31 85 28 69 34 13 24 96 79 83 7 1 9 39 90 50 89 46 0 52 92 40 29 38 41 18 26 65 25 56 49 19 35 74 23 16 73 98 94 57 71 
TEST 69 ARG:47 79 48 98 88 43 45 52 33 59 87 36 50 7 60 22 19 21 80 96 58 2 63 32 55 61 94 39 54 95 38 15 97 84 9 92 90 49 56 62 16 93 89 23 14 68 77 41 13 53 0 70 34 18 1 8 51 31 10 46 64 82 69 71 24 65 74 35 66 72 37 42 85 20 29 5 11 27 26 28 67 12 17 86 81 4 30 3 83 6 78 76 57 44 40 73 99 25 91 75 
TEST 70 ARG:94 67 48 98 64 7 32 40 71 45 95 73 42 14 46 69 22 16 66 97 41 37 2 28 91 3 38 92 33 11 75 44 4 51 59 36 6 88 20 8 5 27 79 31 30 55 58 76 1 57 77 12 61 34 54 18 99 84 39 68 47 21 49 74 23 35 72 9 0 70 10 19 29 80 60 87 56 89 82 52 86 53 13 96 15 78 90 17 63 26 25 83 85 50 62 24 93 65 43 81 
TEST 71 ARG:84 76 92 71 7 53 91 54 32 96 82 57 10 77 62 30 29 23 78 40 49 25 45 18 93 79 16 37 48 47 97 1 20 14 26 64 99 22 44 39 83 60 69 3 6 88 2 8 63 34 27 56 12 15 66 98 4 65 21 85 41 11 70 28 74 68 0 13 58 43 94 72 19 50 90 33 31 81 95 89 9 80 87 75 17 61 46 35 5 36 24 55 67 59 73 42 86 51 52 38 
TEST 72 ARG:99 87 83 48 19 31 68 22 58 89 62 86 84 32 71 9 98 51 66 95 25 80 47 18 75 8 85 69 54 94 42 17 14 29 78 0 5 40 55 34 52 82 76 45 90 64 20 33 74 93 27 53 59 35 23 4 49 38 7 79 46 28 24 88 56 12 41 50 63 73 44 3 70 16 21 81 72 10 67 65 97 77 2 36 15 43 26 92 11 13 91 30 57 37 61 1 6 39 96 60 
TEST 73 ARG:18 6 37 54 24 78 68 27 93 97 96 99 98 28 45 3 69 84 17 73 5 48 42 66 94 82 0 60 36 4 53 63 21 39 72 14 85 50 67 91 34 74 2 49 20 87 15 86 56 46 32 44 31 89 62 40 55 30 79 57 83 16 77 71 61 26 7 90 80 76 92 43 95 19 59 25 10 12 35 11 29 38 33 58 41 23 75 81 65 1 64 88 9 70 13 8 51 47 52 22 
TEST 74 ARG:86 45 44 2 74 53 75 51 62 83 93 25 33 22 72 30 50 9 70 3 35 56 78 73 1 23 5 59 7 64 66 37 8 32 24 12 39 60 46 52 58 84 81 10 0 55 40 88 14 42 90 68 54 29 91 19 85 6 26 49 31 13 4 71 34 18 43 97 17 47 92 15 98 48 61 57 77 69 27 11 76 65 16 89 96 80 21 63 20 36 87 79 99 28 94 82 38 67 41 95 
TEST 75 ARG:63 46 66 20 70 40 9 39 90 69 30 67 49 16 87 28 75 3 84 60 12 27 92 1 13 76 80 95 4 59 2 51 68 64 71 98 85 21 29 56 23 53 35 34 5 65 7 79 32 36 18 22 72 14 0 45 15 73 6 8 33 10 44 48 52 42 97 94 91 50 83 26 17 24 62 88 19 77 74 31 99 11 41 43 86 57 61 96 38 93 78 54 81 82 55 89 47 25 37 58 
TEST 76 ARG:76 96 53 13 65 74 49 11 5 14 39 27 24 22 95 78 55 57 56 29 69 91 61 2 79 62 47 89 44 31 7 16 67 1 84 81 19 4 35 38 86 60 88 46 3 54 45 8 72 98 48 15 73 17 0 28 97 93 85 10 40 37 33 90 83 9 23 75 26 18 71 64 21 51 41 43 42 58 32 20 50 82 25 77 59 80 92 36 6 52 68 34 12 99 70 63 30 87 94 66 
TEST 77 ARG:85 54 21 94 14 74 20 15 28 96 29 64 45 48 95 59 25 76 27 88 22 81 34 35 46 75 63 42 3 41 31 62 10 84 61 26 83 60 73 32 13 4 24 93 39 97 1 92 98 7 12 86 33 50 69 87 2 9 79 6 66 5 8 65 78 23 68 49 40 47 80 44 77 17 52 37 38 55 71 70 43 51 18 72 89 99 67 91 58 56 82 0 11 53 19 16 90 36 30 57 
TEST 78 ARG:59 71 85 89 17 77 38 15 98 96 43 6 63 91 73 20 69 80 94 47 29 24 75 41 78 45 53 36 64 58 44 7 10 46 42 66 79 13 21 74 72 62 83 14 87 16 9 51 12 99 92 57 50 95 65 25 18 40 84 5 49 2 0 4 90 22 68 32 28 48 37 30 11 88 93 26 86 35 76 67 52 23 81 61 54 31 33 3 19 27 8 82 97 60 34 70 1 55 56 39 
TEST 79 ARG:39 89 43 73 58 96 35 74 91 18 7 68 32 67 51 22 83 48 2 38 50 77 63 65 52 34 28 93 31 49 57 30 53 80 21 71 95 81 75 98 4 5 15 55 82 3 54 29 25 88 76 10 8 66 69 11 61 79 87 24 16 36 97 0 6 45 60 78 40 42 23 90 44 86 33 85 70 26 9 17 59 13 56 41 1 94 99 72 84 92 47 46 20 62 27 14 12 37 64 19 
TEST 80 ARG:84 60 87 69 8 74 67 15 92 30 66 9 19 83 27 31 34 80 55 50 88 14 44 13 99 10 25 57 41 21 78 32 12 97 6 73 43 58 54 82 1 40 16 45 52 89 24 70 63 42 81 48 53 0 62 28 79 98 85 38 4 76 23 94 20 90 17 3 49 75 77 36 35 18 72 56 46 64 22 7 51 37 95 26 65 61 29 11 5 93 68 91 86 59 33 71 96 47 2 39 
TEST 81 ARG:85 66 95 37 25 74 21 26 0 79 17 16 41 99 30 1 11 46 82 93 4 54 98 58 35 14 94 68 7 48 34 6 9 77 22 29 57 13 5 92 49 89 18 76 39 86 32 40 15 61 83 20 60 47 64 8 53 62 23 56 97 72 43 50 90 38 65 12 81 70 33 52 67 63 71 55 59 75 44 91 10 80 36 3 69 88 2 73 45 96 24 51 31 84 78 27 87 19 42 28 
TEST 82 ARG:82 78 25 13 30 89 24 27 22 34 3 75 28 32 91 8 81 74 67 73 85 4 76 19 61 21 39 5 62 6 49 53 59 93 18 72 9 26 94 87 7 50 38 20 88 66 1 11 29 84 36 48 57 31 16 37 58 70 55 90 52 71 56 35 77 51 54 60 40 95 14 33 10 68 64 83 98 12 2 63 80 97 96 44 92 43 45 17 65 23 69 99 41 46 86 0 47 42 15 79 
TEST 83 ARG:53 66 65 68 20 97 9 67 87 58 45 57 5 50 23 70 64 49 69 94 22 46 81 21 51 76 43 11 75 44 1 25 12 98 4 99 55 19 14 26 83 29 41 47 0 54 34 2 72 38 32 59 16 90 24 78 13 40 27 28 80 71 82 7 42 86 95 6 88 17 10 79 74 18 63 93 8 31 96 35 3 48 39 60 33 37 36 61 89 84 91 30 56 77 15 85 52 92 73 62 
TEST 84 ARG:62 51 98 63 92 46 42 12 93 78 20 97 70 34 69 40 52 28 90 83 59 96 68 32 66 75 16 77 5 88 79 2 19 58 73 38 17 56 9 65 64 26 89 22 23 44 67 39 13 7 82 10 85 91 55 80 74 99 72 43 14 47 24 49 50 94 87 8 25 4 0 71 45 84 30 61 11 86 21 54 29 57 76 81 1 48 18 36 95 41 35 53 3 37 60 27 6 33 15 31 
TEST 85 ARG:46 56 87 36 69 48 47 63 57 0 15 52 26 37 72 3 23 24 31 1 76 30 42 50 94 79 81 11 58 85 8 16 33 78 45 14 18 4 71 27 20 22 25 62 38 5 10 13 12 93 73 59 49 39 2 82 80 54 75 95 60 61 34 68 65 83 99 21 66 43 86 19 32 92 35 77 9 70 28 17 96 7 97 84 41 6 64 53 90 88 29 44 91 89 98 51 74 55 67 40 
TEST 86 ARG:14 38 91 95 13 50 35 92 86 30 20 56 44 8 52 84 34 66 39 68 31 64 60 99 32 48 10 43 78 69 80 22 62 96 17 29 54 81 11 89 71 1 3 23 59 45 61 49 77 83 18 28 55 94 53 74 9 63 6 40 46 47 37 0 90 87 12 88 93 82 72 2 75 76 26 57 24 5 70 25 21 7 51 79 16 27 42 67 33 41 65 97 98 4 58 19 85 36 73 15 
TEST 87 ARG:48 79 29 0 58 57 69 54 96 23 36 76 31 33 8 4 92 18 62 15 59 77 34 19 95 22 73 5 71 10 46 2 55 3 49 26 87 83 51 53 70 75 21 11 1 39 50 99 25 86 35 61 67 94 60 56 24 44 41 7 43 38 32 64 93 98 9 28 72 12 20 82 30 80 6 89 66 45 84 85 63 90 68 74 47 16 42 13 14 37 17 78 65 81 91 40 27 52 97 88 
TEST 88 ARG:70 85 32 76 0 68 83 8 23 1 22 29 6 7 43 48 62 31 3 42 38 99 96 93 73 26 34 98 17 92 51 65 35 2 78 27 16 44 64 9 14 60 5 18 91 63 72 89 33 88 69 50 66 54 37 40 80 86 58 74 82 47 67 11 10 46 21 95 77 45 30 19 12 56 75 36 25 71 49 53 61 94 59 15 52 97 84 55 87 79 41 57 90 4 28 81 24 39 13 20 
TEST 89 ARG:14 8 61 96 10 58 27 77 68 49 72 37 1 95 94 33 76 99 54 38 83 55 23 79 87 9 30 70 97 24 11 59 2 29 56 31 52 69 6 25 45 78 93 43 81 47 64 35 26 16 20 67 53 46 98 50 51 60 19 12 82 18 44 42 4 86 73 89 71 3 13 84 34 80 0 75 92 28 5 40 63 32 41 21 22 17 48 74 7 15 66 90 65 88 36 39 91 62 57 85 
TEST 90 ARG:52 75 82 97 1 17 71 31 15 2 59 81 89 38 48 91 66 65 16 98 10 95 72 78 56 18 83 96 14 8 7 20 30 0 92 12 41 40 55 24 42 74 50 34 46 47 13 63 62 43 25 73 84 53 94 44 57 76 5 11 93 33 90 86 9 87 26 22 37 39 64 70 49 80 67 77 45 3 19 61 68 28 99 58 51 85 32 21 29 35 60 36 4 79 88 23 27 54 6 69 
TEST 91 ARG:50 89 27 74 47 51 10 14 29 55 25 94 98 91 22 33 81 46 41 69 83 82 28 92 88 24 65 56 12 23 58 63 40 13 43 17 26 7 6 18 44 3 8 39 96 48 62 15 20 71 86 36 80 59 49 0 84 95 52 31 87 85 70 72 11 90 53 66 42 9 21 99 30 97 77 75 68 37 61 67 5 76 79 57 1 64 93 19 35 34 38 73 45 54 2 32 16 78 4 60 
TEST 92 ARG:56 27 47 1 72 62 61 81 91 28 93 14 69 31 92 22 44 89 10 24 3 39 80 97 38 84 7 67 79 58 11 83 33 59 50 16 94 63 49 96 90 45 13 55 21 82 19 74 37 99 5 51 4 60 34 9 73 8 53 71 42 2 26 75 25 66 64 6 54 30 41 48 46 43 76 98 18 29 68 88 36 15 86 20 87 0 77 78 17 85 40 70 52 65 35 57 95 12 32 23 
TEST 93 ARG:30 92 67 90 53 72 83 75 64 28 65 9 6 32 51 71 68 36 43 14 59 58 38 55 69 66 12 54 98 20 10 73 41 19 74 13 62 26 17 85 96 31 37 5 97 63 81 46 60 24 49 7 11 15 52 82 23 29 25 80 44 21 8 56 47 79 70 45 18 57 76 99 50 33 89 34 48 42 84 35 39 27 95 4 78 3 86 22 88 2 93 61 91 77 16 94 87 40 1 0 
TEST 94 ARG:45 34 13 80 83 73 94 21 1 4 29 8 78 86 30 28 82 49 6 52 90 99 76 69 31 27 92 37 61 54 47 70 50 89 15 79 84 38 55 57 17 81 9 10 87 25 36 3 16 91 66 46 24 63 75 98 71 60 23 39 35 62 14 11 53 74 0 65 93 41 33 40 12 68 64 2 97 44 51 7 20 22 43 95 67 72 77 48 42 5 88 58 26 32 59 85 18 96 56 19 
TEST 95 ARG:96 74 87 50 93 10 23 15 44 19 2 61 92 8 76 71 85 53 34 17 41 83 3 51 49 14 88 26 32 59 62 38 68 67 5 56 72 78 82 29 64 54 63 11 81 84 52 65 89 48 40 30 24 21 77 20 95 47 73 86 22 75 94 12 79 27 66 7 55 16 90 39 91 25 33 0 70 57 98 46 6 28 69 45 4 42 1 37 80 99 43 9 18 60 58 36 97 31 13 35 
TEST 96 ARG:3 90 77 80 79 75 51 14 91 38 11 33 1 23 16 26 69 6 43 47 93 40 78 95 49 13 18 81 63 62 27 83 12 58 8 45 24 52 29 22 99 84 9 86 31 72 25 34 56 37 98 35 42 92 73 50 85 46 10 19 64 71 65 97 82 5 60 30 54 41 55 57 88 61 44 59 67 4 28 53 20 68 48 76 0 2 70 66 15 39 36 74 94 32 17 21 7 89 96 87 
TEST 97 ARG:6 57 49 73 2 89 77 30 67 63 20 9 5 92 52 85 62 21 23 22 61 42 1 68 44 37 13 59 74 53 76 65 55 80 47 58 31 12 75 32 56 71 10 50 81 8 45 7 40 41 48 43 88 39 34 66 72 17 90 14 25 0 54 19 86 4 84 93 79 24 46 95 96 60 18 87 69 91 35 70 78 28 29 26 99 38 51 64 36 83 97 27 16 15 98 94 3 11 82 33 
TEST 98 ARG:91 69 73 12 86 30 46 29 32 20 74 31 71 8 2 92 23 25 53 49 67 81 36 35 33 59 26 6 37 38 0 65 57 70 51 22 1 66 82 97 96 41 21 68 34 63 50 17 52 79 80 40 76 77 83 64 84 44 14 42 54 62 18 28 89 48 87 75 10 95 88 16 7 94 3 72 98 61 56 85 93 60 24 58 13 39 90 4 45 99 27 15 19 78 55 43 11 47 9 5 
TEST 99 ARG:20 47 91 74 9 33 21 67 99 65 2 23 46 86 83 25 93 49 12 19 40 72 66 82 30 55 18 70 10 76 24 73 48 14 0 96 92 35 75 54 39 94 52 61 38 15 90 77 45 79 68 22 26 27 81 85 80 97 29 36 32 16 31 44 5 3 28 41 95 37 87 57 43 8 1 7 53 13 50 11 56 69 59 63 17 6 34 4 64 89 42 62 78 60 58 71 88 98 84 51 
TEST 100 ARG:54 46 74 25 24 5 42 50 4 2 56 11 58 30 39 98 33 70 71 82 15 85 12 16 27 37 72 52 81 7 49 29 91 68 97 67 66 38 41 78 65 64 0 57 13 96 94 55 14 93 63 99 32 69 48 51 20 22 21 89 83 79 3 26 88 61 40 6 76 80 59 31 47 18 1 87 34 43 17 44 84 75 35 73 19 23 9 62 86 53 95 60 28 10 90 45 36 92 77 8 
TEST 101 ARG:27 30 1 60 44 34 76 88 43 78 57 79 0 28 14 10 11 68 66 24 81 84 70 45 67 94 97 13 74 35 80 39 40 9 52 49 38 5 22 98 7 16 33 2 21 19 51 73 86 20 72 96 69 46 75 62 12 99 95 37 6 36 25 41 82 17 90 54 8 31 85 58 64 77 32 61 93 63 29 89 47 18 15 92 83 87 48 50 59 26 4 65 71 23 56 42 53 3 91 55 
TEST 102 ARG:40 33 53 51 44 68 55 6 82 95 46 2 14 70 52 92 66 50 74 84 35 45 75 32 18 56 71 27 39 93 63 38 37 62 61 67 36 59 57 9 94 8 77 76 10 28 98 91 3 17 87 96 7 23 49 90 30 25 65 79 89 41 31 22 73 54 81 20 15 5 24 29 72 86 21 1 83 34 88 4 12 48 58 11 13 43 47 26 97 80 16 42 64 85 69 99 60 78 0 19 
TEST 103 ARG:68 23 9 29 88 30 49 79 8 74 72 50 0 27 32 77 4 44 38 22 15 6 92 39 18 42 65 95 60 53 91 33 61 46 66 37 20 3 70 45 16 75 17 90 62 96 19 97 87 41 58 73 84 89 80 78 14 47 63 52 51 64 12 82 55 25 71 93 99 26 48 24 5 67 69 34 43 86 35 56 54 94 31 40 7 83 10 11 98 2 1 21 59 13 81 28 36 85 57 76 
TEST 104 ARG:52 31 82 59 86 13 43 0 30 48 46 12 81 50 95 2 85 47 80 40 72 10 18 16 49 93 64 24 76 91 5 70 6 98 23 60 57 21 68 19 56 73 35 69 97 33 77 51 44 90 78 41 27 67 7 96 66 74 1 88 42 55 63 29 32 3 71 17 36 61 39 94 9 87 65 38 26 45 14 92 79 58 25 4 75 20 62 37 53 28 15 83 11 84 99 54 8 22 89 34 
TEST 105 ARG:76 66 61 16 92 65 20 67 9 70 2 37 43 53 40 7 39 49 60 64 34 18 93 19 52 82 78 96 42 91 44 41 87 50 57 85 46 1 62 73 5 47 54 90 26 72 83 56 3 38 55 95 13 23 94 68 30 33 28 79 11 88 86 32 22 98 99 10 81 29 69 25 15 6 12 0 51 80 74 48 21 45 75 14 84 24 17 71 58 63 35 97 8 36 89 31 27 59 4 77 
TEST 106 ARG:23 97 36 44 63 41 46 51 75 62 28 80 83 52 42 49 92 15 26 88 32 76 25 6 10 86 20 37 67 90 61 1 57 93 45 4 79 29 64 69 60 3 56 38 11 54 22 70 65 24 96 50 7 16 30 68 34 95 18 21 84 99 89 12 40 19 13 35 5 72 73 27 87 43 17 33 94 8 53 81 91 48 9 58 82 85 78 77 14 39 55 71 47 74 31 66 2 0 98 59 
TEST 107 ARG:82 87 59 41 49 4 9 1 39 79 81 70 84 20 96 66 76 22 44 88 57 74 80 13 92 37 72 55 53 3 38 99 40 73 69 90 86 93 43 85 0 54 15 89 61 94 32 52 11 33 10 91 19 12 29 31 18 7 14 77 28 62 68 16 78 45 83 64 98 48 63 24 60 71 50 27 58 34 47 97 25 42 67 23 21 51 35 5 36 26 75 56 46 65 6 8 17 30 95 2 
TEST 108 ARG:38 83 98 64 24 77 15 67 20 93 78 94 0 37 56 5 92 13 57 27 84 89 51 30 66 47 58 99 76 25 60 85 65 36 19 62 88 50 11 10 63 68 74 46 80 81 97 3 42 23 4 41 39 82 79 86 8 72 9 70 45 14 52 22 69 18 35 32 6 49 96 95 91 16 21 28 29 87 34 40 48 17 43 44 1 73 61 26 53 31 33 7 55 54 12 59 75 2 90 71 
TEST 109 ARG:28 39 25 53 61 44 54 27 48 22 51 10 77 94 24 65 55 8 37 90 5 56 98 93 16 47 82 36 71 40 6 73 78 99 63 14 87 12 50 7 52 0 20 9 86 26 97 79 19 95 46 1 3 31 34 42 83 21 70 18 29 92 17 81 72 35 76 89 64 68 38 32 30 80 74 62 23 41 69 11 57 59 66 49 13 33 15 75 4 60 58 85 43 45 67 96 2 91 84 88 
TEST 110 ARG:87 46 29 31 54 37 20 33 44 94 50 82 4 14 11 75 0 84 47 61 98 19 25 18 39 85 55 60 21 30 64 56 95 3 42 62 93 28 13 41 72 15 73 79 45 38 74 34 99 51 63 70 65 89 69 58 35 7 5 71 67 32 91 36 97 96 26 8 76 16 10 78 23 59 6 92 80 68 43 49 22 40 9 12 57 86 17 83 88 48 53 52 24 2 77 81 27 1 90 66 
TEST 111 ARG:2 42 28 94 76 10 91 38 37 74 72 90 96 24 16 77 47 88 17 75 30 3 45 80 67 84 60 9 1 98 6 19 50 54 11 85 13 25 99 27 87 93 5 79 97 64 82 59 55 63 81 73 65 56 69 43 40 12 44 83 95 29 52 15 70 39 66 8 21 92 33 57 41 32 49 51 78 35 23 36 62 14 26 48 0 7 53 68 34 58 46 22 4 31 71 18 86 61 20 89 
TEST 112 ARG:85 66 30 23 97 12 29 98 15 14 79 27 55 68 57 58 10 65 34 0 39 25 31 5 70 51 40 61 83 93 44 54 82 59 36 1 92 8 69 86 81 94 73 64 32 17 37 75 43 56 89 45 19 80 22 91 99 71 49 88 72 24 21 53 87 11 60 9 42 95 48 18 84 6 3 2 33 41 77 28 20 7 35 76 67 52 16 38 47 78 63 96 46 13 50 26 4 74 90 62 
TEST 113 ARG:55 93 37 52 87 20 64 27 91 3 53 33 4 71 82 65 40 5 67 17 28 31 61 30 57 50 63 73 58 14 43 18 74 95 92 13 10 39 25 85 9 72 79 1 29 6 32 19 46 80 66 98 54 89 62 86 11 51 59 2 35 83 48 75 49 24 70 99 96 97 88 94 41 15 90 77 42 68 47 36 23 81 21 0 26 76 69 44 12 84 38 16 22 34 7 8 78 56 45 60 
TEST 114 ARG:63 38 59 62 20 92 46 31 39 94 11 71 29 15 8 9 6 26 67 70 41 33 99 50 48 93 3 87 30 35 51 95 37 44 14 91 85 96 60 56 79 89 12 55 76 88 43 36 78 81 64 40 5 10 24 83 65 34 57 27 7 21 45 74 58 22 98 0 25 52 84 16 97 2 77 13 86 53 72 18 90 66 68 32 54 49 61 73 23 1 17 82 28 4 19 69 47 75 80 42 
TEST 115 ARG:70 2 65 55 43 17 62 81 26 52 49 88 67 51 63 91 59 39 40 5 72 85 6 42 50 82 87 79 24 57 68 0 27 71 99 60 46 97 64 76 16 3 41 35 96 44 23 98 61 75 83 1 93 18 90 20 15 7 14 33 80 54 28 11 36 73 19 94 10 69 37 34 45 12 53 22 66 38 89 56 8 95 86 77 74 47 84 78 9 48 58 21 30 92 31 25 4 13 32 29 
TEST 116 ARG:74 82 9 98 68 28 95 34 75 89 56 80 44 45 40 62 8 66 60 47 3 85 39 7 11 63 31 55 37 77 4 70 96 29 61 15 79 84 72 76 92 10 52 32 94 23 22 25 59 26 93 67 18 36 14 46 21 42 43 91 1 97 19 99 65 73 64 88 30 48 71 27 41 49 13 33 53 2 86 83 5 12 58 90 17 87 16 81 57 24 78 38 54 6 0 20 35 50 69 51 
TEST 117 ARG:72 94 22 56 62 17 42 73 19 36 70 16 86 15 92 83 46 26 37 8 18 0 48 10 38 1 20 89 3 6 57 45 65 35 82 7 74 30 64 78 67 47 96 54 79 61 90 97 9 12 39 77 53 43 28 71 51 63 55 68 98 99 75 49 59 60 69 88 14 93 95 40 2 5 34 85 11 50 21 32 66 25 27 33 24 4 80 52 84 31 58 13 29 76 87 44 81 23 91 41 
TEST 118 ARG:35 50 11 54 27 5 76 23 83 90 17 59 45 75 14 91 57 84 82 8 88 7 63 85 47 19 3 53 69 41 73 2 99 37 12 68 31 21 97 15 95 61 1 42 86 46 78 72 94 30 64 65 22 26 49 18 38 62 81 16 74 44 0 71 60 98 89 87 66 13 32 70 48 51 77 34 80 96 25 36 55 43 79 20 6 92 4 93 52 10 28 33 67 9 58 40 24 56 39 29 
TEST 119 ARG:88 18 9 65 49 94 87 24 81 91 46 34 50 25 27 29 51 92 41 99 0 17 67 64 12 83 6 80 62 26 37 90 14 97 98 78 21 77 38 70 22 10 55 44 4 33 57 31 3 23 5 68 39 56 60 54 76 8 20 32 69 28 73 11 89 74 85 59 84 1 35 58 75 30 61 19 15 63 93 96 82 47 72 52 95 36 42 7 66 43 53 86 2 48 16 45 40 71 79 13 
TEST 120 ARG:66 28 15 74 11 8 13 82 80 86 30 96 50 12 89 34 94 9 33 18 60 84 42 54 22 44 55 98 4 2 27 65 77 51 61 48 21 3 68 39 5 95 32 49 58 31 45 67 38 16 29 92 43 0 90 79 47 78 36 87 37 97 81 99 59 88 7 23 72 26 46 10 6 83 70 56 25 93 69 20 85 17 63 19 75 1 73 57 53 64 35 41 24 62 52 91 40 71 14 76 
TEST 121 ARG:20 11 13 14 82 69 67 85 64 43 65 36 16 22 19 48 56 1 21 41 86 31 29 93 70 35 5 2 33 91 80 3 90 76 72 32 45 51 40 25 62 92 27 77 96 60 75 81 79 8 49 61 68 17 10 59 26 46 15 4 84 42 39 53 95 57 12 83 0 47 66 58 34 6 88 38 97 78 71 44 54 7 9 18 63 24 55 50 94 87 30 37 99 89 98 23 52 74 73 28 
TEST 122 ARG:29 59 42 31 71 32 65 95 92 68 52 12 76 34 70 64 90 15 49 35 44 22 10 67 2 66 99 96 87 20 84 93 77 28 1 30 89 25 45 51 47 60 37 97 38 36 18 8 3 53 81 41 94 79 50 14 62 23 7 9 86 48 4 91 13 88 74 0 58 26 55 33 57 11 6 40 54 16 56 83 43 19 63 69 21 73 82 61 80 98 72 46 39 27 5 85 24 78 17 75 
TEST 123 ARG:24 21 41 66 85 50 33 8 42 88 30 61 22 95 73 64 55 4 1 96 70 25 39 57 35 23 69 79 54 92 40 62 45 44 65 26 14 59 19 83 89 68 93 94 36 18 86 67 99 31 46 53 38 17 37 87 63 51 15 0 76 27 11 58 28 7 98 9 90 80 97 49 91 16 56 34 74 52 3 47 72 20 82 13 75 32 71 12 29 5 84 43 60 77 78 81 2 6 10 48 
TEST 124 ARG:28 52 89 36 48 25 58 21 86 39 3 57 45 2 38 92 72 54 29 88 97 70 32 51 31 69 19 79 6 56 35 27 34 78 8 66 22 73 12 50 49 65 61 62 1 91 71 47 81 55 30 40 26 10 80 43 18 53 20 42 7 14 64 17 15 84 4 59 67 94 96 90 33 24 13 83 63 9 82 68 85 5 60 76 75 99 37 0 95 23 11 93 74 77 44 46 16 98 87 41 
TEST 125 ARG:29 28 68 0 20 88 54 96 48 11 34 15 57 19 12 80 16 41 89 56 52 21 87 50 82 13 3 4 45 81 53 17 44 24 2 90 97 43 65 1 98 83 18 32 42 72 39 58 66 8 6 75 69 84 35 86 7 85 23 74 26 77 70 76 37 79 22 14 62 64 92 27 71 25 9 36 60 49 59 40 33 78 5 51 30 61 31 46 93 67 73 91 55 47 63 38 94 10 99 95 
TEST 126 ARG:75 93 61 91 77 71 82 99 63 73 1 80 78 69 55 67 22 0 92 74 3 97 9 51 57 62 15 24 84 2 40 12 16 59 88 17 53 19 72 64 5 6 10 23 38 96 14 44 37 11 56 81 52 8 85 33 35 98 45 30 46 50 34 20 89 65 13 21 25 66 28 76 87 94 60 68 49 83 7 4 70 27 36 31 42 43 47 95 86 18 90 54 79 48 29 32 41 26 39 58 
TEST 127 ARG:28 18 17 30 89 35 16 66 23 58 7 15 41 43 97 82 38 88 78 57 11 19 85 55 24 75 9 29 21 51 6 56 84 26 49 81 20 61 48 83 8 14 74 99 77 73 4 92 12 53 13 86 0 67 22 59 62 68 3 80 69 93 5 72 79 37 87 10 2 1 32 36 52 64 91 71 47 44 39 96 94 34 27 63 42 31 98 40 46 95 65 60 45 25 70 90 50 54 33 76 
TEST 128 ARG:23 44 72 10 68 33 16 55 53 57 48 96 29 6 94 79 87 17 26 22 67 62 9 0 81 71 99 11 61 56 38 37 36 19 93 63 78 15 64 54 7 41 90 82 45 91 75 5 77 42 98 60 40 2 73 50 59 46 66 86 47 89 39 32 13 12 80 28 97 25 85 21 92 51 84 52 18 24 43 14 70 27 4 30 8 69 49 3 35 76 65 1 88 34 74 83 20 95 31 58 
TEST 129 ARG:18 7 70 37 84 67 74 43 80 69 12 51 48 61 90 64 56 0 99 60 95 71 8 28 62 65 3 97 2 52 54 93 59 46 26 9 21 38 27 42 47 57 33 32 15 20 75 13 85 30 91 5 10 73 78 72 94 24 22 49 81 58 82 87 39 63 25 14 34 1 19 50 45 55 36 53 76 4 68 17 6 92 66 98 79 86 31 77 96 44 23 41 35 11 83 88 29 89 16 40 
TEST 130 ARG:95 60 2 59 81 88 10 35 27 94 15 32 25 52 1 72 63 57 40 7 58 50 56 98 90 6 78 38 77 83 28 42 96 51 49 71 53 69 84 79 34 18 12 75 45 99 97 5 66 44 20 55 30 21 82 37 26 24 47 22 67 17 29 70 93 74 87 8 41 89 62 31 73 76 68 14 86 85 13 48 54 33 39 9 61 36 65 91 80 43 16 23 92 0 11 3 19 64 4 46 
TEST 131 ARG:81 18 33 54 26 19 47 90 3 34 21 23 42 31 60 32 72 12 20 36 28 44 58 75 16 11 53 13 70 64 14 94 62 4 35 37 86 39 71 87 0 48 65 22 49 99 59 55 30 40 38 78 15 67 97 79 63 76 68 82 66 74 61 29 41 27 24 45 52 56 85 25 77 1 9 69 7 92 8 84 96 98 10 80 95 93 51 5 50 17 2 73 91 43 6 57 83 88 46 89 
TEST 132 ARG:80 90 66 61 9 24 29 99 63 16 6 78 87 86 12 28 37 67 27 3 19 7 62 88 2 46 38 8 21 39 85 17 89 69 1 52 82 34 4 72 30 20 44 56 49 50 10 76 47 84 91 60 13 25 65 14 95 77 45 98 36 73 59 48 32 96 83 41 64 11 81 43 93 92 5 22 53 71 74 70 18 26 40 68 97 35 55 0 42 79 57 58 54 15 94 31 33 75 23 51 
TEST 133 ARG:17 25 67 91 99 56 73 1 2 5 65 38 89 55 43 75 6 24 46 82 42 7 83 8 74 64 95 39 90 86 29 76 49 4 63 41 79 31 96 54 34 28 14 0 13 35 60 11 22 81 70 20 59 21 12 26 92 27 61 72 58 9 52 57 37 68 40 10 50 87 16 97 71 62 53 15 45 51 18 33 66 80 93 19 77 44 84 78 32 48 85 36 47 94 69 98 88 3 23 30 
TEST 134 ARG:59 28 21 19 88 93 83 56 99 17 51 60 32 43 31 82 0 41 42 96 77 58 23 26 13 37 85 84 46 68 24 14 55 48 8 16 44 15 47 5 40 70 12 10 20 76 75 73 62 86 18 3 95 30 91 1 34 29 6 52 97 79 38 87 50 25 78 67 71 11 65 74 36 72 57 64 92 66 2 90 7 94 54 89 53 49 39 81 27 35 61 22 69 9 63 45 33 98 80 4 
TEST 135 ARG:70 73 65 18 61 8 40 37 52 87 79 7 12 47 43 29 69 90 11 25 42 30 89 0 92 10 76 78 91 9 20 46 6 97 33 4 93 99 39 49 81 74 23 45 63 50 24 83 82 32 19 88 85 31 3 44 62 66 67 96 86 22 95 27 72 84 48 64 59 57 21 53 34 98 2 71 35 5 14 17 55 1 58 75 41 94 38 56 16 13 77 54 60 28 51 68 80 26 15 36 
TEST 136 ARG:74 99 62 57 44 38 47 20 75 43 45 49 37 6 27 33 41 69 50 9 24 70 63 18 64 77 65 12 4 56 89 53 79 34 21 0 52 46 73 29 98 35 7 10 96 95 85 58 2 59 80 82 32 28 16 8 87 76 15 83 25 97 23 81 17 26 84 11 67 94 86 71 48 3 39 1 72 90 13 19 51 91 92 55 93 14 68 60 31 61 42 30 5 36 40 22 78 66 54 88 
TEST 137 ARG:69 2 10 34 19 46 11 75 91 6 33 98 80 89 12 76 44 32 77 70 73 16 17 15 43 27 51 61 63 47 88 45 52 0 65 24 31 29 95 37 62 99 96 7 30 94 28 87 14 85 54 20 84 67 9 40 55 56 97 60 68 58 48 74 83 1 81 71 4 39 78 66 21 25 90 64 23 57 13 72 38 41 26 8 82 35 22 49 79 59 5 36 86 53 42 93 92 50 18 3 
TEST 138 ARG:35 5 19 10 16 64 50 51 66 36 90 41 28 9 63 8 20 95 70 58 71 24 73 31 99 38 46 92 3 21 45 32 25 65 43 1 98 33 27 42 83 6 53 44 47 86 34 89 26 57 14 61 68 78 18 81 11 7 30 23 67 87 75 60 69 85 88 72 76 13 12 17 54 2 93 74 80 29 40 97 22 56 91 37 15 0 49 82 79 4 84 62 59 39 52 94 55 77 96 48 
TEST 139 ARG:44 35 78 3 79 7 25 61 22 18 96 31 28 69 50 41 71 54 40 13 58 21 55 70 26 84 37 5 64 32 89 9 2 72 76 38 75 80 45 56 99 52 48 27 88 6 10 77 30 51 90 81 74 47 92 43 36 4 1 53 67 12 46 60 17 39 94 95 93 49 19 15 65 57 97 85 63 16 23 29 87 59 62 34 83 82 98 33 0 24 91 42 73 86 20 8 14 68 11 66 
TEST 140 ARG:13 70 77 37 80 85 25 26 63 17 46 19 74 64 71 65 21 49 40 78 58 97 68 7 59 92 45 39 16 91 32 31 90 75 95 96 69 11 84 67 98 93 52 6 33 2 14 22 76 4 9 50 89 53 34 24 15 79 60 66 51 35 42 61 99 87 81 18 36 0 72 12 30 73 38 3 41 88 43 28 29 20 44 47 1 55 54 48 62 86 56 23 83 8 10 27 94 57 5 82 
TEST 141 ARG:14 8 10 39 69 81 22 1 60 11 52 86 5 92 56 98 15 72 80 55 95 71 13 18 27 82 9 31 91 44 20 70 50 16 75 76 65 19 53 74 93 34 67 84 96 7 48 32 23 59 33 6 29 58 88 68 37 99 47 63 42 2 3 62 77 85 30 24 90 41 61 17 78 38 0 46 28 79 36 51 64 21 49 94 12 25 45 26 73 57 83 35 89 4 66 40 97 54 87 43 
TEST 142 ARG:85 59 67 12 15 46 83 25 2 99 27 78 9 23 93 57 79 53 37 40 20 43 38 33 55 32 68 11 30 91 98 8 34 50 28 35 47 97 19 76 94 0 1 7 22 58 18 65 13 41 16 14 80 36 42 21 72 51 62 6 10 96 48 88 92 4 66 64 95 31 86 3 77 81 24 63 39 89 82 17 29 61 73 54 84 70 90 5 45 60 52 56 71 44 26 69 74 75 87 49 
TEST 143 ARG:9 32 36 60 35 7 3 82 87 78 49 57 25 98 30 72 47 58 48 16 81 79 77 50 20 97 61 84 21 45 69 53 66 74 46 42 75 99 18 90 4 55 71 2 92 27 37 1 65 28 12 62 24 26 6 31 23 38 70 73 54 34 51 13 17 14 11 0 44 94 85 68 19 52 40 59 67 33 96 83 63 8 89 22 88 10 64 56 39 41 5 86 91 29 93 80 76 95 43 15 
TEST 144 ARG:75 73 31 10 99 29 87 59 37 86 60 66 36 1 20 40 96 16 3 94 72 34 57 77 98 8 61 83 88 95 51 30 27 84 35 14 47 64 39 48 52 54 5 81 28 97 78 44 2 82 9 50 58 43 25 92 6 85 55 13 56 80 93 91 68 32 23 76 24 21 49 18 0 79 70 42 71 33 11 62 53 90 67 63 22 7 45 41 89 38 69 65 74 12 46 17 4 19 26 15 
TEST 145 ARG:13 42 32 83 11 56 50 37 99 21 95 97 71 47 20 52 77 78 35 4 39 86 80 57 69 1 36 23 6 14 33 61 41 66 96 72 62 75 93 92 27 55 87 81 19 49 46 17 54 65 9 82 89 31 74 59 44 79 34 43 3 84 7 94 24 63 51 98 15 64 5 85 29 26 73 53 2 18 12 45 28 25 67 22 88 16 10 8 48 76 60 30 0 90 68 91 40 38 58 70 
TEST 146 ARG:16 35 33 83 52 4 44 89 53 24 13 70 14 18 7 77 51 48 92 78 5 3 64 73 96 67 74 28 11 94 66 15 6 93 90 81 75 80 20 95 41 46 61 71 99 40 87 42 56 23 60 12 39 34 38 17 32 58 59 76 31 84 63 85 91 72 79 8 0 30 10 49 19 9 50 21 1 65 97 27 98 29 54 88 57 47 22 37 36 69 68 55 86 82 2 25 62 43 45 26 
TEST 147 ARG:44 15 61 9 10 53 13 74 67 14 8 77 68 50 7 43 21 55 39 34 91 0 82 97 89 58 25 36 22 69 42 62 87 78 35 49 41 6 46 18 54 31 64 56 2 27 37 90 85 88 81 3 28 33 51 19 83 98 48 4 86 47 20 26 29 45 11 99 71 75 96 80 30 24 16 72 17 40 79 94 84 5 57 76 70 92 66 60 12 52 59 32 73 63 1 65 93 95 23 38 
TEST 148 ARG:6 69 26 77 82 71 41 56 95 75 2 15 83 94 47 32 28 92 58 44 4 61 46 63 37 98 20 40 65 59 62 9 78 76 53 67 81 88 30 36 11 39 85 27 25 16 93 60 86 35 89 0 72 29 87 64 57 12 91 24 21 99 7 23 22 38 34 45 51 8 43 5 68 3 96 42 49 90 1 70 74 73 97 10 19 79 48 17 50 66 18 14 52 55 31 33 54 84 13 80 
TEST 149 ARG:33 84 43 57 27 97 82 80 74 91 93 39 92 49 21 42 32 53 48 10 35 26 85 88 76 83 37 59 99 81 25 7 68 90 54 71 56 95 24 16 72 2 28 47 67 8 9 89 69 40 19 79 41 78 64 60 70 73 4 11 45 18 58 15 50 63 23 98 5 31 29 86 96 61 94 3 38 34 77 75 51 87 22 52 44 65 55 36 12 46 0 62 6 30 1 13 66 17 14 20 
TEST 150 ARG:6 74 21 53 81 70 40 56 3 37 67 4 13 57 15 78 97 25 31 83 72 35 24 46 29 45 71 55 96 17 84 11 62 58 2 0 66 19 7 61 69 33 52 75 79 94 59 44 80 54 41 28 89 91 65 86 90 14 26 87 5 32 9 98 47 12 88 18 43 38 95 77 8 60 99 93 16 92 23 39 51 42 63 85 50 10 22 64 76 68 34 36 1 73 49 20 82 27 48 30 
TEST 151 ARG:43 19 15 87 29 28 84 5 1 67 62 16 41 30 26 80 99 82 73 53 33 76 58 64 56 71 0 23 61 45 49 85 48 21 81 36 78 72 20 27 9 11 3 83 40 90 54 66 65 68 57 93 46 47 32 13 55 2 97 39 38 50 35 91 70 22 88 37 12 25 74 63 96 59 75 6 31 92 10 52 60 34 18 17 8 86 89 79 42 4 7 95 51 98 77 69 14 24 44 94 
TEST 152 ARG:27 61 95 47 98 30 26 15 79 31 53 7 24 17 68 72 75 44 59 58 88 28 33 34 96 85 1 63 29 10 49 36 60 41 3 11 45 90 57 50 76 18 92 4 64 82 48 83 94 77 78 74 32 71 12 21 80 20 86 16 42 84 2 70 14 54 89 9 46 73 52 37 99 62 19 0 35 38 56 23 8 91 6 81 25 69 5 66 13 39 93 43 97 40 65 51 22 87 67 55 
TEST 153 ARG:41 28 47 29 22 88 72 92 37 43 62 94 1 53 54 26 32 18 74 2 64 38 3 59 17 65 48 82 58 8 98 36 55 30 87 19 96 70 39 40 90 93 4 45 16 63 79 75 51 78 5 42 7 89 85 99 14 50 83 68 60 56 73 20 80 57 0 10 46 67 6 24 86 91 9 81 12 34 84 11 49 33 71 31 66 13 76 44 25 97 52 95 35 27 23 21 15 69 61 77 
TEST 154 ARG:29 49 61 84 71 52 44 62 65 35 17 45 28 72 95 74 73 31 9 79 98 0 40 10 69 41 55 88 36 91 85 75 89 78 6 48 63 64 68 90 21 34 38 32 1 70 33 59 19 23 60 82 22 8 25 51 16 26 4 99 47 3 76 97 86 56 30 80 15 96 42 27 94 13 83 92 2 24 11 39 46 20 58 57 66 77 12 50 18 93 14 7 87 54 53 81 5 43 67 37 
TEST 155 ARG:30 21 37 35 51 98 99 96 31 13 95 16 40 46 71 26 69 82 81 27 68 8 97 24 70 73 43 47 66 94 41 0 5 67 6 62 55 11 23 85 90 34 12 83 48 42 39 74 9 28 45 78 79 49 89 56 44 15 7 76 1 17 22 4 72 19 61 58 88 14 60 92 63 84 29 52 3 93 18 10 59 2 75 36 50 57 87 54 33 77 53 65 80 38 86 91 64 25 20 32 
TEST 156 ARG:88 8 71 29 18 36 80 54 70 9 26 40 22 52 64 7 51 75 61 53 77 25 35 34 0 11 13 92 89 1 31 56 95 44 10 28 37 41 47 74 84 62 32 94 91 20 96 69 72 27 83 57 87 79 90 38 2 15 33 46 17 21 76 24 3 65 66 23 86 59 67 4 93 30 6 42 43 14 85 99 16 60 49 98 19 58 68 81 73 55 39 78 12 63 50 82 5 48 45 97 
TEST 157 ARG:12 90 48 29 31 79 71 36 13 37 70 83 49 64 32 60 56 96 94 20 99 44 97 41 87 85 51 21 91 45 1 84 34 73 16 39 89 62 7 69 9 25 67 93 22 43 68 57 24 52 3 76 35 6 72 40 19 58 8 26 50 18 86 14 78 95 65 53 11 61 98 17 23 42 28 63 47 0 5 54 2 81 30 59 88 55 92 10 77 82 15 66 74 80 75 46 33 4 27 38 
TEST 158 ARG:51 93 97 3 89 41 36 34 62 60 44 50 27 61 21 13 18 39 49 2 8 68 38 28 79 78 63 30 95 94 9 64 70 4 57 91 96 35 29 24 7 83 69 77 26 25 92 55 17 74 23 71 48 73 47 43 65 15 76 31 32 6 22 40 99 45 19 14 0 90 52 42 58 16 46 85 86 56 5 33 88 10 20 59 80 1 72 81 66 37 12 11 98 75 87 84 67 53 54 82 
TEST 159 ARG:57 55 95 23 88 89 82 16 96 43 39 44 62 59 12 2 73 27 30 68 48 71 63 45 17 87 99 29 49 26 40 85 3 14 31 53 69 24 98 22 78 18 81 35 1 58 86 13 56 76 67 61 37 9 70 74 97 32 60 36 6 42 25 72 64 54 15 66 41 46 33 28 94 75 65 47 90 5 11 52 10 93 84 51 4 79 20 83 77 38 91 92 21 8 19 34 50 7 0 80 
TEST 160 ARG:41 39 16 76 51 18 9 59 65 26 15 0 69 87 52 17 62 64 27 66 96 14 11 58 78 46 70 84 73 55 79 57 10 21 7 80 63 94 74 35 91 90 23 20 4 92 30 50 36 99 93 37 2 1 49 86 82 40 22 28 83 13 43 31 19 81 3 61 44 25 29 34 89 12 56 97 54 60 32 95 88 38 8 68 42 33 45 71 53 24 47 67 77 6 5 98 72 48 75 85 
TEST 161 ARG:78 63 12 64 66 68 43 7 22 92 21 90 2 85 19 67 88 82 4 11 83 74 46 89 5 6 33 52 15 25 45 76 79 77 94 44 69 61 41 57 93 99 54 81 0 39 49 24 23 34 10 29 32 73 40 98 59 60 35 8 80 47 86 50 84 91 65 96 13 20 51 97 42 53 58 56 28 16 26 3 9 37 36 27 62 71 38 72 48 55 31 30 87 95 1 17 14 18 70 75 
TEST 162 ARG:69 33 21 95 8 6 49 86 91 73 28 17 96 51 9 92 41 90 19 82 11 35 31 20 84 42 93 2 45 99 64 89 85 79 26 1 34 80 59 27 77 60 38 3 78 32 25 61 76 94 97 12 67 53 16 48 72 24 13 87 50 40 36 74 39 22 54 62 47 57 37 23 75 71 30 43 29 52 88 83 5 44 7 18 65 4 14 68 46 55 15 56 63 70 81 98 66 58 0 10 
TEST 163 ARG:35 51 12 6 61 77 82 48 86 17 94 41 28 27 81 79 98 55 50 36 99 96 62 42 73 25 22 26 93 92 1 39 69 10 53 95 7 83 30 14 75 5 52 88 87 9 15 64 0 74 58 45 43 85 97 90 59 80 24 47 29 66 46 76 4 67 40 32 49 31 78 68 63 23 13 37 3 16 44 71 21 8 72 11 54 20 2 19 91 34 38 65 89 56 60 18 70 84 57 33 
TEST 164 ARG:86 24 52 90 27 8 65 77 95 22 36 43 55 62 7 21 20 23 4 49 60 39 32 79 30 98 74 57 9 13 68 44 40 99 70 89 97 19 38 73 5 81 76 63 58 28 18 48 2 92 33 61 91 64 1 35 25 47 71 59 46 66 87 34 45 6 75 0 15 11 80 41 31 42 94 54 56 72 93 84 50 37 88 14 78 53 82 83 67 17 29 85 69 16 96 3 12 51 10 26 
TEST 165 ARG:63 99 70 24 17 40 12 53 28 46 7 82 66 4 42 93 73 39 60 8 84 27 21 90 10 69 2 37 13 14 22 51 36 58 1 38 98 52 34 91 43 97 64 85 75 81 83 94 20 5 41 80 61 49 16 56 89 33 77 62 6 87 48 71 0 50 3 92 9 30 29 55 47 11 25 59 45 65 44 88 74 32 54 68 18 35 78 86 57 15 23 79 31 67 72 96 95 26 76 19 
TEST 166 ARG:78 11 94 83 55 80 95 59 99 14 25 58 43 30 77 72 8 86 33 93 39 89 32 28 15 66 1 85 4 69 26 60 34 23 36 76 81 61 44 41 56 45 91 52 75 87 17 19 21 88 97 96 63 84 27 16 48 18 50 90 38 37 64 12 65 70 62 42 92 53 29 68 74 40 6 22 24 51 73 9 0 79 3 82 98 67 7 71 5 13 20 54 35 46 49 31 2 10 57 47 
TEST 167 ARG:36 58 87 47 85 82 22 14 40 38 52 5 59 66 88 94 44 49 7 41 45 21 57 75 93 16 96 74 81 80 43 23 19 35 8 84 90 37 65 54 71 73 55 50 48 69 42 28 51 13 86 12 89 83 72 46 97 27 11 10 70 68 39 91 92 56 17 61 79 4 62 33 1 32 29 20 9 2 64 78 63 25 60 26 53 18 95 0 99 31 15 6 98 76 24 3 34 67 77 30 
TEST 168 ARG:73 81 71 17 90 20 3 32 44 85 15 95 47 64 66 88 69 45 33 39 89 13 99 61 49 4 83 60 65 2 53 25 46 31 36 35 98 93 5 0 84 80 62 79 14 29 50 92 78 9 27 59 82 43 22 41 77 96 10 38 74 1 94 97 26 86 63 23 8 54 24 75 51 76 11 72 68 28 58 18 16 37 40 48 91 70 30 55 52 7 12 57 21 56 42 6 87 19 34 67 
TEST 169 ARG:94 8 21 32 67 54 77 42 38 12 92 76 43 29 35 93 48 62 0 22 23 59 71 88 81 4 40 24 53 70 5 44 14 27 90 50 47 63 36 80 78 51 87 18 84 66 69 26 41 17 60 91 52 19 82 3 11 1 85 72 86 37 56 7 6 45 25 98 10 99 75 9 39 28 49 2 31 20 30 58 55 13 96 83 95 64 97 33 74 61 16 46 79 89 65 73 15 34 68 57 
TEST 170 ARG:32 76 84 3 67 6 43 14 2 58 63 34 41 8 49 4 53 55 48 66 23 42 9 96 29 94 0 24 86 39 73 51 98 12 77 10 65 5 72 80 18 54 69 13 16 19 64 31 33 57 68 93 38 47 1 81 95 36 35 28 22 59 78 20 87 62 83 15 61 27 26 30 71 99 75 60 17 11 50 45 44 85 92 7 79 25 90 89 40 82 97 70 37 56 91 52 21 46 74 88 
TEST 171 ARG:43 33 57 39 72 48 49 5 92 30 45 14 77 58 15 54 62 40 11 79 41 52 91 26 75 59 86 47 21 3 90 32 28 89 0 60 42 98 61 73 83 1 36 81 93 95 19 22 82 76 65 27 94 24 69 56 85 78 12 18 37 66 70 16 44 50 9 55 68 63 10 13 6 64 23 8 84 38 71 4 35 88 46 87 2 34 29 25 96 20 67 31 53 17 99 80 97 51 7 74 
TEST 172 ARG:47 79 46 58 63 68 36 15 97 69 80 10 85 31 48 2 59 20 26 75 38 42 64 66 19 16 33 53 13 91 35 88 22 40 23 72 70 37 78 44 50 71 84 95 8 90 51 29 73 93 24 65 54 14 57 25 41 62 1 28 6 94 27 7 74 11 32 81 96 77 4 18 43 21 83 76 3 52 92 61 0 89 98 60 87 5 55 86 49 30 82 9 99 12 67 45 34 56 39 17 
TEST 173 ARG:31 93 22 67 53 83 73 98 36 60 63 18 99 24 82 77 75 72 66 71 51 42 70 43 49 20 0 54 8 41 7 27 35 89 64 14 13 47 56 68 90 92 52 34 74 3 6 10 57 4 19 23 80 21 95 88 61 5 76 50 25 62 96 26 1 45 11 84 2 37 39 59 16 97 32 9 86 87 79 48 78 91 38 46 40 55 81 28 29 12 69 85 30 58 65 33 44 94 17 15 
TEST 174 ARG:96 6 58 51 53 54 39 7 9 78 8 1 84 28 40 79 66 67 44 81 42 29 55 63 48 72 19 91 15 50 27 3 46 59 56 77 49 10 90 89 45 36 0 25 47 22 32 69 11 16 61 74 80 98 14 82 41 93 75 5 57 35 21 52 97 12 87 20 88 64 83 99 65 60 86 23 92 73 24 38 70 30 94 18 31 33 68 37 34 62 2 13 4 26 17 71 43 95 76 85 
TEST 175 ARG:62 56 53 41 2 99 13 15 37 29 75 59 89 0 88 24 84 83 81 70 34 1 19 46 48 33 23 71 28 40 4 43 45 18 31 16 9 35 77 8 55 36 93 42 44 11 3 32 96 76 85 87 22 57 25 82 47 14 97 30 92 68 86 7 38 21 50 79 51 26 39 60 90 5 72 91 94 63 49 67 78 95 52 74 58 17 61 6 65 27 80 73 12 64 69 54 20 10 66 98 
TEST 176 ARG:13 51 9 65 93 97 64 91 58 59 22 89 56 49 69 63 96 48 42 37 17 90 3 60 33 83 88 94 53 39 95 15 62 16 76 79 92 43 8 57 55 78 85 47 72 36 71 27 81 35 1 5 28 21 41 20 50 30 18 44 77 24 7 2 19 80 31 67 46 32 74 38 68 26 29 40 4 25 61 99 82 45 73 10 12 66 52 11 0 75 23 34 14 54 87 98 84 70 6 86 
TEST 177 ARG:33 69 82 56 65 29 13 52 15 17 67 0 51 86 59 8 96 49 43 78 23 53 72 48 76 25 7 62 37 38 75 28 4 99 36 95 68 42 79 60 24 20 10 35 46 71 58 44 81 85 84 26 55 63 1 64 47 22 98 80 89 91 12 93 31 41 27 83 57 54 30 16 70 50 61 73 40 18 97 5 45 34 3 77 74 11 9 32 19 2 21 92 14 66 94 90 87 88 39 6 
TEST 178 ARG:94 15 34 2 38 41 25 48 28 7 12 22 88 89 0 42 50 72 40 32 35 81 65 49 98 46 21 85 1 58 10 43 86 66 8 11 30 92 71 83 26 27 75 3 67 20 69 87 90 55 80 19 59 37 93 73 64 4 53 44 84 18 60 95 47 82 6 76 31 97 62 99 13 56 45 61 63 17 36 24 78 39 70 77 79 57 74 14 23 29 16 51 9 33 52 5 96 68 91 54 
TEST 179 ARG:35 53 46 54 61 26 37 44 6 47 23 10 12 15 77 21 90 70 29 16 31 93 99 94 58 2 7 51 57 33 84 27 88 82 18 4 85 92 41 36 42 56 75 79 13 52 5 62 73 45 40 86 20 32 74 97 0 48 49 14 60 76 50 64 89 67 38 24 25 66 3 69 30 83 98 34 1 96 17 87 95 65 80 19 71 55 78 63 28 81 11 72 91 39 68 43 22 9 8 59 
TEST 180 ARG:79 59 87 26 6 49 18 37 48 1 42 70 99 27 98 11 20 81 52 28 84 13 40 2 54 71 44 29 12 23 66 35 97 47 43 7 53 73 77 3 64 22 92 30 78 67 34 58 57 38 46 85 5 91 9 93 61 65 75 8 88 17 68 32 25 55 56 89 45 63 19 60 10 95 76 96 86 36 83 31 14 15 69 39 94 4 62 74 21 82 33 41 72 80 16 0 50 51 24 90 
TEST 181 ARG:63 43 85 2 45 67 82 71 58 0 90 15 55 38 66 72 44 29 51 39 26 80 49 64 89 75 93 7 22 98 18 6 84 19 27 31 3 53 17 25 35 50 78 10 34 81 99 77 70 46 92 83 87 23 48 56 41 4 86 30 88 60 95 73 57 13 52 47 68 79 97 65 14 76 62 40 11 12 9 8 36 37 21 28 20 42 61 69 74 5 24 32 16 54 96 33 59 91 1 94 
TEST 182 ARG:16 65 75 81 28 74 20 0 70 61 56 23 11 84 25 8 40 57 17 24 19 54 36 86 47 22 71 32 15 69 91 3 44 80 89 53 45 26 50 88 66 62 29 60 83 37 30 98 52 38 68 33 21 42 5 4 92 12 99 67 93 90 35 2 48 82 87 27 9 55 39 6 18 10 34 96 1 49 79 73 41 77 46 13 59 95 78 97 63 43 94 64 85 72 31 58 7 51 76 14 
TEST 183 ARG:49 50 37 58 8 28 41 11 46 7 0 73 57 5 60 40 82 14 29 42 55 80 83 25 78 47 39 67 95 72 85 90 86 88 97 20 16 22 30 64 74 17 62 99 89 69 33 31 96 81 77 45 87 32 1 43 44 51 48 71 6 63 61 52 34 24 3 38 65 23 66 19 18 9 75 15 56 91 93 13 76 53 21 94 26 10 12 54 68 70 98 59 27 84 4 35 92 79 36 2 
TEST 184 ARG:53 71 33 50 34 62 76 99 78 20 48 55 85 81 58 0 40 66 77 7 4 94 59 52 21 90 84 5 56 72 89 79 16 9 63 74 38 75 29 69 82 1 32 24 11 65 17 26 73 57 30 25 67 22 86 54 36 93 87 19 45 13 3 18 43 61 14 83 47 27 92 44 96 95 15 37 23 60 49 97 8 28 10 31 41 2 98 91 46 88 64 35 70 80 6 51 12 42 68 39 
TEST 185 ARG:93 59 60 92 81 32 9 73 99 78 53 66 49 31 12 37 5 74 69 6 21 62 26 14 0 4 88 36 8 24 30 79 52 45 28 98 65 15 58 80 77 76 87 46 94 55 22 84 61 41 1 40 89 91 82 38 64 67 43 34 25 75 95 3 17 33 27 90 18 42 29 68 96 20 11 97 13 10 71 86 48 56 16 50 54 35 83 63 47 19 72 2 39 44 7 23 85 70 51 57 
TEST 186 ARG:15 5 65 3 33 42 38 93 74 89 52 6 86 75 51 48 58 69 25 40 88 79 46 57 54 63 36 91 29 12 21 44 31 81 16 32 4 17 19 90 35 80 23 64 61 70 27 7 22 2 20 85 9 45 43 67 77 8 72 99 87 95 56 92 30 84 1 83 18 39 78 71 13 68 98 47 60 49 10 50 66 14 94 34 53 26 37 28 73 62 97 41 11 96 82 59 55 24 0 76 
TEST 187 ARG:90 3 77 61 30 93 71 63 2 4 72 6 68 24 28 0 40 18 33 34 67 31 50 21 15 94 11 59 48 92 99 26 88 76 41 96 27 32 74 62 8 14 60 45 95 29 65 10 12 58 42 97 35 9 51 80 36 85 75 69 78 98 54 56 37 22 55 83 39 1 91 19 23 44 17 89 81 86 84 70 87 20 47 53 7 82 16 46 25 57 73 13 79 49 66 43 5 52 64 38 
TEST 188 ARG:15 53 68 3 28 47 12 39 78 85 52 34 18 88 71 77 16 2 25 27 99 4 69 31 56 36 89 92 6 5 63 58 95 29 1 90 84 91 74 13 7 94 57 38 43 23 9 97 26 50 11 49 10 60 24 32 37 40 73 70 54 76 82 86 98 87 17 61 59 33 45 80 19 20 96 79 14 65 46 0 93 51 41 22 75 83 62 42 30 67 21 35 81 64 8 72 66 44 55 48 
TEST 189 ARG:30 65 7 4 50 82 18 59 94 13 28 60 8 36 40 11 37 49 35 44 17 33 43 68 95 34 67 81 22 79 88 27 93 25 96 86 6 87 83 39 29 41 42 77 1 20 31 3 53 90 69 98 10 76 21 70 75 55 66 19 57 91 46 61 56 23 74 16 80 97 62 58 72 85 63 45 38 5 73 26 32 99 47 9 2 92 64 84 12 14 48 89 24 78 71 54 52 15 0 51 
TEST 190 ARG:26 8 29 71 39 20 4 45 23 93 17 84 50 0 62 81 92 80 22 18 63 19 27 66 95 73 91 24 33 54 34 16 74 69 43 40 13 25 67 57 52 68 31 15 94 70 90 75 89 12 11 47 79 58 82 49 32 30 36 21 76 88 85 53 78 60 38 41 1 98 10 2 56 86 46 44 3 14 61 96 77 97 59 5 7 28 48 65 51 6 42 55 72 9 83 99 87 64 35 37 
TEST 191 ARG:1 49 58 72 86 20 38 74 9 73 64 42 29 63 11 78 25 57 37 30 35 46 69 3 33 18 76 65 56 45 55 36 88 66 87 83 41 89 10 96 12 81 50 34 54 4 80 48 91 13 62 85 2 92 23 24 90 16 6 17 59 22 52 77 60 47 27 0 8 70 15 98 19 21 94 79 43 97 31 28 67 5 44 39 32 84 68 61 40 53 26 99 82 71 7 14 51 93 75 95 
TEST 192 ARG:8 77 73 74 23 79 0 61 58 49 89 76 27 94 87 1 72 92 35 5 66 43 86 98 4 81 69 12 62 70 16 47 22 25 50 29 91 7 44 19 32 51 88 45 21 42 3 53 67 41 30 64 24 10 80 83 84 68 20 39 65 48 34 55 85 36 31 82 37 40 28 15 17 97 93 54 26 6 57 96 99 60 18 38 71 46 13 11 59 63 33 95 75 56 90 52 9 14 2 78 
TEST 193 ARG:78 68 44 24 63 6 83 42 57 88 34 28 45 41 72 33 61 82 92 67 98 36 19 96 9 46 52 55 11 18 12 0 3 43 1 32 81 23 16 50 25 14 20 60 93 21 86 58 65 95 40 75 53 89 49 15 85 79 13 5 91 31 54 10 29 71 37 17 4 48 77 56 97 59 69 38 76 26 7 87 84 99 90 27 80 94 2 62 22 35 74 64 8 47 30 39 70 66 73 51 
TEST 194 ARG:54 97 72 87 83 35 71 24 32 98 88 28 43 77 82 53 85 52 93 56 27 30 80 6 57 51 22 13 21 1 23 12 75 31 50 65 16 29 70 68 10 26 17 15 41 2 67 91 25 58 4 95 42 20 59 37 63 47 84 89 55 86 5 74 14 73 64 66 61 48 94 3 19 79 46 36 90 11 99 40 0 38 7 92 96 33 8 69 60 76 34 9 45 44 49 62 78 81 39 18 
TEST 195 ARG:62 85 37 30 23 20 83 2 97 89 16 54 52 72 74 26 0 17 93 33 63 82 75 57 69 76 66 81 86 44 61 88 78 49 95 80 65 53 4 60 77 92 22 5 34 47 12 18 98 68 10 36 67 13 35 40 87 21 14 41 59 99 50 84 91 56 24 90 19 15 6 46 7 11 45 38 51 8 31 43 79 32 73 3 1 71 39 29 94 25 28 70 96 64 55 27 58 48 42 9 
TEST 196 ARG:19 7 34 30 84 58 21 6 88 91 68 50 43 87 85 27 0 52 80 26 11 93 3 20 39 44 10 79 17 33 14 74 35 40 66 29 46 65 90 72 94 41 23 13 69 45 49 28 16 95 82 59 18 56 96 37 71 75 38 86 32 73 55 61 89 31 54 57 24 48 81 63 70 77 15 97 25 8 53 64 47 62 9 51 12 2 42 5 99 60 36 4 76 1 83 78 22 67 98 92 
TEST 197 ARG:87 16 1 66 14 33 23 0 22 21 40 72 62 92 11 76 20 39 82 34 70 61 89 2 28 52 75 29 93 57 32 43 90 60 46 38 48 37 45 4 85 35 79 50 24 51 83 94 86 80 6 47 30 65 98 58 55 31 95 71 42 9 8 67 13 64 88 78 41 27 81 36 63 25 15 19 18 84 26 7 53 73 49 96 3 54 10 77 97 17 69 56 68 74 12 99 59 91 5 44 
TEST 198 ARG:69 43 98 49 89 25 28 10 75 81 52 24 53 66 8 79 73 76 96 39 88 83 7 4 95 32 35 46 9 71 17 87 99 29 36 34 94 41 42 3 63 5 22 80 50 68 86 64 45 60 48 85 47 11 15 56 77 37 90 54 92 23 26 62 57 58 14 61 91 27 67 20 18 31 16 59 30 84 65 70 74 44 33 78 93 40 72 55 0 13 1 38 19 97 82 6 12 2 21 51 
TEST 199 ARG:83 38 80 90 40 94 8 66 75 4 18 63 35 93 21 46 24 53 50 91 87 64 48 20 9 72 55 70 0 11 76 49 22 92 57 26 61 34 78 62 67 10 30 82 39 71 86 36 79 45 95 98 77 52 81 23 13 25 42 12 16 54 85 1 59 3 37 96 33 73 89 58 5 32 88 74 60 31 97 6 68 44 15 56 27 17 7 2 84 99 14 47 51 69 28 41 65 29 43 19 
TEST 200 ARG:30 52 72 43 86 33 2 29 70 5 68 53 34 66 6 27 89 21 74 80 13 56 62 47 84 94 7 22 4 12 58 14 67 71 95 55 96 3 40 64 99 17 50 83 45 37 77 51 25 76 54 10 9 79 69 15 23 19 49 61 92 48 39 98 60 0 41 78 31 28 38 35 75 81 63 1 82 18 44 85 46 24 57 65 87 20 91 16 36 90 73 11 59 93 32 88 8 26 42 97 
TEST 201 ARG:24 91 8 16 14 56 58 76 47 2 65 1 29 64 20 22 86 3 9 87 53 45 75 5 57 43 96 89 18 34 27 7 38 31 80 73 67 82 66 85 99 79 6 44 41 63 46 78 15 94 70 28 39 37 54 36 72 21 30 48 51 42 68 0 10 35 71 17 52 90 33 40 77 84 62 49 23 32 59 74 81 4 55 26 98 92 83 93 95 19 69 60 50 88 13 25 97 61 12 11 
Multiple size <= 500
TEST 1 ARG:-115 4 -154 42 3 -124 24 -198 -196 -66 -103 -57 1 -78 202 188 -34 -173 -171 -98 140 40 123 104 -1 -104 -218 -163 191 -174 18 63 9 -172 -149 70 -15 -249 -190 -243 -139 -58 -85 31 -4 118 50 -151 -40 -188 -143 216 158 162 247 219 87 -23 5 23 -225 -232 94 110 79 -22 -121 -52 -216 55 61 200 -111 132 -169 236 53 -37 198 52 -19 -43 139 -9 -165 127 -192 -89 -53 -62 73 80 -123 66 141 85 -99 -241 -79 -48 169 189 199 -231 -77 186 14 69 -24 156 -203 -223 -93 168 7 11 15 220 -227 -199 242 95 27 -136 -87 25 -179 -228 86 81 -20 -229 210 -118 -80 196 -194 -160 -213 17 131 72 -44 -164 64 96 -92 -102 -38 20 99 -63 -42 -27 166 249 230 214 109 -176 -25 -144 -55 223 184 -31 -214 229 241 83 -109 180 238 161 143 -177 -221 128 77 41 62 217 245 -29 -135 126 -67 -247 208 -107 -69 -240 59 190 97 153 -18 -101 -30 193 181 159 167 32 -47 -202 65 -147 -157 -236 -113 -235 192 -141 57 13 -8 -127 106 -56 136 -205 -35 248 113 -166 22 -242 -230 101 67 -120 -211 228 -49 -155 147 -146 -105 148 91 45 12 34 195 -84 -219 -195 -187 134 -74 -233 -2 -12 -185 240 -7 152 194 -91 133 112 -193 -28 -180 -134 209 60 74 -96 -175 222 -197 -26 6 176 103 -97 -152 227 164 231 -237 -41 144 -95 -73 -33 172 -128 -16 218 -88 98 44 28 182 -181 244 90 -5 175 35 -245 -156 -125 -186 -217 33 -3 89 30 -208 215 16 165 -126 -212 187 68 239 -220 213 124 203 226 -250 -45 107 26 76 10 -137 -81 49 -209 -75 -61 48 -110 111 221 125 -17 -72 204 177 -170 -145 -178 -184 160 -234 105 -94 -132 93 -206 -246 -64 174 -13 114 -148 149 -51 142 201 -32 -10 -54 -39 120 179 -131 -90 -168 -167 29 47 -83 -50 154 84 117 51 -226 -11 -76 170 225 122 151 205 46 171 224 197 157 39 121 -46 -162 92 56 234 146 -82 -71 -70 -161 -189 -183 -60 -201 100 8 -122 138 163 -114 -68 178 -191 88 -100 -142 -129 -117 -224 -222 150 -86 38 206 211 -6 -200 -138 -248 135 -140 137 78 -14 -238 -244 -239 207 -65 -108 -159 246 0 -215 43 232 82 -112 -182 173 -133 243 237 2 183 155 -36 -204 -130 19 102 130 -119 -116 -150 -106 58 75 36 -153 108 -59 21 -21 -207 -210 233 54 119 37 -158 212 71 145 115 185 129 235 116 
TEST 2 ARG:215 115 1 26 223 248 216 -184 94 16 2 79 -93 -53 35 12 93 -72 36 43 135 80 151 235 246 134 -245 -161 -219 -199 -79 -134 -28 40 -7 -116 -203 -96 -49 -165 -177 13 -113 -119 210 -200 63 165 -114 -163 213 -75 170 52 25 6 -3 -247 -92 -111 227 -178 -45 225 194 180 217 197 120 119 -132 221 -192 229 143 199 237 190 -17 14 32 -218 30 76 62 -34 -99 98 -2 -168 -61 58 -131 209 91 -206 -117 -170 137 49 -176 191 145 239 -57 99 130 222 132 -229 -47 -211 -139 60 186 -144 4 -95 -64 -204 179 -173 -190 22 -162 -189 86 72 -46 -235 108 5 129 236 -63 -31 18 247 -14 -167 159 27 55 -232 15 164 87 64 125 21 -112 -130 -1 19 82 201 37 -18 69 243 208 -105 -91 -244 -128 -166 -223 -228 -129 -40 220 174 10 8 46 -195 240 57 110 168 -94 112 -25 -16 -30 -29 -169 88 141 -86 -197 -210 106 238 -118 48 -32 -133 205 11 196 121 192 188 245 -11 -181 -71 -100 -250 122 -237 -54 219 153 -140 161 81 -142 -70 101 28 96 -145 71 109 189 193 158 -149 -12 -208 -125 38 -157 144 -156 -80 133 92 89 45 166 -225 232 -107 244 218 -35 9 -182 -68 54 206 163 44 203 -88 -224 -69 -33 -240 -246 -205 -44 -164 230 127 183 175 -27 -215 212 -138 33 146 102 66 68 -62 -82 -120 156 -188 -231 -21 139 17 176 -141 31 -56 53 107 -226 -103 -87 231 171 131 -193 149 -74 -175 -214 75 -15 90 154 -159 -194 -5 195 84 162 -174 -60 -185 148 -78 -152 -59 167 3 242 -50 -136 -19 147 -23 -84 -179 113 -124 -85 -239 65 100 -121 207 -38 77 -41 198 -108 59 -248 -216 -97 83 23 150 187 116 -43 -227 123 241 29 185 74 -243 -83 103 211 -24 234 111 -81 97 -187 56 142 -123 95 24 -20 -36 -51 -146 -249 -158 152 -102 126 124 -171 -42 -22 -90 -222 -221 -186 7 128 181 155 51 177 41 -207 -209 224 -137 118 -13 -127 -155 233 47 228 -10 140 -8 -110 -89 -238 -98 136 -147 -135 202 73 61 20 -213 138 39 -150 -6 -67 169 160 -26 -66 -183 172 -160 -65 -198 249 -48 -148 -115 -77 200 85 -242 -233 70 -76 -196 -9 -180 42 204 -234 -122 -236 67 -109 214 104 157 34 184 -52 -4 226 -101 -58 -154 78 -151 -73 114 50 -217 -212 -106 182 -172 117 -230 -104 -241 -153 -202 105 -126 -39 -191 -55 -220 173 -143 -37 0 178 -201 
TEST 3 ARG:-106 44 147 107 57 -189 134 135 -72 5 -207 139 -228 -157 -171 203 64 -133 225 -8 -36 27 -226 -107 87 -115 243 -146 189 -161 -40 98 -109 19 112 -162 118 53 -97 -245 -93 -235 -244 89 -247 -166 -83 196 -112 -126 -80 220 197 75 -153 136 -32 -135 104 -243 -3 2 -77 -198 -43 115 100 88 -103 -154 -63 -31 43 -68 138 -173 21 -167 205 154 -222 31 80 231 92 174 179 -101 -163 247 126 61 -227 -145 -39 -46 -187 127 42 -138 218 10 -148 -49 -143 1 141 -15 -200 8 -20 -206 101 -190 -160 -88 -219 246 -152 172 200 119 50 116 -231 -116 241 105 -179 -203 -27 -221 -205 -202 227 -249 208 125 96 -140 -57 -104 -232 -117 30 -95 71 -246 -186 -131 186 -55 114 13 195 -105 236 -61 55 -182 -237 -38 -248 -238 90 -78 66 86 -113 223 215 -69 67 -89 -223 249 177 -79 216 242 -7 -28 193 221 32 144 -71 190 -76 69 -108 -6 176 159 47 113 -233 -165 -155 122 -11 -30 24 -92 188 171 37 133 15 -45 -94 -24 129 -60 -26 -56 85 -48 194 148 -59 79 58 -114 -52 -21 23 -199 68 226 -73 73 14 117 108 -19 156 -122 17 -102 -67 120 -211 -172 -64 180 62 -178 245 150 202 -191 -74 201 237 209 -177 9 97 106 -22 198 3 166 -35 -214 -134 155 -127 -164 7 175 95 -111 76 -208 59 -58 -234 238 210 -50 -192 213 -1 -41 153 -84 56 -128 45 160 184 102 -183 -149 204 -201 130 131 -224 -220 -23 137 -158 6 -180 -34 234 -184 181 48 230 224 191 -4 -185 91 28 41 -194 199 128 18 -169 81 157 235 -204 -123 -25 52 0 192 36 -121 103 178 -196 -175 -217 111 123 -151 -81 161 -239 40 -209 164 51 94 149 -13 -136 34 -99 70 -150 -124 -137 -85 167 -29 -139 38 -54 74 109 4 -18 -62 206 142 -193 -70 163 -118 240 -240 77 25 146 93 63 -170 72 -110 99 -176 60 83 82 -125 -87 -5 132 -90 217 -51 185 -2 -42 -100 244 228 -215 -197 173 -241 145 170 -174 -168 -120 143 219 -17 168 -159 -96 49 -75 169 182 -250 84 11 212 -44 -210 -47 35 -12 -212 -91 -144 165 -156 -181 -216 211 -33 -188 78 20 233 -14 -16 -82 -142 -132 -86 16 -130 124 33 248 -98 -218 162 187 39 152 -242 110 183 -10 -230 -213 121 -53 65 158 46 207 -225 -66 -236 -195 26 12 -141 -147 232 140 22 214 -119 239 229 29 151 -9 -37 -229 -65 -129 222 54 
TEST 4 ARG:59 49 154 -13 -142 194 105 115 -150 -171 -194 -218 -242 -168 159 -190 -112 249 -151 62 200 -147 34 234 -137 -225 47 36 -26 186 193 148 -27 125 -80 54 -143 220 -136 -18 -135 167 -36 -154 -221 149 -179 -159 -37 217 -33 21 -162 141 24 28 145 -69 -101 139 246 -219 -73 215 -198 -76 -209 121 85 68 -148 -84 -121 -243 63 -12 126 -8 -4 164 -35 65 84 -149 -122 244 -160 124 39 -15 -24 -184 -54 97 213 165 -224 -161 22 -17 -72 -68 -183 172 -117 91 -106 -197 168 -19 114 57 -116 -89 -205 201 78 -39 15 48 -202 -67 95 92 -217 -56 29 52 -138 -119 83 -201 -208 -118 37 130 218 113 116 -228 248 101 50 -9 -196 153 151 190 102 163 -241 223 -32 -169 -11 -189 157 -248 53 228 -57 -191 -115 -7 -139 -167 204 203 -6 -153 74 -124 -64 -110 81 188 120 -75 -52 169 171 147 -88 23 179 -176 -214 122 -133 -47 -131 -237 33 -5 195 56 -99 94 156 129 -104 -82 241 -3 66 10 -173 -31 -98 -41 110 -185 99 -200 -120 119 230 137 170 -109 79 118 -244 -1 -66 -174 -211 155 227 212 38 232 214 -229 -40 -16 -96 -163 -14 -65 -60 -111 202 -74 -165 -226 -20 -50 -166 46 -92 239 6 -63 -180 -157 -38 245 -2 199 -186 -210 40 -97 111 -134 -240 -227 30 240 -235 -233 -34 103 8 231 -30 -245 182 174 -93 -102 -100 -206 43 -23 146 -70 -187 -129 -126 -87 60 -21 -79 198 -77 -236 150 -78 -216 173 -108 -164 2 236 -141 226 178 3 207 87 132 -213 17 143 -170 -193 128 -203 166 -85 16 100 123 162 75 238 -125 197 0 211 45 210 -234 -94 -55 205 -25 77 -43 117 -146 104 -178 32 64 -249 109 237 -28 35 -10 180 229 -103 -123 161 144 -107 -239 -223 -22 -49 42 -95 -145 209 -195 90 4 88 -59 160 70 61 -113 7 76 208 -204 -199 235 -172 9 11 -158 19 -220 -175 106 127 -42 25 -128 -130 -29 -144 -152 -91 196 18 112 183 14 -177 -53 176 -238 243 107 175 31 -58 -105 219 41 -140 185 242 -182 -232 12 -51 82 108 5 72 -181 177 158 152 93 -230 69 51 -215 -246 247 233 27 -45 221 -231 131 -212 -62 192 224 181 -114 89 -46 -86 98 -83 13 -90 96 -155 -132 26 67 -207 55 142 216 184 -48 -71 86 -247 -44 206 140 -222 189 191 136 -156 -188 -81 71 222 138 187 44 20 135 1 73 134 80 225 133 -127 -61 58 -192 -250 
TEST 5 ARG:-160 -187 7 220 -168 -53 -131 167 198 91 181 155 -161 -23 -162 -66 50 -119 -166 161 -133 -83 -87 163 -238 32 82 -25 203 77 -86 194 24 -207 165 -12 212 107 235 76 18 -147 -114 111 234 -68 -210 -121 87 129 -196 139 193 151 8 -140 169 -154 -56 -97 97 90 23 -37 209 -70 -225 -179 -198 13 -180 -193 -18 146 204 215 26 178 -110 127 -32 21 57 -202 170 118 88 -247 149 187 11 38 206 -43 -221 -228 46 -248 196 -80 -176 85 132 104 -229 113 10 40 -199 236 -205 200 -151 -13 -98 -30 -209 -49 -123 -241 -113 54 -232 188 -21 -99 201 205 -139 154 240 4 -27 -15 17 2 -206 64 29 -88 -190 -96 72 190 150 217 -47 -175 -124 -236 -156 -95 -63 -9 63 157 -59 233 30 -120 144 216 -223 122 55 168 -103 61 20 -159 241 -45 120 223 160 -150 58 -143 -138 -69 -192 -135 98 -239 213 219 -178 -182 -172 -29 49 -33 52 183 83 68 -169 -84 -41 -77 -152 -31 -46 244 202 -117 -4 -126 33 31 232 121 12 102 -105 62 166 39 -42 -94 191 -165 73 124 228 93 130 22 142 -163 0 136 -62 -78 116 239 -167 -81 115 -148 -75 86 -188 -240 -38 152 141 -250 147 207 -109 -184 70 -19 6 179 -102 105 -93 109 -73 176 37 96 -36 248 -246 -174 99 164 -212 243 -10 128 41 -249 -34 182 -5 -208 225 36 25 1 211 -35 -181 -191 135 -177 -129 175 -90 66 -116 -218 -145 -128 -85 14 214 156 51 94 -1 210 -127 -153 -54 119 -82 71 -224 249 117 237 224 74 -233 140 -136 -11 231 -197 78 48 133 -220 -125 15 195 -6 -244 162 -219 60 -183 -137 245 -17 53 80 -132 -106 218 106 -52 -14 -65 131 84 189 173 79 112 -243 3 59 -7 -112 -142 -51 -100 -155 143 137 19 126 227 -67 -157 -61 43 -118 -214 81 -237 -186 47 -76 56 -72 -108 69 -194 185 27 16 -64 -203 -122 -58 177 148 -71 -215 -40 -211 123 114 103 -235 -44 -227 -134 -158 145 -231 -20 -146 34 -48 -107 92 222 247 -226 226 -204 -2 -185 197 -3 125 180 35 221 208 184 42 -245 159 67 -92 45 110 -101 -26 -130 -22 -200 -8 -28 230 101 -74 -16 -24 -222 138 44 172 -164 238 186 134 -217 75 28 174 199 -89 -91 -195 -55 192 -213 95 100 -201 153 229 -57 -171 242 -104 9 -173 -115 -144 -149 -79 158 246 -111 -230 -170 171 -234 -50 -60 -216 5 108 -141 -242 -189 89 -39 65 
TEST 6 ARG:43 79 184 6 -153 148 93 -71 107 -161 -167 240 -223 -10 -116 156 -205 117 219 249 138 -137 -171 -36 -236 187 -180 -102 193 -88 -164 -25 -246 -70 -59 -176 10 -15 213 78 5 45 189 -177 106 -105 -245 -141 91 164 152 203 157 -179 -196 178 238 -107 223 17 -7 127 -37 236 -19 -140 159 -99 247 160 61 218 -120 70 68 -29 -249 -221 -168 14 231 -248 -123 -185 -101 -56 135 -67 81 39 -243 -204 -18 198 -193 -225 -226 170 -26 -151 13 -122 105 -238 -31 141 -126 71 215 -13 -61 -135 -206 179 42 191 -11 -90 90 -232 -157 36 110 129 -186 -244 49 89 121 209 50 29 -134 -187 -98 -235 195 15 -224 206 201 -230 -211 59 -47 -149 -119 -82 0 220 154 -39 27 124 -114 188 -215 -146 -188 -33 239 108 -112 186 -43 -147 40 -212 -163 -198 -184 -208 -40 -97 -194 47 100 -4 246 -103 23 -210 30 -142 -74 -80 207 -65 -240 46 -132 153 -45 -30 55 245 -222 -228 -202 -155 134 140 -138 -129 73 113 60 -72 19 86 230 226 132 -115 87 -92 -23 -73 -96 -110 101 200 -209 -170 -66 137 216 -154 233 -182 -143 -191 190 109 -162 -233 -166 52 -63 -200 -247 -111 248 -77 115 150 181 -218 224 51 -79 204 104 65 -139 -229 25 235 -214 -53 214 -219 56 -195 -69 -148 -159 -24 -50 -55 -83 237 183 212 192 85 -34 -68 -213 -94 114 116 -144 161 -89 180 -93 -133 -217 -197 72 -16 185 -22 -85 232 -189 202 82 95 243 28 -84 122 -87 -117 44 221 -75 102 139 -175 -3 208 -48 83 112 171 -192 8 -113 149 -125 120 165 -9 133 211 37 -181 -20 -150 -178 -152 35 57 168 -160 228 -127 33 -242 24 -109 20 166 225 34 119 76 -81 -52 -86 -5 77 242 16 -124 1 -46 125 103 -78 196 97 -216 229 177 130 123 -106 31 -130 63 163 -239 222 -44 -51 210 54 -1 227 167 118 158 -76 22 3 -12 151 -158 197 155 -91 32 92 2 126 -27 147 -237 58 21 26 38 145 -49 169 75 -35 -121 -41 -64 144 -173 -250 136 -203 128 99 -62 -183 -128 194 -21 53 12 234 199 -100 -58 -42 -201 241 -136 -131 217 48 -174 4 66 69 162 -28 94 244 18 -57 -6 -60 176 -165 -227 -207 88 80 142 -54 7 174 67 74 175 -104 143 -2 62 64 -95 96 111 -234 84 -17 -169 -190 98 -108 -231 -38 131 -172 -220 -14 205 -156 -241 11 -199 41 -145 172 146 -32 9 173 182 -8 -118 
TEST 7 ARG:196 -55 10 -148 174 100 -136 -56 -44 128 -80 62 -202 -179 -134 -185 4 112 -81 134 21 -86 195 224 -49 217 -198 -106 -205 35 -243 -37 -147 45 -169 -1 37 -117 126 -26 -63 -232 -172 167 185 -160 -114 13 69 241 -231 226 232 140 110 234 -189 205 -14 -93 176 92 -42 104 -52 15 152 -201 26 7 -239 99 -48 40 70 95 2 -218 -249 -112 183 78 -28 150 -143 135 -95 138 228 57 58 -16 220 -133 -118 -137 -139 -92 131 155 23 91 -57 -89 210 -3 81 -119 -182 -246 124 -60 -79 -203 -102 -62 72 -64 38 236 -167 59 84 145 -206 -5 -186 51 -132 -122 120 -78 14 -88 163 -66 111 -105 74 80 79 229 17 239 -99 53 -158 208 190 215 88 173 -164 42 -130 -59 147 107 63 223 -38 132 -211 194 219 83 -9 -97 154 -157 56 -70 207 -104 -196 -178 -220 -12 -154 -156 -176 237 191 -237 -2 60 -7 64 85 -98 -94 158 68 129 186 -76 -238 5 -128 -224 9 44 -195 136 -8 -50 -47 -109 200 -250 204 -163 -241 -69 -145 48 -17 22 -58 218 -207 -123 -209 1 238 41 -204 -191 137 177 -230 -121 -15 -174 87 -54 -20 127 143 105 184 160 98 243 11 -219 -170 8 211 -41 157 165 75 -72 -18 114 71 -22 -100 28 -197 188 -11 -65 -87 -21 -159 43 -71 125 -244 -107 192 -101 16 162 -24 27 139 164 -192 -228 206 -83 -150 89 34 -188 181 67 73 118 -146 -173 -171 25 -227 -108 240 235 -152 -234 248 -10 -120 3 -221 -215 -181 101 -222 109 -217 102 46 -183 146 -236 19 32 24 148 227 171 31 -25 65 36 49 249 222 -125 -149 29 -199 -84 175 121 -225 -165 246 130 -111 213 -13 -30 -53 -103 -73 39 -208 -27 201 182 214 203 187 -142 -31 -23 133 -213 -29 -235 -75 103 -115 193 108 106 -247 202 -131 -51 -85 66 -36 47 -229 -200 61 86 119 -168 113 -39 -46 244 142 -245 0 212 245 -141 -6 18 54 -19 -214 -187 -33 94 -67 -35 -248 122 149 -212 116 6 179 -226 -129 12 198 156 -180 -113 242 -210 -166 55 30 170 -153 -43 -116 172 -161 -135 -34 -4 197 -138 209 153 -127 233 231 -61 117 159 151 33 199 -82 82 77 -194 -151 166 -140 -175 -162 221 144 52 -126 168 115 216 76 -184 230 -40 -223 -190 -91 -155 -242 90 -233 -96 225 96 -74 -124 -193 50 93 -177 -90 161 20 -240 -77 169 189 141 -45 -144 247 -32 178 -110 -68 123 180 97 -216 
TEST 8 ARG:229 -192 182 18 204 -166 -14 153 83 219 201 -134 -156 216 -241 72 -242 5 69 -147 -64 33 -228 155 238 193 240 -234 -126 -53 242 -83 232 75 7 -142 116 -221 130 84 144 70 -73 159 -3 202 -27 215 42 -82 -178 -87 163 -91 -96 -177 -58 241 -135 221 128 140 -139 111 79 25 -13 -169 -4 34 124 -188 -125 -75 63 61 203 -90 -95 -56 223 244 249 24 -224 157 10 -193 -49 11 -249 187 196 243 97 176 -227 -226 91 -211 -238 -148 -69 -15 -6 -106 158 -149 -171 -144 58 -23 213 46 234 147 198 -250 -105 -115 137 37 81 98 178 110 199 93 132 237 151 -220 36 -127 44 -208 -57 104 142 189 40 -74 -180 -164 56 -62 13 -231 -29 231 -243 133 103 -223 -103 85 120 143 71 51 108 43 190 -167 -28 -60 118 9 59 -214 67 28 -201 123 -194 20 -110 165 38 -187 205 247 -197 0 -157 3 -235 -26 -143 109 -172 -247 -47 126 -107 53 172 -117 -116 233 -32 194 210 -232 54 -173 139 -170 -84 218 149 236 27 -24 32 -5 174 -50 68 214 49 -128 -245 152 -168 -88 12 -202 162 -20 -209 114 -186 -39 105 117 154 -217 184 -46 127 92 209 -22 -8 -41 -219 230 -102 -111 -119 48 -42 208 -130 170 167 8 50 -191 -120 135 -25 -145 -161 -150 -155 -163 14 -19 102 -85 4 156 -229 -138 -86 -43 -65 23 -206 -79 -44 -18 -216 225 -30 45 30 200 212 -54 96 -104 -38 -109 74 207 121 -133 -240 -11 -199 -244 -184 188 -1 177 -159 -48 -10 -183 88 -198 -122 119 -141 169 206 -132 35 15 16 -66 -34 -61 197 -200 -21 -151 -89 211 -99 171 -114 47 183 -31 248 134 106 87 99 -190 166 29 -162 76 -175 -222 -182 94 -160 239 180 -97 -154 -36 -181 179 82 73 -9 -230 -7 -246 -40 185 136 192 -67 78 21 22 122 66 62 6 -71 -92 -118 19 -225 224 -196 131 -237 -212 -239 -78 95 -17 141 -146 145 31 125 -33 173 113 -37 17 227 150 -203 138 -189 90 26 -137 86 -59 186 -81 226 -233 -218 1 235 217 -98 191 -52 175 -113 161 101 39 195 -176 -153 246 77 -93 -94 -121 -101 -16 220 -205 -248 -152 -174 64 -112 57 -100 -236 80 164 -68 -165 -80 89 -45 -158 -215 -123 -210 148 -140 -131 -179 107 100 -70 -136 52 -77 -12 -195 245 112 115 146 -108 -55 168 60 2 -35 181 -129 129 -2 228 -63 -124 -204 222 -76 -51 -213 -185 41 55 -72 65 -207 160 
TEST 9 ARG:161 -237 57 -226 92 121 -9 78 -197 -185 -130 16 -149 185 -20 -65 -177 30 226 192 218 85 -50 -47 224 77 208 32 -32 -210 193 117 -60 -113 -187 -78 -19 244 -137 -109 44 -224 221 227 -176 174 -35 18 184 17 127 -43 -233 -123 -211 -83 86 -165 -146 206 -180 -14 145 53 101 233 56 246 -118 -4 115 76 52 -182 -101 -249 -74 210 -222 -231 47 -102 -160 42 158 -175 -168 199 71 -150 -22 45 -25 -105 -67 240 -16 -142 55 -24 106 131 -33 -115 167 -215 -93 -196 -244 29 190 -88 -134 51 238 -227 24 22 205 7 -111 -162 54 -136 129 -190 27 49 164 211 -169 -167 -155 118 -129 189 -148 217 133 207 -151 194 188 -183 -92 204 35 105 -235 103 -45 -76 80 -144 -138 9 -199 122 136 -166 -228 -247 222 -218 -119 70 178 -95 25 -220 128 -70 -232 143 236 -97 111 132 144 -117 26 223 -219 -40 -234 -12 -2 -55 157 196 -42 23 141 -225 -8 28 -31 68 -236 245 -87 148 -46 -68 -242 -120 108 -44 138 -212 8 60 -38 -153 -73 -172 235 87 112 -57 -69 198 -246 232 119 59 91 1 160 152 90 -250 31 -10 -82 183 249 179 -126 -114 -106 151 -133 58 156 124 -205 81 243 -18 89 -75 64 219 15 97 -209 200 -49 -52 -159 -23 -145 -1 -158 -103 83 63 -122 46 36 139 153 -200 102 99 -230 -26 -72 -173 -90 248 -147 214 96 231 33 241 154 50 -89 -223 37 134 100 149 -3 -248 43 169 66 10 120 -37 166 11 125 -208 -127 182 -202 -221 -81 21 98 107 -245 220 230 94 19 -238 -17 113 109 146 -203 180 202 -139 239 -116 155 -229 191 -179 -181 -191 -241 130 168 -27 65 104 228 -239 -91 38 -207 159 -170 6 110 150 -217 79 -99 82 -100 -132 -240 -15 -213 229 -48 -79 213 -41 84 -171 137 172 123 40 234 147 72 -13 -59 -63 20 209 -154 -128 135 74 -135 34 187 -243 -86 247 -184 116 73 0 203 -34 197 61 5 212 13 3 -198 95 -98 -6 216 -96 -143 48 69 142 4 -206 67 14 62 -71 -194 -11 -131 225 -216 181 93 237 114 -39 -178 186 -77 177 88 -192 -58 165 -110 175 -85 41 -7 -30 -28 -56 -64 242 -174 -51 -112 -104 -36 -141 39 -193 195 -214 -84 -188 -108 163 -80 12 126 -121 171 -62 -94 -189 -21 -201 -53 -125 173 -140 -195 -29 -5 -164 75 -161 -124 -66 -107 -61 -163 -157 2 140 215 -152 -54 176 -186 170 201 -156 162 -204 
TEST 10 ARG:200 48 203 -110 -156 4 -183 223 109 -101 -169 34 210 219 -39 -152 -107 95 -248 81 -187 -65 -226 138 -167 108 -159 -117 -157 236 -213 222 -45 205 -170 70 -122 197 188 -55 85 181 42 136 41 243 132 -56 89 119 26 -154 141 231 -148 149 -75 221 -70 180 -30 -158 -221 -20 -177 -35 -184 115 218 31 170 -126 -228 207 -229 74 177 202 148 -165 -52 67 12 -103 -93 -98 -131 -235 -8 -36 60 -137 247 33 -43 249 122 147 -50 97 53 214 38 134 -188 100 -78 51 193 -186 -81 -22 121 56 -219 5 -214 -136 -32 216 25 47 239 -149 -168 129 63 -48 -29 -243 -120 142 40 -121 -7 -99 -207 -21 76 -5 117 230 -46 84 -132 -163 -61 -172 2 -232 198 -28 20 -127 191 -33 -114 -18 120 -10 211 212 -139 113 -2 110 -191 88 -179 -80 24 103 139 240 -24 -71 -17 -138 61 -38 -143 -27 217 112 15 -111 -130 -123 187 -239 -176 192 94 -220 164 55 -100 -246 86 -62 -250 -171 96 220 124 -96 144 238 179 196 233 145 204 -87 102 137 155 -240 -74 152 -15 -166 -249 8 130 -238 18 -108 226 -144 45 189 -112 -31 68 80 -145 73 107 -135 -84 -11 235 174 -192 -51 -49 237 -85 44 -73 -205 -64 228 150 158 -91 -160 -105 -54 -231 -23 -16 168 151 -76 21 -212 154 9 -68 246 36 -83 116 213 -95 -180 -198 -6 175 -150 -202 127 -230 46 159 128 -125 39 -26 227 208 -223 58 104 -128 176 87 98 163 -134 143 244 16 153 -244 111 -1 -58 -104 65 -42 -53 183 -119 28 30 0 -211 -63 245 52 -190 -209 125 -116 -189 -153 -222 10 167 59 -140 19 131 -194 -227 22 -218 -161 -237 172 29 105 225 13 27 71 157 135 173 -217 224 -124 -199 -59 -12 -92 -44 -242 77 -215 195 -224 -67 -94 75 72 57 64 166 -245 -133 182 3 -90 209 -175 -25 106 -115 161 11 23 -164 -208 -89 69 -142 162 35 7 146 248 -106 17 -72 50 -236 91 92 -97 186 -69 -185 93 199 126 90 -201 83 -41 99 190 -146 -162 -57 1 -37 229 -77 232 -200 -234 -88 -79 -82 178 185 171 -196 -129 -197 215 -173 78 -14 14 -193 -19 101 -203 -141 114 241 118 165 -34 43 -47 206 234 -4 -118 -182 -247 -225 160 -3 -102 -206 -66 201 -216 133 242 -204 37 -9 169 6 -233 -113 -178 194 32 -181 -151 -241 156 -155 -195 -13 82 -147 54 49 62 -210 123 -60 140 66 -86 -174 184 79 -40 -109 
TEST 11 ARG:84 -222 0 -77 -120 -37 55 -133 119 14 230 -145 180 -84 152 114 98 -147 -35 -66 104 -200 56 34 -4 -15 245 -7 37 -192 -144 217 -165 69 -12 6 -38 -216 -207 -209 228 153 -229 61 237 107 -72 -223 20 -217 -150 224 174 -148 -18 -117 -58 50 -26 -157 -114 32 100 -196 81 113 -152 -48 7 -232 -121 63 -173 17 223 -122 -46 -227 73 172 229 190 202 205 38 53 -103 -240 204 25 195 -198 140 -235 -2 232 22 28 -99 176 -8 79 74 -234 -68 108 185 -239 -244 -81 -236 8 -197 227 -161 -218 -134 -41 -191 221 -108 175 110 181 -168 -158 248 49 10 -105 68 67 170 -159 206 -226 158 43 24 18 128 -128 78 -221 27 222 -45 -109 -179 -245 -164 -17 -20 -9 -3 -27 166 21 15 236 -238 -33 162 -22 -184 225 83 120 -131 112 65 -195 -110 -76 -183 167 147 35 52 -16 156 -85 94 86 -181 235 -137 -125 -247 -63 57 -21 117 -178 -203 137 141 -248 -69 -250 -130 -220 -119 165 207 148 -162 -100 -113 -155 33 209 187 -101 241 -230 -129 -208 -104 -82 242 244 -176 131 -237 -249 93 -25 -86 239 238 186 111 -189 60 -89 138 121 77 44 -118 -194 -177 106 -151 196 -42 -11 213 -242 97 -141 39 96 71 85 189 -172 -14 -204 -13 144 80 -106 -57 116 59 -91 -156 127 91 36 -32 47 -139 136 197 200 -10 188 76 -97 3 124 -94 -95 234 -102 149 -49 90 168 -39 193 133 -55 -142 -233 89 -40 1 66 -5 -243 -93 -206 -126 218 -87 103 -180 -111 -188 82 -199 -71 92 -153 -19 -88 -56 -28 -241 45 -112 -143 29 -185 123 87 125 -224 -6 226 16 219 -92 -116 -59 139 -246 132 171 95 -211 -43 -213 -123 -74 75 246 211 249 210 208 -149 26 54 161 129 150 11 126 5 -78 191 31 215 -107 64 -34 -90 -136 183 -44 233 70 -175 216 -154 -31 145 -36 -1 13 247 160 62 134 -80 182 102 -53 -50 -79 30 178 -30 203 154 -170 -96 -182 -219 40 4 -171 -24 198 2 169 214 -60 -146 157 -167 -201 -174 240 199 -75 -65 9 19 -231 -205 -215 -169 58 163 -190 105 -193 -163 -70 -140 146 -124 143 41 177 88 -67 179 -115 135 99 201 212 142 122 184 -212 -138 231 -52 -202 48 220 -127 -54 -186 194 192 155 -47 -73 51 46 118 159 -187 -228 243 -83 101 -98 -225 12 164 -135 -214 151 -210 130 -23 42 -160 173 23 -62 -64 -51 72 -166 109 -29 -61 115 -132 
TEST 12 ARG:-51 147 146 141 -123 -94 -54 154 -244 156 -196 237 -181 -5 168 -151 -167 1 98 -26 45 72 246 -21 195 -152 12 130 -234 -103 -231 -143 52 -179 205 123 249 42 -192 35 248 138 75 -104 -13 30 -247 -32 -53 115 177 -198 111 93 -95 76 62 -154 247 176 -207 -176 -141 -101 60 -236 -199 -92 -161 71 144 -68 79 -66 -111 171 78 -132 -72 -220 -60 13 92 -105 -182 -96 -4 -169 -11 77 4 46 -136 -19 -241 245 19 -139 55 219 228 -64 -31 80 -9 -73 -160 -52 81 91 -114 194 -82 -131 225 -46 15 128 -135 -89 85 126 22 121 124 201 10 159 -248 -45 -126 -137 26 -130 -129 164 -18 0 86 -202 110 193 -250 11 74 -223 -174 -29 -78 -113 33 192 185 -67 37 -224 137 117 -61 -230 -200 -121 120 224 83 88 234 -189 -77 -81 44 -58 -173 216 -177 -119 122 -116 6 197 241 196 -210 200 238 47 -108 118 244 113 -2 -204 206 -232 48 58 3 155 114 -240 59 -188 -16 -69 -56 -24 162 229 -36 243 -120 -142 -156 9 129 -162 -148 -70 174 -218 -97 -75 -79 -39 21 41 215 -30 212 166 -249 -157 -17 -65 -44 70 -166 158 107 63 67 -221 56 175 -243 -238 100 8 -235 -35 -83 -40 23 131 96 -59 161 -184 -245 -15 50 173 -178 -149 -163 -209 210 -122 -165 -145 103 -22 -128 187 209 -28 143 29 127 -185 57 139 -127 99 202 -3 148 25 -239 -125 179 61 135 140 -147 116 -87 -6 230 152 -190 -102 -43 82 150 104 -158 34 217 -217 24 -57 -225 232 49 20 -201 -203 64 -50 -107 165 119 -194 -229 -144 -227 -215 236 -23 -133 211 31 207 -115 -171 157 65 -138 134 132 -48 -233 -212 -164 235 -208 178 105 51 -228 -246 38 -170 7 -159 191 -191 204 -134 213 97 -242 -183 102 -62 -237 -80 -214 198 172 190 149 5 -168 133 -206 109 -106 -193 -37 -98 231 125 69 -1 -12 -99 160 239 163 73 -219 -91 -93 -25 -175 -226 208 -47 101 167 -172 186 180 89 -124 32 -85 18 90 -118 -38 66 -88 240 181 -205 -186 -180 40 188 54 242 28 -112 106 2 -63 87 -14 -34 -222 -195 136 -8 189 -76 -86 108 -49 218 -213 151 -71 17 -155 95 -110 184 -117 153 94 -197 39 182 -153 222 183 -150 199 -33 -55 53 -216 -109 14 -140 -7 16 233 221 -42 226 223 -10 43 220 -41 -146 -187 -90 84 -74 68 -211 203 214 -100 169 -84 36 112 142 227 -27 27 -20 170 145 
TEST 13 ARG:86 -76 -11 246 -122 -228 -96 -211 210 -129 59 -219 -198 -46 44 1 62 -75 32 -232 -133 241 148 -112 132 75 -202 176 229 224 -166 6 -44 18 152 -141 -191 -243 -237 29 110 -104 179 171 125 -35 147 -247 -116 -214 73 -241 -64 -218 -159 71 10 -246 214 99 -56 92 -168 208 74 -43 207 249 -87 -50 -32 235 -72 129 167 27 173 -156 -24 -175 135 -82 -155 168 146 -206 95 65 121 -174 -52 52 -70 -40 201 -73 -164 -242 -157 -27 -97 -93 -10 -61 -49 67 -37 -194 154 174 93 -17 -128 163 -134 -109 161 149 78 -245 -26 233 131 -83 21 -181 -119 -182 -223 101 8 -220 33 188 36 -131 230 15 -196 -193 68 130 153 7 -167 -192 151 -143 -100 166 37 -117 -18 -5 -4 165 17 -190 -208 -229 140 242 -250 -15 103 -205 13 243 -125 144 220 -101 239 57 11 40 111 181 64 -154 -176 122 -30 143 -2 231 -139 -16 -102 -63 -106 90 -113 -58 9 -178 -222 -145 -118 126 -163 43 114 -226 35 -69 56 178 -227 38 -94 -103 -153 -224 -123 106 -142 -54 89 16 -99 -57 105 194 222 160 -20 51 118 -127 -161 191 141 104 -184 204 25 134 236 169 58 219 117 0 -41 49 -8 -55 -147 -238 213 -162 54 -78 -74 196 -200 -45 107 -249 221 120 -91 22 -47 119 133 -136 218 79 55 70 -235 142 -165 248 -236 -183 -33 -230 63 -137 -68 189 -197 -199 53 211 20 -144 94 -171 -240 45 124 46 -207 -239 -204 -132 216 -67 -172 -231 77 -201 -121 69 12 81 -107 -189 -6 -185 227 217 -51 -152 186 96 -28 -89 -180 -225 -213 14 -3 244 -150 102 83 202 -195 -210 -217 80 182 -14 -111 215 91 39 -215 234 108 -39 226 100 -187 -59 136 156 48 209 116 30 -60 185 -158 183 42 -48 4 26 155 245 190 127 47 -71 24 -105 197 85 -138 184 -148 -81 82 -31 61 240 177 -79 23 -233 -140 162 -130 -126 60 192 200 98 -160 -65 3 31 -7 -169 -85 -186 158 195 225 112 87 -92 128 -84 150 157 187 -29 -66 123 -179 -234 19 -146 41 -248 -62 145 5 -21 -114 66 137 139 -216 -86 -212 -53 164 72 193 115 -34 -173 88 -19 -221 109 -36 -203 -23 206 -188 -13 -25 -209 28 113 205 238 -115 198 228 159 -90 -88 50 -151 -9 -108 -12 199 -135 172 -95 247 223 203 138 -110 -42 -170 -177 97 -80 76 84 -124 -120 34 212 175 -149 -1 180 -38 -98 -244 -77 237 232 2 -22 170 
TEST 14 ARG:149 14 -95 -203 89 108 54 -6 -247 -93 77 1 98 152 139 146 26 -237 -126 198 -115 58 18 235 22 167 -31 238 6 60 -37 -58 39 -43 124 96 211 -72 71 -26 87 -210 183 -84 47 72 -87 199 33 -215 9 15 10 -45 241 201 -119 95 -133 -19 237 -123 86 185 160 158 20 -244 -62 -103 -165 111 -52 208 134 52 -114 -92 190 191 2 19 -176 -197 50 -222 -117 118 196 -187 4 -77 -131 116 31 -16 29 148 -137 59 181 155 131 -86 75 42 -143 143 -85 -223 -41 231 84 -5 -2 -185 -28 -66 -30 135 -171 41 76 153 40 168 -205 92 -129 -190 32 -172 244 225 164 106 8 -221 -139 -104 -1 -88 -152 30 23 178 -53 -51 70 -231 -147 112 65 184 -220 141 -24 -174 -68 -127 -225 144 163 197 232 220 -179 -150 -101 127 -69 -10 -158 -7 -82 -164 -116 57 137 -33 81 -224 -120 151 192 13 -124 -234 -22 103 -141 -78 -56 -59 102 -109 -239 -151 236 -219 48 -189 -216 -193 -106 126 -168 173 -61 -91 -217 182 -46 243 -21 -166 239 -140 55 -186 101 113 -182 140 -181 79 -49 -42 132 -67 -157 -153 -170 -57 -146 -209 209 -73 240 38 -47 5 -212 161 -99 249 -98 162 -74 46 -161 -188 83 -226 170 -48 -11 114 91 -241 -167 -121 -136 219 -211 34 -13 -96 -105 43 -159 11 -206 35 224 -44 25 207 -75 215 -242 -34 -81 -27 -4 210 150 177 186 -134 -235 -25 44 218 7 229 66 -23 230 -38 205 130 -230 16 234 -15 -135 -232 97 -3 -138 28 -55 -100 -183 -156 99 100 159 109 64 -50 80 -202 174 180 63 -94 -201 -178 204 -184 233 179 -54 45 -175 -199 203 78 90 -130 217 -169 104 133 176 -163 175 188 154 223 -108 -125 27 94 24 -207 -149 -32 -65 -122 226 -227 -12 0 -107 37 -233 157 51 -238 -71 187 171 -162 228 61 3 142 -79 245 125 -64 -243 165 36 206 110 121 200 169 -200 128 88 93 85 172 -97 248 -8 -250 -145 -89 -160 -70 -76 -198 -208 82 -80 193 247 -142 147 213 -40 -132 -112 21 -35 -155 -154 212 69 -213 56 -102 -229 189 -36 -236 12 -110 -148 -17 49 -191 -173 194 -111 -20 -128 105 -192 67 166 -218 122 -246 214 -194 202 53 -83 129 -240 -60 156 73 123 227 242 216 -214 145 -18 136 62 222 17 -118 -39 -63 -144 -14 -204 -249 74 -9 -196 117 -90 -228 -180 -29 246 195 -195 68 -245 138 -177 -113 115 119 -248 221 107 120 
TEST 15 ARG:-64 -125 -232 243 -79 -133 -164 178 -15 205 -248 -36 165 80 113 144 -85 -137 141 -23 -205 39 -26 190 74 -203 230 -67 111 -3 -161 121 -27 -68 -7 -124 -82 19 46 -168 -207 -32 -70 181 246 125 -111 -113 -238 -131 30 -65 58 -196 -177 -151 -244 -84 28 85 -241 -235 232 -175 -123 75 -186 13 -119 106 -115 -208 249 65 36 -197 161 81 70 -144 -155 -162 -6 -159 60 244 -30 -247 45 -228 135 -35 163 -33 42 -72 -224 33 7 -59 59 157 150 8 -66 -140 151 -163 187 -4 68 -173 -212 17 105 -249 -170 102 -165 -200 -94 22 -154 12 72 -134 -153 -136 -76 -69 -237 24 38 32 231 114 -195 -178 -184 97 124 193 -40 82 79 200 55 -48 213 21 167 110 -86 -183 -141 182 -142 -166 -220 109 -169 -209 -116 -243 216 142 197 -217 -128 -245 -75 -210 -57 203 -250 15 27 191 35 236 -130 129 116 0 61 -211 52 119 25 3 -24 248 -102 -219 183 -192 208 211 96 -121 -99 -83 239 179 -223 -188 235 146 -21 -145 26 189 224 128 -18 -14 169 50 143 9 237 130 -80 164 -42 214 -156 218 -160 173 131 227 184 176 -234 -28 -97 171 -158 225 -71 -194 -13 54 204 -193 -185 -20 71 -221 217 -198 -45 -147 -213 -54 -172 228 -229 108 177 -226 220 -233 127 -118 -47 -90 194 207 -114 23 51 234 -129 137 5 41 199 -191 90 166 -199 -12 -5 -92 20 229 155 123 11 -120 48 -138 -38 147 -10 185 238 112 -227 186 -174 6 4 86 145 37 -73 -149 -58 170 -150 -108 134 -176 209 -148 -152 -181 -117 57 -41 -89 -246 160 44 221 -204 -206 16 -240 247 126 -171 -216 -55 -110 -29 -122 -43 212 -95 175 100 -96 29 63 226 -74 99 83 -106 -46 -77 -187 -81 10 174 154 -52 53 84 233 -112 148 -231 -25 -107 210 118 -139 156 219 89 -239 222 168 -2 -190 64 122 158 223 162 117 -17 -167 -103 202 180 245 107 -8 -1 -179 87 1 -34 201 153 152 49 -236 -53 -104 -51 -230 2 -202 -56 215 188 -100 -132 -62 159 -87 62 -201 -218 77 -98 -157 136 196 94 -93 78 -19 -101 -49 139 -50 -31 98 138 93 198 -39 56 140 241 -182 18 -109 73 31 -215 -242 -63 -22 101 76 -214 133 -135 104 66 95 -143 43 195 92 -146 47 242 -189 -222 -61 -91 172 88 -44 192 -9 115 206 -127 -60 67 132 -16 -37 14 -180 240 -88 -78 103 -225 34 -126 -105 -11 91 149 120 40 69 
TEST 16 ARG:-33 207 198 -224 -206 30 -35 49 -93 125 183 -97 232 -106 141 -234 46 -180 94 244 -77 0 114 167 65 55 -108 -187 203 -126 -205 36 101 90 -236 147 228 130 155 -191 3 -124 221 102 63 -38 245 113 -4 204 -194 110 -66 -59 137 -67 12 -68 82 69 72 243 -64 239 21 206 61 166 -53 78 -227 93 83 -143 121 -122 1 -237 81 133 -164 95 -51 190 -91 237 193 57 -221 -80 104 186 227 -159 -185 13 242 142 -13 -211 -207 -101 -102 -125 -170 111 74 -113 -118 -14 120 109 119 -199 8 -139 -193 222 17 -41 -154 -123 -65 -200 -188 163 246 -52 196 -158 176 -192 169 56 -201 -21 66 211 202 48 -20 -198 159 -153 -241 -134 -44 154 -92 197 -181 -61 -76 -202 43 -43 14 -235 182 -197 -172 -238 79 -23 -137 -165 47 -175 148 -130 -48 89 38 -46 139 -11 -173 -186 -30 -189 146 23 -220 225 -177 -146 171 -152 185 60 -10 54 -40 127 240 -160 112 170 2 75 153 174 -56 138 -150 -79 -47 -148 99 -27 -86 -29 161 180 -18 235 -112 20 62 -45 -103 -242 29 31 -183 223 88 -42 236 224 210 136 -176 -85 -15 -213 71 18 199 91 -136 -230 -138 229 -89 22 -215 77 -63 157 -226 -2 -111 -19 131 50 150 -233 -7 -99 -31 73 205 108 80 -55 -1 -249 178 194 -204 128 -190 76 122 -195 -228 192 -156 35 241 -128 42 -209 34 70 25 -71 -94 -196 238 -168 -229 -81 -219 -50 59 226 -82 -39 -88 214 -127 -132 -105 100 126 175 -120 -49 4 9 40 -121 200 143 103 -151 -115 -17 -239 -119 -117 39 -167 -96 -116 106 64 -250 33 116 -179 132 -248 68 -174 -231 -184 105 -37 58 234 212 32 247 -166 -208 219 145 184 -163 -16 37 191 -161 -34 5 -141 16 158 28 -107 140 217 -73 97 177 -171 -87 -90 -135 213 -5 230 -178 -60 -162 7 -26 181 -203 -147 -100 187 -140 123 117 98 -22 231 -133 124 -36 -149 189 -225 6 -3 -212 24 -95 85 162 -70 160 -182 -214 144 165 -24 216 19 173 -131 248 215 -83 209 -142 -247 -78 45 -28 -246 41 149 84 -98 -8 -104 -72 -58 -129 -25 10 -75 86 249 44 115 -244 134 151 233 11 -240 -114 179 201 51 -245 118 52 156 92 188 -232 -155 -169 172 164 220 53 -62 67 -74 152 208 -243 -54 135 -218 -210 96 107 27 218 -223 -110 -222 168 15 195 -109 -12 -217 129 -32 -57 -216 26 -157 -145 -6 -84 -9 87 -69 -144 
TEST 17 ARG:-136 165 163 -155 95 -50 3 -57 79 -54 -12 -183 24 241 65 -104 -240 -195 217 -234 -181 98 -162 -65 -117 -226 143 225 -133 174 90 245 -132 197 103 11 192 -223 29 -249 130 37 227 149 -211 -79 185 -156 81 -94 59 32 239 -238 9 216 28 -72 18 -73 -16 -45 243 162 -99 -86 48 38 249 -248 33 -81 8 -113 -36 204 194 -172 -143 -127 105 138 242 248 142 102 153 82 -149 54 -189 -98 -48 12 -35 182 193 121 -201 -166 233 211 67 110 -11 -9 91 74 238 -185 188 -115 -169 -178 7 224 226 14 -147 128 -154 -139 -224 43 70 -111 -74 -84 246 111 42 107 231 205 123 168 -46 -194 -218 53 -5 -217 13 106 0 77 -158 -14 -167 122 -246 222 215 173 44 -106 -27 88 4 230 -96 -250 -91 181 137 237 57 -4 47 161 72 -204 -188 -100 -101 -229 -206 -243 -199 -37 -228 -153 -177 -130 115 -200 244 -121 64 -87 -7 189 134 -236 -160 -43 -39 -70 -102 2 -131 198 -105 151 -41 -175 -67 164 -92 92 157 -135 -112 -97 100 129 213 20 127 -193 -138 -129 180 184 234 221 141 87 -126 228 -196 34 -227 -203 -202 -29 152 156 -173 187 -33 178 69 -108 40 15 99 -31 144 -53 -49 27 -161 -2 196 218 -64 -23 147 177 190 -244 -40 203 -22 167 -145 -116 -231 35 -63 186 -76 -80 145 26 170 -198 -128 191 -165 -71 -107 159 -118 -44 -95 118 160 73 30 -26 -20 136 -247 -137 -17 208 10 97 52 -239 -144 -109 -164 -103 154 206 -242 71 140 89 80 -10 -212 -89 -141 113 210 83 220 -6 56 -208 -83 -25 171 86 94 -168 240 76 68 -32 51 -163 183 -146 -215 247 -214 -77 66 -232 46 -38 22 -233 -187 36 -60 21 195 -192 133 -122 124 63 -88 -8 -42 -171 -225 146 -85 -78 -56 -19 -93 31 169 -170 -68 -191 -237 -124 126 132 235 179 49 207 -219 61 -66 96 175 131 101 172 -120 209 -21 85 -230 201 6 19 -52 -140 -18 -213 -222 -125 219 109 -61 -207 -176 158 -30 -34 58 93 -75 -148 -216 1 200 62 55 -182 -179 232 150 -190 -157 -142 -221 -82 -245 -15 -119 -151 -197 17 78 -58 -180 60 -28 116 -51 202 -174 -186 119 148 -220 236 -1 -134 50 5 114 212 -13 104 117 -59 -110 -123 16 45 -90 -210 -209 -3 -159 -184 -205 84 112 199 23 108 -24 176 125 -69 120 -47 214 -150 25 -62 -241 41 -235 166 -55 229 75 155 223 -152 135 -114 39 139 
TEST 18 ARG:160 96 -140 -69 112 -172 220 -83 -157 15 125 -48 -92 228 32 187 -71 156 192 18 34 -150 113 64 -161 231 -195 217 36 21 88 239 -57 -229 -50 -247 102 -115 -230 -121 -63 -81 75 196 -5 69 -160 -61 -124 -238 44 7 -246 -210 -248 -78 -131 -237 100 149 -135 -242 -144 183 83 111 -22 -40 51 -197 -65 193 72 -37 108 191 -114 -53 -62 194 -136 154 212 197 -146 141 89 164 -148 118 178 190 224 90 -80 -139 -31 -250 226 71 -174 -106 234 -126 171 87 -123 -11 37 198 167 70 -74 -109 45 52 189 150 -44 -185 62 -87 -128 -110 -39 -235 -33 210 -188 -35 -186 -122 -202 233 81 29 -204 151 24 -217 213 -130 205 5 -18 -49 -156 104 -211 -209 199 49 -19 -28 225 -103 13 -2 166 204 168 86 240 121 61 130 -212 -178 -151 11 126 -20 -46 185 -221 -196 31 80 116 -102 -108 25 -9 66 82 -226 -36 219 2 -111 -187 65 -167 103 -222 26 -25 -165 173 208 41 123 -104 19 140 -10 -60 -113 -206 -219 -193 -147 -76 246 -7 -32 227 -153 -231 -17 159 180 67 137 -59 -227 -24 -23 119 94 -94 -194 -21 35 -116 -29 -192 9 245 174 182 -142 -16 -4 -240 170 48 147 202 74 229 -169 47 -117 -205 56 105 -218 215 -68 236 38 -190 -88 241 214 235 -91 -82 135 -84 -208 248 27 98 -241 -143 -182 -224 -179 175 106 73 -220 95 84 -14 -154 77 131 -41 57 -207 -214 -30 -98 -213 -67 -203 -100 -77 155 -183 53 -164 153 -163 -8 209 146 4 -45 -225 92 221 165 39 -34 -13 238 172 -175 -66 -149 120 132 -133 -101 -75 -127 85 -58 -171 134 -234 243 -120 -6 143 -244 -118 30 -198 139 -43 -145 6 -200 184 -72 -162 60 142 78 133 -86 117 99 -55 222 -26 -236 -54 54 -155 -232 203 179 200 223 249 50 3 -129 42 122 10 177 46 -137 -79 -99 144 128 195 93 -215 207 -177 -216 218 242 -243 -125 -166 148 -201 124 12 107 1 211 247 -181 -73 22 -134 127 -85 -245 20 17 237 -112 -95 -152 138 -1 -15 -168 -107 216 40 58 59 230 244 181 162 -42 110 -141 -96 -38 -97 -184 -70 -47 -119 -239 8 201 -12 163 0 -56 157 79 91 158 33 145 28 -176 23 14 206 136 -51 186 -228 -89 -173 63 97 161 176 76 169 188 152 -158 109 16 -199 -27 -223 68 -52 43 129 115 -132 -3 -233 -191 -170 -93 -64 -105 114 101 -138 -249 55 232 -159 -90 -180 -189 
TEST 19 ARG:-137 -49 18 166 -70 150 235 78 124 -21 11 -43 -127 189 -155 -133 145 157 69 -167 23 48 -220 186 170 -24 -148 12 3 -34 -147 -217 -159 -65 -125 13 -196 -52 -242 -94 -193 215 228 198 147 211 219 96 19 204 -207 -168 187 158 142 177 -222 -172 -115 -226 199 -85 -78 203 22 126 -2 -103 134 5 223 234 -91 -77 178 -215 -107 -81 156 136 -227 -89 -218 91 20 62 192 -98 -90 -35 -144 -166 -236 17 -45 -51 101 245 -205 -18 26 -151 -75 -71 -101 119 29 135 66 -26 -37 -183 180 -14 238 -241 57 53 160 41 -44 -178 -31 171 115 129 191 -56 139 -187 58 -62 -162 30 35 194 140 113 56 133 -20 32 206 -165 225 -191 -57 -184 88 -174 25 107 -146 163 -87 197 -68 -238 -212 212 144 185 95 172 242 -95 -40 -186 -244 71 221 -111 -4 -245 236 146 -138 -124 10 193 227 -118 -50 -152 -66 231 -149 106 -96 208 237 -161 -237 97 -209 -153 141 50 -100 226 -3 182 102 -197 49 43 -188 -157 -19 120 -213 42 -121 173 -185 220 -239 67 -72 60 -10 244 -82 -92 143 214 138 14 -93 181 -130 0 -135 -79 99 -243 -229 127 217 176 -76 85 190 15 -189 -122 161 -190 45 76 47 213 209 210 -214 -55 -175 -224 131 155 -160 -22 111 184 241 233 -83 -32 -208 37 39 164 118 -200 -240 -108 -179 -23 -112 36 195 243 -84 65 -234 -140 72 -119 90 -59 109 248 -181 -67 -12 159 -6 -198 93 122 -25 -63 38 34 -110 -170 240 114 196 -231 -173 216 -248 -194 80 -230 -249 -74 86 79 46 230 4 -106 -201 224 73 89 -28 -225 104 -210 130 -142 128 -30 51 74 -113 84 137 92 205 -216 -41 -126 21 -132 87 116 -158 222 -177 -143 8 -203 162 -128 82 24 -64 -123 -53 188 83 -33 -99 121 -163 -235 183 174 -69 -202 -9 -171 -97 52 105 108 54 249 179 -156 -120 125 -36 -29 169 -164 154 -211 -131 202 -42 175 -48 -102 -150 -46 33 61 -223 112 7 6 -139 -27 -15 -204 103 132 218 229 75 -246 27 -17 70 -206 63 201 -8 -228 -60 44 -141 123 -114 110 -86 -58 -154 55 100 -88 98 -233 117 -105 -199 -232 -247 -250 -195 -39 -169 2 -116 -221 -104 -176 152 207 -73 59 1 81 40 -11 -80 77 68 -134 -180 -219 -61 -109 94 -117 9 64 -47 165 168 16 -192 167 200 -54 -5 246 151 -182 28 31 149 -13 -7 232 239 -16 153 -136 247 148 -1 -145 -129 -38 
TEST 20 ARG:198 153 -99 -70 209 103 -230 -167 -149 91 -105 84 94 78 126 33 -94 -124 -98 -215 -231 -206 66 37 219 240 90 -127 30 26 88 -39 -237 122 97 -162 -13 170 249 -35 -211 -87 45 162 -174 136 -137 -102 -5 -172 -194 221 72 179 -23 -250 138 145 95 52 -92 107 248 -33 119 23 64 -129 235 -140 75 -139 85 63 -26 -119 71 -60 143 -61 -173 159 -146 -235 -44 -192 -165 -2 -205 76 -72 -117 55 218 89 203 46 -181 -46 -3 -201 42 -138 211 61 59 21 165 -51 177 -75 47 242 -142 83 -243 125 -143 -121 -222 109 -245 222 40 -103 65 118 212 -10 0 32 8 -248 120 68 -28 182 -89 194 -14 237 -200 -73 112 -166 -157 187 148 225 -203 6 -59 15 -34 -27 185 5 201 27 -148 -1 41 -109 82 208 31 -8 -108 -65 184 -115 92 -196 -176 -160 228 108 16 -120 18 29 191 56 -125 86 163 -77 -50 -178 100 -123 -112 238 24 189 110 7 202 205 -227 -199 -84 -12 70 131 -141 -188 51 -247 -57 233 -25 180 22 -113 106 -204 -11 -107 204 -83 172 -168 -152 -104 -132 -183 236 -154 134 -30 -133 113 168 -63 150 -41 -54 243 -164 -144 130 -15 -66 -91 54 169 -52 147 146 -213 245 25 102 -43 178 -126 -212 77 1 121 62 200 -147 161 -242 39 -244 -110 -97 14 -80 -9 -180 -42 -21 60 -56 114 -106 -82 -219 156 57 35 135 12 58 -161 50 17 -90 -241 149 127 116 -20 247 -187 -228 -209 195 -217 -249 -48 -67 69 -53 -238 -88 210 154 -155 -96 -171 111 -175 -186 -216 220 20 -58 -116 -81 -151 -221 -31 -68 188 155 -111 99 -4 229 105 13 -198 -184 -220 -135 164 -71 -225 -233 -93 -100 -229 190 -17 -49 -185 137 133 53 244 9 -95 142 132 36 49 239 -232 158 -19 139 -22 -150 -190 231 -24 115 -159 197 -45 11 224 -32 2 -79 171 81 -210 -234 79 -7 -64 -236 -128 43 101 -114 -182 140 -145 207 123 10 230 151 -29 -179 176 3 186 117 98 -76 -207 -214 80 223 141 19 48 232 174 214 28 -246 44 -163 74 -224 -36 4 -136 -37 96 234 -191 196 -153 152 -40 104 73 128 160 -74 -47 -38 217 -130 -62 -6 -118 -85 -193 87 -158 144 181 -239 34 38 -86 175 216 -208 129 193 192 167 -170 -156 -226 93 -177 227 67 215 -169 157 -195 -18 -101 -223 -69 124 -131 213 -16 206 -240 -134 173 246 -202 183 -197 -189 -55 -78 199 241 -218 226 166 -122 
TEST 21 ARG:13 51 32 120 238 -171 76 96 -5 165 -118 -213 17 -36 47 -40 64 -81 208 39 28 229 -18 143 101 -187 -223 -211 129 -230 -71 -248 136 -31 -163 -184 7 -250 -134 -235 177 -192 72 -212 -245 -205 122 -207 -2 -96 169 220 157 247 -89 203 242 125 -13 -176 -106 31 -200 219 -220 -39 81 -75 -240 88 -12 83 206 -126 -188 124 -136 -46 -216 245 -239 154 201 -88 221 218 214 -112 -72 98 33 -74 -23 185 -160 93 141 226 -133 179 133 217 -60 205 -77 248 -181 11 184 -24 19 -94 227 -236 107 -85 162 -7 139 231 -121 146 -52 -195 -15 16 -57 -35 128 243 24 -222 111 91 -53 -177 -87 22 40 -169 -149 94 41 -164 -28 42 -157 99 -148 -168 -165 -202 -111 50 -119 52 189 -4 -44 -19 54 86 62 195 163 -3 -158 239 -180 212 171 -146 115 69 82 18 228 -42 -59 -51 -189 -80 -38 191 164 106 -178 -63 78 -55 -97 223 -170 -229 8 53 97 -21 46 -25 -206 12 -107 192 197 -20 -219 -113 71 102 -246 121 -140 119 -159 172 237 153 174 131 -234 -49 87 213 -14 -209 156 187 43 -124 -224 68 -122 -141 84 -67 49 126 -109 -98 -242 -227 1 -196 225 -100 -203 15 27 -199 -225 110 244 -62 -108 -238 170 181 -91 29 -48 92 59 -103 104 14 200 -130 25 -129 135 -56 204 -127 -231 89 144 66 -84 -243 117 -197 2 130 118 167 -221 -45 109 183 207 211 -58 -116 188 -9 -214 -76 216 116 147 4 -33 209 -161 -152 151 -37 -125 37 -191 150 103 0 -32 -128 -193 -185 60 160 196 -115 176 158 -66 236 10 -198 -117 5 155 114 108 35 -82 240 -105 -1 -232 75 -8 79 -27 -132 36 58 90 -241 241 138 -228 123 215 224 21 -151 -182 -93 234 -201 -190 9 -142 -34 -175 166 -73 -10 70 140 -208 -30 44 -17 142 -47 -135 -101 -137 95 127 161 65 56 194 61 134 210 -233 -79 -11 -70 182 193 -123 -173 -54 235 222 175 149 67 -218 26 -145 -194 230 145 -64 3 -162 -226 233 -92 148 80 -138 100 132 -150 -183 -99 85 232 -186 -120 112 -29 45 -68 -215 -83 137 -110 -204 246 -147 -26 63 186 6 198 -43 159 -210 -78 -249 -156 199 -217 -41 -179 -166 180 -237 74 -144 -16 -69 34 190 202 168 20 30 -95 -139 152 -104 -61 105 -22 -50 113 38 -65 -174 -153 -90 249 77 -244 -102 -155 -167 -86 -143 -154 -247 -172 55 -131 178 -6 -114 57 48 23 73 173 
TEST 22 ARG:-148 216 -38 -207 141 -44 -172 -9 205 227 144 -175 100 129 203 -188 90 -191 -179 -150 189 22 -112 123 -99 -91 -100 -72 -235 10 192 -110 99 162 107 154 39 -111 240 -89 82 155 174 -205 -197 49 -102 199 -76 23 78 55 46 -200 -170 -57 125 117 -245 194 159 224 233 -155 -127 178 -240 196 52 209 -218 179 36 208 135 -232 206 -94 175 87 115 32 191 -193 200 -37 -98 226 -211 198 -25 -166 103 185 -3 -120 151 17 94 137 223 176 15 -132 237 5 62 84 213 -183 -238 172 215 -241 -161 -243 126 -119 153 2 134 -143 27 -189 -195 -14 -29 -160 239 -198 -63 152 -190 35 -19 -224 -186 147 -236 -227 -219 114 74 -96 -145 -86 -51 60 -71 -84 31 -214 -130 -228 -144 124 88 95 -21 -27 -152 -81 -187 158 65 -32 63 244 -56 -244 143 -79 222 248 220 -117 -69 163 -95 -93 145 75 -146 96 -129 184 -151 -106 -233 182 21 -118 105 92 -206 204 131 -114 48 195 202 -213 -28 -162 -185 66 214 236 -157 -149 68 110 -173 69 -133 -171 133 -137 -42 85 -131 165 230 -215 234 249 -58 -246 -226 -140 -92 161 -199 160 -49 113 121 238 -122 229 127 180 34 20 -109 148 -230 -182 242 11 -221 -164 -202 8 -210 -62 -247 -208 -59 -158 168 81 -16 -77 -53 -222 -85 26 241 246 -239 -209 149 225 -23 -142 232 164 -216 -196 45 112 207 -153 47 -169 -249 51 128 -1 -48 -156 -250 -7 -104 54 -12 210 30 136 -65 -97 -33 201 40 -125 29 116 111 217 76 77 177 -5 4 -217 97 139 218 -74 193 50 -168 138 -105 -83 57 -31 -180 -178 -35 -225 -8 156 86 122 171 221 104 -101 106 7 -123 -176 119 130 170 0 -43 -24 -181 43 -54 -192 -6 166 243 -2 -201 -68 56 197 167 157 219 -212 -20 -116 169 108 -80 -167 -177 59 37 -45 146 212 -75 -18 228 -220 -223 245 -128 -4 12 89 -113 181 19 -134 -154 183 -66 -138 -46 -194 9 -159 188 -184 -165 -135 -82 -15 -141 186 -11 -39 71 -248 1 -34 83 -41 80 -174 72 231 24 -88 -13 -242 140 -36 70 -67 25 142 -229 -203 -47 -10 14 73 -26 187 44 18 42 -55 38 91 150 -237 -139 16 93 -87 13 -30 -204 3 -126 58 -61 33 118 41 -147 -163 190 -136 101 -103 -124 6 -52 -60 67 -78 -107 173 -231 28 109 -121 235 -50 -115 -234 64 -22 -40 132 102 98 247 -17 -73 -70 120 -108 61 79 -90 53 211 -64 
TEST 23 ARG:-147 7 114 -214 249 -68 191 -76 -35 33 -126 141 -20 -249 69 -234 215 -138 105 162 -233 117 -16 -98 49 104 -4 -32 -26 23 29 149 -168 -107 -22 201 121 221 182 -44 -203 0 -47 -129 -7 18 80 -151 47 -232 214 -127 -25 -179 -222 -191 -178 -94 -238 127 108 -133 169 164 -60 124 96 -92 -28 -186 111 58 -144 -125 -142 -57 126 242 189 247 -149 197 -239 174 12 179 119 46 144 -188 -108 163 21 177 -2 85 -75 50 -10 44 -247 22 3 19 200 -237 75 143 194 184 -9 -116 -52 -185 125 1 -197 -128 102 145 -228 97 211 -84 -79 -162 -227 -229 35 -118 60 -69 229 207 -106 218 116 110 64 11 90 146 57 -55 88 -198 -146 -41 81 -235 -110 128 -103 147 -182 92 -113 -74 113 199 -119 -122 45 -96 -117 -81 232 -241 173 140 66 10 205 -59 55 231 -130 -187 -104 238 -13 142 -6 43 100 -43 209 -169 -12 -196 76 -134 -226 -40 202 166 226 -3 -177 -109 -194 219 132 65 -204 93 86 157 -231 13 183 -236 63 216 37 -73 -124 -242 68 244 -42 -65 34 -135 156 -36 24 -5 -209 234 -195 56 -176 95 188 245 87 -213 -183 17 -175 138 -217 -105 210 248 -189 151 -167 -139 230 -50 -137 72 54 -101 -88 -8 -155 36 224 52 120 159 236 6 98 -95 -136 -115 -62 150 -45 41 2 -33 51 -87 237 -38 139 180 -143 -114 131 91 -206 -21 223 -211 153 -78 67 61 130 -250 -61 204 48 -39 -219 -112 27 243 -224 -30 4 -240 -67 241 -19 -27 -131 -158 -83 192 -223 -56 -93 78 161 25 148 -34 -244 -170 -58 62 -153 208 39 -199 -48 79 -159 31 -152 -18 213 115 -202 -156 172 160 -120 -23 -121 74 196 178 -192 -248 -201 -207 53 -160 -193 14 -111 -99 186 -215 15 -53 30 123 -216 71 170 -184 -212 239 212 -243 94 -164 -132 228 112 -51 152 240 -161 -225 -11 -80 -46 165 26 -29 -181 -173 -66 -140 59 235 167 203 -145 101 220 20 136 135 233 8 -49 -141 28 83 -14 -221 -163 -150 -230 -100 84 -31 -200 -85 73 70 38 129 -205 -220 158 -218 -246 106 -165 -148 -154 246 176 175 198 -54 -17 222 -77 -102 -123 -166 -172 193 -245 -90 -63 185 133 137 -89 107 5 118 155 -210 -71 99 -91 171 -64 77 -180 134 9 -208 181 -15 190 187 168 -70 -82 -171 -1 109 -24 89 -190 225 40 16 -157 122 82 103 42 -174 195 206 217 -37 -72 -86 154 227 -97 32 
TEST 24 ARG:141 157 -55 32 194 145 102 67 4 -58 -56 76 -225 -238 -231 -31 -147 132 115 199 16 215 135 99 -170 -198 -8 -83 49 168 -91 -75 -79 -240 -131 41 219 150 -160 -60 -66 57 205 -163 200 -242 209 -36 -92 87 83 233 208 -72 -205 -61 227 -158 31 175 206 26 75 131 46 -85 -153 -244 121 -239 -183 -200 220 114 -34 80 13 -113 235 -100 189 52 94 237 -59 119 -21 -138 -143 128 1 -212 109 -203 113 40 -232 47 158 9 243 -84 -223 -171 164 213 3 -129 247 -177 173 27 149 -70 186 -166 155 -233 84 -32 7 -126 -175 -5 -94 -206 -106 172 -127 234 161 -176 165 -62 68 -16 -235 -65 61 50 -211 -124 69 91 -98 112 116 34 60 147 -81 -196 236 216 -169 125 -95 30 -181 -30 -97 90 140 -57 217 154 106 -29 -249 -28 151 89 -110 111 54 -122 -104 -150 129 -218 -39 -26 134 -50 79 -73 73 184 117 -76 -96 72 23 88 -54 178 -154 191 249 8 24 28 2 -37 214 212 -151 144 197 12 -3 124 183 192 -128 -167 18 -24 -41 -112 239 -103 -178 -101 51 -139 96 231 -230 -208 15 92 -19 146 -137 81 -43 -144 38 179 21 25 -222 -215 -186 225 -64 -115 63 -134 210 136 77 -214 108 -157 181 -168 -125 33 -108 44 137 122 -117 195 -11 -38 229 -234 207 -46 -141 238 -120 20 93 22 66 -185 174 224 -1 246 170 240 -89 177 148 -162 -47 -86 193 98 -207 59 245 201 -9 64 48 123 -243 -44 242 -40 -229 169 -14 -190 97 58 -246 -228 -195 130 -149 14 -245 -189 120 -159 -17 -123 167 53 -4 241 222 -77 -192 -156 -63 -71 42 -78 56 -187 182 -2 -226 -116 -49 -152 -69 153 105 -202 -193 -27 -199 -6 -15 10 -148 43 187 -42 218 -107 11 -133 127 -10 -135 118 203 -99 -45 -201 78 110 211 -102 244 180 -20 -80 -197 -119 55 -248 -51 -111 39 -210 232 198 74 -118 -140 103 -132 133 95 185 101 -221 19 -12 70 82 202 -67 -236 -35 -74 204 -250 -220 -194 -180 -114 -130 -121 -227 -136 196 152 166 -217 228 17 -213 -182 -22 -155 -145 156 -146 162 -82 171 -224 -247 -241 36 248 -87 -33 -191 29 6 -142 226 160 159 143 100 -48 -237 -204 139 86 -7 71 142 62 85 163 230 -68 190 -179 -52 -109 -53 -164 65 -209 5 -174 45 -173 -161 107 -165 -172 -90 0 188 -23 -25 37 -219 221 -188 -93 126 35 176 138 -88 -18 -184 -105 104 -216 223 -13 
TEST 25 ARG:-32 -170 241 -106 11 -25 -29 -79 140 12 133 98 -75 134 215 -16 65 -113 105 -111 -36 -178 -77 4 -50 78 -88 -190 95 206 -31 -34 -192 -95 -71 -195 -219 25 55 60 116 177 165 77 173 228 -216 96 -124 -237 183 6 -249 -163 -17 -188 -123 -150 -148 -180 -238 61 20 40 1 -161 123 117 -13 -224 -126 221 -100 9 121 57 -48 -194 211 -125 164 -250 -144 235 242 63 147 72 -246 -157 222 200 -128 158 198 51 227 -12 -14 44 -81 144 181 -193 -191 217 -243 150 -133 -108 204 17 -147 97 187 -59 233 64 -86 163 68 99 -204 13 88 156 190 -47 -76 -72 19 29 189 -164 92 112 229 34 18 16 142 167 -248 193 -98 76 -56 195 -179 15 154 -233 178 168 -234 207 -37 191 -104 -137 -6 240 243 -93 86 -181 91 219 104 -82 -226 46 130 -200 -61 223 0 23 185 -94 -203 249 -78 -9 -23 202 41 -160 -66 75 162 213 -63 100 201 -58 -73 -244 161 -183 171 -168 -225 148 -221 124 -44 -247 45 -189 -33 -89 67 -107 -110 -109 -22 113 106 -18 58 224 -218 38 122 69 62 -21 85 137 -134 -65 21 143 248 -235 -105 -91 -165 245 -207 159 102 66 -1 118 -184 236 -67 127 218 109 -129 -120 214 -96 -146 -155 -205 -143 -5 -116 -173 -187 210 -169 -127 205 -162 152 138 -117 239 -27 -206 42 -99 234 225 -167 188 -103 155 -142 -54 139 54 49 -145 182 53 -112 -85 -30 -151 -35 30 -118 119 -236 -84 74 -242 -177 -83 39 197 -211 35 -114 -159 199 -210 -231 -57 -130 179 24 220 -214 238 -176 -156 -2 79 237 196 -208 3 -197 84 -152 71 70 -3 -52 -215 -223 -199 136 -186 103 -139 -119 -41 48 -69 -90 153 129 -227 -20 -26 246 -135 209 -154 -101 -28 -55 184 -70 32 36 125 -136 -15 120 -115 -213 -87 -209 208 176 -122 -230 216 -217 -172 -4 -228 141 50 -198 -202 -7 28 31 -64 37 226 -24 146 -196 -43 231 -45 7 -239 -220 232 33 56 47 10 145 175 -10 -166 149 -19 2 -201 -241 -53 111 192 101 73 186 93 26 -212 22 -97 -62 -229 -80 -138 110 -102 14 -174 -42 128 126 -240 52 -60 247 -222 132 -11 -8 -74 160 166 180 194 131 -68 81 90 -140 -149 -132 -153 -185 -141 244 174 203 115 43 157 -46 170 89 169 172 212 107 82 59 8 151 108 -158 80 94 -121 230 -175 -182 135 -92 -232 -245 -131 -40 5 -51 83 -49 27 -38 114 87 -171 -39 
TEST 26 ARG:184 -70 -4 227 163 126 -243 106 -48 -145 -139 -30 49 159 84 -109 -111 -34 -108 -215 18 -32 65 90 -83 78 -130 89 179 23 -172 -149 146 195 -62 118 170 -223 -85 53 -196 -96 -133 -37 -231 -137 7 -187 -39 228 56 76 -158 71 -183 77 -89 -88 43 -58 -241 -71 -185 -201 -103 -202 -98 5 231 -159 124 -50 -212 1 -6 88 -1 167 -171 -237 -199 143 67 58 103 -203 -242 32 -36 -27 107 141 -64 219 166 247 -91 95 4 -238 -209 -8 27 11 -117 -59 -54 -233 202 217 -16 51 -192 -95 225 -163 218 -177 72 203 120 35 -51 245 40 -153 24 -129 233 -226 31 242 -68 -204 -9 -175 -250 -40 -195 134 -110 20 -5 13 174 246 93 182 -157 -248 74 -151 -114 -56 230 15 39 -104 -7 -19 130 192 66 193 -52 244 -86 -10 80 70 142 100 131 81 -72 -144 236 125 41 -244 -206 3 161 221 -194 111 -167 -221 33 101 -132 -12 186 79 -200 243 -42 -249 112 91 19 -205 213 200 216 -49 -160 183 -152 -47 165 187 -181 -23 -55 54 210 -191 108 189 16 137 -127 44 -228 -220 -97 57 109 -77 128 -53 136 -135 113 -125 148 12 155 138 197 -107 -184 220 96 -213 46 25 209 204 -57 248 -229 28 -99 -162 -222 38 -168 -141 -138 -154 164 237 -112 -216 -21 150 -174 -227 -84 -113 -217 105 205 -14 21 127 -35 117 -38 -44 -69 59 229 190 -186 22 -136 156 206 151 92 83 86 -146 -211 208 -15 -239 239 235 -66 132 -170 45 99 212 135 -230 116 -100 -106 -126 26 -197 -210 122 144 222 199 -224 171 -207 152 -76 -123 -18 -235 -13 -116 -90 2 29 -75 -182 -178 110 -3 241 -94 188 194 178 14 -176 -20 154 -218 -128 75 -82 -219 -81 -118 50 -78 -41 17 36 201 48 -29 214 -43 -67 -208 185 191 211 158 -101 149 -28 69 -11 -79 169 181 -232 160 -65 34 -164 223 -180 -247 180 147 -142 61 98 -80 173 238 -120 -33 207 85 104 234 226 -190 -214 -140 -161 8 177 153 115 114 0 -74 30 -60 102 -63 -87 62 176 157 175 249 -147 60 -189 -173 -236 232 240 198 123 172 73 42 55 -179 139 6 -121 129 -165 -25 119 -119 -17 -102 -245 -166 -225 87 47 82 -2 -169 -193 168 -188 37 -73 140 -240 64 -150 -45 63 52 -131 224 9 97 -93 -156 196 -105 -61 -198 -143 -148 -26 -31 145 68 -155 -46 -122 -92 -124 215 -234 -134 -246 121 162 10 -115 -24 -22 94 133 
TEST 27 ARG:-175 -232 -147 61 -144 -240 243 116 -186 20 -26 -14 -17 -125 85 -51 -103 -162 -97 -239 -19 -130 50 165 -135 -193 -199 -179 67 70 7 155 -44 178 -116 -105 -48 24 -167 11 127 -192 -212 86 102 182 -25 -117 31 3 -120 -104 107 -168 186 150 114 -98 81 -225 196 83 -66 247 -235 25 -67 140 -129 -102 -180 -75 -197 -30 -53 144 -34 -217 167 -155 175 205 194 -163 -95 235 -115 207 160 -88 188 -18 -43 75 181 204 -56 -156 232 113 220 62 -76 -152 -65 -87 -224 92 103 -4 227 134 -195 -86 72 136 117 -170 219 225 192 39 -1 -150 -137 57 -70 190 -236 174 121 234 -132 26 -99 -243 -46 215 35 222 -59 214 -190 58 42 -24 95 -21 -41 193 9 10 -211 51 99 97 15 -201 71 -83 159 -161 137 33 -69 -28 -110 248 112 82 125 212 -231 21 49 143 142 -77 -107 34 163 -113 -40 -118 249 66 -23 -126 -207 -188 126 -139 6 -234 32 44 -52 -208 -241 91 90 202 -220 -222 40 210 162 -249 -8 236 -138 22 -177 216 213 -209 -35 -12 -58 115 -39 12 -215 29 228 231 141 -242 -203 -194 -151 173 -71 230 2 -47 94 46 -247 -202 154 -205 74 -81 -112 -143 -219 -164 164 -93 132 156 14 -5 80 149 -204 4 -29 -128 -169 38 130 36 206 -218 -111 -213 170 128 -191 171 8 221 169 73 -210 146 199 -55 -38 101 -57 -158 -233 177 78 110 203 -92 166 52 89 147 -27 23 -174 -159 37 -9 -157 -60 244 -173 218 -238 68 -187 -7 109 -11 -145 -2 -101 -182 -50 -133 -206 245 -114 -78 76 -171 191 88 -250 -82 -198 197 1 -79 -146 45 -148 -32 -154 -223 180 27 139 5 104 -200 158 98 -100 60 -183 123 200 153 -131 124 133 -176 -142 246 48 54 189 -244 96 -36 28 -189 77 -106 -230 145 -226 161 135 -80 -15 198 79 151 -237 241 -16 -221 -13 -227 -74 187 129 -42 131 -62 122 -214 -89 -160 176 63 -96 -127 93 201 226 -248 111 87 -94 179 -149 -140 -3 0 184 195 -85 -72 -246 -6 118 223 105 148 -84 -68 53 211 43 19 138 -73 69 239 -196 183 -229 -119 106 -141 -245 217 -22 -45 55 47 -20 185 -10 240 -184 59 -124 -63 18 -121 84 -181 224 -153 -178 -134 120 -108 30 -33 100 233 172 168 152 56 -136 64 157 229 -166 -185 65 -165 119 -172 -37 -122 16 -216 238 41 242 -109 -31 108 -123 -91 -54 17 -61 -228 209 -90 237 208 13 -64 -49 
TEST 28 ARG:-61 130 -28 -21 -179 -193 -53 -199 -192 87 233 182 -88 -113 -49 112 168 -161 27 137 -59 19 -231 16 -97 23 39 200 71 82 -89 -9 -109 -122 -22 0 -209 160 119 249 138 226 113 -55 -5 83 -123 -175 -235 -202 -194 -153 143 -47 100 -34 178 248 129 -57 220 156 170 -117 -246 164 -182 -214 3 -201 50 -233 -23 48 -205 185 -243 61 -230 207 -8 -77 -181 -64 -101 103 -104 -127 148 88 10 -177 -119 -155 33 -51 -33 -208 -128 165 4 167 -54 161 -224 5 180 -36 -118 111 -172 193 -74 201 44 197 -50 -154 155 -114 246 -204 57 229 -164 59 231 177 172 64 81 -79 -91 202 154 -213 -95 194 -137 -96 240 -149 -218 -31 74 35 -84 -71 237 -73 68 -227 101 192 -142 225 -248 37 -186 -87 -219 217 -180 151 2 -48 -40 245 125 210 -69 56 107 51 -3 85 7 38 -139 -183 94 171 -234 -240 78 212 -42 236 173 -241 -228 60 110 199 -112 -98 -147 -7 142 -158 -110 6 -115 234 -24 -129 -120 -136 205 -245 -93 -140 -39 -17 -215 190 84 166 106 26 89 -126 -16 215 72 55 163 12 169 122 -163 108 36 -60 -169 -29 54 -211 -237 209 221 17 -65 -76 124 -249 -68 -223 -217 -226 90 79 -166 -100 198 95 -14 115 -160 -167 208 116 189 -43 230 -132 203 52 -146 -41 -107 -12 241 -162 181 -150 104 -108 -30 -32 -206 145 96 34 176 -4 40 -66 187 -221 76 219 -141 75 146 -144 -196 -83 70 -99 -171 150 136 -35 -86 65 -1 242 18 -184 -62 222 -26 -152 157 -138 134 224 -75 66 -105 -13 -197 244 232 -10 -190 -27 118 29 47 32 -244 186 -72 -67 204 -168 -229 -185 -189 -216 -134 105 14 213 41 239 62 -174 -247 93 -157 -85 -176 -198 133 -15 162 97 175 69 139 188 135 43 174 -156 -116 235 -210 -130 13 8 11 9 -238 46 25 99 -19 24 -94 -45 30 -195 132 -38 214 -25 -159 -250 195 238 58 -63 86 28 22 21 211 -236 67 -44 -212 53 126 -187 91 -18 159 243 206 179 -20 184 92 -92 80 20 -191 1 117 223 121 123 109 218 -145 -131 -124 196 128 216 114 -143 140 -6 -2 -102 31 -56 152 -70 -37 227 42 247 228 -220 63 -148 127 -52 147 183 -121 -82 -58 -165 -151 120 -135 -11 49 -90 -232 -188 98 -242 15 191 144 -173 -125 -80 -111 -178 131 -103 -239 158 -133 -207 45 102 149 -203 -106 141 153 -170 -225 -200 -78 -81 73 -222 77 -46 
TEST 29 ARG:-125 -24 -39 174 -51 97 241 124 139 -201 -63 -142 -5 216 -135 169 225 -181 -108 177 -225 -144 -106 -95 115 156 -219 -32 147 -151 118 188 95 -9 1 -215 -230 -166 193 65 -127 -178 117 154 148 -55 -109 -236 201 50 -112 -48 35 -10 -203 -211 19 227 -110 161 -4 -210 2 222 190 215 105 145 -218 -239 96 26 39 -216 -101 165 -176 242 -169 224 -115 -143 149 55 162 -122 -22 -79 249 -207 92 152 114 -124 133 -132 186 189 80 -234 -193 -66 93 -145 -120 12 37 184 199 -168 -233 99 107 -226 -250 -167 -204 192 10 51 57 -76 46 -180 -128 0 -153 -45 -247 144 -146 -164 121 -83 -31 164 -27 141 209 -50 84 -221 160 238 -134 -12 -192 86 239 -57 236 -191 -162 198 11 -53 234 -130 122 -117 136 -67 -200 -111 66 22 206 240 -231 168 -72 -28 -171 30 83 -161 231 127 200 -114 131 -62 -113 -150 -188 -52 -195 75 -93 7 -77 -94 116 166 45 42 -163 197 15 109 -11 85 34 221 -227 -246 -71 -187 47 58 -16 -107 219 175 -86 -82 27 -154 -208 223 -15 -65 -25 -49 17 53 -157 36 -213 98 81 41 173 -228 89 140 -235 -2 -90 113 176 60 -44 -177 151 64 210 4 -217 -38 -47 226 -23 33 -148 -149 -54 59 -198 -133 -209 31 235 108 -56 214 211 -116 180 181 3 171 142 71 220 -242 -183 -84 72 -197 130 137 94 -102 90 229 -88 -220 191 -29 76 232 228 248 -21 103 -141 185 -43 128 -92 -35 213 -119 62 -18 70 -121 -185 -237 -100 -139 204 230 -85 48 153 218 179 68 112 -159 125 178 -103 -126 -14 -199 -140 -26 82 247 244 -136 61 49 -30 74 32 212 -41 205 -189 54 -105 126 -123 158 -147 -75 -156 56 143 -40 -238 16 -155 -160 -170 -196 63 195 -97 20 -249 -33 119 146 23 -80 -224 21 25 -243 207 79 -244 111 208 246 29 -245 -190 -137 -87 -175 203 78 -7 -104 13 -46 -186 -58 101 88 91 157 -6 -152 217 -89 202 -1 -17 100 150 -96 -202 -42 18 243 104 -70 -59 -205 73 187 -194 69 245 132 -20 6 -68 67 87 -172 9 14 5 40 24 138 -184 237 -81 -248 -19 -61 170 129 28 -222 -138 123 -60 -173 77 -129 -131 -179 -13 43 102 -3 -206 135 155 -8 163 -36 38 -118 -64 -241 182 -214 172 -37 8 -98 -174 233 110 106 -240 159 -232 -182 134 44 -78 -74 194 -91 -34 -99 183 -212 -229 -165 52 -73 -223 120 -69 -158 196 167 
TEST 30 ARG:-27 192 -182 -225 -59 -207 84 -204 -83 -205 2 127 75 130 231 48 -194 129 110 135 -68 -26 86 -227 -63 -211 7 220 -120 -14 41 120 -33 -136 230 193 -17 -37 -200 137 -74 60 5 -245 163 -5 -98 150 80 -218 226 42 -39 62 -70 -146 -188 209 -50 111 237 227 -130 106 176 -88 151 -173 20 88 -249 69 -203 -32 -89 -101 147 -165 -122 -152 -202 202 249 -142 153 162 191 -137 -230 -232 17 -64 -170 -55 90 152 -43 -242 -131 -92 -214 -72 -132 -8 242 149 -114 108 136 161 215 66 -10 -125 -73 103 67 -163 87 -123 -129 49 -86 -4 72 -3 -56 -196 63 204 -187 31 82 114 221 -246 159 -105 -138 97 54 205 22 180 -217 158 3 101 -243 -106 115 196 -206 -144 65 183 -158 99 -21 -171 -168 -174 -2 -244 56 4 213 -29 83 -220 -239 19 -65 222 33 175 107 40 200 172 -9 169 198 0 -240 -247 189 -192 170 -40 -7 12 238 -118 197 228 32 9 -91 35 -52 -175 -213 30 -61 186 -228 -186 -151 100 140 -153 234 -148 76 -155 -60 -35 18 -235 -90 -42 -229 -145 224 -143 195 96 -201 44 71 -180 -100 239 178 -110 -49 -198 -121 -176 240 -236 245 -127 218 139 138 184 206 -108 -164 146 -102 119 -208 -67 241 235 -85 168 125 182 8 102 -23 -79 -117 -103 -212 -57 13 105 -41 171 145 -38 225 -75 194 -111 244 -147 134 -161 -210 39 -115 -167 -177 -162 50 141 190 25 -76 -156 -222 91 -24 144 -15 93 -53 -233 43 -237 -139 -248 -190 -172 -58 -96 -30 -16 92 -133 166 -104 38 -107 -150 208 -46 174 -184 -69 -215 116 -109 214 -141 11 126 -216 -1 -94 -157 94 15 58 -149 217 -159 68 -71 -20 -124 -219 46 123 142 -93 216 167 -126 -18 -11 -84 128 -54 79 85 -224 201 78 -223 -199 27 74 177 179 -36 89 -185 14 -22 188 53 -45 -193 112 -179 233 -183 -112 223 155 199 -119 132 -209 -77 207 55 104 212 -87 -116 -62 -44 29 47 -80 181 -97 37 -181 -250 -191 143 -28 -140 6 -48 -113 70 98 -195 24 248 160 26 73 118 133 164 28 247 -169 -31 156 -241 121 -197 81 173 246 1 59 124 122 203 57 229 -82 -166 -160 -128 -231 45 -95 232 -154 -134 117 -78 -99 109 148 16 210 21 36 -19 -13 -81 -135 -178 243 157 10 51 -234 -189 -221 -25 23 -238 -51 34 -6 187 219 -34 211 113 -47 236 64 131 -226 61 185 -12 165 95 -66 52 77 154 
TEST 31 ARG:-199 -250 83 -68 -16 -119 -102 -109 246 1 26 -220 84 -125 -142 -85 -112 -34 -72 81 123 -58 248 140 -50 -9 -232 135 -214 -162 -181 -244 55 0 -124 25 -108 -178 -179 63 244 208 112 -99 -7 -157 172 -203 144 110 -71 120 -43 -240 127 -36 187 -100 42 28 239 91 -140 204 -154 186 -19 -145 152 -8 138 -38 -248 54 98 109 44 11 -161 103 23 -230 211 -249 180 -82 -236 -235 249 -120 -183 149 72 -206 18 -62 -33 -107 128 -79 92 -239 -49 175 108 232 118 -20 194 -159 -217 196 146 198 -130 -12 97 190 -176 -175 228 12 201 96 -207 -131 33 -27 -32 -194 243 -212 89 -83 148 -5 -245 -52 94 159 51 203 -105 -73 104 236 -137 -35 -195 115 -171 21 162 157 -222 67 -211 188 181 14 -69 214 -80 184 141 -14 -78 41 -4 -243 -117 234 114 126 -173 5 -74 13 221 -65 218 -122 185 182 -158 47 147 -94 113 -221 -59 32 229 -152 -224 122 60 -90 241 -18 -160 -115 168 222 -190 199 75 -172 -77 80 -110 6 -227 161 -60 29 -231 -48 -163 137 151 -21 -197 -141 223 166 77 173 -70 31 195 169 -139 -201 -75 -30 -150 -223 79 -229 164 -95 -92 39 230 129 10 130 132 -45 -246 -64 191 49 101 45 -164 -26 -55 -1 142 -31 167 -238 -189 4 -15 -126 -136 -192 99 -6 -61 78 213 -204 220 -149 170 -86 -66 145 -210 -209 -184 -23 -234 117 154 38 100 124 -165 -174 -29 -177 212 -146 -81 -87 -116 -97 24 133 57 85 -148 200 -169 -133 -226 143 3 240 -3 -237 56 -143 -67 219 -205 70 -54 -129 158 238 -42 66 68 -196 153 -10 -113 64 -47 86 216 7 74 30 225 16 53 206 -132 59 202 -180 -208 233 -247 46 2 163 93 -118 165 -187 -242 -84 176 106 -17 227 210 48 -151 -186 -188 -11 76 -76 65 -170 8 -103 197 125 155 -51 -144 -166 134 -13 -91 105 -182 82 -191 177 -57 -200 -198 90 -37 237 183 -185 245 156 88 -135 -167 231 58 235 -134 -96 215 19 52 73 50 192 -101 205 121 -40 -56 61 34 -39 139 87 150 -98 37 -128 9 95 189 102 217 179 242 -193 178 247 -215 174 -168 71 -63 27 35 -123 -138 -44 -228 116 -88 -28 -225 -22 224 -106 209 -202 -155 -25 -233 -46 111 43 171 -93 69 226 20 -241 -216 -219 160 -127 -121 207 -89 119 -111 107 136 -114 131 193 -213 -53 17 -153 -2 40 62 22 -24 -218 -41 -156 -147 -104 36 15 
TEST 32 ARG:111 -138 -107 -220 -38 -128 -236 247 -52 244 142 -46 73 113 -109 23 223 -235 195 -222 -115 51 123 -68 -45 115 -160 38 -164 -209 127 -71 -125 239 10 -184 -134 11 -142 163 -208 -26 -188 -169 219 -242 198 -218 -92 194 226 93 138 -69 -96 -70 -153 -152 -234 -7 220 -17 109 78 154 55 -100 -31 -90 -101 1 85 -58 61 -228 -203 -250 -199 68 139 57 183 -189 131 112 -239 -63 158 -76 246 14 159 -172 54 153 80 -145 -162 140 -15 215 -206 135 -226 114 -95 -187 81 82 180 -50 209 -56 249 -57 235 101 22 4 -170 204 216 -72 3 171 42 202 6 -20 -4 -64 19 -167 -102 74 -146 -159 151 214 149 107 -175 7 -32 -210 29 25 -14 104 97 248 -78 -246 230 -98 -204 -247 37 -110 -18 -36 -144 60 -55 189 24 165 218 -6 119 84 237 -244 -126 33 -205 -190 -224 -165 -21 -79 -121 -198 -176 -93 -13 -248 229 -155 66 122 185 193 -86 130 217 98 168 -200 0 20 173 -219 201 -173 30 -157 58 94 -215 39 83 -33 64 31 118 132 -89 45 -27 -135 53 227 -151 -129 162 187 -207 125 -156 -118 -217 -59 26 -103 143 203 -5 -227 231 -24 176 141 233 -132 184 157 5 8 147 166 -94 181 50 137 40 -193 -195 -163 -233 238 145 -113 199 -119 69 -22 -174 -137 88 -37 70 -181 -91 170 27 -25 -186 102 155 207 -214 -194 -105 -34 -28 -41 174 56 117 -168 -51 92 242 -183 -122 146 241 128 -53 -104 210 -88 136 -243 21 -83 63 -2 -43 -67 32 224 79 236 213 -180 206 52 71 28 -84 240 126 -123 222 -131 -1 35 -12 134 -87 -112 65 -202 -230 182 -35 -85 -223 -211 221 121 -197 99 191 -40 -182 -179 -177 -10 172 -232 -8 -65 12 -47 91 -241 196 -16 -9 190 -139 179 106 41 -196 -213 110 -99 116 212 -166 -240 62 46 -191 -158 13 -19 34 100 47 164 148 -44 -66 59 161 205 -140 -124 105 -231 -116 44 -133 245 156 -229 43 -62 -185 -120 -238 -143 -178 -29 -74 48 211 228 67 208 -141 -77 120 133 -60 96 200 -54 160 -147 103 -108 -127 -161 232 75 16 -111 -48 144 -81 95 -82 -212 -171 -3 72 192 108 129 2 234 178 150 -225 -80 89 76 17 -30 -130 -11 152 186 124 243 36 175 90 -249 225 188 -97 -154 -237 -149 -221 -150 -201 -114 -106 87 15 -216 -39 169 -49 177 -192 167 18 49 -42 -75 -61 -136 -73 -245 -148 -23 77 9 197 86 -117 
TEST 33 ARG:-143 99 177 -74 -198 247 20 143 110 -229 196 -144 -138 36 -113 29 -51 217 -166 212 49 123 162 53 -16 -109 -9 149 236 132 172 -56 77 -235 -172 -115 176 75 86 -21 35 25 -83 -13 -227 -155 199 56 13 111 -135 24 -199 -39 -114 71 -90 -162 -71 -87 233 -128 -52 -175 -63 -98 -194 60 -129 -100 140 32 1 82 222 -118 -104 126 137 -192 183 -131 122 201 -161 -84 -40 175 208 -96 -160 -112 89 -66 -158 59 219 -147 -97 -242 141 78 -207 180 173 228 -241 -37 245 54 -250 85 225 105 -247 -222 -57 -246 21 -105 221 55 -196 -82 -156 -110 234 159 200 209 131 -38 194 -68 -142 213 -4 171 -2 -44 238 -213 7 195 -223 -47 31 45 -33 186 39 44 146 -22 -60 -202 235 -101 179 192 120 -95 244 -107 -125 -152 -3 83 -230 3 -55 -26 152 -19 100 -58 116 218 22 48 216 -122 -79 -62 58 -53 -124 -133 -31 -187 -236 161 -224 242 -193 -81 127 -189 -184 87 -168 -28 -49 -149 -116 -225 184 -24 -1 -67 112 16 128 -8 93 -119 206 -220 -221 -237 -77 6 -111 -197 167 246 -5 -14 243 -12 -150 144 -231 223 2 43 121 -215 -86 -201 157 -54 134 -134 -234 -46 -43 -76 57 240 -59 72 -243 -248 102 -91 -153 -126 -130 190 165 -121 14 -27 12 -146 188 -157 -15 193 -249 -145 34 -99 97 52 19 -41 -244 -7 164 41 204 -167 101 -64 -20 202 -164 -239 106 231 197 8 -23 160 17 148 181 -6 91 -80 119 64 -190 -205 63 135 139 214 -75 133 117 -127 -106 -170 158 215 -163 -177 -34 76 -171 151 229 96 -137 23 -214 -180 -94 40 -88 88 -120 -183 182 104 -226 5 73 108 155 46 -42 28 37 -17 -219 -165 -204 -216 51 -102 145 -61 -186 -123 191 -69 11 50 92 136 118 -174 9 -195 147 -154 -233 -117 230 94 -132 -218 237 210 90 124 142 241 -50 -36 -209 220 -206 -10 125 115 38 -29 -151 168 174 -179 80 -73 103 79 -188 -141 -240 -173 -212 170 15 -178 -136 -48 -30 185 113 -85 66 -11 84 -35 -217 -65 -72 166 138 226 26 -78 -200 -182 178 -18 232 -169 62 207 -148 -210 0 239 249 47 -140 187 -238 163 211 -32 -232 -208 -245 70 -191 98 81 -93 156 69 61 -89 -159 -228 -139 154 -203 -103 109 129 4 18 198 10 -92 189 130 95 -176 68 -108 227 114 153 205 33 107 30 -211 65 248 169 -70 42 -181 -185 -25 150 67 27 203 224 74 -45 
TEST 34 ARG:225 -17 229 -147 -194 153 -193 -97 -222 -76 -142 236 221 -199 -43 54 -195 195 25 114 -36 -106 246 -27 -226 -245 -121 -67 102 42 -167 -198 228 -91 -101 -184 23 10 38 -9 -60 -1 27 -165 100 -62 -130 -247 204 17 -243 132 58 163 249 222 22 -111 174 -186 131 192 128 -107 -231 -89 67 149 75 209 0 -175 -188 -77 -209 185 155 203 -143 159 -13 181 -221 237 -178 -64 -236 57 -114 247 -87 -174 47 117 -119 -225 6 -140 -32 168 -29 9 69 -19 -190 -7 -81 239 173 105 -200 211 207 -161 50 143 -8 -39 154 232 74 -132 -187 -109 -118 -3 -144 -202 -52 101 71 126 -112 -65 -152 145 214 -148 29 226 -24 -93 -80 -160 5 160 103 2 -137 -69 33 8 97 -102 245 220 -228 186 178 -78 142 191 -248 -10 60 107 -235 216 165 215 -5 198 -70 137 95 28 51 218 -72 65 -47 -95 244 -55 -181 -153 135 -136 -46 -164 -233 -124 -170 49 55 78 -206 -66 98 -44 -240 11 -53 20 -25 -239 -196 158 -138 234 138 -213 188 -57 80 -99 -149 68 -141 -41 24 -100 -183 108 12 205 212 -85 -155 -246 -49 152 -223 4 -38 87 -201 171 76 109 -191 21 162 62 77 -63 -162 -40 242 180 -203 -6 -92 121 119 -212 240 -15 -21 -189 -45 -26 1 -4 172 136 -172 39 48 -75 -219 -113 66 73 -116 -158 -105 106 13 -48 134 -35 113 -28 -83 -128 -96 230 -163 116 -79 99 -208 197 -33 -204 104 123 166 111 -73 -115 -139 -185 96 16 40 79 -59 -216 148 187 110 -244 124 -150 243 -54 -197 167 -84 31 201 115 248 179 -12 144 141 -123 -120 7 32 -218 -154 90 45 86 146 169 18 -98 72 -211 -169 44 36 41 -135 176 -133 -173 -234 43 190 199 227 133 -20 -215 -110 -23 -88 -176 3 70 61 -192 -68 189 -71 217 -129 -171 193 213 177 -30 -125 34 164 85 -108 150 223 157 91 -241 224 -2 -127 -205 122 14 -166 -104 15 238 -151 63 35 -229 127 59 84 94 -51 -220 -249 235 147 -34 -90 -31 219 -94 170 200 -157 93 -179 -146 -145 -182 202 89 83 233 -61 120 140 -168 -227 -74 194 -117 112 -86 -37 175 -207 -250 151 -131 -159 156 -232 92 82 26 30 -82 -18 210 -122 53 -50 -156 129 -58 37 -180 -126 125 183 118 -224 206 -210 -177 -238 -42 -214 88 130 -242 81 -14 161 -11 52 231 182 46 64 -134 56 241 -16 -237 -56 -103 184 -22 -230 19 -217 139 208 196 
TEST 35 ARG:58 96 82 -189 -128 69 -208 -221 -107 -194 -70 114 19 168 147 -191 -217 191 -148 34 -66 52 81 129 120 209 127 -110 45 -237 -196 -137 -55 -171 178 13 172 -207 123 -132 -34 -18 222 156 126 -89 131 -65 -47 -50 80 20 -245 16 -56 161 -242 135 12 53 -177 61 -60 -81 -172 -62 -78 22 -170 -104 -246 207 50 -82 217 -22 212 142 -83 -161 -140 239 -48 -145 238 -233 -156 -124 -115 -180 -53 240 204 -215 230 -185 -229 -168 115 -165 -114 164 196 -232 214 100 -138 14 -150 -113 146 165 133 83 237 -40 -31 41 160 -151 -80 -51 94 179 -109 144 -214 -241 39 0 -223 -44 -68 71 -106 -8 -144 -63 5 -224 10 63 -155 55 -122 24 28 -86 -204 17 8 -222 40 188 -153 -152 -7 -2 -45 141 -96 33 -38 47 87 -201 66 -218 -39 -247 -188 158 -21 -85 125 119 162 183 76 77 54 -184 190 -199 -209 -206 206 151 -200 48 -17 90 195 -158 -11 -91 143 211 -230 -225 26 -67 -14 -75 -64 -61 42 175 -249 -57 -192 72 -52 -116 -142 -210 -248 -46 148 -198 134 -182 106 -166 21 -88 15 118 227 64 -108 171 -102 -127 121 246 -205 -236 104 60 194 244 210 -162 -146 -250 155 -77 -220 219 -126 92 -178 -149 84 -154 -35 199 174 51 180 -30 73 -9 189 -167 -130 105 170 -103 -227 44 -73 7 -244 -25 -36 1 185 -101 -195 65 57 -74 150 -111 -179 -100 3 -59 -43 93 -143 -193 -54 -160 -37 153 29 -10 -131 86 243 -93 166 177 70 -164 113 97 -159 236 91 -234 27 6 -129 -190 163 -28 215 89 221 9 139 37 95 109 107 213 112 140 -33 223 -105 -123 18 130 -183 -147 145 201 132 -99 249 23 -117 -141 75 -90 182 59 224 4 205 231 -186 25 108 68 228 -112 -216 -76 193 159 103 38 -176 -134 -72 218 35 46 -235 197 -211 233 98 -92 138 -23 -84 -20 -49 2 -243 67 -79 -69 102 -19 -12 -175 62 -157 117 203 36 -187 245 -219 216 -29 124 200 157 186 79 169 136 -212 -228 -136 198 247 232 -95 192 88 -26 -3 -181 -15 -202 220 225 31 208 30 -240 152 74 32 -231 101 235 -174 -203 111 -27 110 -97 242 181 -58 -238 173 -173 -135 -13 -94 -87 241 128 -42 -118 149 -169 202 -4 187 -133 43 137 184 167 -1 -125 154 -24 -5 85 -120 11 49 56 -163 -41 -32 -226 122 229 176 -119 78 -213 226 -71 -139 116 248 -6 -16 -98 -121 99 -197 234 -239 
TEST 36 ARG:203 -228 38 -160 65 7 222 154 218 216 17 -211 97 -215 119 -149 -247 -124 109 -88 -82 148 90 -102 114 -7 181 185 -185 -90 108 -132 -231 -146 -120 -175 -13 200 110 -184 -18 -15 211 -204 179 28 -154 -94 -150 149 -51 -167 122 177 -235 46 -47 -203 -20 -227 130 168 26 66 -166 230 -79 -75 244 32 142 -97 -248 -74 -140 -111 39 233 14 -95 -163 -168 189 -241 -45 -131 116 144 -148 -31 54 68 236 -71 136 -174 156 -11 -67 176 -216 -214 147 -84 49 -176 -128 -56 226 62 -182 58 0 121 50 -9 -105 164 -229 77 235 -142 -126 -236 -130 -93 42 210 43 -108 89 -16 83 -80 -249 -225 132 -245 -221 -60 201 175 4 -143 100 227 153 21 163 -152 237 -99 -183 -52 242 107 87 223 161 -198 -165 247 135 -127 174 124 204 55 -92 173 -114 -113 -5 -57 234 72 -213 -237 9 -226 120 -153 -6 -33 -72 -73 78 191 30 -36 241 79 128 -64 5 214 -100 41 -171 20 -189 -32 10 -59 183 -21 -220 187 -37 -206 182 104 180 -103 81 162 34 -224 98 -155 133 143 -62 -106 170 -187 131 -55 88 61 157 -17 23 63 158 3 228 16 -2 195 -76 -209 249 205 -240 -218 -230 215 206 105 52 141 -246 -91 -138 -14 95 1 6 -125 -12 15 -179 169 217 -78 111 -151 84 -115 -24 134 101 160 33 25 -162 -26 125 103 -110 19 212 -118 246 178 -191 -39 86 221 -30 -54 64 -53 -141 -119 -50 146 188 -242 37 220 94 137 240 11 73 229 -202 -107 -232 40 -195 231 -200 245 -116 -81 -69 -58 8 -25 -217 -42 -135 -208 -196 91 -197 -192 27 -10 75 -65 -194 -1 -147 190 80 -205 184 -133 198 -233 138 224 165 13 -109 186 145 151 194 -129 -136 -212 155 -28 29 150 -169 99 152 243 60 112 -180 -87 -186 -49 -244 -4 -156 -117 202 102 24 -139 -96 -172 159 208 167 -85 -158 -123 232 -178 -3 74 93 -112 192 209 47 166 126 48 -144 -104 238 69 118 -161 197 113 -101 -159 196 -23 -86 117 44 -239 -173 207 45 -177 36 -210 71 -40 -27 -35 129 -22 22 -43 -207 -46 59 127 2 213 139 -34 -243 18 106 -157 70 172 -122 -41 76 12 -89 -250 -98 -29 82 -44 -48 -63 -145 -66 -199 -188 248 -70 -38 51 35 171 193 85 -181 -219 219 -8 199 -170 -223 -234 123 -137 239 115 -190 -121 92 140 57 53 -68 -134 225 -19 -193 96 -201 31 -61 -83 67 -238 56 -77 -164 -222 
TEST 37 ARG:234 -173 -136 -135 -242 28 -25 34 71 192 -17 85 168 -224 43 -109 176 157 39 225 -76 -29 53 173 25 -15 107 -232 -172 -122 -149 60 88 135 8 -155 -49 194 -97 166 242 -202 204 214 -210 -185 249 15 76 -100 124 79 54 91 -206 -197 -181 139 102 -153 197 -31 -218 -20 220 29 -40 -157 131 -176 -188 -83 143 213 227 -58 45 174 17 42 -199 0 218 66 -137 -237 -243 165 -21 -190 -115 -246 104 -108 1 -138 181 212 36 -229 -222 164 207 -65 95 -47 14 114 -127 127 198 248 70 244 -43 -112 -145 117 -81 -90 -14 2 7 121 120 109 -73 171 -238 96 177 98 110 -26 -2 202 199 -33 49 233 -160 187 130 -143 219 -146 -96 240 119 -88 193 -152 175 -142 -27 -7 -158 -67 -141 145 -175 58 19 38 13 21 4 -154 44 -225 31 -174 68 64 -228 80 -234 -111 -195 51 146 -169 -223 62 -116 169 -84 -46 245 179 52 -13 -10 -214 161 78 67 -82 -187 195 -32 61 74 -11 -104 217 141 246 -215 230 -216 32 -159 12 116 -22 90 151 -16 -105 -119 -148 -74 16 108 -53 -231 163 178 153 -6 -54 -24 -235 235 -28 59 10 -68 94 -245 -150 -129 87 -52 103 -72 201 160 77 142 172 -125 184 -180 180 -184 -163 231 -140 186 -78 243 -198 -244 -194 132 -60 156 154 -178 -56 -42 190 18 -249 222 -204 24 -227 111 149 84 125 -131 -208 221 -114 122 148 -66 -191 215 -203 106 -165 99 112 -134 -77 9 203 -124 -226 -147 -213 -8 -167 -18 155 55 105 75 -189 -220 152 -3 5 206 -51 20 -130 138 35 48 -89 -75 27 247 -156 223 -221 136 -80 -5 -241 33 -200 -94 -39 -179 37 113 -230 238 -151 -182 -44 210 133 144 -118 -70 -233 73 158 211 -38 123 46 -106 232 226 -211 -62 170 -113 -186 -98 -250 -168 -9 -57 208 63 -177 -87 -63 134 137 22 -79 -95 -93 23 47 -23 -102 129 -166 6 239 209 26 228 182 -1 237 -35 -91 -59 126 101 -205 236 100 167 -219 -50 -71 188 -170 -64 185 -30 -34 183 159 -209 3 -12 -48 -45 40 -121 89 41 -164 -192 140 72 81 150 -99 -161 -41 189 -133 -247 -196 147 -123 92 -103 -132 -107 -207 128 241 -144 115 -240 86 -36 224 -117 229 11 -128 69 -110 -236 191 -126 -139 56 97 -201 -193 162 216 65 -69 -92 196 82 -101 -86 -183 -162 -85 -61 118 -239 -19 -37 -212 -217 50 -4 57 -55 200 83 -120 -171 93 -248 205 30 
TEST 38 ARG:-29 240 -123 196 135 67 -211 120 -165 201 100 172 -43 244 107 -41 -108 7 223 128 131 175 83 143 68 -148 -66 -215 170 138 -204 -201 40 -73 1 -171 24 -222 27 61 58 145 89 81 32 -31 236 13 222 -115 104 94 22 208 -186 -110 -235 224 -25 38 -234 -67 167 112 -56 84 -200 90 -170 233 -16 242 206 101 213 -151 -206 149 136 -245 91 -176 -8 -7 249 180 -231 -223 248 -136 9 -48 174 -76 79 -241 181 82 35 -146 78 173 215 -127 150 99 75 85 -54 -11 74 -174 -138 207 -23 200 110 18 28 36 -30 146 161 -119 -243 -88 -208 132 231 -78 -87 -83 -65 241 202 -15 -95 -194 -250 96 239 -132 -180 -100 86 -21 -167 62 39 -179 194 123 16 -20 -205 -185 -240 -116 -93 41 -184 -239 -177 140 -111 -169 102 -195 -128 -242 162 29 -59 21 48 26 -236 122 -212 -228 -150 34 -189 -202 95 43 -96 218 -183 53 -103 187 245 -191 -58 114 228 -230 226 14 -182 60 -51 109 -139 -86 2 69 12 105 115 -130 -1 192 -145 177 142 165 -24 -62 -17 -158 -149 197 -238 -129 64 -82 137 -225 -42 -126 108 -28 -33 103 -13 212 246 182 59 -60 31 -190 -124 -229 -109 -37 -209 -6 -26 80 -207 -10 125 183 20 66 204 -159 179 -72 54 -81 -137 153 56 -85 -247 -144 -162 -114 144 -153 -75 225 116 -79 127 -244 -134 106 -157 -196 42 169 190 227 139 189 220 -118 92 76 -133 -187 198 199 37 63 152 164 30 -101 -213 176 121 -38 -224 147 129 11 -152 45 -117 -71 -44 -161 -107 -91 0 -94 77 159 -63 124 70 49 -97 154 -246 -99 -175 133 4 -69 134 184 130 247 -226 72 -22 10 5 -64 -248 -155 -181 234 -52 186 -199 -57 6 -147 -61 118 -143 119 3 -19 -68 -154 217 -50 -125 -166 -197 57 23 230 -192 -164 -135 -172 232 93 -12 -203 -49 -32 -46 -92 209 19 -233 -142 -216 151 -112 -198 71 -193 -27 221 -102 -178 178 188 -218 -121 -14 148 -210 15 141 51 -55 238 97 65 205 -249 -2 -74 163 211 -237 160 -34 -217 44 -163 -70 -131 171 55 46 -35 -120 -105 157 193 87 168 -45 203 -5 -113 50 117 210 235 214 25 47 -214 -140 -90 -36 -219 158 -221 195 113 -98 -39 216 -53 98 -227 52 155 -3 8 156 17 33 73 126 -160 -141 237 -9 -18 219 185 -232 -220 229 166 -4 -188 111 88 -47 -168 191 -89 -104 -173 -40 -84 -156 -106 -122 243 -80 -77 
TEST 39 ARG:126 130 106 -51 -188 -19 51 -59 45 -222 -165 -218 -71 40 -30 2 185 -9 19 -101 -148 -195 -235 33 214 -1 125 193 -183 -145 129 58 -237 -10 104 -94 -119 30 220 211 -198 -169 139 -234 219 -115 -172 -17 173 154 182 -36 -18 145 1 -122 -106 -26 200 242 191 -88 38 165 -180 -91 -206 -65 102 127 221 -143 -199 34 -64 17 208 149 143 -57 68 108 -58 -8 -90 -27 -147 -200 148 -45 95 -5 87 -136 178 -223 0 -56 131 205 -211 -141 5 135 233 176 103 133 -197 92 156 -4 -250 -187 36 112 114 -224 134 202 81 -229 198 -247 -33 -21 59 235 -225 -114 116 -245 28 -239 57 122 -176 -193 -67 -69 -129 -170 203 -38 32 6 166 -219 60 -52 -137 -53 -16 118 -159 -132 241 73 14 76 -63 -70 -42 180 -233 -11 -87 -29 -31 98 -117 228 67 189 -28 217 -163 -160 -154 239 -111 -125 230 -190 -74 16 -226 196 151 144 -77 21 159 18 155 88 56 -44 -243 -221 -244 120 -220 109 35 -82 107 199 236 -24 -213 111 -201 113 10 -181 -37 -83 93 157 -75 152 -108 26 -76 188 -185 -72 -12 97 82 -118 15 226 238 70 -127 -177 12 164 89 -182 244 -212 117 158 146 245 94 -46 48 83 65 -146 175 62 43 -210 -66 231 -205 140 -174 69 -41 -203 23 -49 160 -208 234 -43 243 216 9 -175 -230 -109 -142 11 -23 -164 186 128 -95 55 -248 72 153 -73 -135 169 -157 192 -167 79 99 66 -120 -236 204 -81 -102 22 -84 162 -89 -207 179 27 -196 222 54 215 119 -14 138 240 -7 195 -126 -149 -161 39 -2 -162 74 -133 -78 63 249 -55 52 -209 7 194 -214 206 78 -184 -22 100 -100 8 -242 187 -104 225 223 -171 -61 247 -13 -173 163 -166 -202 -35 141 110 86 -112 -39 -194 201 -124 -116 -153 -232 -107 -103 224 213 44 -3 212 246 115 71 -105 -60 229 46 42 -152 -130 -191 172 161 -62 -34 -110 -216 218 -228 77 -80 91 101 124 -186 136 183 49 -138 90 227 -238 -6 85 123 -150 -178 -151 -134 184 -98 -96 209 132 177 -47 -155 -40 137 -15 -140 -97 24 -144 -139 -85 -79 -249 -121 80 3 -68 53 105 4 37 -92 -93 -168 20 61 168 31 -246 -99 147 -25 -156 96 -189 207 121 -32 -217 -131 -179 150 -123 -241 -20 237 -113 210 142 -215 -192 170 84 -86 248 -231 232 47 -48 174 181 -158 -54 -204 -240 190 -128 -227 41 171 75 -50 167 29 25 13 197 50 64 
TEST 40 ARG:-88 47 -143 -220 -113 36 167 189 91 -35 3 0 -222 212 200 220 111 -77 -137 126 188 -131 87 158 -196 -207 240 97 -48 -214 -7 165 31 218 -243 98 -174 175 -193 -121 -250 -239 229 -213 -216 -246 118 244 -134 -20 236 -61 -44 150 168 37 137 -236 -228 139 -72 -146 28 30 65 -147 -82 -75 74 -130 -73 -180 114 -110 -186 -91 -15 -96 -235 123 117 82 235 -27 115 20 -195 56 -178 -242 146 -81 43 -112 -145 -106 135 -233 147 -98 -74 -148 44 -144 4 245 -229 187 -6 58 -126 71 130 -89 -198 -149 155 -158 -55 24 173 41 193 -209 -116 73 53 204 112 -249 179 -169 183 38 133 -21 -9 55 -124 94 138 -32 -203 51 237 -67 174 136 90 -185 -2 154 -42 62 -132 86 99 -179 5 -154 -39 -90 -53 171 103 -22 -37 -183 -59 180 -240 -104 102 -190 -23 -69 -68 -188 -181 211 84 176 148 -218 85 -101 -38 -17 214 -50 -139 78 159 128 19 -162 110 -225 -4 222 -26 -102 54 -129 -237 -16 210 170 -31 69 15 121 -19 32 242 -168 161 -153 -199 -156 -34 -33 17 -234 64 22 225 197 63 -108 21 -244 -133 -92 -140 -80 25 -171 219 -66 96 -210 182 81 144 249 -219 234 181 -212 221 -177 -117 -60 -111 -206 238 149 -245 -71 -64 75 -13 239 -197 14 -170 -175 -79 -247 190 68 215 -18 -85 -164 -166 132 42 76 178 -223 89 247 157 100 230 95 79 18 107 -24 104 -58 -84 -176 88 195 -167 -115 145 66 -152 -52 120 23 186 9 11 152 -155 -128 -45 -163 122 -49 113 213 50 153 48 199 192 162 -114 -150 -127 -62 -119 -192 -123 12 177 -3 -97 35 16 93 184 105 151 227 -47 -161 33 -230 -63 -157 39 -87 108 -83 -76 198 -109 26 116 1 -165 201 61 206 -200 -120 231 -1 70 -125 -217 -107 -41 -142 191 34 -159 -202 -43 124 134 196 -103 208 223 -211 -238 -232 -205 160 52 -56 92 80 140 -99 216 7 -95 -94 246 83 -14 -187 -135 202 -11 129 143 209 169 -29 60 156 141 241 -65 59 224 -141 166 -93 125 -138 10 -8 -151 45 164 -160 -136 205 -241 -172 -118 -51 29 -12 67 -46 2 -191 40 -40 -184 131 -100 248 -28 27 185 119 -173 77 -5 -208 -54 -57 232 13 172 -248 -36 -221 -70 -86 8 6 194 -122 -30 -10 72 243 -204 106 -105 -224 101 127 -182 -227 -231 -201 46 -215 207 226 142 -226 109 203 57 -189 -25 -194 233 163 217 49 228 -78 
TEST 41 ARG:-168 59 221 2 -45 -138 163 -194 -146 22 -143 -29 -175 -225 -203 5 -228 -170 125 74 179 -162 -73 145 211 -4 -9 147 198 -249 102 -182 -132 -61 181 246 177 165 76 191 -141 -109 37 -167 -142 -97 -216 55 103 200 173 248 -131 -15 -151 -128 97 189 -180 -65 -215 92 32 -214 -83 87 226 135 66 82 96 69 120 -150 56 126 -23 233 127 -102 63 39 -41 -181 -71 106 -84 29 -52 -153 -64 -36 230 79 238 164 162 -139 99 240 -195 242 61 168 -204 19 91 231 129 -114 -16 73 216 224 194 172 155 11 -79 45 42 54 219 -179 -165 169 -190 -223 -69 -7 143 209 50 -107 -76 -197 203 -89 -202 4 25 -47 112 27 -200 -3 -88 140 51 115 -208 -85 -193 -50 -218 70 34 -196 -25 232 -91 -96 186 3 152 13 175 -99 -248 -237 212 -53 -105 94 -30 -166 -39 -157 148 78 -31 49 158 -233 -246 -135 -77 -100 30 -158 104 88 220 -2 -232 75 111 -95 52 20 208 -6 -18 -32 -241 -243 -222 -122 -152 -49 -58 89 166 14 83 -48 -108 -54 -1 -247 -19 62 137 -173 77 213 -24 -240 68 138 23 -42 249 95 -28 35 -129 -207 21 -14 118 -235 -172 197 114 192 -191 214 -110 156 188 142 -93 7 210 -210 26 149 -43 -101 -192 -86 10 -59 171 -145 153 244 -140 -199 -17 -184 -120 -20 -98 234 -136 -92 -234 58 -94 -188 183 -5 -133 196 -239 -55 144 -178 202 -124 -13 -27 -177 48 182 113 236 151 -148 -63 136 -75 -35 -72 84 -185 -183 185 -229 15 -44 243 201 -112 170 -160 -26 -118 195 -113 -103 176 131 -68 -123 130 -10 108 101 -90 71 -161 190 33 93 -70 229 64 -244 72 241 228 247 207 225 16 -80 204 31 -8 -115 -104 98 237 57 65 67 6 215 128 60 -205 -227 -187 -38 161 180 146 -201 132 -217 124 90 184 174 -106 -154 187 -78 -125 -209 217 199 -231 -37 -238 -51 18 -169 28 -198 -66 -212 141 -56 80 46 -220 -119 -149 81 150 227 -21 53 -12 222 178 44 -126 -155 43 167 -211 -206 218 -34 -147 239 119 117 -226 134 -230 -60 159 122 -33 -130 193 -156 -159 100 -46 123 154 -224 139 40 -219 -117 86 47 105 -57 110 -127 -164 235 160 -11 206 85 -62 157 -186 12 -81 116 -111 -189 38 -176 -40 -242 -250 -67 8 -221 -213 -245 1 -121 24 -137 223 0 36 245 109 -82 -144 9 -236 -163 107 -134 41 -174 17 205 121 133 -171 -22 -74 -116 -87 
TEST 42 ARG:-65 -87 -182 171 125 -141 98 -118 16 -165 157 -23 85 -43 -181 -89 -21 22 198 90 -106 -61 -26 -180 164 196 -55 -19 -216 -169 249 129 25 -154 183 80 146 84 -3 79 52 239 124 -155 -130 155 -192 -41 29 -9 -134 219 -42 -148 -162 43 1 216 -18 -135 -209 -48 139 -75 -213 -39 -103 -152 -86 229 -30 10 76 214 206 66 -206 -164 -119 20 -171 -1 -142 192 -73 222 195 159 -113 30 -2 -145 3 -136 -188 9 -156 -45 -222 117 63 131 -187 74 172 33 111 -189 110 97 -140 156 -250 163 180 -235 -29 147 -163 39 105 -60 83 138 116 -228 174 223 150 -133 -51 -56 -37 230 -191 204 207 -236 2 237 -53 -79 -238 114 -94 101 -240 -96 -122 -93 -179 -80 -58 -111 208 -38 238 -95 -178 -137 248 227 104 47 184 -108 -77 -203 126 81 -28 128 -183 -104 202 245 221 61 75 133 115 4 242 137 18 -244 197 21 -232 87 176 -161 165 -17 -129 -239 -249 -201 -217 -143 -115 -220 -85 186 -168 92 -12 -242 95 -71 -127 135 235 -196 0 220 -14 -22 -159 -15 -237 149 241 69 34 154 -245 217 -121 -207 -210 232 5 -101 123 -66 152 45 68 -7 140 -36 -62 70 224 -144 231 -208 106 177 -230 -49 148 -124 62 -10 -82 -128 205 23 -59 38 67 51 -69 -212 -72 162 -219 35 -186 -4 -16 193 -166 188 -167 -218 100 -229 215 88 -112 143 -247 -107 108 17 233 211 -81 -34 -68 120 -84 -139 -231 -197 -224 -223 236 -40 -67 -120 210 -63 151 -146 40 107 213 -175 58 -114 86 -126 56 -6 158 119 36 28 -241 -44 -184 144 -211 -123 55 191 -102 -160 -90 -205 31 136 -170 50 212 -157 246 -46 170 -150 -226 44 -158 -99 57 15 145 72 41 -54 -88 59 24 166 112 -74 185 201 -151 142 240 60 -234 121 167 7 48 -174 27 -83 225 99 -47 175 78 19 -227 94 -97 14 130 132 65 -204 -24 134 -202 -198 -8 -116 91 -132 -100 -13 -193 96 -221 73 -57 161 -117 -105 -110 169 -153 122 -176 153 46 -31 -50 -25 -76 -215 -243 26 234 6 64 226 13 -131 182 127 194 71 228 -172 -185 89 -70 187 118 218 160 -125 200 8 -35 -190 42 -214 11 179 -92 37 -199 247 102 103 32 -32 -11 77 168 141 181 -225 189 -27 -173 93 -200 190 -195 -147 -194 178 203 82 -64 -20 -78 -91 -98 -233 -248 49 -177 -33 209 109 -5 199 113 -109 243 -246 244 -52 173 -149 54 -138 53 12 
TEST 43 ARG:-200 10 -164 -105 88 115 5 -104 71 160 -155 -123 226 145 -135 162 -222 52 147 199 -37 -185 215 195 -126 -154 -121 -94 173 129 -189 2 -64 78 70 193 120 -19 157 155 198 -239 150 -172 -198 -79 -71 -134 30 194 56 -107 -124 109 -195 0 -228 -39 -73 138 132 178 44 185 -209 -15 -5 55 174 -17 -177 165 -128 82 249 163 213 -163 -45 -58 -101 -247 -153 -3 128 233 201 229 134 -98 -6 -82 18 7 225 -92 113 95 60 -246 75 -224 -66 206 182 -213 -145 23 172 72 -139 -68 -65 -227 -229 246 -144 -38 -77 -234 -2 89 -103 -235 200 -192 -81 -191 245 219 151 217 168 33 58 64 170 -18 204 -216 203 -74 210 68 148 35 96 -225 26 63 67 -210 167 53 -141 -147 187 -96 -193 -76 208 -201 -62 -111 -148 119 234 -91 -130 -206 76 -32 79 85 -4 110 224 40 6 -140 -120 -51 242 99 -88 177 97 19 -220 27 91 106 -41 104 -108 -214 -245 -90 -48 -231 -44 -190 207 -199 -250 -25 24 22 -114 38 -203 -159 -115 36 101 161 8 -125 -137 -60 -142 47 -169 28 -179 -168 -236 244 188 105 -47 -221 -46 -202 205 29 -156 -24 57 -248 166 146 186 -23 59 34 -138 130 -87 -165 221 158 103 240 -161 -170 -40 1 11 222 191 39 83 94 223 247 86 54 133 25 139 -249 -180 -207 -116 49 50 124 235 216 127 136 -67 140 61 -122 -9 -89 248 16 -232 -85 -84 65 196 -233 209 237 149 202 175 -95 -28 46 159 -56 -72 123 15 121 116 -70 243 73 212 -136 -223 -11 228 122 -97 -102 -197 241 227 -205 -69 -83 179 45 98 -194 41 -14 -52 -54 -118 152 -127 -215 -27 17 192 197 176 -21 -57 -186 -29 -242 143 -22 -226 -16 118 43 -113 183 -34 232 -117 -119 -217 156 214 181 -188 48 144 230 -183 74 -49 32 -110 42 -78 108 141 -182 -160 -61 -1 -166 102 37 -178 238 112 -100 107 81 -237 218 190 -129 84 236 -63 -167 -181 -35 189 20 -244 -53 -33 14 4 -184 -240 -112 117 -75 -230 -219 -187 -162 -151 12 239 -86 -149 -143 -36 -157 13 220 80 114 31 -212 153 -176 -238 -109 -59 135 -204 -80 -55 -31 -50 131 -26 -174 51 66 164 -171 -243 -158 -175 125 -12 -241 -10 -173 126 -8 21 3 93 -132 -150 -211 77 -106 -196 -131 -218 211 142 169 180 111 -146 92 -7 90 -42 -93 184 -30 -20 -13 62 100 9 -152 171 -208 69 137 154 -99 -43 87 -133 231 
TEST 44 ARG:26 45 122 128 157 -179 -192 -231 129 -217 2 -225 194 -236 -159 136 -71 -5 -158 -58 -137 -200 -119 -33 -8 8 -32 -133 -113 80 130 -67 144 134 -223 218 40 -245 35 217 -128 -166 -68 -37 -170 158 1 240 162 -46 -207 -234 -178 -45 -89 -196 -106 -182 -197 107 3 54 223 20 -205 204 -23 -145 -162 -48 210 195 -19 173 -240 -199 97 197 114 -167 148 -115 227 72 -142 -127 -43 239 -186 245 202 131 25 184 -107 81 33 111 74 -226 -11 63 67 133 30 213 -232 -174 230 176 120 -242 -148 -183 116 -2 186 220 -211 189 -212 7 -177 164 110 9 -157 -189 229 -124 102 143 -17 125 75 -202 -129 168 -104 48 208 -120 -72 62 214 -49 151 -131 -63 183 -164 22 -35 73 137 -118 23 -239 -10 -134 231 4 -52 -18 18 -173 108 -172 -146 -38 115 -87 207 -139 -132 -21 -50 167 -114 95 138 11 -64 150 -94 191 242 53 -96 -109 -59 -105 209 -25 37 201 -70 -80 123 -39 -117 -209 161 237 203 86 -12 64 -185 -97 -101 -154 5 140 -9 41 -77 92 -208 160 -29 -91 57 51 15 34 -44 66 -191 101 -121 52 152 205 172 235 -204 113 -74 248 -184 -175 -73 76 82 -16 236 50 -233 -163 126 177 221 -40 219 -151 42 10 83 77 0 -149 246 215 -227 119 -243 -219 -201 -126 -153 69 -66 182 -169 155 71 -26 -28 124 -235 -150 90 171 193 -138 13 -140 84 -194 196 106 212 -93 216 247 -56 -47 78 -4 16 -6 -20 -237 -230 89 228 87 -180 153 156 -165 -215 222 -83 174 14 192 200 180 -168 28 -198 146 -3 181 39 6 85 -152 98 -102 -53 56 118 68 46 24 169 139 190 -136 -156 -65 -112 -62 188 121 -99 154 -206 -103 -143 -193 -92 -100 -41 79 165 96 31 91 -60 105 104 19 43 241 -195 99 49 -190 -249 -248 -34 -144 -213 -135 -244 185 -187 249 -31 -78 -7 232 -155 17 -250 -171 -55 -76 -147 224 211 175 132 -203 -220 -130 -229 -123 -218 -224 -98 -84 141 178 -15 -228 -160 -22 159 93 -24 29 -14 145 -176 198 142 -238 147 -61 60 -216 -82 -110 -95 170 65 103 -36 127 -30 -221 -1 70 -90 179 -188 -122 238 -247 163 47 88 244 149 -108 38 -181 187 233 135 -57 -13 243 -116 -69 -111 61 59 -75 -79 117 -241 -86 21 -161 -222 44 100 94 -246 -51 -42 36 32 -141 109 -27 -214 12 -85 -210 226 58 206 234 27 -81 -88 112 199 -54 166 225 -125 55 
TEST 45 ARG:160 226 -5 140 -52 2 -71 -134 106 138 -73 153 131 -185 242 -78 222 -147 234 26 206 -172 38 134 -58 189 124 -74 74 -210 -177 -171 96 75 28 65 31 154 114 -57 -158 162 39 55 136 -127 -170 220 -230 109 -238 -246 -195 93 187 -105 79 67 188 -83 -15 -25 210 -66 73 59 83 36 1 -183 -3 -165 -39 235 247 41 -223 209 -211 237 -70 175 -128 -184 -89 185 5 219 -132 -126 -107 -117 -225 14 167 52 90 -86 201 -108 50 -231 -50 111 -156 -235 32 -88 184 -153 -212 121 -244 132 232 -8 107 11 -30 -180 -68 69 -81 -14 -92 119 191 239 -155 -143 -243 84 -123 238 -190 87 -197 -236 54 88 -44 -106 203 173 231 19 -151 10 20 -191 -62 -245 -59 115 158 110 -192 34 128 230 -136 13 -228 244 71 -227 -162 -40 -141 62 70 51 224 -26 217 -200 126 104 15 12 -65 -187 49 -201 204 85 236 176 -77 -85 -32 129 -22 -20 112 -240 -101 248 -119 -29 198 221 108 164 4 144 240 60 45 141 133 243 225 -125 -181 148 -173 -237 22 -35 -115 183 214 145 -12 -161 190 -67 -137 82 196 -47 194 182 165 -45 163 -233 -33 161 -60 213 249 -114 -27 44 40 98 -142 199 21 56 97 -7 -72 241 -76 -248 -239 43 177 -226 -28 -167 16 -37 170 -120 195 86 172 -42 33 -112 233 57 -242 193 -63 -214 -174 100 24 -220 245 -38 -100 -90 -196 -169 142 -139 155 130 -17 -64 -51 180 17 -129 -229 -80 64 -56 -98 174 -188 -149 81 -97 -133 200 -96 -208 -61 125 179 -194 -46 -102 -179 29 168 -6 94 -9 -198 181 -140 18 117 -182 66 -130 215 63 -104 -218 7 -219 78 -4 -34 91 -1 -222 135 -95 113 186 0 101 -164 -121 -213 -168 -118 171 -82 -175 159 216 58 146 -135 -93 -189 -166 46 -75 -204 48 76 -53 116 -111 123 -249 -193 42 -221 -18 25 147 -232 -116 149 -247 95 -160 6 -146 207 197 -206 -84 -216 -157 227 178 -54 -91 -31 -202 92 -23 -205 -79 -144 -13 -55 -69 89 -145 -49 -234 -203 120 -241 -138 -152 157 -99 72 -87 -16 -103 -250 -215 -19 208 246 118 -2 -163 -209 -43 99 -94 -224 143 102 205 150 47 151 -36 27 37 -122 -110 3 156 -24 -124 -176 211 127 -11 23 -154 30 -10 77 80 61 -148 202 -217 -159 -186 -199 152 -48 137 122 228 -178 229 169 8 9 68 212 35 53 105 -41 -150 -21 223 218 103 -113 139 192 -131 -207 166 -109 
TEST 46 ARG:1 86 95 -225 141 191 164 -31 28 72 -91 233 215 20 -5 -46 81 -24 -62 118 -144 -73 -240 -16 9 -87 -250 80 140 224 -120 179 184 85 169 -246 225 180 73 -39 76 13 -227 -106 -172 203 -148 93 -89 -131 -194 -1 145 156 126 -37 -103 -119 -141 -28 -191 59 236 -223 -27 100 -237 -213 -138 45 102 -51 158 207 -56 56 -124 190 25 163 3 -241 -173 -195 -43 240 127 -102 139 171 21 221 -122 67 -211 11 -48 66 123 153 -190 -180 -50 214 101 -69 -151 -218 -203 39 -157 34 -98 -45 -186 -17 -226 174 135 42 132 151 -3 47 165 -175 -57 -67 247 239 -77 138 -83 -210 -243 160 108 4 63 -33 -49 -68 157 202 44 -202 -113 -108 -82 -59 -125 -209 131 249 208 213 111 -174 -143 -79 -75 -222 238 -54 98 -21 88 -133 97 110 -63 -25 -234 40 -178 -99 -65 115 222 161 143 -152 -224 -135 -247 148 90 133 -217 36 -12 -171 -160 91 -154 54 103 -187 18 -14 -232 -92 60 192 29 65 154 -66 82 173 200 -204 144 -231 89 235 94 26 -44 43 -96 -118 -229 62 -41 114 -134 6 186 178 12 68 31 121 -183 70 75 77 -84 -215 -176 -94 243 -142 -149 187 -206 -185 159 -115 -233 -207 55 96 -11 241 119 -93 -165 -159 217 182 -23 -109 69 242 -47 -81 124 -216 84 205 237 231 78 71 -2 -177 -189 -236 188 168 35 -244 79 -7 107 7 -110 -4 -58 137 181 37 -205 -188 -168 105 117 -219 -95 32 -10 27 211 22 -161 -60 -228 166 -40 -105 -90 113 -182 130 48 -8 16 74 -53 -85 196 -104 125 -22 201 -126 193 197 15 199 49 -140 109 -239 150 167 -242 234 38 170 -111 -139 -114 -146 -101 248 -117 -167 -153 17 -112 -70 -197 175 212 128 -158 -52 220 136 57 -72 176 -238 -32 -127 -36 -38 -214 -121 -26 -34 24 2 10 -136 -198 -128 149 244 -192 223 -156 183 209 -6 -18 -193 -107 -129 229 8 142 -97 216 50 162 0 -208 219 146 -196 246 19 87 -19 -76 206 99 116 64 33 61 134 -55 106 -13 129 5 -100 -145 14 177 172 -150 -29 -230 -74 -248 227 -116 -245 52 189 92 -88 232 -199 218 -30 -132 -221 -78 -35 23 -80 51 152 53 245 -123 -130 195 122 -86 -212 -235 -164 112 194 104 -15 -201 210 -179 -61 -155 -20 -162 -42 120 30 -64 147 226 -166 58 -71 -147 204 -220 -169 228 46 230 41 -137 -9 83 -163 -170 -200 -249 -184 185 198 155 -181 
TEST 47 ARG:-213 -109 -111 -19 -234 -143 -90 211 213 -72 62 -39 -14 84 -236 15 -138 138 -114 80 151 126 206 -133 230 222 -123 -222 -165 -146 -113 -186 43 52 -249 130 81 -185 -43 -237 248 -56 201 204 -219 -8 234 -48 223 -211 103 210 -221 -152 155 -45 60 -203 -11 -87 -92 -71 198 177 -218 -190 166 -104 -42 41 -168 185 -240 -250 -214 -38 161 -166 95 124 91 110 -77 -26 -145 153 -127 82 -212 -25 214 168 -147 216 -179 117 32 186 180 -241 -141 -155 167 184 205 243 -177 231 246 111 -117 162 0 73 -131 212 49 98 -59 -102 -99 122 -70 -184 104 -229 -36 -193 -134 -32 100 247 6 152 -128 -15 -125 228 -40 -108 -80 -79 -189 -198 56 146 179 87 -183 -86 239 -1 131 -53 113 -226 -159 -245 157 38 -105 118 139 -106 106 -207 -224 85 12 171 129 -68 -78 -116 141 -151 -135 -233 -126 -10 199 48 -3 -2 135 -75 -101 -13 -248 105 -238 74 175 29 235 -197 101 160 -247 88 11 90 34 -140 -244 173 33 70 172 165 83 21 57 193 -175 76 66 -84 7 50 -58 25 190 -55 -205 26 -61 -215 -136 233 -119 -161 -209 65 189 -164 209 -88 -192 86 22 3 -187 -30 13 143 93 -208 -137 -94 232 -150 -46 89 96 -29 -81 -142 187 -69 -188 1 -5 159 249 -158 -4 36 30 137 94 -27 -196 37 -242 -180 -33 -35 120 200 -97 -91 71 31 44 -17 46 174 178 -16 115 -217 -121 240 226 16 -51 99 19 -206 -44 112 183 -194 -225 -89 116 -220 215 -66 -115 -195 -95 -7 148 221 -47 109 18 107 164 -112 -149 64 -67 -199 114 -132 145 123 -82 -28 208 170 40 -148 75 20 -98 -181 77 -216 -172 -124 241 -63 244 -130 72 -174 236 -85 -231 -129 191 -120 -232 121 35 -153 -122 108 58 -23 207 42 -52 -167 220 -54 -110 192 -50 59 238 -235 67 -156 188 69 158 194 134 51 -160 79 237 -182 68 227 195 27 142 -62 -210 -100 -21 -176 203 -64 -103 -204 -41 -49 39 17 140 147 2 -73 125 -239 -76 -201 78 5 -31 -60 -12 -173 242 133 53 156 47 10 119 -228 -139 217 229 128 -6 8 -200 -83 197 -243 -162 9 92 218 -65 -157 -57 -170 149 -9 -96 -227 -202 61 102 196 4 163 127 224 -107 -144 -24 202 -223 55 -230 23 -37 -34 -169 -246 -20 -154 97 219 45 245 -22 169 136 -171 -74 28 225 -191 154 54 -93 14 132 144 -163 63 -18 150 -178 24 176 181 -118 182 
TEST 48 ARG:145 -44 -19 60 -53 -10 3 112 -221 -117 -205 -168 -87 -67 -224 -85 140 -64 84 46 -118 126 12 -100 -105 81 167 43 40 -33 -222 -114 -2 71 244 -73 111 -25 -41 -248 -142 6 219 -51 -60 -150 10 -49 -243 70 -181 95 16 -170 -40 83 9 96 89 -80 -24 -214 41 -185 -135 -139 72 -20 -123 -35 58 -151 59 162 -6 147 77 -129 158 67 106 4 -126 134 110 245 215 185 26 -36 -47 -12 135 53 -217 49 79 125 -228 -138 233 -108 236 129 -146 -195 137 240 -197 -175 224 -199 -226 204 -192 -242 88 -218 177 -198 -69 159 149 -89 -250 -225 -13 117 -111 183 -39 -162 -231 -95 197 42 -116 -109 157 -189 -61 192 119 75 -233 -223 -144 97 -187 205 -72 -128 28 132 214 101 235 246 54 -163 161 168 148 34 203 -54 37 -143 -70 -169 195 -149 64 17 241 -160 57 -101 98 2 108 182 213 -191 -83 -7 -172 -227 -210 -136 -202 35 -45 62 114 -4 13 -130 100 -93 31 -28 -77 -5 171 29 136 61 -63 -16 -96 87 -46 -59 -216 -1 227 -8 201 27 -15 -220 -204 -230 51 210 -110 -94 198 -11 23 133 -127 232 -153 123 -186 33 113 222 -9 -56 25 -161 166 -215 -167 91 8 -122 73 -211 102 229 -141 -182 68 38 234 170 45 156 65 -113 63 -79 153 -147 -232 178 181 -249 230 22 176 243 -97 -22 187 19 189 99 150 165 -71 191 -115 14 82 142 160 242 -34 -50 -27 146 -125 -207 107 128 -75 -164 131 -38 199 -245 66 127 151 47 -112 -23 -18 172 249 80 207 141 -17 52 -106 163 211 -194 5 228 103 86 -92 154 -102 -133 -238 202 144 -244 231 -196 21 -237 -58 139 -209 -171 36 -208 94 -235 -180 221 -81 -132 -120 56 -213 -183 -43 92 105 -32 116 -103 122 -148 196 188 18 190 -91 69 39 220 -90 -84 -145 206 -134 -140 -179 223 -42 85 -124 169 -99 218 -246 15 212 -234 -30 55 -229 90 -193 237 -177 -154 226 143 -66 -52 -26 -137 -174 -68 -239 124 -176 -206 121 -37 173 194 155 93 225 7 -200 -76 104 -184 175 174 -119 164 32 217 -29 -155 50 -156 44 -178 248 -236 130 74 -173 -62 -166 -121 180 208 184 186 -14 20 -86 -74 238 -152 -219 0 -31 -104 -188 -78 239 138 200 -98 209 -158 216 -88 -55 -3 -247 -240 193 118 -212 -57 -65 -21 76 24 179 1 -48 120 30 -241 109 -157 -203 115 -190 11 152 -201 -159 -165 -131 78 -82 247 48 -107 
TEST 49 ARG:162 -144 164 -42 -140 28 -231 178 -211 -30 113 -103 -34 103 -162 37 193 95 220 -44 140 -94 -54 67 -232 -153 -14 38 93 -8 154 -33 -111 97 -6 -191 96 -151 -133 -32 -122 -31 150 -95 139 -198 68 -52 223 -49 -96 -209 -242 -114 -108 -58 0 244 -248 -134 -79 69 132 -106 -177 -76 88 -143 -188 -215 199 -113 -72 168 -201 171 -164 -219 189 -159 181 -87 -184 -110 -195 247 116 55 -160 -17 -35 -200 -109 144 119 245 -51 -178 -174 -20 157 40 23 151 110 -240 194 176 -75 2 92 -102 -233 201 -163 73 148 -246 71 10 107 -204 166 232 198 115 131 51 143 -227 -249 114 -152 -100 -131 -118 180 -241 -222 87 -183 79 210 102 -243 70 76 -123 17 -137 -115 124 -81 21 -104 -221 -236 161 226 183 -23 -90 61 -185 216 170 -57 31 177 33 -150 -45 52 238 191 -197 -181 173 -55 -39 91 16 172 -126 -173 135 205 153 -239 -202 30 64 -5 53 -50 -59 78 134 -48 -73 -71 -116 -136 -13 -41 -21 -68 57 49 -74 136 48 -158 246 213 -93 63 45 -154 -179 54 240 127 190 -196 -12 -228 169 43 -112 215 -168 234 -229 -121 -145 227 -190 74 129 228 -10 82 -214 -238 -157 3 14 248 -89 81 24 -91 125 138 156 184 42 112 -22 -40 -82 59 -169 230 66 222 -107 200 192 -206 -199 -237 -244 -15 -132 -67 -80 206 99 50 -66 182 9 -99 165 -212 111 149 8 108 -130 -92 -234 -28 -18 -193 -135 -86 -124 86 -216 -60 -27 -250 -129 -156 15 -63 126 -166 -208 243 35 -218 20 72 185 218 -138 41 -56 217 101 -170 -3 56 -146 -194 -78 145 118 130 -119 105 -186 -19 83 186 195 141 6 -127 -7 152 202 -25 -46 -29 236 90 224 117 -175 -172 122 12 160 80 219 -205 242 -161 -217 128 104 19 -167 239 -84 -16 60 174 -88 58 -210 235 -120 196 -176 123 -83 204 212 -230 237 147 -9 142 133 -62 207 163 109 -43 26 203 -192 39 -47 211 -141 158 -147 -77 -26 -11 89 -97 -245 25 -38 62 22 -101 187 -226 -4 209 -125 -224 -148 32 -189 241 121 -149 -1 85 208 100 221 233 11 -187 -98 -53 -139 -213 197 -182 34 -220 -155 -223 -70 -65 7 65 -24 179 -180 188 175 -117 18 29 -37 214 36 75 94 -2 -36 159 13 -225 -171 -64 137 155 -61 77 44 -247 -203 -69 4 -207 106 -142 46 225 84 -165 249 -105 -235 1 229 27 5 47 -85 146 98 -128 231 120 167 
TEST 50 ARG:228 118 -29 110 -132 163 166 -123 43 -216 -18 -247 -185 100 -10 77 246 -68 -135 57 126 -98 15 234 -219 -129 151 38 -180 237 42 32 -238 30 -8 -80 202 192 -221 209 -26 -171 102 -14 216 -20 -146 -195 136 47 200 -191 173 -165 -205 168 157 -78 6 231 -200 -153 -179 -115 4 159 -121 215 60 48 -149 233 125 -172 139 -40 52 -186 -145 9 132 50 -25 -74 205 93 -187 65 33 -122 -192 142 55 179 -42 -105 235 -240 146 -97 -109 80 35 -87 -67 199 -154 61 51 169 -207 -49 133 75 156 -4 -158 -91 -128 117 -70 -142 -222 104 121 188 17 76 53 -124 82 249 167 -194 182 37 -231 106 -217 -36 -24 194 -104 239 -160 13 26 -225 39 -173 103 -66 -39 201 -215 -235 -88 19 223 211 230 -73 -212 220 -232 154 -90 127 -161 148 -21 99 83 88 -99 226 108 -53 -174 -227 232 -58 -55 -6 91 84 -220 20 101 112 222 -75 31 225 178 92 -33 224 62 -244 203 247 -126 214 204 -64 89 0 -249 -209 208 -148 -1 -5 206 195 140 -62 -63 177 197 -23 119 184 123 23 165 -143 -84 -93 -130 -213 -181 111 141 161 -190 -144 -31 -27 79 137 -15 97 85 87 172 -250 109 -100 14 -60 2 -76 129 -61 -246 -82 25 -118 18 -22 12 -202 -137 -94 245 175 -19 -47 -175 -72 -197 95 -177 3 -116 212 24 113 152 -182 63 -133 -241 153 -201 -204 10 120 -193 86 -228 -206 144 -131 56 -110 -119 -248 40 236 34 -17 158 11 193 -3 170 244 -30 218 -233 138 -65 -108 -214 49 70 -125 29 -141 7 -223 -54 -44 191 54 150 174 44 -51 134 94 -37 -69 -136 160 90 -56 -2 -163 -184 -112 -34 -243 196 210 -151 -168 -86 -218 36 -113 73 115 198 59 -170 180 -38 -176 -196 -11 81 96 181 -114 186 -224 -12 143 221 -83 187 -32 227 155 149 -85 -178 -111 -236 -150 131 -117 107 -96 145 5 -155 213 1 -229 -102 -45 64 67 28 185 -120 -48 164 -138 -159 41 -183 189 -140 71 21 46 -103 217 -77 8 72 -166 -89 -16 -106 -134 -92 -230 238 -203 116 -211 -46 -101 -162 190 -28 -245 -237 66 -139 124 -147 -52 242 -198 -127 248 176 128 -210 207 -169 74 98 -208 68 105 219 -71 -9 16 -199 240 -95 -242 -156 -188 -189 -41 122 114 -57 78 -167 -81 130 -157 147 -50 243 -35 27 229 -7 69 -59 45 171 -43 -13 -234 135 183 -226 22 -164 -239 162 -79 -152 -107 58 241 
TEST 51 ARG:56 -151 37 46 232 -228 73 97 99 110 -77 -199 -105 229 211 77 109 -34 -205 -215 -122 -10 67 -91 243 -152 -160 -71 -50 183 82 184 115 201 -16 -20 -79 231 60 176 -232 -204 -90 147 -172 156 -212 221 117 63 -87 -235 141 91 224 16 -211 248 -42 -110 -27 14 230 190 -165 128 -13 186 142 0 -185 21 -6 72 -245 -218 84 13 -35 -2 96 -86 -239 169 -18 31 -46 -214 59 24 122 -250 107 213 171 208 137 242 118 -95 93 -73 -67 -179 -138 139 132 -150 -126 -144 -19 194 -102 -156 -32 -242 207 -227 -159 174 191 104 196 146 86 10 241 -94 33 26 49 -5 -123 -184 150 234 94 216 -81 -68 217 165 -72 227 95 51 209 -38 -103 -195 -70 57 -230 85 -93 187 -59 -28 19 223 138 -56 116 23 58 -240 131 -168 103 215 -112 30 47 199 179 238 113 -48 64 189 -116 -190 -128 -113 126 -82 27 -233 -203 48 -181 -208 -202 170 -114 -143 20 -12 80 -62 239 8 -49 245 -69 5 -45 34 -117 -129 214 244 35 153 218 -111 -55 -246 -183 68 -193 -4 54 235 236 240 71 -217 -9 98 41 -80 120 175 -221 61 -132 -26 -96 -176 9 -163 29 148 17 69 -41 -136 160 154 195 -43 205 -188 -76 -85 123 92 -37 -244 -237 108 193 -25 -78 -238 81 249 237 219 114 -198 -166 75 -187 -118 -191 188 -75 -197 155 65 -155 -101 70 -180 143 -170 -139 -115 -162 -100 11 -149 202 246 185 -216 157 -89 32 210 -177 -234 -29 -157 -31 177 121 -54 112 133 -24 197 119 7 -121 -135 -210 -127 15 -133 247 134 168 -249 28 -229 -231 -206 -174 200 106 -99 -226 -15 -52 145 76 136 228 192 39 -219 159 233 -140 -130 161 130 178 53 -161 172 -39 83 -178 -243 -164 -63 163 -158 -98 -1 -104 -65 -189 -119 -57 -108 -146 -30 101 -97 -213 166 18 -66 -107 152 -196 12 173 -44 90 162 -171 40 180 -21 151 -241 1 -53 -134 -64 167 -175 22 -207 -33 2 220 125 -225 -58 -194 42 135 -120 127 -47 25 -141 -14 129 -223 -182 88 -236 203 89 158 -169 -154 -60 78 36 -83 206 -61 55 212 -192 79 -22 102 -167 105 3 -153 111 -148 52 -88 -40 100 144 181 -201 44 -186 -11 182 225 -23 -173 124 66 -106 -8 -7 204 -145 -220 -17 -74 164 -51 198 -92 62 140 38 -109 -131 226 43 -222 -137 149 74 222 -36 6 -124 50 -248 -200 45 4 -125 -209 87 -147 -224 -247 -84 -3 -142 
TEST 52 ARG:196 -8 -21 -167 -69 149 194 15 38 26 132 144 220 50 145 -242 -45 -23 169 -151 81 -139 121 -220 32 -158 -226 -214 -170 -202 218 213 155 -250 165 137 -200 109 -201 1 -247 -168 -110 -59 18 -248 152 47 60 -209 -48 247 201 76 -100 141 113 -47 -15 14 123 68 239 -164 -67 186 207 -41 134 -33 234 -236 -241 185 -19 -188 -50 -116 200 -13 -232 56 120 108 -70 99 -88 -149 6 -61 -27 -208 43 188 51 -221 -35 -182 101 158 116 52 192 -217 87 167 13 -129 27 184 -113 -54 181 118 82 23 229 -49 -16 -181 221 -136 156 -193 -222 -3 75 77 242 22 223 -238 179 -199 168 106 -38 174 105 69 -192 163 -223 96 -7 -234 -143 -102 17 -95 -73 20 28 176 -132 -72 59 -2 103 -118 -243 204 -52 -210 45 -36 -229 40 172 -131 -81 125 237 215 -211 136 -1 -205 -98 135 124 79 -57 -42 248 -204 -152 -212 -43 -76 -141 -134 48 -246 195 -207 230 -79 -87 100 183 -6 -86 -237 -120 112 -174 119 -144 228 -235 -12 -148 -20 66 -64 140 34 -30 -178 128 -169 127 -159 54 55 222 91 -127 129 -31 -184 -99 162 -177 -140 146 36 -227 115 -124 203 214 -231 -145 -215 104 3 217 -240 107 -80 98 -244 199 -44 0 206 -135 117 73 2 138 232 62 92 88 -28 -92 58 122 235 -82 -179 -172 -65 -56 -142 -203 178 -51 -40 133 -185 21 -133 -191 -105 -114 -84 193 90 78 -46 219 -29 202 153 111 -128 -197 -190 -34 249 -25 -154 85 -160 244 171 93 -77 35 243 173 -101 224 143 -180 -75 -37 -171 -122 241 39 -224 -123 31 41 210 189 -107 -85 -219 16 161 -58 -93 -53 -239 -153 -163 9 -198 -189 -68 246 147 142 216 -218 208 94 187 -206 24 -230 -71 110 236 86 154 67 -10 -62 -5 -187 -66 -150 95 -108 231 130 -24 -32 -4 240 190 -112 -83 -121 245 209 -90 -130 238 97 -11 84 49 65 -9 -245 57 227 -91 -17 89 33 -249 53 -22 -74 -162 29 -78 -26 177 -183 -165 175 72 -176 150 -146 44 -106 25 159 233 19 -157 -175 -97 12 170 212 5 -137 74 -96 -115 166 -173 4 -117 198 -138 139 164 -89 -18 -63 -111 -125 -196 151 -228 -119 7 205 -104 -166 126 157 70 10 8 -147 -161 80 148 -39 -156 61 64 -60 -103 -109 71 131 -225 225 -55 102 83 -126 30 -216 -233 -186 -195 191 46 63 114 180 182 11 -213 -194 -94 37 160 -155 -14 197 211 42 226 
TEST 53 ARG:57 16 6 -45 -26 -125 141 -209 -33 -48 -83 238 223 -191 -190 115 -187 -240 -196 -189 97 26 217 -219 121 13 -213 -241 170 -225 111 198 -210 132 143 -121 188 -235 25 -127 -221 83 -90 5 -72 -229 -97 87 -56 116 183 -103 -232 -87 32 -54 148 -104 104 180 -172 35 197 42 232 -206 231 -3 167 1 34 173 78 -99 -171 -119 -20 229 136 -74 24 100 177 128 9 -155 -110 199 -108 -218 -140 89 -245 -201 -164 138 31 130 -89 -192 -53 -203 -234 -250 101 -124 144 -114 -95 90 135 -248 -115 -32 -135 -105 -183 -120 239 169 95 92 -129 -6 -123 129 38 161 -200 -49 47 7 206 -106 -23 175 201 103 160 -31 0 62 -238 74 -228 -180 -197 -100 102 -82 21 -71 -195 -177 -242 105 117 84 76 -5 -112 -63 -78 33 -153 -198 -194 99 226 220 -193 207 172 68 151 -149 150 109 52 85 -173 96 15 -141 46 -132 208 124 192 29 -174 118 163 -220 234 -143 147 165 -178 66 211 -136 -147 248 -40 -170 -68 -160 -25 212 -148 -17 10 125 -93 -202 -35 131 23 126 -38 -199 -18 154 54 225 166 -69 112 3 214 145 186 -130 -21 -62 4 -184 -205 218 181 -145 -144 -107 48 236 98 18 -111 65 -176 77 -101 110 -244 -223 -137 222 45 -207 -233 -19 133 -208 -11 -142 43 61 59 -47 -52 60 11 134 81 -139 159 149 164 14 -159 -59 249 -29 -46 -102 -211 194 114 -165 19 -70 72 221 228 178 235 187 191 70 -57 -73 -166 -222 -85 -227 37 75 28 -243 108 -182 69 127 50 233 -92 -44 20 247 155 -2 12 179 106 -76 -249 -113 -1 -150 -80 -151 242 209 -226 -41 82 203 -84 120 56 146 195 -81 -58 -134 -162 58 -167 -231 -146 30 230 241 245 71 -246 -131 -9 205 -14 176 -91 -12 237 -96 200 119 -216 79 -79 -10 -215 86 158 -133 122 -60 -34 -128 64 -39 -42 -158 139 -30 -28 36 -75 243 51 -86 140 196 -13 -109 123 224 215 -152 -154 -161 142 -27 171 -22 22 244 8 -88 -224 91 213 210 -118 168 -126 -217 202 -185 -37 88 189 -117 -168 -43 156 53 -61 -55 -4 2 162 -188 227 44 40 -163 49 -237 -204 -156 41 216 182 -15 -212 -236 67 -66 204 63 -181 185 -239 246 -67 184 -247 -186 -138 113 94 -179 -98 -16 -50 -94 174 -51 39 240 -157 -77 190 -116 55 80 219 153 -7 -214 -65 193 -230 137 93 157 -64 -24 73 27 -122 -36 -175 17 -169 152 -8 107 
TEST 54 ARG:-29 -246 -141 40 -238 -104 -111 -42 -94 6 -96 208 38 230 155 227 17 148 -233 -198 -85 93 213 190 182 160 -147 168 152 -89 -146 53 -142 -134 125 0 -52 -237 -206 91 147 -113 -203 197 -192 226 -140 -17 -67 119 235 -34 -72 -64 63 239 31 -87 90 14 248 -219 -24 -74 69 240 -239 241 191 -217 203 234 -132 -11 -191 204 66 -109 -161 222 -187 -59 220 225 -171 -202 153 -6 -179 25 -2 233 -185 75 185 -209 -63 -101 74 100 -195 218 134 -90 -234 -222 -27 -152 41 -117 -110 -178 7 237 -57 212 -69 -172 -60 223 117 242 -38 157 -22 -45 129 54 11 196 -112 120 -33 174 -181 62 -204 95 3 9 -183 -43 96 -58 -143 -200 -188 127 172 -100 133 -55 -107 167 243 -137 205 34 42 105 236 107 -126 -124 5 -40 -36 -93 -212 229 -150 68 -232 -3 -177 -108 79 -213 70 -31 2 163 -216 16 -169 145 131 -114 -32 64 246 -8 214 216 -236 -77 -39 193 -13 -105 181 83 35 67 26 -248 -205 55 -184 -231 77 -35 -220 106 -135 -139 -182 -223 -218 -225 -190 -103 76 -229 188 -197 -48 -215 50 -76 -46 22 57 -210 33 -170 -122 39 71 28 -241 -47 -199 -201 122 -224 87 113 47 128 132 151 -175 -160 -144 -194 -62 -121 -130 -21 73 15 215 149 165 -228 102 124 -245 61 -129 114 101 -155 -131 8 -189 245 -211 -28 238 -240 51 186 1 56 -148 19 94 -163 -159 -98 -127 18 228 -54 202 -196 -244 -44 -49 97 -102 -145 86 -165 13 92 209 -180 -97 99 194 244 -26 -23 -125 187 -91 29 143 -82 206 141 232 180 -84 -164 -193 -61 24 144 210 139 37 199 158 -128 -119 -92 -156 85 32 -56 -81 171 -167 -19 109 84 -166 -95 -75 -83 36 -65 -221 58 -86 -226 156 80 98 -168 247 137 -243 60 207 135 -78 -53 159 49 -12 -25 27 -186 179 -99 4 195 -37 46 -4 192 -41 30 -120 166 126 78 48 -116 -106 82 -18 115 104 -70 -153 154 123 -14 138 108 249 -151 -207 118 170 -208 81 -157 -214 173 65 -88 231 221 130 89 -10 211 -123 -176 164 -136 150 110 20 -230 -68 184 -149 189 146 112 -50 52 -5 183 44 200 121 -30 -115 21 161 12 111 169 -174 10 -227 -250 176 -51 103 140 -66 201 -71 224 177 136 -247 -1 116 -249 -15 59 -242 23 219 72 175 178 142 -73 -16 -20 198 88 45 -133 -138 -79 -162 -235 -80 162 217 43 -118 -154 -158 -173 -7 -9 
TEST 55 ARG:-196 127 160 156 -9 87 48 -159 -167 -238 21 102 43 138 224 -202 -76 159 -244 139 -201 -59 29 -221 141 207 49 105 179 -174 155 133 239 231 54 -249 -42 -46 -223 101 -203 227 150 74 -66 56 -219 235 146 -56 63 192 -7 85 110 -6 -116 98 14 34 -62 -220 44 5 -65 112 -83 -100 222 -8 -235 -111 201 -12 -136 -239 233 -213 91 -95 177 194 70 -187 33 -198 31 -218 184 -81 161 173 212 -113 -48 225 24 -108 92 -157 128 117 -103 88 206 -110 247 -233 95 -80 119 125 -227 -158 -75 229 137 -129 -45 38 -36 153 -86 -214 157 211 202 208 -16 -15 116 52 -197 -118 148 174 -175 40 -186 -35 -230 67 -246 42 -190 -250 -74 218 13 234 228 198 -143 -154 -163 -11 -195 154 -242 -212 -161 -109 9 -200 -25 -44 163 -184 -89 37 -32 -181 23 -241 111 118 25 -27 -71 220 -1 3 -64 -148 -107 -134 -3 -224 -130 -205 191 68 -210 -149 -34 62 36 -14 61 -54 245 -169 -104 -178 223 2 -49 8 188 -5 41 -79 246 -155 123 -38 -88 -99 182 0 -57 240 -131 64 78 -24 -160 193 -146 55 -30 -237 199 -117 196 -53 -193 80 -51 209 -68 -82 -119 -18 79 249 -87 -180 82 -177 -185 203 241 175 -121 100 -229 -55 -243 168 -31 147 28 -199 171 205 -209 107 145 170 -188 -98 96 26 -102 -106 7 66 -176 83 18 237 130 93 59 -215 -122 -41 32 -52 -13 140 185 176 -96 45 195 -20 99 152 -168 71 230 -58 30 124 -140 11 149 226 -101 77 -151 242 213 164 178 -164 122 108 -183 106 -17 238 -152 -166 114 -231 -171 -125 -192 -39 109 -28 -85 73 -142 180 -156 -37 -216 -150 86 204 219 -73 166 -72 -127 -232 -165 -4 -115 -189 -147 217 -92 190 -91 -67 -234 -124 -182 89 22 162 -94 -240 -90 47 -120 135 181 -61 197 -228 236 -112 -69 221 94 -40 72 -78 16 -236 136 -50 214 -222 -217 39 51 -47 121 104 -170 69 -70 -138 -22 -135 53 -126 -60 165 244 200 132 -2 172 186 183 -21 210 -247 143 -26 189 57 248 243 -153 -194 -132 113 12 90 151 -137 -29 65 -23 115 81 6 187 -226 10 -173 46 -172 -145 129 -123 97 120 27 -10 19 58 -33 -19 -43 50 131 167 -245 75 35 60 -207 215 -139 -63 216 -141 -84 -204 -206 103 17 15 169 -191 -97 -179 -105 -93 -114 -144 -128 -133 -208 84 -248 -77 1 144 4 232 134 158 -211 76 -225 -162 20 142 126 
TEST 56 ARG:-118 -150 220 117 37 63 41 -56 93 -168 99 101 9 0 -40 -245 -24 -16 -105 -247 -189 176 133 188 -242 -134 -190 -167 115 -162 -80 141 151 26 -96 -169 143 -250 240 -103 189 -45 -148 -135 -246 -214 -248 -201 100 -139 215 210 -161 60 -106 -130 -117 113 -37 92 -74 203 6 -140 114 -191 107 -249 29 -87 27 -183 -156 -47 -89 69 191 214 147 184 -25 -15 -224 249 -173 212 -223 -180 -197 86 237 -138 171 -119 -141 -132 175 68 -6 18 75 -94 -33 72 154 145 -30 232 -147 -215 30 146 219 84 -23 -207 155 -222 -137 169 163 -97 104 144 -235 182 205 -146 131 -1 54 198 150 38 -133 12 47 36 -229 -203 -9 66 -26 83 -123 -239 -164 241 -28 -131 218 -82 -113 -159 53 193 227 -43 -55 -154 -227 137 61 -194 -88 -198 39 76 230 238 234 -230 -111 15 -59 -18 -57 -41 165 -10 52 135 -34 10 179 -205 -115 -170 102 -149 -81 64 -95 118 116 -192 222 95 196 91 153 98 90 121 -233 120 244 -93 77 181 180 204 225 -202 73 -50 -182 -83 174 164 -98 223 134 -120 -228 46 22 -218 -217 -121 43 -5 89 -19 -204 -219 136 186 -29 -136 247 44 -153 -193 74 -76 208 221 -70 243 28 246 -77 -231 172 -72 -199 -166 207 33 -71 -206 48 108 -42 94 119 -234 -178 197 50 139 -66 -84 209 62 -144 -112 233 17 51 87 -244 224 58 -240 -176 21 -79 65 -110 -212 -52 -225 124 201 109 2 132 -49 177 -2 42 -68 -73 217 3 -108 178 16 -210 -186 78 96 231 -195 142 34 -200 -124 245 -109 -114 -177 130 -75 -3 -122 -208 59 -238 -65 -142 20 166 162 -91 195 -155 -54 -188 7 -14 79 -145 70 -92 -209 -125 -104 -69 -232 -58 129 -107 82 161 -62 -64 -236 125 -39 14 106 71 -163 81 122 25 213 211 97 13 -237 -196 228 199 -78 167 159 -60 -151 -99 236 -35 -53 -181 -61 206 -27 -213 11 -38 -185 -160 -172 -63 -11 40 49 156 148 126 -226 -44 -51 128 -187 -184 192 -216 140 226 -32 -21 19 -85 103 229 138 -129 -101 183 149 -116 110 -175 35 -171 -8 45 127 111 157 239 -126 -165 4 8 248 23 -67 -221 -143 -100 190 -48 -128 -211 5 1 202 170 -157 85 -20 -90 168 88 56 24 -102 158 235 80 55 -86 -7 216 -179 32 -13 -174 57 160 185 -31 112 194 173 67 -17 -12 123 -127 105 -36 -22 -220 187 -152 -158 152 200 242 -241 31 -46 -243 -4 
TEST 57 ARG:160 54 -109 -141 99 -140 -104 -193 -90 -65 -166 -236 60 -14 74 213 -133 -11 204 89 -63 158 -127 106 28 206 182 -80 245 122 -41 121 47 183 70 2 86 202 -219 149 173 84 181 -164 170 -91 39 -53 179 -215 -181 18 -126 100 -196 33 -59 143 -168 -70 -100 17 -101 -33 -155 -130 148 184 -214 -38 20 15 135 -9 -142 -229 167 -123 -206 123 -165 155 -108 -248 81 -135 95 189 -48 -23 98 -176 222 -107 -68 144 -250 -188 -146 -240 56 -67 24 87 -118 49 62 -158 117 79 -216 -3 -54 -230 107 -89 -21 -124 -235 101 -96 110 244 85 194 203 -129 246 -95 192 -222 -202 -36 69 233 -150 188 205 235 -149 191 243 -25 -72 171 140 -143 8 67 -60 -247 103 -26 227 -172 -81 137 1 187 -45 -78 9 -44 -205 -94 -182 -145 180 -110 -211 66 120 -136 -88 -73 57 -239 41 14 52 -137 116 -178 -61 129 -122 -245 131 193 -207 -57 -10 -225 -111 -105 225 -62 234 150 -82 134 -52 197 80 -234 73 113 -18 145 68 -160 -157 -71 -113 216 -218 44 35 93 230 51 -237 -227 153 178 72 224 111 165 -213 -50 -116 112 94 -87 13 -76 -49 226 156 -20 -153 -243 115 50 -77 -112 152 -31 168 -199 238 196 -17 -170 -6 -22 91 114 228 -39 215 105 97 -154 -209 -183 241 -249 4 53 177 223 172 -228 38 -162 6 -184 159 -163 -232 164 247 -69 249 32 -174 3 -4 -223 -13 125 130 75 126 229 -24 40 -7 -5 169 -190 240 -79 90 -8 -32 -191 -175 -189 -246 146 -92 239 -217 -128 108 -200 -194 161 -117 -120 -43 21 -201 -185 176 185 12 212 157 -173 -119 -2 10 207 -12 -152 -115 186 -147 139 -102 19 201 -171 23 -75 214 -220 -241 22 209 -93 -56 -197 142 199 132 154 -1 61 -231 88 198 -244 221 -169 -64 36 -27 -74 83 0 -139 195 -198 -208 128 102 242 208 -83 -195 138 118 92 -47 109 127 -238 29 237 -226 5 232 163 -138 16 -224 58 -34 104 82 -167 59 -19 -40 231 7 96 248 27 -131 -30 136 175 -58 -37 -180 211 -179 190 141 -212 133 11 77 -85 64 37 124 34 78 -28 -186 151 -15 65 -35 -242 -187 55 -114 -55 162 30 -221 -99 147 219 31 217 119 -156 -106 -151 76 -29 -177 -161 48 -210 -132 -159 174 -121 45 -97 -144 -103 26 46 43 -125 -86 236 166 -51 -203 200 -42 42 -46 -204 -84 220 -148 -233 63 218 210 -16 -134 71 -192 -66 -98 25 
TEST 58 ARG:-213 -139 59 174 -11 -99 203 195 -10 -110 182 176 215 -125 -26 149 200 52 -204 141 127 -226 -227 -75 -164 -188 109 19 -232 -191 247 118 108 248 -221 -163 -242 -230 -52 210 91 113 -174 163 -178 -35 -126 -108 61 -19 -168 -25 -184 -203 34 196 -179 205 198 -136 151 -72 223 -219 65 73 -113 103 148 183 246 -250 -87 106 18 -100 -141 158 -187 -143 57 130 -5 -33 41 -53 3 143 -207 0 16 -224 -154 147 111 4 140 -66 222 -54 10 -173 138 -165 -78 117 -129 -128 93 -218 84 -21 -92 83 185 -198 -248 -150 -101 -93 -205 72 116 -18 94 -36 50 -210 -121 -43 -105 85 -70 -225 -97 79 144 225 64 -151 -40 70 77 -46 242 -58 54 -231 14 17 207 -228 244 -85 23 171 -63 -116 63 164 56 -192 -47 -112 32 -15 -149 -122 71 -8 80 21 -86 240 36 136 -29 81 128 -32 123 11 -209 132 175 -220 8 -51 206 -186 90 188 -82 -115 -76 133 209 -234 -237 190 82 -229 24 13 -65 193 -50 -132 -103 213 -62 122 -180 -6 -140 -22 -119 -42 -114 38 -172 45 -246 -39 74 237 -194 -185 -199 -12 139 156 -44 -239 -27 -148 9 75 -212 -177 243 -171 -34 125 -240 -134 7 -61 -74 2 -222 66 102 20 -96 -81 -104 55 226 -30 98 -144 -90 -146 -37 -201 -169 -49 60 -190 -200 -124 88 202 230 110 -95 -233 -235 100 -206 33 229 180 -77 -216 -211 220 -80 62 -55 -244 -59 47 -13 -223 179 167 25 26 -182 -48 177 161 187 -197 -145 232 199 146 184 191 12 -195 166 35 236 -181 67 -60 15 46 -247 129 173 208 -170 51 -84 227 -28 157 126 -98 134 -137 -123 152 -127 238 -189 -243 239 -102 -147 -120 131 -142 95 -117 154 -1 189 -88 119 105 43 249 96 -94 155 -245 224 120 160 169 -175 -131 -193 -196 37 -236 68 -130 -202 192 40 -38 30 -79 29 217 87 -56 216 58 142 -161 221 204 -109 -16 -4 245 214 168 -118 201 233 181 22 -166 -73 121 -155 -135 -64 -217 124 76 86 231 -153 -162 197 104 -159 -68 -238 -215 42 -158 234 211 -183 -45 -20 -7 -83 -57 150 -67 89 -133 218 212 -152 -107 27 170 -157 165 153 31 48 -9 -160 5 69 107 228 162 97 -241 145 159 1 28 39 -214 -69 49 -89 -23 186 112 -208 -71 -111 -3 44 -2 194 92 -17 -106 -14 178 -31 -91 53 135 99 6 -167 -41 219 -24 101 115 137 -176 -156 235 241 -138 114 78 172 -249 
TEST 59 ARG:-14 219 -234 -77 -184 119 146 -26 65 143 -152 218 -96 111 -209 -55 -90 88 -239 10 142 36 -231 -61 -243 199 -7 32 -103 28 -51 -25 -84 231 -114 125 202 156 -189 180 -158 -151 171 46 175 238 13 -248 61 -98 -134 45 162 -17 229 113 -118 -97 -110 166 116 96 147 -136 -194 -67 -83 -21 -187 138 -42 51 179 -174 -198 134 33 -35 223 -105 106 -128 -132 100 95 24 -64 -160 -89 -9 241 -124 221 145 -142 -123 -99 -212 -179 22 184 137 90 12 -12 26 75 17 -113 -146 -200 211 99 -147 -221 216 -208 23 -52 50 107 222 -235 -247 196 31 133 -53 18 -87 -175 -185 86 37 -191 118 -166 -1 128 215 -30 -10 151 62 164 -135 30 -150 -131 -47 198 -31 -250 67 -37 79 3 -58 7 237 -18 43 -122 -138 135 242 98 71 194 193 -220 105 -241 -236 -73 78 -119 148 205 -206 160 126 58 87 -245 172 209 -178 167 -36 152 103 59 -48 -22 112 176 -34 92 207 81 -199 63 -23 76 197 -39 -183 -49 187 213 -190 244 70 38 203 161 68 -16 -126 120 80 -65 -171 25 -204 182 -107 -157 104 -144 201 -164 206 -94 14 -207 -40 -155 57 233 189 -240 15 -197 0 -45 -117 53 19 -154 235 40 127 155 91 -145 54 21 56 -85 136 -112 150 169 -167 -202 34 168 39 -46 -232 2 -169 -109 115 159 245 42 141 -121 154 -238 236 -100 -130 -195 -213 -5 -203 114 9 -176 8 -11 234 -181 -163 181 -2 77 109 -217 102 123 228 247 -91 -93 -43 200 -80 1 -13 -129 -92 -24 35 -27 132 -149 -148 64 131 -140 -106 -6 129 -222 227 -54 6 -223 -170 -133 93 -192 163 230 190 41 -108 108 -59 -226 -88 -214 -242 -76 27 -237 97 -63 -116 -216 -188 208 -102 52 195 47 130 -219 -33 110 11 -177 157 74 84 -244 220 -56 -8 246 5 191 117 192 -211 -68 144 240 -41 -82 -246 -196 217 232 210 -72 174 188 -115 -120 16 139 -233 -218 225 -74 -78 -172 73 60 69 226 -127 89 249 -139 -215 178 -159 -70 -62 -249 204 -186 248 20 -228 -32 -161 -104 -193 243 -182 140 -210 48 -60 -230 -101 124 149 49 82 -165 -3 -227 -205 85 -28 170 44 66 -81 -29 177 -38 -224 185 -111 -173 212 153 239 -71 -66 -69 -15 94 29 158 -201 165 -4 101 83 183 -57 -229 -180 224 72 -141 4 -20 -125 121 214 -225 55 -162 -143 -79 -44 -86 122 186 -75 173 -153 -168 -156 -19 -50 -137 -95 
TEST 60 ARG:-129 -140 -198 -89 -119 -78 204 -165 183 220 -230 246 -208 -131 -81 75 -202 62 73 100 127 -99 241 -62 12 237 129 20 161 -95 -123 196 227 162 -212 -223 -204 177 133 -41 -118 -197 226 -130 -17 101 25 -185 -174 102 -15 -45 -58 82 223 236 -5 -86 174 -148 215 182 -66 142 222 2 -162 221 -133 119 -57 140 115 -132 218 -72 109 138 238 -142 54 32 -36 38 -188 86 -159 93 -113 -155 -151 224 -111 -249 97 -220 173 144 -103 247 33 -217 -182 47 -231 51 193 -214 -172 53 -69 -127 -213 65 -205 -233 153 -94 207 6 -79 151 103 -109 -44 -108 -26 -150 -239 39 239 -51 -76 37 -147 -9 79 43 201 121 112 125 21 -114 -93 -136 -153 230 59 -8 -63 -211 -43 -222 -21 -19 98 -134 233 159 -178 41 -176 211 16 29 -22 -74 -7 -83 -18 232 72 -71 56 -228 -27 -106 -234 71 66 35 -90 -120 44 -87 60 -221 118 -237 18 195 69 178 -23 -59 136 -238 157 28 -102 57 -39 240 -30 169 -32 -60 243 225 -31 -144 -191 156 213 -169 -28 46 -135 9 163 194 30 124 149 117 -137 -242 -245 -91 -171 -218 185 175 95 -68 132 187 166 176 -50 244 -243 99 191 192 -104 81 248 -112 34 -215 -115 -244 10 -98 -54 114 -194 -40 -163 17 165 179 -96 -216 -157 184 3 61 -219 -229 231 245 31 84 50 -84 171 -107 110 -193 -154 -1 -29 249 -246 68 -190 186 -180 92 -116 116 189 190 143 -42 -156 14 -175 87 1 -139 -201 -25 49 145 -13 -46 -173 147 -10 -183 -177 106 91 89 -250 13 24 -146 -64 -33 -167 181 0 -168 -35 -189 77 -75 -67 -141 -14 209 -61 130 64 -126 -80 197 -37 -34 104 -210 -200 135 235 -187 45 154 188 -47 -207 120 94 242 123 122 15 -110 170 4 214 167 141 212 -70 -92 113 -6 -199 -4 83 27 22 -49 234 88 -101 23 -241 78 -248 55 -117 -235 155 150 -225 80 134 131 -209 58 36 70 63 200 76 -20 -164 -240 -166 96 152 206 158 52 160 -247 40 11 168 26 146 -195 203 -196 -85 42 -24 -184 -121 19 -232 -105 108 -125 -128 -145 126 -65 111 -82 198 -227 90 -88 -158 -149 -206 -122 -181 -138 -160 -52 -170 -192 164 85 -53 210 -56 -16 228 107 -124 -224 74 229 -179 -3 -77 7 137 67 -73 -152 -203 -38 205 180 -226 199 -55 -2 -11 216 172 148 -48 48 -161 -97 219 8 -186 139 -100 -143 105 -236 -12 217 202 208 128 5 
TEST 61 ARG:-80 126 80 225 -135 87 -77 183 190 23 54 164 125 153 73 -6 39 -79 120 -148 -71 -197 -155 22 -231 25 -82 185 195 94 -245 194 -111 -105 -246 197 -7 96 -28 -122 231 -46 154 -96 48 -118 -56 156 204 -94 -91 -101 -237 -2 35 228 -210 88 102 16 187 -8 111 158 -18 133 -192 182 216 218 53 -110 -36 -57 148 -50 -40 19 30 -203 84 -171 -130 -69 -177 116 40 -86 191 -1 -19 -45 137 207 77 49 4 55 114 -5 129 -190 132 -10 59 -138 -73 47 6 86 75 -117 -116 233 -244 -30 -167 -173 -16 124 -53 210 203 82 121 58 217 -196 222 168 -183 -78 -127 -97 238 143 -188 140 198 155 -93 71 201 205 122 -24 -242 -163 166 -168 115 -23 74 -154 91 -249 -74 -209 26 -132 -164 -106 206 37 -159 -147 -156 109 62 85 -37 -149 -54 220 232 242 200 180 219 128 -124 -49 248 18 229 181 95 -84 101 -247 81 -239 214 -187 178 -52 -3 215 -194 -9 142 -25 -119 118 13 -215 -17 236 212 -221 -104 -199 -89 -143 -100 -68 52 -142 -95 -42 -90 -62 110 221 149 -236 -211 -11 -22 150 -198 -123 14 -179 -181 3 -61 123 -88 135 112 177 92 234 90 138 -131 -12 29 105 -58 69 -70 -64 -229 -212 0 106 209 -222 -186 1 45 -33 -189 -108 -141 -43 56 -136 170 173 -27 -14 20 117 -248 12 89 146 2 44 245 -224 -152 -165 9 -126 34 68 -250 -235 11 -220 240 226 113 -51 -140 174 -182 -13 227 42 -172 38 7 192 -41 63 104 -120 -180 169 -205 57 5 -193 -232 -178 -228 -67 -151 -158 -113 -217 136 -109 60 -39 -72 -170 172 15 224 -184 -161 -87 188 -213 50 -34 -44 -102 67 179 -176 -92 -32 -223 43 -226 -107 97 -83 72 165 -21 -60 -59 202 -129 151 -139 193 176 -200 -63 139 -153 8 243 -216 147 163 65 -204 -207 -115 -218 -144 -38 159 186 223 134 -55 66 230 189 -225 -240 -241 70 61 -175 -98 127 -230 -174 21 10 249 98 175 103 -227 33 36 241 -133 208 -31 -206 199 -201 -162 239 -4 -219 131 27 100 -85 244 -146 -166 93 -233 -112 157 -47 -99 235 141 167 -103 144 130 -208 -81 83 -214 -128 17 -114 46 -134 24 184 -243 247 -35 152 -160 -75 119 -157 108 246 -137 41 76 145 161 78 31 32 -238 -185 -65 -76 171 237 213 -121 107 28 -29 -191 -125 51 196 64 211 -48 162 -195 -169 99 -26 79 -20 -15 -202 -66 -234 160 -150 -145 
TEST 62 ARG:165 36 -174 29 -216 -156 212 -158 -101 130 164 215 -232 -244 -35 233 157 -7 116 -149 99 101 -30 -42 -26 -48 -211 -43 -17 192 90 85 173 -159 -2 57 52 -116 -186 -144 236 94 -161 92 123 -205 151 50 220 -137 -153 -107 -191 -58 239 -227 -171 -228 -202 193 128 88 176 97 224 -29 117 -127 121 64 148 226 153 -39 21 27 232 31 96 180 -57 -22 -130 -100 199 -66 87 -141 69 -213 211 32 76 -147 17 184 -3 150 181 118 8 -110 -143 -5 -222 -54 216 -68 -165 -152 16 -104 -38 -109 -239 68 59 188 84 -206 74 -133 186 -103 -187 -168 208 -142 -163 219 -169 45 -197 -47 -238 -132 132 179 -229 -76 -148 225 75 -208 -6 -69 -179 67 33 -105 -23 243 -78 228 83 -175 -71 -121 -129 113 55 107 144 -215 166 -164 -77 154 51 -124 15 37 -226 -140 115 -12 214 -1 26 -166 -176 -61 -209 -240 5 110 -52 156 -96 210 30 198 -13 -188 -231 221 146 161 -224 -90 -190 -210 240 -106 49 -98 7 71 -16 -32 98 242 -80 86 -92 244 245 -196 28 -65 174 -88 -150 -70 6 11 -44 127 125 -200 102 -34 -248 206 131 -60 195 135 -233 218 44 53 -45 167 -182 48 142 229 -245 209 -50 2 -199 -221 213 46 -14 -146 -99 -59 -24 -74 -67 -236 159 234 -87 38 231 95 168 -128 201 -183 108 170 54 -46 246 -119 -241 -212 235 -120 202 -82 -20 -85 -138 -11 80 149 141 207 129 72 134 47 34 73 -113 100 183 241 42 158 -123 -234 147 -246 105 56 70 19 -122 -19 -25 66 -243 -219 -33 -145 138 -135 106 -37 -203 89 -189 -36 -198 25 143 -204 4 114 185 -86 62 -207 139 -15 -250 -10 -56 136 18 -64 -173 12 40 78 63 145 77 -63 41 -55 -235 -97 10 -41 169 -117 -195 -172 249 222 -81 103 -185 -31 200 203 223 -225 163 -72 -118 -155 3 -214 -181 1 -83 155 -220 -49 -160 14 9 -28 -102 196 -9 177 124 119 -94 -126 -162 111 160 -184 -112 13 -93 247 20 227 133 -201 152 -91 230 -136 43 -75 175 -178 -62 -194 -242 187 0 -180 60 204 194 -89 -53 23 58 237 -111 -114 -170 -125 190 -249 120 238 -151 -21 -157 65 -192 -27 -108 -131 -247 -223 79 205 -73 172 -177 248 -134 -218 -8 -237 -193 109 -18 -217 -115 -167 178 -95 -51 217 93 126 -4 197 182 82 81 104 137 112 122 -154 -230 22 -139 189 162 -84 91 191 140 39 -40 35 61 -79 171 24 
TEST 63 ARG:74 82 3 235 170 -199 -240 -218 -204 199 173 -1 -185 -193 190 210 -138 90 30 191 -5 26 -220 245 -56 -35 -127 181 -97 -57 232 -2 2 246 -196 -110 -128 61 -214 -32 215 -99 209 149 -201 137 -215 -73 -4 -36 155 -136 115 -230 -180 247 206 43 -126 -145 -236 19 204 -190 134 -192 102 99 -81 228 128 -152 225 179 20 6 1 142 -231 8 103 227 96 239 62 -207 -15 249 177 -224 237 70 212 164 -100 -109 -41 -62 69 -141 111 243 42 108 117 218 -169 -208 -228 -3 -202 85 15 25 52 -133 236 -182 -34 -55 51 -19 95 -217 23 -238 31 77 -139 94 160 60 221 0 154 -83 -198 92 208 -206 -103 -106 231 189 -61 -143 -14 224 18 71 201 -25 -144 214 -172 162 183 -42 203 148 67 -219 -157 -212 171 21 135 29 182 -147 -43 -64 -165 140 -187 129 -17 104 66 139 -86 76 229 166 -130 53 -184 126 -242 197 41 -235 93 -112 -148 -149 78 -166 -211 121 -13 -233 -75 -78 9 132 244 48 216 242 -200 194 -186 113 151 116 184 220 110 34 136 -226 -232 22 91 -24 73 17 122 -82 -137 32 -87 -150 56 157 -227 -181 174 -205 37 -163 -125 -243 45 -129 106 -66 161 -135 -44 -85 -116 195 186 84 -164 168 -94 -156 -248 -223 79 -47 40 158 64 169 4 -123 36 -151 -6 -111 28 -23 153 -38 -203 -134 88 163 -189 -91 -33 46 172 152 -115 -7 -154 248 -155 178 -177 -167 -132 -194 -27 146 -71 -101 226 100 -9 86 175 33 -89 -11 -40 -68 -174 -244 124 -95 -20 -45 241 200 -92 -176 -50 13 -153 -37 -161 63 211 131 -118 97 -96 -65 59 187 54 127 176 -39 35 12 101 230 -8 119 -21 -48 -69 -121 -183 213 -142 49 -170 222 -30 138 -84 -213 -98 -72 -225 -80 -59 -102 -67 234 -216 -117 47 109 72 -12 -93 -119 38 145 167 -22 -245 -209 -114 -237 141 180 143 120 -107 5 -79 10 188 -58 233 219 -120 -222 87 159 44 -76 -122 -10 16 -159 -52 -90 207 147 -229 192 -162 -179 83 -210 55 -171 -175 238 156 -74 -88 -158 130 114 27 14 -221 -241 -18 -29 123 -140 50 -26 -239 -168 57 223 -249 -108 -16 205 89 81 -247 -197 198 118 -104 -51 -63 -146 133 -191 -113 -178 -70 193 105 -53 -105 -131 -60 -195 165 -54 240 98 80 7 107 -46 11 65 150 -31 -77 -28 196 68 -250 -173 75 -124 -188 -234 125 24 -246 202 144 39 217 58 -160 -49 185 112 
TEST 64 ARG:-41 111 -31 57 -244 -250 -210 -100 -98 3 166 19 149 91 -212 -176 131 156 49 248 -192 66 -67 83 -217 158 145 63 -222 -25 101 -141 133 -59 69 165 -4 -1 -99 58 -53 167 103 169 186 241 230 -199 -13 -172 -64 182 123 -162 31 53 -17 38 78 84 -61 -226 -235 216 -240 -214 -133 155 6 -131 -2 189 187 56 205 27 -66 -70 37 -134 -220 -128 -232 -160 126 199 132 -7 -216 -34 -202 209 151 -71 89 -114 -188 47 13 -159 127 -185 -75 -221 28 -58 113 14 163 157 -130 194 -229 -200 -209 24 193 93 32 201 -101 -45 -123 138 -155 188 191 -55 77 -42 197 119 79 -108 -150 -177 -62 -140 -186 -91 170 -225 -69 -9 -40 -8 -132 -241 242 22 0 41 -83 232 -164 -148 65 -239 60 213 36 184 172 51 211 104 -22 168 -211 50 -120 207 -178 -39 233 203 -197 212 43 124 195 -89 152 102 -3 -19 -205 148 -122 2 -224 -179 -246 -74 -52 97 -170 144 -181 245 -165 87 -14 -50 -103 -119 178 159 -195 175 -158 45 21 136 -151 196 -81 139 173 72 70 -196 249 -29 171 246 -110 130 81 234 92 -146 238 153 122 -90 -171 68 -28 -169 177 82 71 -198 8 -49 106 -191 161 -138 7 -104 179 99 141 160 -79 224 -233 -184 225 -93 11 -86 -124 73 128 -51 -129 239 -135 -63 140 -145 -36 -142 -118 183 -37 -194 228 -23 -12 -234 231 154 -112 -153 4 -95 -106 220 210 -137 -152 134 -182 -109 -60 185 -213 98 96 -245 -237 180 -223 190 -24 44 -174 114 223 20 -105 115 -78 -219 -206 240 112 -15 80 -76 88 59 -218 -111 64 -73 -35 -115 -113 -44 -187 247 -175 -26 204 62 -157 -21 90 162 107 243 1 192 227 121 -126 -154 40 237 -228 -94 -72 10 108 -84 -207 150 75 -97 -20 -247 -167 -16 -10 34 5 129 26 -236 -54 176 -27 61 -77 -68 -82 39 -43 -85 -143 -56 -166 118 74 -189 -144 -193 18 -183 146 15 226 85 23 -136 -147 30 142 67 -238 143 215 94 244 -161 -121 54 35 -139 135 164 9 -125 147 -107 -243 -6 95 202 -32 -208 206 221 100 -116 -102 174 -190 109 -149 -248 -215 -203 219 25 181 -173 42 116 48 -231 110 -38 200 -227 120 229 -242 -47 214 217 -87 117 105 208 -92 -96 -204 198 -48 29 125 -33 55 -249 -127 52 -230 -168 -80 -57 -163 -11 -30 46 -46 235 76 -117 -180 16 236 222 -201 -18 -156 -5 -65 12 137 218 17 33 -88 86 
TEST 65 ARG:240 -35 224 56 -143 -12 209 131 67 -179 66 -38 -154 -135 232 -198 192 -124 17 45 84 -83 -210 -41 38 -114 -222 182 -220 139 -40 -5 157 170 -15 -11 -113 -65 -37 219 -46 76 135 205 -219 -119 90 -248 57 -245 -10 -250 15 -104 -176 -229 -32 -140 184 -170 123 -47 -110 237 -127 136 132 -236 -237 -63 -55 72 222 211 142 231 -43 173 206 228 -174 153 91 152 -122 -120 -215 -109 -240 -221 -155 -73 -190 -58 -95 177 -149 -157 -54 159 6 -16 -246 -97 109 -52 97 -168 65 247 204 48 -151 160 181 239 86 3 -29 -56 -76 -128 -139 -235 82 -22 147 20 33 89 -247 -187 236 -1 -79 178 -232 -4 -18 -80 63 -147 35 -196 134 214 -101 -8 -7 55 161 -223 115 -28 18 -26 71 -49 23 47 230 -121 -204 94 140 -209 -161 169 -90 -167 78 -13 1 95 -163 108 221 -98 138 124 241 105 -134 111 27 40 -9 200 -169 -213 -57 -231 -202 -30 44 -199 -91 83 -17 116 77 -171 22 -214 -86 -81 -164 175 11 -241 167 121 -165 -249 -225 155 137 148 52 217 53 226 -233 189 -172 193 103 -42 183 143 -93 -192 87 -125 146 188 -3 -129 186 -206 -194 -150 154 190 -21 -23 -158 -207 46 245 246 2 14 92 223 -175 -132 -118 -117 191 61 -153 203 210 69 -205 10 233 235 201 -100 102 42 100 -228 218 -136 54 -162 150 -89 -217 58 -152 39 50 225 62 85 174 30 -88 -208 229 70 244 101 215 162 128 -50 -148 -197 133 49 -203 114 59 -94 197 -62 -234 36 185 -31 130 -106 -183 227 32 -159 -178 13 -84 -177 -239 144 -44 -68 -92 -230 149 96 -27 -182 -189 242 166 196 -160 195 -25 194 248 234 -67 -180 -191 31 -200 -96 -107 171 -126 156 -19 -244 98 64 112 93 24 -72 -59 74 81 -193 -103 238 12 -243 220 -69 -186 -108 8 145 113 -184 -188 -33 68 -156 -116 79 75 158 -102 104 4 -227 -238 164 -60 202 -123 19 -141 -166 213 -145 -66 207 37 -142 -24 -224 107 117 -39 165 -211 -53 187 -226 212 -64 120 -133 5 -78 180 -131 172 -99 -82 129 25 110 -173 -87 41 -48 -36 141 -138 -212 179 168 -85 26 0 -77 99 118 -137 -6 51 29 243 80 125 34 -242 -112 -185 -70 176 16 -34 106 198 -144 -201 21 127 199 249 122 -74 -105 -146 119 208 28 126 -181 -20 9 -75 43 -195 -61 151 163 -111 -2 88 73 60 -71 -218 -216 -115 -45 7 216 -130 -51 -14 
TEST 66 ARG:156 -146 -84 77 24 -250 244 -28 174 -144 120 31 -150 -59 70 -73 118 -153 28 51 -206 91 -15 -45 75 141 -209 44 -48 -195 48 -89 249 -201 -176 41 222 -119 229 -72 223 61 104 -205 -164 128 84 -85 -245 237 79 -81 -216 187 30 -117 123 -223 -107 94 56 209 238 -234 -67 211 54 -157 -10 -35 160 59 36 102 -53 155 -13 -20 138 -26 132 -166 235 -169 -90 -197 -170 -225 115 -221 139 124 -173 214 161 -19 -207 -139 96 -233 80 -177 11 -80 113 -219 88 -120 -124 248 164 166 -32 243 126 -204 110 71 -39 -129 -22 212 -231 198 -137 9 -3 89 -60 82 200 -200 221 -16 -88 219 18 -147 -191 -131 -65 125 -87 -109 216 -226 -99 179 68 -168 -70 180 -43 74 -182 6 153 210 -215 -210 76 39 -185 196 -229 -12 -50 49 35 -54 -248 81 -145 -222 95 55 66 -244 171 -108 144 150 -17 136 165 -6 168 -232 101 20 1 -97 106 152 131 12 37 53 232 -94 40 -198 -240 -106 45 -58 -103 119 -238 -11 -187 -220 246 2 -122 -227 -21 -56 -82 -188 -161 -125 -156 60 167 -116 -158 -217 224 52 100 38 -140 -194 -42 -193 -211 215 -102 90 226 233 239 -235 -243 195 -57 87 -239 8 -228 58 127 -230 -105 -237 -40 -38 -93 185 -138 -172 -79 -180 -31 218 147 -36 184 -135 109 -136 69 203 -68 -83 175 241 -96 57 -181 -2 92 -123 -30 -160 240 -162 -111 -174 -74 -14 178 -249 22 -104 42 -4 213 -242 -183 133 32 135 86 -121 -196 -208 130 64 -66 206 -98 -23 -55 -165 -95 -77 -224 -127 -63 177 -37 -126 43 191 163 -27 189 16 151 -29 228 158 -52 -171 145 -202 67 -78 -49 -218 194 46 -51 14 111 173 -154 134 201 47 97 -189 7 -47 -152 73 -91 83 -61 146 190 205 217 -69 199 -159 4 236 207 78 107 172 -8 63 -155 -62 114 -141 -143 116 21 3 148 208 -149 -148 159 183 129 242 176 -64 202 72 154 26 -190 25 -92 245 -33 5 186 93 220 10 230 169 98 -184 121 182 65 108 -24 17 -25 -110 -179 -41 122 -192 140 -75 -118 -236 62 149 33 0 137 -44 -5 -114 -175 29 105 -241 193 170 50 234 23 143 -100 -246 -113 -133 99 -18 -112 -186 247 -151 -34 -212 -142 162 204 -178 231 -76 19 117 188 -130 -132 -1 -134 34 -128 225 85 103 197 -199 13 157 -115 -46 -213 -71 112 192 -214 -163 -101 15 142 27 -247 -7 -167 181 -9 -203 227 -86 
TEST 67 ARG:-241 -65 88 -197 -92 -190 -180 105 -106 -52 -143 -42 190 -210 233 12 -162 31 -216 -4 -78 97 194 -43 43 144 -154 221 -109 157 138 -41 238 -22 80 148 156 217 213 -161 -3 200 206 63 244 -203 81 133 -64 -25 165 -108 -104 -77 176 216 -221 -121 -156 58 39 73 167 193 76 207 177 -35 11 201 143 -23 18 136 23 -130 -179 -127 108 -147 -166 146 -81 -119 163 147 -49 -170 -206 132 -194 -14 34 20 61 181 -158 -28 35 95 -122 33 241 -100 228 231 -163 -105 -183 185 -47 219 134 -94 -205 -55 -235 71 113 -222 -243 -86 -116 -228 -173 -233 -207 218 -172 -32 -88 222 -24 -136 205 26 -217 140 209 68 160 50 -245 1 -16 -6 27 247 -10 -83 -184 -248 48 171 188 161 -15 -208 4 -160 -33 64 -66 142 -231 -63 -155 198 -8 -168 -196 -219 162 119 211 187 -50 230 178 227 -120 -80 242 245 -212 -234 153 -70 139 -67 -192 -11 -202 -218 248 197 22 92 99 -200 -250 -239 96 -129 202 13 -111 -134 -62 74 41 229 -72 94 -91 44 189 90 93 51 141 -151 -58 184 107 3 -177 154 -68 109 28 -71 37 -93 -215 30 -138 15 -1 2 78 -148 130 -187 -141 106 -204 -79 129 16 -27 -31 87 72 -46 -110 -174 -140 196 -131 0 7 60 91 -229 -38 47 -191 214 -85 220 137 -125 -128 123 62 -51 -113 -34 -201 110 145 52 168 172 59 212 -87 151 -152 240 10 170 82 121 149 25 -224 112 -115 104 -26 -213 -240 14 182 115 -98 -9 -96 -69 -17 232 -171 -95 -199 -178 32 -40 -226 234 9 -60 -189 239 -169 -112 83 -182 180 -214 235 -101 -75 224 111 174 19 -59 -54 215 -132 84 210 -157 223 -102 191 66 -149 114 -2 -164 -12 -246 103 -57 -123 249 186 -13 36 21 -236 173 5 -99 55 -238 118 -90 -139 -126 246 49 -137 -135 -114 192 -37 -230 40 -118 -195 46 155 -186 -247 -18 -193 -181 24 -150 -185 -36 -48 -159 131 42 65 -107 -82 -117 -20 -242 -211 236 6 79 -89 -124 69 8 169 183 -29 225 -237 -39 -30 54 116 102 -227 135 -74 166 199 -19 175 -225 203 -198 -76 120 -45 -73 -53 53 -133 100 195 -153 -56 17 -103 152 -209 98 56 -223 -176 -44 67 38 117 75 70 -61 164 122 243 -175 208 127 -167 -145 101 -188 150 -232 -21 159 57 -97 124 -244 237 -146 -5 89 29 -7 -144 45 125 -142 86 128 126 158 -84 85 77 -249 -165 226 204 -220 179 
TEST 68 ARG:-216 91 -5 137 179 145 -97 44 98 -166 161 -73 188 -95 -83 12 -170 221 -109 -8 -223 -208 -132 131 -134 222 -181 95 -247 -98 -23 -12 127 -26 17 -177 57 -124 157 162 227 -243 163 149 -164 -172 181 237 -205 31 -87 67 -44 45 33 -207 158 -120 -152 -226 -32 -49 -211 122 -183 50 52 -86 -89 -66 116 -57 -220 120 124 -229 217 -193 99 -182 -67 -197 143 146 151 79 76 -187 133 -69 232 -2 184 -61 100 139 -129 196 -72 176 85 -174 -36 2 178 -171 -140 169 -14 -110 101 90 -81 -184 -106 -65 -160 7 46 125 199 153 27 -238 -143 200 -206 175 -11 -84 42 -178 -4 -91 -94 241 -145 203 -122 -141 -19 -202 -105 -127 56 238 -17 -41 247 134 -115 51 220 89 -85 -248 -47 -3 189 13 -40 -103 192 -162 -25 207 -151 -158 138 240 -117 -175 118 -64 70 -1 -111 -228 -155 -18 132 -149 40 -179 -161 -55 -234 -196 54 0 -118 -27 194 -213 -50 38 -46 173 49 -233 140 -42 230 -209 -37 -82 147 -75 -214 24 87 166 -125 -51 185 3 75 -100 18 -186 -236 210 -242 167 55 110 -45 32 183 -217 174 114 -231 129 -195 113 34 121 -201 5 8 218 -15 -244 -30 86 223 211 -62 -121 -198 9 -99 154 39 -58 117 201 1 -163 96 172 69 30 -188 -60 -92 -139 177 -215 80 202 -232 10 -31 186 -249 -154 -235 -133 -101 20 130 -114 -39 -48 -227 -80 105 68 104 182 48 206 243 106 -194 212 94 239 -78 233 -90 47 -191 209 142 102 -43 -146 193 -144 -63 111 -245 37 -76 -28 -71 -79 88 -250 214 35 148 -168 -93 208 -35 236 164 81 -119 -10 -204 141 159 -6 82 246 -108 123 119 -33 83 197 128 -68 109 -104 -102 53 -56 -53 -20 -135 -165 136 74 -21 -74 -24 97 215 242 107 66 84 -116 -112 22 23 14 213 115 245 195 -224 -77 -176 -70 73 -237 -96 -156 60 26 -241 -128 168 19 -225 103 -169 -167 -150 135 72 229 4 152 -246 92 93 71 165 225 -173 61 28 160 -157 21 63 41 64 180 235 216 -130 224 205 150 -9 15 59 -230 219 187 78 -16 25 156 234 231 65 -123 126 204 244 171 29 -107 16 112 -7 -212 249 -239 155 62 -52 -126 -210 -218 -142 -199 -180 77 -185 6 228 -137 -153 -189 -59 -131 -88 -13 -138 -222 -203 -221 191 -22 144 -240 -200 -29 -34 248 -113 190 -38 -192 -147 198 -190 -159 -136 -148 170 108 -54 36 58 -219 11 226 43 
TEST 69 ARG:-90 72 -15 -248 168 20 -206 -184 -204 -109 152 145 131 -49 221 236 -42 63 234 191 -211 247 -44 128 74 -223 -33 -66 -156 -95 -21 55 -11 -151 146 9 -72 19 171 -65 80 62 -83 -114 -51 153 -216 -2 239 192 -163 244 -147 33 107 -120 123 -12 164 16 3 66 -4 -185 -239 -158 -195 47 -82 -46 -201 177 29 -199 39 -111 205 -99 121 38 100 69 -214 -122 50 139 -34 181 -110 -47 -123 -118 224 135 201 6 -6 -106 -192 -92 17 102 79 -10 137 150 249 -76 -125 111 -234 -28 231 -35 -137 -132 -209 213 -88 -169 187 240 -167 -55 116 -188 109 110 217 174 -73 -67 -5 22 -233 246 -117 -175 180 -23 222 -75 -70 -197 -187 225 228 -207 142 185 151 14 229 -215 -32 -165 216 242 203 -160 119 122 -228 1 -176 -245 -89 40 93 68 189 -236 46 27 -131 220 103 248 -183 104 54 -18 101 -50 154 -171 114 -146 -177 -54 143 -153 -161 5 -194 -8 -182 -94 -244 167 56 -37 -208 -229 194 58 132 -193 -130 -128 10 207 204 -143 215 60 -127 117 -80 -59 218 36 -162 -220 25 182 -136 32 78 197 49 0 -226 112 -139 53 206 -242 190 -43 -41 161 44 -64 -190 -101 188 -249 97 124 -71 -189 43 -108 115 200 170 -81 -57 144 -36 -149 157 202 -218 -174 193 -61 -17 94 82 -58 -196 -7 -243 -140 169 198 -103 96 -84 -155 238 45 -181 -16 59 -135 48 160 65 83 -141 2 208 89 31 108 223 233 175 125 -213 -14 -138 -3 18 30 -79 184 8 -247 -164 -221 -219 91 -60 -20 230 -113 98 26 106 165 -126 -212 -115 -145 235 -19 -232 -210 183 148 -124 126 232 158 -200 -107 70 118 -186 -170 85 95 -217 -63 186 -9 149 -172 -168 -68 -144 219 127 35 -240 88 86 -104 -246 87 -30 -22 -78 -77 -157 105 4 -198 -29 -24 214 7 52 -98 -231 -31 -100 159 75 23 172 -25 -166 -222 -227 71 34 -53 -62 -150 138 -179 -56 51 -48 166 133 -202 -203 141 -97 -85 179 81 -69 212 120 226 24 99 147 -45 -237 195 76 -230 129 -13 113 134 -250 211 178 -134 -91 196 155 -87 57 176 210 -86 15 -119 241 12 199 64 -27 -39 162 -26 21 -142 92 156 42 -38 243 173 -235 -178 37 90 -93 -241 -1 41 84 -121 -105 -154 67 -180 136 -173 -52 237 245 28 -224 -96 140 163 -40 -152 -159 -129 -112 227 -102 -116 -225 -205 73 -238 209 77 -74 -148 -133 -191 130 13 61 11 
TEST 70 ARG:39 181 -138 -223 242 -13 196 153 -51 27 219 -37 -14 -97 -1 -120 -157 130 133 18 239 173 187 92 108 -8 11 146 -27 6 126 205 152 212 -185 148 -121 74 -119 45 -236 -63 151 -170 -2 67 224 -177 -136 21 -240 -195 -176 36 -230 101 238 73 -100 221 -149 111 -247 190 -30 -184 154 24 9 -242 -214 -123 -18 124 34 217 -248 -202 28 -164 -201 79 -200 19 -4 198 64 80 -73 -166 -131 -225 -150 -44 144 -128 -72 -15 -190 159 -86 -103 -171 -82 186 121 -48 -25 237 -49 132 -178 -192 -233 -43 -228 -127 125 245 58 110 89 105 -7 -147 29 -46 -55 13 2 -39 22 215 -124 -234 231 -114 -64 -217 155 -175 81 -154 -98 15 -108 210 99 -215 -71 141 -60 -220 -250 -26 -33 3 -80 149 49 7 -117 -143 -148 78 51 240 8 135 75 156 -199 56 35 -23 25 -62 -216 -79 -57 193 -224 93 -179 -65 106 82 -52 -163 194 180 -20 104 109 200 -74 -221 -125 234 42 31 86 211 -218 -189 -219 102 -137 -204 128 -188 65 85 -107 -133 229 -213 189 116 195 -94 -245 129 -174 123 -144 -165 -115 248 -153 134 33 157 -56 -156 -11 96 -113 90 171 -92 -180 -36 -50 -168 137 -186 -41 -211 -243 -203 -238 169 203 136 14 20 -75 57 10 -155 -142 -126 228 -54 -162 66 -12 -196 -104 -187 213 47 -145 175 38 -3 -208 -244 -130 -53 177 -42 0 -112 -172 184 -29 46 -38 87 -194 68 52 -151 207 -212 107 -158 -84 41 117 222 122 244 4 -106 -205 -198 247 241 225 -93 163 142 91 -87 -61 26 -191 216 95 166 197 -59 -109 140 -9 -101 -67 143 208 77 48 94 -207 218 72 127 61 160 -231 -209 230 -83 -249 236 103 -226 227 71 -210 -28 70 -181 54 172 204 -206 23 150 -16 206 -77 69 119 -167 -235 -111 -24 -34 -58 179 246 83 202 88 50 -134 183 5 226 120 -122 -169 112 167 -105 -40 138 -141 -222 -110 232 185 -45 233 -5 -31 235 -90 84 -118 192 -197 176 -227 -241 98 -22 -32 12 37 -99 161 -232 118 -6 -68 -229 60 1 199 -132 -35 16 -193 165 174 32 162 -17 182 -116 -89 139 147 -70 223 214 178 -239 158 -66 220 44 188 243 17 -135 -88 62 191 55 249 145 -173 164 -76 -85 -10 131 -95 76 -19 -47 97 114 113 63 -81 168 -161 100 -140 -21 59 -102 -183 209 -152 -69 115 -160 53 -246 -237 40 30 -182 -78 -159 -146 43 -91 -129 201 -139 -96 170 
TEST 71 ARG:-36 -181 -12 -198 212 188 -57 -99 -4 76 151 9 -47 1 36 -126 -59 145 167 239 -154 104 -229 -157 25 -109 -65 -191 -216 180 238 -215 -162 -105 -194 -67 209 -32 -146 30 -250 -82 -51 184 -55 -143 -134 -46 -217 148 211 6 17 116 45 55 63 78 60 8 -225 -245 227 186 199 176 231 27 164 -209 -153 -21 -128 56 -206 -185 -20 24 53 233 -86 165 -174 217 -40 -98 187 -224 20 -129 -204 -169 85 207 72 149 -227 -201 80 37 -25 -214 -135 -2 -167 137 82 124 -88 -13 169 -136 91 194 -69 -19 243 110 -202 -127 -29 158 147 -38 -197 129 23 -140 185 -30 190 -5 140 -148 -8 134 120 112 -16 -27 216 -94 -26 196 -78 152 49 -156 -118 28 -39 102 128 81 -60 101 12 225 -80 -73 220 74 -89 44 -49 235 -220 -237 73 97 -85 -130 246 -203 181 146 -18 46 42 -155 -41 90 172 219 33 155 19 -247 57 -212 -190 -107 -241 170 106 249 133 -200 248 193 70 -115 232 226 -14 178 99 -173 -87 121 142 35 68 -233 50 -208 -222 -35 29 -71 -15 177 -179 -81 143 93 131 237 -53 218 -172 -182 10 -61 247 13 -6 -3 139 -76 71 204 200 -54 84 -160 31 -114 -149 -236 89 95 -150 -239 15 -165 -97 -124 -138 150 -75 48 -123 -23 2 21 -168 -106 3 34 175 105 -63 -184 -31 -56 -11 -199 -52 154 -193 144 0 -226 -195 245 -79 -221 214 11 163 -211 -234 115 58 195 83 -159 -188 -42 -142 198 -244 -44 -145 236 210 203 -207 191 -137 -7 -189 138 -131 -28 -231 -64 136 173 229 -164 -43 -112 168 62 -147 -139 -83 -161 -24 -180 205 -102 -93 -249 64 156 107 67 5 -72 96 -84 -144 -235 -117 -133 -104 -205 41 100 -240 38 -113 182 113 -166 -48 -50 -22 132 43 79 -210 -110 -248 111 189 22 119 223 122 -218 114 18 -176 -108 125 -141 123 -101 162 -17 39 -45 171 -90 61 141 234 109 244 47 -242 157 -119 222 -77 40 88 -132 228 -95 -192 -186 32 -10 -33 215 160 54 -9 174 -158 159 14 -116 201 -170 92 -92 230 240 69 16 135 86 108 7 -103 87 -228 66 26 -66 -238 -122 -171 202 -246 -96 192 -121 -58 213 -232 161 -151 179 117 -213 77 127 -196 241 -1 -243 4 -100 98 -125 -177 221 208 206 -120 -178 -223 51 -62 126 166 94 -34 103 -68 52 224 75 59 130 242 -74 -70 153 -187 -230 -152 65 -91 -37 197 -163 118 -219 -175 -183 -111 183 
TEST 72 ARG:101 26 214 118 78 125 -237 -36 161 -160 -19 54 -206 244 -50 218 -151 -158 -250 147 -98 209 -178 152 55 99 -222 -42 -21 175 24 52 70 -144 -3 -150 84 227 38 -161 -15 145 -138 27 -132 -115 -109 224 21 -68 228 97 79 -126 -55 234 199 131 -43 -202 229 45 155 -101 100 159 -213 67 112 165 -84 -89 74 -69 46 71 205 -211 189 20 -172 230 -149 47 -140 -94 -148 110 -200 -203 -87 -230 3 -75 61 65 -88 179 127 170 236 -143 -219 114 164 241 94 -20 -195 176 -122 68 -216 23 -162 -214 62 206 -114 -232 237 -34 -23 123 95 83 -29 222 -13 12 -142 -40 -185 -198 1 80 -241 102 -187 186 -103 -166 149 163 -46 202 -204 -74 81 93 96 116 -1 -201 -135 -244 -207 -146 -196 0 -154 -67 -107 226 -193 -49 -61 -91 -58 -208 106 7 187 139 -9 -153 -129 210 -235 13 59 -168 -133 35 -209 181 43 156 -180 140 -125 195 98 -52 -189 242 -234 -137 -225 57 141 -27 49 -249 151 -175 19 -156 56 -167 -184 77 69 -145 -102 25 -18 -199 -57 86 -30 -205 -51 169 -128 192 105 223 -218 121 191 201 -110 136 120 32 146 -33 188 44 -190 -78 -22 -37 -139 -92 -95 166 42 212 -104 -71 193 173 89 -157 220 160 -60 14 216 33 -131 107 -90 -93 -123 232 -82 249 -76 -66 -80 87 34 -226 -171 17 -38 -236 204 119 -176 247 76 -130 -11 -59 203 248 134 190 8 50 -120 -31 -106 124 150 178 53 -7 168 -183 6 -243 -77 -152 115 -45 143 -100 221 48 -248 -220 -5 -212 -134 -56 -121 142 137 238 111 92 -164 239 129 9 -28 -221 -8 82 208 15 158 -112 162 -62 -16 -186 167 31 -242 184 -111 -217 207 185 200 243 -155 109 217 117 66 -35 -174 -233 -192 30 174 133 85 198 130 -25 -117 -182 122 231 -231 -173 -127 29 -81 58 -17 72 196 75 -64 240 126 182 -54 148 128 -41 -245 171 -147 -10 180 246 -70 -12 -6 -85 -65 51 197 -181 -136 -118 10 22 5 -169 -240 -96 -197 -159 157 132 154 -48 -44 235 63 -116 -223 -228 -163 113 -194 -26 -73 -2 -113 -32 88 225 -47 -247 135 90 16 211 -239 -188 -141 28 60 177 219 104 103 153 108 -4 4 -79 -210 -24 39 18 37 73 -63 -72 -179 -99 -39 138 -224 -14 -53 -105 -227 -215 36 245 -119 -165 172 213 41 -86 -124 -229 -170 194 -97 91 144 215 64 -246 -238 233 11 183 -83 -177 2 -108 -191 40 
TEST 73 ARG:217 -21 -143 74 -58 27 214 84 -219 186 9 -106 191 -123 -68 125 69 224 -4 -35 -16 166 -5 190 46 130 -155 66 203 -49 -43 -141 35 102 -46 163 156 116 -13 227 -214 -95 38 155 -146 -217 212 -132 63 141 -173 -211 -11 -115 -169 -121 -237 165 -205 -62 61 12 -172 -183 137 -135 39 -30 129 -197 -200 -48 -108 -140 154 90 -117 51 248 -57 -88 182 -186 16 172 -44 10 -184 243 -1 93 67 80 15 -192 -147 197 229 207 153 73 -47 -138 88 -131 11 230 220 -240 -175 -22 148 65 -111 -18 -196 7 86 121 -93 -163 -233 77 140 -17 162 13 -74 22 -127 -145 95 105 -185 -238 76 -225 107 -118 -7 54 -130 3 -150 -209 160 60 199 -165 -94 183 -194 36 -53 -51 -181 -54 245 -34 -99 -204 -45 -101 109 -77 144 246 -133 -178 -15 -201 -160 -215 219 -73 -124 -158 -195 -12 231 228 -91 20 75 239 115 45 -153 2 -8 -61 147 -148 -179 -110 114 -234 -86 146 -28 -70 -229 -76 -189 -230 -103 127 157 -109 100 -249 -69 200 -223 -152 143 62 -168 -87 -102 164 226 -216 189 -114 33 56 -212 -75 -90 0 159 -105 168 14 167 79 195 196 134 152 104 174 6 -221 -177 96 -38 232 145 -96 -14 34 -198 32 208 -66 -26 161 -134 -84 81 -67 -188 151 101 -24 136 53 124 -243 1 158 5 72 222 -55 -182 -250 -227 -52 244 -137 42 -107 24 -213 48 -220 -10 64 -39 82 120 -112 -29 -100 -224 206 -235 234 -248 43 49 -120 -71 210 209 -241 -136 -98 -113 -154 -92 150 78 -80 238 -119 235 -25 -206 40 37 247 -161 -78 -208 19 -236 180 58 -33 -232 -50 -156 70 25 221 128 -246 171 89 184 -171 204 -19 123 -85 111 218 -72 -40 -151 193 -65 187 -116 -89 -6 17 -139 178 -159 241 131 173 -83 -191 71 31 185 -36 117 188 169 -97 -129 -42 18 -226 211 99 135 57 29 -31 -203 -20 28 110 -23 139 -27 126 47 59 -202 -126 -64 -144 -174 -3 55 242 92 -149 233 85 108 176 41 -125 112 44 21 216 -231 -60 -190 -162 106 -9 -245 -218 -244 -242 91 83 -32 -176 -247 87 -239 -122 175 179 -210 192 98 240 68 52 -199 -128 -164 142 177 -207 -37 -82 -2 23 -63 138 133 205 50 181 -157 236 -167 4 132 201 -166 223 213 -170 -59 26 149 -41 113 118 97 119 122 -104 -79 -180 215 -193 -142 -81 194 -222 237 -228 170 30 249 -56 198 103 202 225 -187 94 8 
TEST 74 ARG:-240 2 -147 27 -97 18 36 -148 -247 -136 -85 148 -4 -188 174 228 -39 81 -236 -8 -10 71 80 171 -78 -185 207 -201 -173 73 146 -30 -108 89 -69 -138 193 -116 236 131 123 0 -215 -79 230 -137 106 -115 -111 -146 -177 -36 -46 141 86 -37 -112 -56 120 -210 9 195 -117 -129 -43 -225 -232 78 -169 -48 12 134 139 168 -73 -242 77 -23 153 180 -98 -161 -228 -214 24 130 -208 145 149 -150 -123 -166 194 56 37 -151 -84 104 5 -32 55 110 -104 -75 82 122 -15 -19 -170 -6 151 119 -197 76 -76 -27 -223 201 244 21 97 44 243 172 217 65 200 -94 -77 -179 -5 -70 -119 248 15 -49 -162 222 231 163 -83 7 211 -14 -235 -209 -55 93 135 214 100 20 -221 154 -61 69 132 67 -91 181 -86 92 -42 205 220 192 -26 -113 203 -20 113 208 -122 173 -128 -174 -238 -175 233 -203 -101 -100 -189 239 70 -157 -22 133 103 245 -196 -45 54 -51 156 227 226 49 -66 -194 -183 -28 52 118 -163 206 -68 51 108 -50 26 64 35 -130 -110 57 1 -231 88 -58 109 -167 219 -71 221 155 197 -191 38 -132 50 102 96 223 112 143 -192 -202 75 -25 215 -237 -144 28 22 147 -224 177 -126 -80 -222 187 229 247 41 -125 -207 -190 158 -124 190 -65 -199 127 137 -229 150 -226 -205 216 -218 95 -87 -52 74 85 -142 4 241 -220 48 -18 -34 59 126 249 -93 -2 169 -181 196 186 212 19 -95 61 237 164 189 -164 72 161 33 -59 178 -152 8 -114 140 -40 218 -120 45 167 -165 -154 157 23 -171 -149 -182 -90 -241 -21 101 -217 -168 -249 -211 224 40 -107 66 105 47 14 -89 58 -213 83 13 6 32 152 183 -29 30 179 191 -44 90 162 25 166 -103 185 -57 -198 68 -248 232 -245 87 238 -54 99 159 -156 160 -67 -3 -141 -9 98 -109 -250 210 198 -230 -172 -227 84 -140 175 -31 -195 142 -47 -121 31 -64 -53 43 -134 242 -24 79 -41 -13 53 42 184 107 117 -72 17 -105 -60 -133 170 -159 -143 -99 -92 -33 182 246 -35 11 -239 -118 144 188 -158 -127 91 -184 125 234 -135 -187 3 62 -216 94 -234 -153 39 -233 124 -193 29 -11 165 -16 -62 16 128 213 -212 -1 -246 204 129 46 63 -74 -244 115 34 209 -12 -204 -131 202 -38 -178 60 -243 -82 225 -102 -63 235 -176 138 -106 -17 -160 -145 176 -200 116 10 -219 -180 -81 -88 240 -139 111 -206 -155 114 -96 136 -7 -186 121 199 
TEST 75 ARG:31 -133 181 228 -13 -78 56 38 109 -15 168 -28 148 -142 -243 106 57 63 -140 -106 -17 -203 -236 -202 -49 -161 175 -100 116 -129 -111 206 -1 -211 -91 -240 233 -22 35 245 121 -169 119 127 55 -76 -75 193 189 -41 -192 0 -70 216 -170 -21 212 151 -156 162 -198 -224 2 164 45 88 -114 237 -189 113 -4 150 -113 8 -180 -69 -151 -66 -120 171 -32 -220 246 199 -77 196 -67 82 -108 22 -175 122 -51 107 6 140 -5 17 183 26 -201 -185 133 -247 -218 -195 156 236 249 100 159 205 -194 -190 -160 -3 -176 -79 44 -8 -136 -166 64 -18 -193 48 224 -63 114 -171 69 42 -182 -81 -39 -139 -248 54 158 -55 -80 -154 9 204 -210 -112 -246 -20 -36 -177 -90 -204 229 221 -68 24 83 -99 -12 93 -65 -89 62 -110 37 213 137 99 84 146 240 145 -118 61 -231 75 102 -228 34 36 60 12 -159 177 80 208 -215 110 -44 -38 91 -230 147 -213 186 -119 195 126 154 -239 157 232 43 104 235 170 46 -53 -86 -227 -233 176 90 78 -130 -149 -147 -207 -223 49 226 220 -209 -135 98 139 143 209 -94 -196 117 -103 -150 200 190 165 -124 -138 132 47 -71 -152 -95 243 101 203 -219 30 112 129 -93 -164 -42 115 153 -88 -191 97 244 231 33 -37 180 -35 141 52 10 -148 -26 -242 95 16 -162 27 142 -25 -59 -178 -134 -30 -173 53 -222 120 70 111 -235 -47 -74 -234 197 248 222 -46 -97 225 217 66 155 -132 -217 161 -123 -19 -244 -31 51 -153 234 -101 178 131 -109 19 -226 128 -34 79 136 -188 138 -184 15 192 187 50 -206 -174 -62 11 149 173 20 -179 -72 -11 -216 -145 -85 144 -116 32 -40 -241 -61 -43 -6 207 -27 -250 -208 -163 5 77 -117 211 -60 68 108 -155 -183 40 -128 184 191 94 13 65 167 39 172 29 -9 7 188 -16 -45 23 -199 -212 105 166 -157 123 198 -238 -158 202 124 -186 25 -137 214 -200 92 -14 223 152 28 210 74 134 135 230 -172 21 -96 -73 -105 71 -58 76 -122 -54 215 -33 14 67 3 -104 -48 -249 -197 182 169 58 238 247 -84 -187 -167 174 -24 239 85 -102 242 -7 72 130 41 227 -83 87 -237 118 -127 -121 -2 81 59 -205 -64 163 125 -56 -165 18 194 -181 86 218 -131 4 -141 -214 -87 -144 -125 103 -82 -50 -126 241 -29 -221 -146 96 -225 160 219 73 -245 -23 -143 -57 179 1 -107 201 185 -10 -168 -98 -52 89 -115 -232 -92 -229 
TEST 76 ARG:-144 210 -48 -13 165 -88 -127 -219 -29 23 -96 -112 -208 -166 -37 52 152 -151 141 118 -216 -64 245 -165 80 -97 244 -150 216 -75 -222 -235 -168 158 227 -21 -44 -210 67 99 1 -128 3 -154 238 94 -138 -123 205 88 43 -188 157 112 143 151 -52 -16 126 69 179 -8 34 -66 57 42 -115 249 -90 243 -14 38 -110 199 4 -120 120 -3 218 -72 -157 97 201 -74 -49 -141 -114 208 -12 -34 10 -183 -177 221 101 -230 174 87 187 -206 -73 149 -61 -145 30 131 -159 81 14 27 -164 17 16 -9 -62 -199 -20 -117 234 90 -89 138 106 -100 95 115 -248 7 148 -156 -163 -126 176 -169 -23 70 20 -213 192 -131 2 -5 177 -175 211 173 31 -223 -231 190 125 136 -45 217 -178 -186 37 228 -236 140 -218 229 -182 -83 -224 -7 -102 19 180 109 -184 -250 82 -227 -196 36 -203 134 -10 -28 172 -2 225 -41 96 113 167 212 -99 155 240 79 -247 -78 -225 6 184 107 -86 -11 -69 -243 -85 110 -79 235 -171 -70 163 -24 122 -232 64 129 156 247 -148 68 153 -193 -135 40 61 182 -91 -214 -194 175 66 198 -249 33 159 -32 39 171 164 161 -106 -26 160 100 194 -241 -181 13 133 206 170 191 147 -204 224 -55 85 196 -130 -22 103 195 -103 -27 -6 -92 239 193 -95 -146 242 -191 230 246 58 78 -82 -147 -94 -58 -167 9 117 114 74 -149 -101 -161 -35 209 -56 49 -57 41 15 142 29 -111 -122 28 111 75 21 -129 -195 -36 197 -221 -238 154 -30 51 -108 -176 -54 -25 -244 44 237 226 55 -197 77 -125 -189 -113 62 32 -180 162 65 166 178 185 -53 220 48 -207 146 119 105 -31 -15 104 -60 45 26 56 -179 -237 -153 5 91 -187 83 -67 -139 -228 -211 223 0 150 -17 -158 -192 203 63 89 -209 53 92 -239 -140 188 -246 -4 -65 -200 -242 -220 -51 -46 -226 50 59 -1 -87 -68 189 -33 -143 -160 -119 -174 8 128 24 35 76 186 -132 -234 130 -93 -109 -173 102 -198 168 -63 -229 213 -59 -121 54 145 -18 127 -201 -133 71 144 -105 -134 241 137 -152 183 -98 -81 -19 -137 -80 -155 -240 -212 -233 -215 139 -71 202 248 93 -136 -142 116 -245 12 233 -38 11 -76 124 46 200 60 -39 -172 -116 236 181 -84 214 -118 72 135 22 -217 231 219 108 -40 123 25 -185 -190 -104 -202 -162 215 84 -47 -50 86 169 -42 204 -205 -43 -107 -77 73 18 207 232 222 98 121 132 -170 47 -124 
TEST 77 ARG:149 -80 -239 -32 -219 126 75 36 220 175 164 153 169 -68 -201 8 -134 -208 -39 194 18 28 -94 -34 -57 113 190 14 -51 -238 52 -69 138 23 -177 -13 -131 -93 39 -25 162 -117 -160 13 167 64 -235 107 -139 120 218 192 -124 -245 238 -250 -96 -89 155 65 -202 141 -180 178 -62 49 125 241 31 -122 111 -184 34 -6 -29 5 -188 -42 135 -95 6 -227 150 11 -38 148 -199 93 10 -9 -151 -83 -156 79 -47 15 -64 2 89 -211 60 45 -24 17 -53 51 222 116 20 -149 231 80 -214 106 -18 -168 -196 63 233 -144 87 -183 -176 -14 -226 4 157 165 189 -243 184 -2 -90 -78 -195 154 -221 -129 -213 217 -190 -146 -161 158 -143 215 -30 -101 83 -118 48 -23 -231 -77 114 121 -126 229 -237 249 131 -54 -109 -73 211 -114 81 -97 88 -154 -192 171 55 -173 245 122 1 104 -79 -5 -171 180 -230 -216 -103 247 134 96 -70 -115 -172 -125 -136 166 118 187 85 -198 -133 -121 198 112 246 185 -164 216 70 3 -247 109 182 -31 117 -225 -191 -187 -100 183 105 -130 181 30 29 -128 47 -110 -142 151 46 -159 202 42 -27 -169 -41 -217 129 -228 62 213 128 201 -224 -189 -119 -148 208 -74 -49 -205 226 -28 123 16 103 115 84 -59 -181 -7 -141 227 59 -60 140 97 -200 -105 -120 -222 -242 -21 -71 193 82 -55 44 199 -111 223 -87 -175 -167 174 204 32 73 -140 98 71 7 67 -248 -170 133 -26 160 244 230 41 22 -204 76 -233 -61 132 161 143 -179 50 -241 -127 144 -75 170 110 -91 -178 -17 -182 -220 -185 -210 43 -186 0 -104 -232 -19 -63 58 86 -112 -102 -197 142 19 -12 196 -138 195 -37 9 212 40 -137 54 -35 130 91 188 -10 -1 234 -157 179 -240 -218 61 37 -45 -16 237 -50 -162 200 99 173 -58 12 232 -8 197 236 -249 209 -234 -193 56 -203 225 100 -65 -84 -166 124 -174 -99 101 68 -113 242 92 224 33 235 119 -206 74 -150 -223 -67 203 -48 -215 205 147 191 -153 -72 94 -88 77 -165 21 -229 -82 -43 -4 210 -22 -15 219 240 168 -152 -246 -98 -135 -66 -76 -33 38 139 25 108 -147 -11 -212 159 -3 -108 186 27 -145 176 -155 -52 -132 137 -207 221 -92 102 -40 72 228 -81 -116 152 127 66 35 57 -46 207 -86 206 -107 177 69 -194 -244 -163 146 26 -56 -36 -158 248 95 243 -20 -209 53 -44 163 145 136 24 -123 -85 -106 90 78 172 -236 214 156 239 
TEST 78 ARG:-187 114 242 -129 223 196 194 -44 115 42 -96 -1 -220 216 179 -116 195 -230 -196 150 -221 44 141 -234 225 -54 -105 -108 -242 192 199 -194 237 -219 231 -15 74 -12 26 103 -135 47 123 -34 166 167 222 -200 128 -107 120 -115 243 -85 139 -191 214 -201 -118 -61 155 189 -32 81 -36 143 83 174 38 229 -235 224 73 -142 -217 -35 -88 -210 -82 22 -78 182 -101 -236 14 -52 -137 -25 41 -171 137 -162 -226 -228 -206 212 245 -248 -202 176 -55 -74 -89 215 -222 -23 -67 -172 -132 -203 -144 -140 27 232 -86 -214 -110 163 -98 4 -218 97 244 121 -168 -100 34 122 -223 -11 -182 -245 240 181 -180 -9 -207 -184 -47 213 96 -113 156 29 -111 -123 88 65 -66 -198 -119 -29 50 36 -94 -92 -170 138 149 40 77 190 -16 -153 165 180 31 -169 -166 -38 90 218 -224 80 -30 -199 177 48 107 219 89 -176 -133 -125 -163 -250 111 -79 -233 -195 -112 147 -131 -18 -26 58 32 191 124 -41 -205 -49 -46 100 61 -231 -156 87 -204 -188 12 -243 -58 210 -244 170 -31 24 236 -62 -177 186 -6 104 -211 -189 234 51 2 185 -246 85 173 204 152 -71 -42 187 131 109 -2 -39 -103 168 -104 -215 -146 -4 202 -160 233 -87 158 84 -48 -33 217 -8 17 -13 -197 43 183 -43 203 -150 -164 -24 -151 -241 10 206 -161 75 66 -57 5 -84 144 -65 86 -190 9 68 -114 64 -237 -109 62 205 46 -51 -117 238 -139 -165 -14 49 -227 69 -186 63 -45 154 59 148 -158 60 28 151 -56 127 76 -209 8 -240 -192 106 211 145 -60 221 227 -124 197 -72 249 171 160 157 133 119 -20 125 228 -155 -76 72 118 -145 -21 -138 -181 1 208 235 110 -19 -81 -134 -216 126 188 -69 113 129 -143 198 -212 247 246 21 108 33 230 -152 -27 -239 -185 -121 -149 -174 -136 102 -91 -95 -173 25 -63 130 -75 99 -193 -102 -167 91 -64 -83 78 -141 132 -178 135 -183 13 -127 -93 57 11 16 35 -148 -128 94 164 201 -147 -59 -3 -247 -159 79 54 -208 -213 112 -80 18 -22 30 226 207 53 209 -122 -28 82 0 -5 193 116 159 142 241 161 184 -126 146 -238 175 -7 -175 3 -40 -50 15 -229 162 6 -232 98 70 -106 -120 19 140 220 239 23 172 -73 7 -37 169 200 -10 -53 55 -77 134 45 95 -179 -90 -68 248 39 -70 105 -249 67 -17 93 153 -99 -154 -225 20 56 117 136 52 -97 71 92 -157 -130 37 178 101 
TEST 79 ARG:-39 -216 -160 104 68 86 -249 6 -121 -247 143 -4 -158 220 -14 -164 -33 -134 -82 21 232 105 -41 -166 -208 65 15 -131 -38 -114 -53 -57 -18 215 -198 -23 155 -67 -219 239 -73 -133 94 192 69 116 0 246 -79 80 83 37 240 53 237 123 -230 -203 -12 73 216 -231 -250 48 -189 118 207 108 183 103 -92 -137 -35 120 142 -141 30 -232 -108 -125 49 115 248 1 -221 -3 156 -126 -1 -7 110 161 2 -83 -123 134 -197 97 180 -240 158 244 119 150 -65 -115 213 230 79 78 -199 197 22 -176 32 -62 204 -64 129 -194 141 -139 -192 -179 128 -84 -37 171 38 -186 170 -201 -239 -218 72 106 -102 -124 -243 100 -182 -148 71 10 51 55 -116 -206 166 41 -200 -155 -93 -106 88 -181 -224 27 33 -87 -19 -147 210 238 -227 -162 168 57 -145 125 -105 163 39 -161 7 194 99 77 -168 -28 -31 181 -58 92 -52 74 -70 26 133 178 -233 20 -193 136 -171 -60 -49 138 -210 45 44 243 -143 -119 208 17 43 -100 225 242 50 -122 224 164 -78 169 221 177 -214 -48 31 149 191 -63 4 -178 184 -130 89 93 -76 34 70 -215 109 12 -146 -81 75 -94 140 -24 -101 -136 190 112 85 -6 5 52 82 236 -11 -61 -188 154 107 -238 -156 -20 122 8 -246 -228 -8 -42 -248 135 -132 13 87 -111 196 81 -151 144 113 130 -245 219 174 162 -190 198 -80 -2 209 117 227 172 91 146 -163 205 -212 -217 132 23 -183 241 28 -50 -46 101 -117 -86 179 188 -5 -17 35 -169 -34 -153 -152 201 -241 -103 245 66 -107 187 -10 185 24 247 47 176 -36 60 -22 -226 203 95 -222 96 131 -44 199 -211 -177 64 -104 202 -91 -118 -135 182 -234 -144 -120 -90 212 36 -165 40 -205 46 234 -195 -142 25 -59 -97 -138 98 -196 231 18 -32 -109 -184 127 -85 148 102 -237 -207 -244 -47 -40 -45 -150 -98 76 -113 -191 -229 -159 151 -43 147 -149 114 -54 152 195 -220 -25 9 121 -68 222 29 -167 -26 -77 19 -157 54 3 -235 14 -51 -209 -21 229 -110 -27 -174 111 -112 -172 -71 -128 193 -129 -187 58 233 -30 62 -15 -88 226 160 -74 167 235 -69 59 61 175 228 -170 -9 137 126 124 -173 159 90 -75 153 -89 67 -16 249 -29 -140 173 157 11 186 -96 -204 -185 -99 214 139 -13 -127 165 -223 145 16 42 -242 218 -56 223 -175 -213 211 56 -225 -154 189 -95 -72 63 -55 200 -236 -180 -202 -66 217 206 84 
TEST 80 ARG:71 -107 99 -10 126 -174 -84 228 -52 176 146 -176 -51 58 -42 210 -236 202 65 -12 -72 -18 13 25 59 201 -70 129 102 -33 115 -157 -163 182 -234 24 -116 -159 212 -143 29 -71 -15 88 136 139 -66 27 219 -131 90 140 45 -179 -180 229 -170 168 193 -118 33 86 30 94 -69 145 200 -190 237 -21 34 226 121 -109 -212 -156 -160 50 7 -231 93 -209 -46 -193 183 236 173 -74 -76 55 8 105 -164 -195 227 -225 -249 -37 -39 -162 -216 -85 -196 75 44 36 -108 199 28 192 -120 60 51 -206 -115 238 -217 -239 123 -35 198 97 230 -207 -75 -238 -19 31 104 3 87 -31 -44 -6 180 -220 -9 64 -36 35 -5 246 62 217 109 -181 15 69 79 37 11 -59 -86 -119 6 209 -29 -202 241 -93 122 77 -138 175 107 -213 38 -140 -210 -183 -78 -151 -34 225 26 220 -132 -141 -62 -214 239 -165 189 20 -149 218 39 186 66 160 128 -65 57 215 -101 -224 231 46 96 -17 211 -188 127 213 -83 138 153 -168 56 -97 -147 -3 -198 196 76 -223 205 22 -28 143 -124 222 -20 -136 84 48 134 169 130 -129 -113 40 132 -137 106 -54 54 -49 235 -88 83 -246 -91 92 74 -82 208 -13 2 156 179 -187 19 -154 -189 -63 73 -230 108 232 -14 177 32 68 -2 -178 -61 -161 91 -199 -201 224 114 -200 -64 -16 -191 -117 -68 133 -175 -215 -77 -96 223 -1 -127 166 -237 245 147 -155 -102 -153 63 190 -32 187 -194 -95 -135 -56 -204 -92 -25 -8 -53 -240 -218 -7 47 244 234 -227 43 -55 14 -121 164 9 -166 103 -203 191 -219 -104 -45 -192 233 -145 214 -38 -241 -134 -171 -27 116 135 110 -185 -22 -177 174 150 142 162 -4 -182 -100 18 53 -94 206 -130 41 -139 -226 72 -73 -205 247 -128 243 -106 98 -122 17 203 -235 171 -228 -244 70 178 185 118 -87 -150 149 -47 141 195 -24 158 148 184 52 80 -123 -167 -142 157 10 113 -197 1 -208 -242 -144 -11 -57 -158 -243 161 -41 95 242 -48 16 101 194 144 154 -250 163 131 -232 249 151 -125 0 78 -99 -148 12 -126 -112 -79 82 -247 100 159 152 170 -81 85 155 -90 240 23 -30 -169 -110 -89 -229 -173 -60 197 117 49 -105 -146 42 188 -40 120 167 216 -248 21 -111 4 172 -184 -58 204 -50 207 221 -211 -172 111 -98 181 165 -23 -221 -152 -67 119 67 137 -245 -26 61 112 -222 -103 -80 81 125 -114 -186 5 124 248 -233 89 -133 -43 
TEST 81 ARG:13 85 -137 131 -217 86 98 -80 -59 -219 41 -25 127 53 130 249 244 -220 -43 235 -125 -54 -247 117 -160 -223 -31 -156 -4 138 75 208 201 -23 -172 220 -29 121 -144 182 -98 74 6 110 -239 -224 -229 -73 -190 -77 -191 -233 16 167 -149 196 4 240 -89 -199 211 166 43 236 207 -52 -113 -19 95 -51 22 144 -208 -30 -138 -185 111 -186 -174 -241 -194 -122 -230 -195 -161 -242 -71 154 133 157 -17 -187 171 -167 139 -109 26 -244 -90 -183 87 187 -56 -36 -82 -46 -212 -246 -176 94 195 51 227 216 150 8 -227 32 -55 178 3 -196 105 -37 -33 44 248 -209 125 -94 102 0 52 134 -64 -3 83 24 181 15 -63 141 146 61 -139 -124 189 -127 -42 136 -49 124 170 -39 -119 -249 107 -86 -243 -92 72 233 63 -207 205 -117 -32 237 -76 -75 -106 -215 -188 129 198 160 114 -96 -168 40 119 64 -164 -202 -154 10 -24 212 59 -192 123 19 -107 226 145 230 80 35 159 194 -69 -142 173 79 -184 -148 -141 -231 113 115 -153 -72 183 148 -60 104 73 -120 202 -136 -131 222 -91 -189 -104 18 -225 108 213 89 -47 -38 161 -115 -6 69 28 -181 203 -135 -146 197 -162 -68 -216 17 -18 90 -5 -101 -81 -133 88 29 -126 -65 42 137 153 128 -158 217 247 176 -150 -245 218 -210 -67 81 -8 -11 -35 -218 -87 238 147 224 168 -159 99 193 -198 -45 120 45 -20 -151 100 -236 126 179 -103 57 -10 77 62 122 132 -118 -50 -234 47 135 -222 5 78 -166 118 48 186 -173 91 225 -128 -13 -182 34 -129 192 -178 151 190 -179 9 -238 -171 -111 210 82 221 -79 33 -140 -169 11 -193 -9 55 242 -110 246 -226 152 -95 -114 206 37 36 -145 -237 -93 158 -66 31 163 169 -105 241 -177 -28 245 116 -228 -240 112 106 20 14 56 12 -41 58 172 -123 -204 -155 -175 -200 239 174 -152 -99 -163 -7 -58 -26 156 177 54 -1 -214 -83 -78 39 71 -97 243 -235 232 -134 30 175 -205 -88 -157 -48 228 -16 -170 7 229 49 185 -84 149 -12 103 93 109 -147 -180 204 214 223 219 -61 -116 -130 -165 165 -14 -2 140 -197 -21 -15 188 84 68 -100 -108 -70 25 -121 70 231 215 46 97 -112 -203 2 199 164 -85 143 -221 -44 38 76 -57 -213 -102 -53 234 -27 -250 50 -34 101 -62 1 23 162 -40 66 200 155 209 67 27 180 65 -143 -201 -22 96 -232 92 -211 191 184 60 -74 -132 21 -206 -248 142 
TEST 82 ARG:-175 -197 -88 75 -195 65 -80 181 134 20 -158 139 -61 155 222 -226 225 -17 -97 -240 -105 -115 176 -24 -207 189 127 -60 62 -123 73 213 200 -180 133 -128 91 -89 -145 169 -201 241 -113 -194 54 234 59 85 3 -247 29 -174 -202 84 144 -215 -77 -19 146 21 -117 -246 95 -20 41 227 -242 43 -149 -157 125 39 42 -29 26 -85 -189 55 138 154 33 -95 -37 173 -33 -176 -204 83 182 228 -11 205 108 165 80 -18 158 -230 209 -212 -184 -27 -92 190 111 -116 -198 123 6 148 -243 -231 -56 -186 10 211 -154 103 219 -114 82 -2 151 -82 9 107 114 217 63 87 -47 164 -239 236 -59 48 -32 -153 -250 72 120 137 -193 166 204 233 45 0 160 -93 46 -135 68 -110 192 -161 66 58 244 60 117 215 249 152 40 -67 -164 -111 -31 -108 86 238 -248 -139 206 199 -53 49 -172 -163 226 61 69 8 -86 -146 170 142 16 30 -49 1 106 157 -64 -28 163 153 141 70 18 -118 -125 171 130 94 92 32 -65 -205 -51 -78 -15 147 97 145 -140 -62 -206 239 -101 -30 47 -10 -87 -222 214 56 -165 -221 218 196 -55 150 -190 -7 99 210 230 180 -96 11 -249 74 -185 96 67 -229 -8 -169 -42 93 131 17 168 -208 -228 79 187 119 -131 78 -150 35 -45 -94 -241 -100 -179 37 -58 -142 -102 -237 162 179 -218 -236 -211 -244 -168 -6 -79 12 -90 89 -70 -167 195 36 129 -182 -181 -84 247 -224 -104 223 -216 243 232 216 14 136 -1 -196 -122 -232 198 -156 -48 100 235 -159 177 -214 -52 -39 185 -106 248 -72 -4 -217 -91 -68 -98 115 102 -238 5 27 197 71 188 194 156 -107 -220 -151 -40 -187 -81 -127 201 19 -74 208 -16 132 122 -38 220 116 -126 -75 -103 -191 240 -203 237 202 112 221 2 -199 -71 -9 -227 23 -173 -54 224 53 51 -234 231 -121 24 28 -120 57 121 -36 124 -63 -23 -44 -21 212 -66 13 -3 135 140 -73 242 161 -245 34 -112 109 246 -133 207 -200 64 245 113 -83 149 229 -13 -147 183 -235 -136 -25 -160 -41 -109 -5 101 159 -130 118 186 -138 -141 -43 -124 -132 104 172 -183 15 -12 31 -137 88 -26 -155 -22 7 110 90 -148 -162 98 -34 76 178 -129 -210 22 -134 184 -119 -225 -192 77 175 -166 25 -233 -171 126 -209 -35 -152 -170 52 -99 193 -213 -46 -188 -143 -14 4 44 81 50 167 191 143 -50 -223 -144 -57 174 -69 128 203 38 105 -177 -178 -219 -76 
TEST 83 ARG:-237 -142 51 -214 -40 -162 -161 -19 114 95 -206 -38 143 40 -83 98 -7 178 -193 44 -35 20 4 206 -6 217 42 59 -97 5 50 68 -49 118 -130 -44 -224 129 139 117 238 -250 -204 81 -147 104 70 107 93 90 -173 214 -181 -222 182 231 -26 56 -66 -213 -50 -202 210 -183 -154 97 165 103 198 233 -185 -113 7 242 -89 183 -117 240 -107 236 229 -196 108 -80 120 110 177 152 -124 -103 15 -71 -129 65 -85 -45 11 186 170 207 -220 -223 232 181 -127 -176 218 -210 -203 -47 -126 -243 3 237 52 -41 -187 1 24 247 -33 -28 -42 208 -219 245 -77 -191 55 -34 73 -192 213 163 25 239 134 54 246 112 -91 36 223 -178 61 -36 243 -27 60 -240 216 -52 -57 220 39 -67 -17 87 27 -217 -174 41 -11 173 -94 34 14 -180 -106 -226 205 -120 -143 176 -236 227 -141 151 -207 125 -59 -18 199 -55 86 -111 209 215 -133 53 -5 -235 -138 -20 -248 142 234 63 80 -73 -101 88 -160 -221 172 -166 190 211 -172 158 147 -10 -188 119 127 -157 -115 -51 89 83 241 -189 193 225 -70 94 31 146 -163 167 191 -58 67 37 -12 -15 -167 -136 -104 -31 -216 -238 -242 113 -230 -98 12 43 16 156 -109 -182 -64 179 230 -81 -92 154 96 150 140 -212 -152 -132 23 -145 102 157 75 -186 84 -151 -72 -179 -25 244 -53 -215 -2 132 -22 76 -8 136 74 197 18 -82 -39 -105 -116 48 77 -249 -96 -139 115 -86 180 -30 99 226 212 32 -156 -128 222 189 -170 188 133 -1 -205 137 221 -43 -244 6 -153 8 175 -184 -144 200 204 160 -228 58 -146 -75 145 -169 -90 -100 -16 -102 138 -165 -119 -37 164 -79 62 -54 66 195 -175 -197 -23 -125 -149 149 -69 -3 -211 148 47 201 144 -227 -74 202 -123 38 -65 131 -21 -164 45 101 -84 -177 187 -134 -95 -87 116 161 224 13 192 -60 9 91 -131 69 -158 171 194 -110 -32 203 -122 111 -150 49 228 17 -78 -24 71 162 -155 85 -231 196 168 -241 -14 100 124 72 166 123 22 -9 135 -118 249 -199 -108 -234 -135 -137 -201 130 219 184 128 155 -13 2 -4 -61 82 33 235 -48 -239 174 -159 -76 10 79 -63 0 26 46 57 -62 -168 -68 185 -148 153 106 -194 -218 -195 -93 109 -209 35 -114 248 -29 121 -247 122 -245 -200 169 141 159 92 -140 -88 -46 -225 -233 105 -121 -99 19 -246 -171 -198 28 -190 78 126 21 30 64 -112 -56 -229 29 -232 -208 
TEST 84 ARG:-99 57 225 212 75 -198 -189 -159 160 89 -113 108 -110 -120 164 -248 -190 97 224 172 -171 19 -179 162 -94 -70 -226 85 233 232 -125 -103 101 18 238 74 147 -213 -22 -138 17 -185 248 -89 -172 -136 -199 77 229 -93 -128 -152 -242 193 -212 -137 -27 59 -123 56 90 227 -178 -201 -44 -12 205 -63 -150 26 -243 113 -206 239 61 -38 116 -133 -162 -176 55 -6 14 185 104 -224 143 -126 -180 78 -87 -34 220 -28 208 -233 206 166 135 -76 146 -67 41 -134 95 -200 148 48 149 202 132 234 -148 124 -115 -108 -158 103 -146 200 173 183 165 -231 -11 -223 36 -121 243 -107 152 -234 -247 80 210 6 -17 174 -104 -57 9 -155 186 -163 158 175 34 87 -239 134 -203 22 -46 98 -20 62 163 115 -181 -7 190 -229 0 1 12 -9 -250 -71 -42 31 -225 -207 235 -75 -145 73 151 -47 -219 20 -19 -154 137 21 -184 -8 110 -97 33 -209 66 -26 -122 -235 189 161 -195 -237 -82 -51 213 2 -196 199 -156 79 -102 -52 -30 138 -142 -79 -153 -157 184 -169 222 -174 139 -192 25 -66 209 109 242 -232 84 100 169 125 187 -246 -217 195 -40 -211 228 99 -4 -2 96 -39 -112 -143 -35 230 -54 128 -183 15 30 37 -127 -167 216 157 50 204 155 105 -129 -244 88 111 -32 244 -18 223 -114 168 214 129 3 -15 -84 126 -117 191 -41 -100 179 112 -147 93 51 -80 -25 245 -21 136 53 58 38 -188 -64 -29 -202 8 188 92 -60 144 -10 -191 123 72 -131 -151 156 -55 -31 -132 -230 23 -14 106 -43 91 -221 201 -186 -218 -245 13 -141 -164 -194 63 131 141 60 -83 127 -106 -116 46 182 69 -65 40 154 -90 240 67 -249 -144 122 -13 -62 231 10 39 140 -109 178 -72 -168 142 181 218 219 -105 -135 65 11 -95 24 -175 -220 226 35 -214 -53 221 -241 -81 -23 171 236 -88 27 32 -50 -140 153 -238 -240 177 -173 107 118 -222 -182 -56 49 16 -98 180 -101 114 -161 -96 -48 -3 192 5 4 133 -59 203 197 -69 52 -78 -187 64 198 -227 -228 119 -216 -210 145 120 82 70 241 54 -36 -165 167 71 83 150 -85 237 68 117 -111 43 81 -118 -197 247 215 -24 121 -1 194 -33 47 -77 -160 -73 170 -74 44 -204 -208 7 86 -149 42 45 -92 28 -124 -193 -119 -177 -37 -139 -58 -166 -215 176 76 -130 217 94 246 102 159 196 -61 -49 -5 29 -236 130 207 249 -205 -170 -68 -45 -16 -91 -86 211 
TEST 85 ARG:89 -172 -4 42 -45 -64 156 105 53 -5 -150 122 71 -209 -194 151 -237 -138 -220 142 144 -182 126 -174 -185 16 212 40 -137 165 74 4 204 -67 -75 -73 -49 -176 -120 -82 -247 90 92 -249 14 30 166 -239 169 -219 -146 31 -169 -248 -100 -213 114 -157 220 137 219 -1 -6 -235 -243 130 195 -38 41 39 -53 -125 27 -3 -109 236 -108 -63 234 191 -65 -114 224 228 -152 117 129 -229 -93 43 -135 -158 229 159 -236 -124 120 -168 0 221 162 6 47 -211 192 -13 124 207 121 148 -51 -142 -238 -122 -144 202 -147 160 -105 187 -2 32 -218 49 -128 190 -46 133 174 -184 171 214 -84 -161 29 -16 -203 -62 -206 -163 -149 -133 -141 -78 246 222 -113 -36 125 -41 13 108 -170 3 96 -60 26 182 -197 115 -24 -241 185 -189 176 77 -153 -69 -154 225 -171 -227 241 -14 150 -102 201 -26 10 179 -188 233 -204 143 -66 -18 -95 -111 226 203 -96 178 66 -117 -40 24 -87 -20 -233 134 -210 -103 88 119 -37 237 -54 173 93 56 -70 -159 -193 -92 -245 -106 73 231 146 64 1 180 15 177 238 -246 55 -178 -216 87 106 21 170 239 139 -234 -160 153 -143 50 164 99 -97 84 54 -90 227 184 -121 61 -10 -22 206 -19 -196 -7 -155 -101 247 -129 -72 -12 -43 -91 217 -115 12 -44 48 68 -201 -177 -98 100 -231 175 109 208 -208 25 110 -166 58 127 163 242 -83 18 78 -215 -17 -79 -131 97 -85 -29 -35 132 -8 -23 196 57 -250 -21 104 -126 210 -224 154 138 85 172 -57 -30 91 -164 76 -123 38 -11 215 60 -191 223 199 17 45 -48 -76 -151 111 161 -221 -94 -134 -202 197 34 -145 218 -81 62 230 167 -119 -240 33 28 59 -107 2 158 -56 -200 -180 -58 112 -80 -217 193 -214 232 72 -116 -195 7 209 -136 216 -162 69 -68 86 -223 -39 81 -132 22 -130 118 -225 20 -140 181 -27 244 -99 -242 -244 23 -55 63 243 44 -205 -59 -186 -156 -28 67 149 107 183 -222 65 94 -47 147 -183 186 98 145 240 -181 11 -42 -88 -207 -212 103 -71 168 136 -31 -110 19 245 157 235 -112 -32 -226 -187 79 83 -77 -230 211 140 8 95 141 198 249 205 194 -199 51 -34 102 -61 213 37 -228 9 189 -165 -179 70 131 -139 52 -232 46 -52 -190 248 123 -15 128 82 -148 -175 152 155 -167 36 135 200 113 188 75 -86 -89 -173 -118 -127 5 -25 101 -9 35 -33 80 -104 116 -50 -74 -198 -192 
TEST 86 ARG:193 55 -85 214 -135 28 -159 -225 64 -242 -243 185 184 -183 -221 47 65 145 -44 -79 78 -83 -190 -137 -203 -75 -50 203 -249 -11 116 -74 159 -187 108 105 -134 -24 151 25 -102 -220 103 231 -60 129 198 243 -48 30 3 -239 -202 29 -4 -19 -214 197 -122 34 -176 -224 121 -170 -32 -231 -216 16 -47 226 -191 -17 87 149 74 177 216 36 91 -35 -196 165 92 141 111 -161 134 13 120 186 -18 144 -64 182 -184 -173 -218 -162 -236 -125 206 -112 -145 -99 -101 77 -87 24 -124 -210 245 -27 136 -121 -58 31 -235 -130 130 70 -91 -131 137 -201 -111 249 -126 -92 179 -153 131 -82 164 201 132 19 -10 -89 110 -237 228 94 150 -78 -114 -9 -169 -72 -61 -106 -29 -54 -142 -133 -33 212 221 -226 246 115 93 -26 170 -57 38 72 -38 -156 -240 -56 248 -21 227 189 -70 -69 -165 -247 -248 190 52 54 -155 233 112 35 229 236 -95 97 240 83 -55 -59 -174 -81 -8 -147 -22 82 -73 139 4 237 126 33 20 53 -28 -90 -45 -212 -213 -31 51 -175 8 142 -217 22 -34 -146 -103 156 138 166 14 196 -206 -3 57 208 -198 -177 -76 -123 -209 -150 96 -157 -62 172 188 101 -110 -132 220 -167 127 6 173 123 234 42 -144 71 -228 -107 -200 135 143 -238 -49 60 10 244 -185 12 -219 178 128 -108 -117 -223 85 158 -152 -199 50 215 230 161 213 -151 -25 -143 218 -180 9 61 1 114 -171 -63 217 81 43 -14 -51 225 -154 -86 39 -109 -116 11 -100 -205 -215 -46 210 224 -104 -42 -53 -194 247 66 -128 124 157 -140 119 118 205 -98 17 67 -166 -67 -118 88 -43 -66 235 211 -188 -164 -77 107 5 147 7 32 59 99 -195 69 181 41 163 202 176 -139 -16 133 242 232 -172 -232 -186 -97 241 183 80 175 -30 -6 49 -15 -115 -2 48 207 -197 223 -136 63 -93 106 23 -233 68 -149 -208 -211 171 -7 -84 -94 56 79 238 160 -204 -1 -40 191 -246 0 102 -158 -52 239 209 -160 -105 195 -12 18 -168 219 204 -113 194 125 -193 -192 -182 167 122 -23 -20 86 -241 -207 26 -148 -80 -234 -71 -36 62 -250 100 -65 148 109 -96 -163 -179 169 -119 -181 73 -39 113 -88 180 95 140 46 -129 -120 45 153 -245 146 -189 162 -229 199 98 155 -230 152 -227 -222 -68 187 117 40 -178 -138 84 44 89 154 15 200 37 58 -41 -13 -5 27 75 168 2 222 21 192 104 -37 90 -244 76 174 -141 -127 
TEST 87 ARG:174 -14 114 -161 -163 128 -160 112 99 113 -130 -194 134 -19 48 -67 -56 -147 210 -104 148 -100 -133 -148 -237 144 -241 -128 -151 91 -17 173 0 -209 28 8 -23 124 159 -36 -229 -76 70 212 -140 -186 -98 -185 120 -46 -198 -52 83 -118 142 131 140 185 118 139 -9 -136 60 -74 54 -32 -62 -129 -57 -33 73 127 59 -111 -200 218 -42 200 -204 122 -162 -134 236 -139 2 -70 -97 -225 -138 154 -65 231 115 -69 -244 -39 187 -208 67 72 160 172 -202 147 -203 -189 -179 -110 31 226 -181 -249 -217 -167 76 -176 219 46 -7 -224 -168 -222 239 167 -16 -115 158 43 -221 -218 -135 -141 17 64 145 -153 57 152 -81 171 -211 121 -184 -164 132 -214 4 -172 -233 101 -157 -145 -178 164 238 192 -11 -95 105 245 -22 -170 166 38 -191 93 228 -31 138 -4 -15 30 -231 -109 -132 -47 104 223 -137 -119 157 -30 41 -105 179 66 249 -215 -187 -12 208 63 168 86 -248 207 62 -45 195 29 246 136 198 -63 175 52 -122 -166 -242 -212 199 -165 -205 -102 -75 -26 -43 42 58 -79 97 -171 16 194 -245 170 -101 61 -94 -183 -131 -195 188 110 -190 50 -85 -20 -158 206 44 -230 183 123 92 -228 -106 130 -150 108 102 247 -78 -35 96 189 -25 -247 224 190 155 -58 -112 75 68 27 11 232 -2 18 71 33 -210 -90 -59 215 81 -220 237 37 233 -93 53 213 56 -152 -216 -125 -143 -173 20 141 -126 45 40 162 149 225 100 49 153 55 -207 -48 182 10 51 242 77 -21 -192 197 201 106 -5 -28 -86 -29 143 216 -182 19 209 -41 65 203 -55 94 -10 26 111 14 -155 126 -127 -223 74 9 234 165 -54 21 89 -113 -27 117 177 129 184 -89 -240 116 133 -44 -169 -1 15 -82 -175 -8 -6 -213 24 204 39 119 -49 193 156 230 -84 -238 -197 -144 7 103 -124 109 -88 146 -3 -87 -199 191 235 -53 69 176 -227 -149 240 -123 -83 82 -68 -80 -180 135 -71 -201 137 47 -154 -243 -206 -72 220 211 -232 -177 34 -103 -50 36 80 -18 -219 -196 32 -174 -77 -116 -159 79 -188 241 178 221 -193 -37 243 -13 84 -51 87 244 227 181 248 13 -108 85 -91 -235 -61 -99 205 6 202 -34 5 -121 151 -250 35 95 -120 12 229 -96 214 -24 107 -146 -234 -60 -66 196 90 -226 -156 150 23 180 222 125 -117 -239 1 -40 98 78 -38 25 -246 -73 161 -236 22 -64 3 169 -107 -114 217 186 163 88 -92 -142 
TEST 88 ARG:-136 -245 -176 -154 -190 87 -51 -83 65 112 0 -186 239 94 -139 -148 244 40 -213 50 208 149 35 -110 156 13 -199 -175 64 160 56 180 158 92 142 -137 232 209 187 -132 245 -221 -135 -43 -192 -210 49 -9 23 134 109 -99 -124 -125 -169 169 -197 -54 -53 145 -89 17 -193 -165 -249 -37 -95 -97 241 -164 -33 2 63 204 131 -67 -108 -30 -21 -178 105 165 68 -239 28 230 236 1 -207 -77 -168 -161 -48 207 99 -107 -229 -80 229 32 -75 221 91 19 129 224 -28 217 -243 71 -41 159 -58 -128 102 -159 -189 -82 48 225 200 -246 237 213 -241 132 39 20 -3 -202 -68 185 -101 -250 -25 -134 195 -151 100 45 -24 133 235 -31 -92 -11 -22 220 8 128 -86 -50 191 -183 -185 55 234 -120 -153 175 -116 138 -93 -14 119 77 246 151 164 233 222 -64 16 -56 -218 -45 37 42 81 -126 -32 96 205 -204 -20 179 31 -194 -88 -42 -13 -217 18 -35 3 95 157 -216 93 -84 47 89 -149 -248 141 -109 -155 22 140 75 14 -147 88 -152 -114 -233 -219 211 -225 214 24 248 -214 -130 -105 -133 -138 -39 9 -171 33 -237 -49 201 101 -87 189 98 114 51 -206 -111 110 -146 124 103 162 -208 -7 67 -12 -205 -55 -200 182 -98 -211 41 -143 216 97 161 196 -244 148 202 -150 58 11 -36 -26 144 -72 -127 -69 -66 74 203 -96 -198 -240 155 -74 212 -209 60 -113 -224 -71 190 -181 115 122 181 25 -122 -34 -162 -227 177 -81 104 -123 174 -222 130 -115 -131 -91 249 -172 -187 -174 -166 -23 59 -145 193 -158 5 43 163 121 167 125 247 27 136 192 -179 -235 137 176 143 -19 146 186 -16 62 210 10 -65 6 -29 -102 -60 226 72 -196 199 -182 36 53 80 -234 227 -117 -106 78 -220 -2 -173 -238 -129 -231 113 82 139 240 183 -40 -76 -242 -121 -156 -6 197 -47 -236 117 219 -212 154 120 228 108 -100 -163 -94 178 -17 -78 -52 106 238 70 -4 153 44 -232 172 -1 -184 -201 90 -63 116 -104 126 84 242 57 -170 -15 -18 38 -85 170 85 147 -90 -38 215 -228 46 -177 -140 -230 86 -61 218 243 184 -203 -142 -5 150 188 7 152 52 231 -141 206 21 -62 -223 -8 29 194 -57 -79 66 -46 166 26 61 135 -119 34 -195 -70 12 15 76 171 -157 -191 111 107 -167 -112 198 -144 30 69 118 -103 73 -247 -118 -44 -188 54 173 -10 -59 168 127 223 83 -180 -215 -160 -27 123 -73 79 4 -226 
TEST 89 ARG:-90 65 61 -213 -27 -138 -158 -246 32 197 179 2 121 188 24 194 -216 95 -117 -108 131 -71 122 36 -218 174 -43 88 -58 192 -179 -101 -174 207 -2 -125 -113 -132 -220 -77 -78 219 -11 140 -31 -147 -167 69 -8 -215 185 -35 -130 165 -183 -4 236 123 161 -103 64 -85 -60 107 187 -221 -116 127 -193 -65 -209 162 80 31 -32 -250 141 146 -104 -197 87 94 154 218 144 -74 180 -59 155 113 -222 125 215 132 8 209 -202 147 -6 112 -198 47 -243 115 51 -121 -63 -187 -145 -234 -110 -163 53 -162 -205 175 -165 -155 -10 -129 -92 -98 169 -181 4 83 183 -54 -154 -89 114 84 -21 25 -207 16 -19 -206 249 178 -37 -33 -112 -115 -81 48 -29 181 -189 -178 184 200 -61 118 67 -232 26 -127 227 126 -83 182 38 -239 28 -229 52 229 143 -161 17 201 77 -100 166 -107 105 -75 -9 223 -217 29 -201 -245 142 45 -15 -146 212 35 234 247 58 9 -41 233 -62 11 -94 75 46 -45 -118 104 -166 196 -228 -180 22 -39 66 49 -223 226 -87 120 -72 74 129 111 -134 -86 -170 -191 37 -76 -114 -244 134 -226 -188 -30 50 163 -204 208 -148 148 172 -168 -3 -120 -26 214 20 82 15 -177 225 152 221 -46 116 -106 33 -79 -184 -84 63 217 -159 101 110 -34 -57 -5 137 -169 -38 -48 10 -142 23 -96 -151 119 220 -68 -195 103 91 -17 -199 204 -70 245 117 108 199 14 -109 -36 177 239 191 -40 -73 40 -123 -53 3 240 -131 -144 93 135 78 -233 34 -186 248 213 -149 -23 222 168 30 -139 79 164 203 193 238 -99 124 173 -171 -91 133 -55 151 -241 -203 76 -238 189 235 85 244 -194 -124 -136 -16 -185 57 -126 -152 160 216 -242 -13 -182 -248 -150 231 130 -82 198 -160 5 230 13 -200 96 -157 228 1 -143 -175 12 167 242 106 27 -173 136 62 -133 -172 186 -210 109 -44 -80 -119 224 205 -192 -122 -135 202 97 -214 -153 -230 -7 -141 0 -56 237 -66 99 -18 -231 -190 42 73 -42 59 86 -128 206 190 70 -176 -102 -164 -52 -137 -24 176 -240 153 72 54 243 195 128 -28 -69 138 -97 39 -51 211 232 100 18 -49 145 -224 55 21 -25 92 171 7 -237 241 44 170 56 -236 -14 -211 81 -196 89 41 246 90 -249 -22 -50 -212 -227 -156 102 98 6 -140 -208 156 60 71 -219 -20 158 -111 149 -67 -105 -88 159 19 -225 210 157 -95 -12 43 139 150 -235 68 -247 -93 -1 -47 -64 
TEST 90 ARG:57 -215 -192 -159 93 -130 35 -140 -242 23 132 17 -83 -21 -39 -141 -201 -53 -128 -150 219 87 -69 183 -157 -64 42 -202 -125 81 213 -193 54 5 -171 106 -136 -93 -33 234 -245 -205 82 128 -196 188 119 227 175 84 -92 -209 43 212 -91 8 -161 -90 -95 146 100 -65 -238 -112 -180 14 181 180 68 209 -122 201 -116 -71 -210 -28 36 7 208 -142 -203 211 25 -38 32 170 -162 192 -10 -86 53 -120 1 220 89 -12 72 94 108 -19 9 113 86 144 29 171 198 -138 193 -5 99 90 197 -211 63 194 73 142 -212 -228 143 -194 215 187 38 205 -88 -96 -139 22 238 124 101 -17 65 -216 -229 -54 -89 -124 10 -132 -147 107 -13 -32 83 -66 189 177 136 102 147 202 -188 160 105 139 -207 237 91 -1 231 -35 -185 173 -24 19 -42 -23 -48 150 242 -220 -234 41 -9 -214 -105 92 166 -131 -117 230 161 -230 223 -204 -250 131 47 163 -177 27 -97 -100 221 85 15 -248 176 157 -27 24 45 -137 123 59 -239 -98 -52 11 169 -49 -197 -44 -191 -148 -187 200 -109 185 -60 -8 206 -144 -77 95 -34 -152 21 -113 249 -182 -31 51 148 127 -227 -46 217 112 -176 115 -244 -15 120 224 46 -6 137 125 -186 -241 -153 -67 218 -231 -219 -174 97 126 -183 -14 -233 -156 -11 203 -72 39 140 -37 -79 40 -158 -7 244 88 -143 -25 -249 109 -103 241 152 -198 134 -68 158 -80 44 186 50 74 182 -18 -41 -226 122 -133 -36 -51 159 56 -70 67 28 114 -165 34 -151 225 -218 -236 232 240 -173 -85 155 -135 -178 -127 -164 228 -172 -55 156 199 226 162 98 -102 -106 -45 248 -154 -179 49 -110 118 216 239 78 58 -111 -118 178 -73 -47 168 66 -126 6 48 -58 141 -78 0 80 -167 222 -217 129 -26 184 -62 -63 -134 149 -195 -99 -199 -190 -145 33 -169 -75 191 -115 243 -160 -74 62 247 210 145 -170 3 20 111 245 -50 -232 -237 18 61 -223 116 -4 52 -81 121 235 -208 -129 -29 30 79 214 179 -2 -121 -149 77 70 -56 -168 -84 37 -82 104 -59 172 110 13 153 75 -163 -246 -3 195 -155 190 117 -87 12 207 229 246 71 -101 2 -123 -224 -57 -240 151 60 -94 196 135 -40 138 -247 96 164 -181 4 133 233 103 -243 -108 130 -222 64 -104 154 -61 -213 31 -30 -221 26 -235 -189 165 -76 76 -200 -20 -22 -225 69 -175 -43 -114 55 236 -107 -166 204 -119 -206 16 167 -16 -184 174 -146 
TEST 91 ARG:-98 24 164 -141 211 220 185 131 85 -173 49 -147 149 229 170 22 40 -95 -53 154 -157 -66 202 -224 -168 45 118 -170 -151 19 -73 -249 -191 168 38 -139 127 95 -16 -41 193 -111 230 61 184 -35 37 -155 244 -24 -144 200 120 156 -29 140 161 233 -227 214 -218 -207 225 -159 -124 247 -236 -89 -185 62 -55 -100 240 73 51 -31 -104 -212 -43 -197 -148 -114 -58 -78 -46 -226 53 -2 -127 98 -8 84 218 33 192 -28 110 151 -91 81 92 -126 176 203 -123 -7 77 -12 209 -25 213 190 -107 -163 152 -152 -48 -217 -32 80 79 219 126 -65 -103 -231 -146 205 -34 -50 -234 67 97 186 42 128 43 198 -97 150 -21 8 -187 7 181 -59 21 135 -219 207 -88 -6 11 132 -81 -243 -209 204 -250 -40 174 5 99 -240 -237 -76 249 55 -120 -118 -183 -77 10 -63 224 1 -18 -129 187 -38 -44 -136 -175 153 -232 -132 31 165 52 -45 -10 171 179 139 -244 -125 212 -86 12 58 -52 119 -153 -149 -110 -199 -216 162 197 -122 -223 134 -208 -121 242 -47 -137 -56 167 -62 215 123 -222 -92 188 -108 -3 155 -68 -167 -211 -99 29 48 160 -74 144 -186 175 226 88 -9 -201 -162 -248 105 -180 -23 -179 107 -131 -145 -22 -142 -140 -214 239 -225 -193 136 -166 -215 -112 -190 -233 180 -160 -61 195 143 93 217 -169 -90 -247 2 -164 90 -184 -26 -96 101 -194 -202 -85 -79 206 68 89 28 -204 178 50 -5 17 54 71 -49 -17 -75 -176 -133 65 -51 46 108 -161 -192 -210 56 -67 -19 141 20 173 -143 15 87 36 -116 147 248 -206 129 -93 -115 -57 -188 -14 222 -154 -33 146 158 216 -84 39 112 122 116 86 182 -177 94 106 -60 177 -228 124 -119 210 245 237 -113 231 -135 -178 78 76 -134 -13 13 3 102 -54 6 -138 172 9 -182 191 91 -245 -69 64 -27 -80 228 41 -195 -229 44 115 -83 -200 117 -1 125 -221 16 -238 59 57 133 -20 82 -70 70 159 -213 223 157 34 0 -230 194 -196 183 -101 109 -4 -171 30 -198 208 69 189 221 246 -82 114 -36 234 -71 138 137 130 -235 163 236 -105 -189 -172 -72 -37 232 25 96 35 -15 -106 14 -239 243 63 4 196 100 121 235 -220 -242 -117 227 74 75 -156 -150 199 -165 -87 238 113 -102 166 -11 241 148 32 201 -174 142 -109 -203 145 103 -246 -30 66 27 18 -181 83 60 -130 -64 -241 -39 26 72 23 104 169 -42 -158 111 -94 -128 -205 47 
TEST 92 ARG:-92 -98 -58 -134 37 -239 -235 -43 21 60 224 75 163 -166 -137 173 41 46 -11 -126 -162 108 -32 214 17 77 -118 89 83 1 -120 -25 94 -154 -65 -212 93 -30 -96 32 176 200 24 193 183 -51 -181 238 -64 247 177 -185 -157 8 105 33 -192 9 249 44 -13 -210 221 190 -246 -186 150 -87 -197 -184 23 -187 -223 207 74 225 -230 -213 123 206 -221 -70 141 -105 -82 -108 -163 164 30 115 234 239 162 -195 208 35 120 -241 -86 53 232 -83 -62 209 51 -135 220 237 189 -50 166 -57 196 -179 118 146 28 -245 175 -139 -24 -28 31 110 -49 -117 124 90 -159 -53 147 -182 138 -15 -1 -73 -66 -169 156 227 -146 -177 131 -3 -153 -123 -178 -237 -33 76 -176 135 185 -168 63 -174 -47 -17 -63 42 203 -131 -41 6 88 102 36 49 92 -198 212 -165 -2 181 -128 128 66 -95 -80 143 27 22 -193 -158 -23 -85 10 -89 129 -4 -77 -155 48 -214 101 61 -38 69 -104 -99 58 62 -151 -201 148 142 -61 -100 153 -216 -121 210 201 134 14 4 -132 140 -196 188 96 -72 82 -217 219 -244 167 -238 231 104 -81 -67 34 133 13 -119 180 244 -225 119 -188 55 -97 126 248 -88 152 47 100 -130 149 -124 -242 -141 195 20 -19 26 -156 -227 -167 144 -189 -56 -204 218 -29 186 -102 -209 154 145 171 -7 -16 25 -236 160 -79 192 -71 182 -175 127 223 -219 -40 -224 -35 84 -129 -101 116 -26 -161 125 -20 -122 68 -74 -200 -220 -138 -194 -250 87 39 117 184 139 -115 179 7 -234 85 -12 -240 229 137 2 161 57 -160 -107 246 121 -249 -10 174 216 -143 -207 -75 81 -27 168 -127 -243 -215 95 -208 -152 107 -190 -231 3 -228 233 -8 64 158 50 -109 -5 11 217 178 130 -78 -203 45 -111 -191 59 70 136 -170 199 187 -125 114 241 18 194 -232 -37 -34 -46 211 245 -44 -36 -247 -205 191 -94 -233 65 -90 -9 -172 -180 -199 113 -48 86 -91 -39 16 112 -113 -145 12 240 29 -202 -248 -22 157 67 204 -31 -55 228 122 215 -6 91 -116 -45 165 72 -93 226 -60 -206 -140 222 202 -148 103 80 54 213 159 -52 242 -112 -144 -149 15 0 56 78 205 243 -164 155 151 -18 -142 -68 170 99 -114 -54 43 230 38 -76 5 235 132 172 73 -69 109 -222 236 -133 71 -147 197 -211 169 98 -21 -173 -229 -103 -110 198 52 40 -171 -14 -136 -183 -106 -42 79 -84 106 -150 -59 111 -226 -218 19 97 
TEST 93 ARG:-185 -157 211 -144 -133 -37 -75 206 -163 72 -87 189 237 -129 -40 -193 -240 -68 162 -67 21 227 16 132 -158 44 208 192 -179 161 -215 -99 190 -126 19 -231 99 -239 -88 -167 29 -130 -8 -20 -202 -201 188 -122 -9 -250 -118 -154 247 108 165 61 245 56 -116 -159 -59 -161 104 198 -110 31 135 -199 -120 -221 14 234 -136 -14 -237 -173 -213 -7 112 134 98 -38 170 -138 5 23 -45 143 -55 -146 -114 69 86 -48 219 114 -169 222 -172 27 -112 -184 20 26 33 -248 152 151 -34 179 59 -197 107 -41 193 197 -143 126 76 238 203 -106 81 168 201 -235 172 -42 -104 -224 6 182 149 -149 144 -128 -141 13 118 228 84 220 75 148 195 -57 -23 212 235 -54 119 -91 46 184 78 95 -247 70 0 43 124 42 -152 10 52 191 -155 -204 -119 -19 9 55 177 -25 11 116 80 -31 218 -26 147 -228 158 173 -6 -181 -115 187 -107 145 -105 -65 -4 -164 1 -102 -74 -108 223 -243 47 -125 -127 73 -72 248 -79 15 110 232 -17 -140 58 35 2 -95 -196 133 -142 -83 24 -135 137 88 -188 83 12 163 -85 -50 -33 224 209 94 159 45 25 117 -222 -44 199 40 246 49 -195 -47 -214 -32 169 -109 -232 -187 -218 36 -132 -230 229 -18 -93 -203 -2 41 71 -189 141 146 -156 221 -117 -46 106 -219 -21 -63 204 -165 -210 -137 157 -162 -111 -234 87 -220 213 -216 115 -236 174 64 194 -160 -198 -249 138 -3 -223 103 -151 113 128 -183 -171 -180 -27 121 178 -84 -1 129 54 34 -30 -82 -229 -81 153 65 -86 171 -100 244 -16 233 -64 -80 -225 186 18 22 136 -69 -145 -191 131 -207 -43 89 -36 7 242 -62 -77 -53 32 -174 91 -28 130 105 -29 -153 -22 -12 -39 202 85 -97 -123 -217 214 109 -13 53 249 -244 -194 200 156 -131 215 8 -78 -61 181 -90 -124 -177 67 -212 -113 -89 241 -11 -94 -58 -5 -182 -103 -56 -209 216 210 -227 -233 -121 -150 -139 140 -246 230 68 17 101 -241 196 205 48 -134 97 -208 167 28 66 -10 -238 92 -52 30 240 175 38 82 -170 139 90 183 63 -166 217 60 -101 102 -190 79 185 231 -24 -147 -70 125 -35 -76 123 -205 62 -51 74 50 -96 39 164 -148 -71 37 -60 93 127 120 -176 176 -178 -15 96 -186 180 -73 100 207 -211 -226 -200 77 226 160 150 142 225 239 57 -175 154 3 -98 4 51 236 -168 111 -192 -92 -206 -66 -245 166 243 155 -242 -49 122 
TEST 94 ARG:-145 15 -69 -190 -60 -65 242 -19 82 -169 -116 0 -128 40 -62 228 138 131 168 38 -137 -199 102 -108 67 -37 105 -202 246 42 244 -49 79 -226 -55 205 61 -215 -79 -228 -35 43 55 -98 27 -11 -221 -206 -164 -47 222 142 120 227 -58 8 103 -124 243 132 -123 176 21 231 -96 -20 248 18 -6 182 -17 -32 -23 166 140 -193 31 -57 214 25 108 -160 122 -181 -224 11 -12 114 -178 24 -36 194 88 -233 -50 98 170 -156 65 16 66 4 -245 -94 -214 210 39 188 101 -101 136 96 -125 70 155 -92 -43 -229 -241 86 -39 -212 -100 161 169 207 36 118 128 -117 95 -209 165 -185 -18 -51 -195 -207 -250 -97 -204 3 2 187 83 12 -72 -218 146 -76 -68 44 -93 -140 -38 74 213 117 -227 -225 153 -48 -53 -26 -63 -112 -161 186 163 191 29 87 81 -41 125 50 200 -216 -28 -4 241 215 75 80 179 217 59 -40 -192 -95 -238 -187 76 -230 127 -113 -189 14 156 -234 94 193 41 -153 -14 -31 -111 184 -163 -246 147 -179 225 -74 -45 159 107 171 -109 22 199 -21 20 141 160 73 -133 -103 -217 -66 47 -121 -211 203 -104 -239 10 -244 183 -78 157 -247 -132 -154 -107 6 -115 -114 -89 -1 112 -13 -84 -232 -198 149 -174 -146 226 -135 -167 223 185 45 -165 219 -15 150 124 -90 -151 -29 93 177 230 -141 181 -147 -150 -122 60 52 -105 -186 -88 -205 133 164 211 -194 26 -168 -196 238 175 -44 204 -162 48 -54 224 240 195 167 5 143 130 139 233 -80 -200 33 -235 -242 115 216 28 237 69 206 13 -82 -143 -22 -180 -170 220 201 -152 53 62 -203 -64 -158 54 -71 -70 37 92 -86 -188 -210 34 135 145 109 209 -159 234 -87 46 -42 72 212 232 -24 91 100 64 -59 -171 9 30 190 -191 -75 -219 249 172 77 148 -223 -177 -136 158 -99 -184 -5 -102 208 -197 -7 -61 32 19 -166 -33 58 -25 235 -182 -172 -118 104 189 -85 151 121 152 -9 -120 -126 -249 129 -30 126 -52 123 -144 -138 -67 113 -2 236 49 17 56 -148 78 63 197 68 -155 -231 -81 180 35 -243 202 154 -129 -106 174 192 -134 196 106 51 -157 -237 -240 -3 23 110 -130 162 89 -46 -183 -222 -56 111 218 221 -176 -27 -8 -83 -127 -208 -139 119 245 84 229 -173 239 7 144 -213 178 -16 -10 -34 -110 -73 90 -77 137 99 57 -142 97 198 -149 247 85 -119 -91 -175 134 71 1 -248 -201 -131 -220 173 -236 116 
TEST 95 ARG:-18 -200 -112 -117 -46 218 230 -122 127 7 -152 215 18 180 -191 204 58 234 193 -189 91 -13 77 -142 -17 -138 125 3 -176 231 51 -32 -68 183 -49 153 164 -7 107 171 -66 -205 -131 186 -144 26 246 133 142 57 71 -53 -218 -127 -178 -84 -242 44 140 -101 -83 -34 -170 154 -38 179 238 -217 130 148 37 172 -47 -153 146 -29 97 198 -111 206 101 -102 50 49 -115 -211 39 -187 185 -222 217 -44 -86 -78 123 214 -81 16 162 -162 158 135 -177 160 200 174 -241 -39 -57 -164 75 117 197 73 216 -74 136 209 190 -249 62 159 4 22 -25 -48 -248 35 59 -148 -20 237 47 -22 249 169 102 -171 -203 -109 31 -43 184 241 247 112 -156 -181 99 -88 178 -104 -239 92 -147 151 -98 -1 65 149 -60 -76 95 104 -52 207 -190 -130 194 -204 106 122 -246 -94 -160 -12 -220 -230 63 61 -6 156 -125 -82 -10 70 -63 -219 -126 -21 199 -166 -180 -199 -195 87 -173 -116 195 205 -73 19 -228 126 208 221 -119 118 -113 137 -213 -158 -139 170 -58 -93 219 -100 -135 53 81 203 -51 -194 74 93 -227 2 0 90 -215 243 176 78 -197 20 -151 -154 -245 -121 -62 -96 -247 80 -209 -212 131 165 116 167 223 -2 -196 -229 242 23 6 27 -165 -146 224 211 -238 -31 -90 8 245 220 -69 24 228 -95 -50 66 -231 -193 -188 -16 -80 134 -133 -129 -225 56 -3 232 -87 -103 68 -140 9 -226 54 182 225 188 -105 129 36 227 240 119 -75 -61 201 98 11 -132 -114 10 -244 191 109 -40 -186 60 166 239 -202 -42 -159 12 -185 55 -240 111 -234 -182 132 222 -214 -24 -28 -35 -85 -134 -99 67 163 -92 110 175 229 15 226 -59 42 -223 244 -175 5 30 -97 113 141 114 69 -27 -5 76 235 196 120 -26 121 -192 46 -224 -91 38 189 192 -163 -168 128 -141 147 139 -145 -11 -155 138 -206 -184 45 -243 -233 -221 177 -67 -107 -174 -106 -235 202 -198 -120 -55 33 -9 -33 82 150 -183 -79 -37 -179 -124 72 88 32 -123 -128 52 -201 -210 213 -143 -208 233 152 -216 157 -236 79 -36 -172 -149 -72 85 236 48 -250 -64 155 145 41 29 94 181 -136 173 -56 -71 -14 212 -19 83 -157 43 -108 -118 -232 187 -237 64 -8 89 -45 25 143 108 -169 100 -65 -161 248 40 96 -23 1 -137 -54 103 14 -207 21 -167 210 84 86 13 17 124 -4 -70 -30 -77 144 -15 -150 34 28 161 168 115 105 -41 -89 -110 
TEST 96 ARG:177 -153 59 -70 -167 -240 -193 -50 -163 25 -127 101 145 -162 -208 74 -138 211 71 -42 -43 111 -151 248 -226 217 118 -18 170 -37 75 44 -24 232 163 -216 -189 -228 15 46 -202 172 -218 210 -207 176 -168 -108 178 -48 -147 131 -58 -250 9 -155 -217 -164 -156 155 24 -128 -31 -28 121 -195 227 51 156 195 -59 236 174 -46 -126 -106 153 -230 -32 -182 -14 193 249 -114 -124 29 -177 -39 -74 99 -190 -120 54 109 -165 88 247 222 -61 -229 122 214 -22 213 167 104 -139 62 246 -71 102 3 -116 180 -242 112 -11 -244 -64 -215 136 49 14 -157 82 164 218 57 -149 41 -82 -93 220 -245 -130 -34 -181 143 140 -175 -158 151 202 -23 197 117 243 -56 -3 -26 72 -197 16 93 18 -150 -33 28 149 -112 157 171 77 -173 -97 116 -103 -8 245 -15 -20 48 -224 199 -25 114 22 2 58 203 110 -219 -102 7 45 26 184 30 -86 120 -200 35 219 -113 229 38 -66 126 -191 175 128 81 147 -186 -6 73 -10 -225 -183 -7 89 -60 -198 -29 -110 0 -55 -220 -170 -223 -166 127 141 241 -16 -194 -174 -137 -249 -135 10 -121 -232 224 -99 -47 189 -222 107 -234 208 135 97 -176 113 -237 -204 183 -221 -142 123 198 -84 -83 -119 -44 39 -243 165 -67 -241 -227 -9 87 -115 -211 96 225 138 244 -92 -45 228 239 -78 -206 -136 31 91 -131 206 -141 -184 -96 139 5 -36 23 52 -203 -132 125 146 -40 -210 166 -169 -247 -152 -80 -235 -117 190 194 173 119 -188 -65 215 130 -41 158 181 187 -178 201 -180 -246 -88 -27 50 64 -19 -101 144 65 -73 237 90 -57 200 -90 -21 -100 134 -143 1 142 161 162 231 -134 -105 -35 40 221 -159 -133 179 -54 -17 168 103 -68 37 160 -52 -2 216 -94 21 191 185 -38 209 -87 70 -185 -122 212 -95 27 226 -85 -212 -192 -89 94 4 36 -214 159 34 129 -231 32 33 -125 6 -161 83 11 -107 -179 -72 204 -30 -111 -205 238 80 -148 -5 207 240 12 79 92 56 -123 -4 192 76 -196 182 242 152 230 -172 -233 -118 20 -154 -1 47 -81 -248 43 -236 233 53 63 67 -79 205 13 78 -53 -187 106 -129 100 223 -145 -209 108 188 -75 -77 186 148 150 42 -140 19 -49 -91 -109 137 55 234 86 -160 154 69 124 133 -63 60 84 -239 -104 132 61 -201 -62 8 -51 95 115 66 -69 17 -171 -144 -13 235 -238 68 -98 -76 105 196 85 -199 169 -146 -213 98 -12 
TEST 97 ARG:54 -163 131 -53 -190 -238 226 -29 175 132 214 170 -242 -185 -153 -41 -214 -211 -198 150 -121 -64 126 -152 -79 217 -127 -212 142 215 80 227 -43 -78 56 15 -55 -48 -58 -77 190 246 22 -28 174 238 -38 151 -245 -206 183 -144 -91 239 -92 -180 -239 208 -56 -65 -192 186 -9 44 -25 -2 -8 -131 62 -173 -20 82 -98 149 -249 120 -114 13 -171 181 -122 153 141 -130 187 34 -204 -52 100 194 199 237 -54 228 116 152 -224 248 185 92 205 67 163 -219 128 9 -220 -16 33 -4 85 136 1 -165 204 156 7 -138 -18 154 176 195 -218 -176 65 16 -149 -123 -243 222 64 -63 158 -21 165 173 216 145 127 79 14 197 78 6 233 76 -101 -175 133 2 -110 -51 -150 230 -174 83 -156 192 -159 121 19 -222 60 209 107 -120 129 196 -186 24 -31 99 -116 180 114 235 137 91 53 201 -111 -199 177 171 -33 45 0 -76 -61 10 86 -135 202 -44 -7 -183 17 -215 40 -94 -188 30 118 104 46 -250 70 94 66 -42 245 74 -193 -70 164 -45 -196 -207 224 -81 -62 -231 -80 -88 -208 -154 -113 -75 188 123 -167 -226 -84 146 -102 -202 155 169 20 88 143 8 182 -6 -200 179 -140 -234 241 -235 103 -97 93 21 -13 219 63 98 193 -158 -155 225 -223 -195 234 162 -205 -23 -233 138 134 -105 -213 73 125 124 113 -225 32 87 242 -182 -49 106 -93 -181 43 -35 -40 35 -112 -187 -90 -60 -34 -179 119 223 -103 213 84 -106 3 -184 -240 29 -125 -178 247 11 -210 -172 -39 -66 -146 135 -96 -99 18 -17 -162 -132 231 147 50 -47 122 -168 -143 -72 -119 -87 -100 -201 49 -57 -203 148 200 220 101 -46 159 203 47 -145 77 -160 -12 48 -237 -36 -107 -83 112 12 -137 236 172 -59 144 23 -134 -209 -229 -170 -197 -147 -139 -74 -109 111 37 28 -244 81 -129 -227 -164 -118 51 -191 52 -246 -169 -247 97 61 240 166 -115 -95 39 -104 -89 157 -166 229 -50 25 -141 90 -133 184 68 69 -232 210 -230 -124 41 26 249 -108 -19 36 -86 -30 -32 -177 -85 140 167 59 58 55 -194 -24 218 4 -27 -236 -10 -5 -217 117 27 160 -15 75 -68 -248 -26 -142 42 -228 -67 -11 -1 211 105 38 206 109 -136 207 89 110 31 244 -128 96 -161 -71 -151 115 243 198 161 189 -22 178 -73 130 57 -82 -117 -216 108 139 72 -221 191 168 -241 -69 -157 71 232 -148 102 -14 -126 5 -37 -3 95 -189 221 212 
TEST 98 ARG:-82 -206 -97 45 14 113 189 206 -207 -232 -41 213 29 -231 -125 99 -138 -148 89 -66 -24 -212 93 -176 -128 -2 -195 82 -3 209 -216 157 32 245 28 -126 237 244 84 -159 -69 -246 -145 -104 68 -114 131 173 -172 190 49 158 192 156 180 -96 42 149 -154 -112 -228 -74 -4 -143 172 -12 -197 207 -80 114 -95 -19 62 16 9 198 -222 140 242 182 101 -6 -131 -141 155 239 57 184 -39 8 -204 159 127 -35 -127 246 25 -50 -124 -210 -33 -250 -192 71 -28 87 143 13 125 47 -101 170 37 -179 119 123 -122 -240 -34 5 -70 -93 -64 90 -225 53 -57 -219 2 91 -244 -118 78 96 -86 210 199 60 106 118 -241 -90 11 70 -213 -217 208 -169 -193 107 -144 -13 -16 -243 105 -87 126 -188 215 120 -142 -215 151 -184 -245 226 3 -120 27 -75 -158 -183 -31 -8 95 -113 200 -229 -26 -20 -182 -203 46 165 -14 -59 183 -94 -84 31 161 -227 -9 -81 -119 227 -23 -139 76 176 -62 -115 160 169 21 191 80 -15 -5 -220 38 -175 -52 35 54 -181 58 195 -129 166 -233 205 147 50 225 -32 -174 124 81 74 136 -178 17 36 247 102 142 24 144 -109 -73 -18 79 -85 -27 130 -185 228 -171 40 88 240 77 216 26 -98 30 -198 243 -186 -166 -133 -162 75 -194 -43 193 122 86 154 34 104 -76 132 -189 22 -72 -91 -201 -248 -103 -160 -116 83 -111 -79 171 -177 231 98 -123 -22 -200 188 -134 -53 178 -92 12 -155 168 -7 248 -46 97 -17 66 164 218 -136 -223 117 -151 111 73 15 241 -117 146 128 -78 67 -21 20 219 -47 103 -191 -161 139 230 -77 -42 194 232 55 -11 92 -135 0 -99 167 -150 197 201 -157 -108 -236 -180 -156 -45 7 174 19 -163 179 -140 -221 -235 -247 -55 -226 116 -196 177 -214 -48 -68 -242 -121 223 65 137 -149 -211 203 121 204 153 -25 -40 -153 152 52 115 10 -30 211 33 1 229 -167 175 6 -1 94 61 41 -239 222 51 162 -65 234 148 -37 -67 23 -147 135 109 -58 -199 233 -170 133 163 108 85 -224 134 64 18 -130 -168 -63 44 43 -202 129 -152 -107 -173 202 112 221 -137 -54 -83 4 -208 -102 -187 -36 -106 -190 196 -218 220 110 -165 -237 236 -100 -234 -105 -132 -205 -71 -209 -249 59 56 72 187 -49 212 238 185 224 39 63 186 -88 -146 -61 181 141 -60 -51 150 -110 -10 -230 -44 145 249 48 100 235 -164 -29 -89 -238 214 -56 217 138 -38 69 
TEST 99 ARG:35 203 36 -74 -211 -187 209 -80 189 -175 102 149 241 -92 29 17 -166 169 -16 188 -99 146 -179 -176 210 41 100 -174 -161 34 -233 131 234 167 50 -193 -18 -84 151 -50 -97 172 -5 -116 158 186 220 -163 -20 207 247 5 -28 231 -123 -162 147 120 232 -204 8 9 -39 213 23 -33 39 233 38 18 -53 104 -121 123 -128 57 -37 51 -220 42 -191 -125 175 -114 66 -146 -25 185 166 -122 171 107 32 95 134 45 -210 24 125 -231 -138 -89 -209 -60 -65 -75 183 133 129 -217 -194 190 -243 121 -129 64 -93 187 249 155 117 -206 85 110 -208 -149 -196 -42 -190 65 235 136 -244 -205 93 153 30 178 -110 -226 -242 226 137 44 -127 56 114 26 214 -182 -151 40 -27 0 89 180 -76 62 -107 115 4 71 -48 -235 86 -245 -24 -153 88 106 -136 -68 154 3 -189 -47 -83 -168 242 -228 -100 -96 -207 -229 -64 92 43 -59 -85 -126 225 -34 16 -120 208 -227 -8 -54 141 -237 91 103 142 -81 -90 197 206 70 59 191 -241 199 -56 -45 211 109 2 201 -52 245 105 248 -105 -91 -212 -247 -98 87 -234 -70 -132 -230 192 -49 -185 -133 113 49 -55 -238 -7 -113 -215 -13 -46 -106 -15 -239 -156 196 -214 -155 139 182 198 -197 -69 -222 195 -118 58 -103 244 -148 -250 168 -3 15 -216 236 227 219 28 246 -201 -67 75 83 193 -82 -30 204 -23 -22 -21 -104 -159 160 72 12 200 -171 -19 224 -2 -160 68 -181 -134 -240 22 53 -200 -152 96 -51 -4 119 -202 156 47 99 77 25 135 -173 67 -141 -167 -232 -94 202 118 -36 -145 165 157 -147 -158 13 -131 33 -26 173 -223 -77 80 243 -224 10 124 -32 -57 238 212 69 -139 37 -95 150 -115 -213 -192 -221 -144 179 84 -157 74 -178 -17 -137 79 82 -172 -246 -9 237 -109 94 194 108 161 -35 122 -14 -170 -40 -11 127 -183 6 174 1 14 81 -72 -117 221 -78 217 215 -150 20 -184 -186 -219 -154 145 -79 -12 78 101 111 230 148 -218 -165 -10 21 -198 -143 163 -119 -108 -248 -71 52 31 -88 -236 98 90 11 222 46 152 -112 -44 -169 205 170 -142 240 229 -73 228 63 239 -130 -140 -62 162 -101 -1 223 -249 144 -86 -41 -225 -102 -111 140 184 218 138 -58 76 -180 -203 216 60 -124 54 -87 126 159 -188 -38 181 -61 130 48 177 -31 27 73 176 -135 97 7 132 55 112 -63 -43 116 128 -66 -199 -29 164 -164 143 -195 19 -177 61 -6 
TEST 100 ARG:-224 147 183 -195 118 10 112 -3 80 -36 -20 -107 -250 157 198 -203 64 20 86 60 108 -104 187 48 200 179 -122 207 -240 -160 68 -222 -161 -123 -90 -248 1 40 202 -54 -233 87 -77 186 -68 -13 188 -180 107 -184 -153 -110 -124 -91 -33 -204 -65 194 123 148 237 14 99 -18 81 -187 246 211 25 117 214 160 143 181 -230 222 -127 199 78 -84 -144 178 243 17 116 85 -117 182 -25 -198 219 245 -126 -237 -168 153 125 -229 -22 -59 73 -99 190 -199 -45 -85 227 173 -245 -243 -26 -227 191 174 213 -216 42 -247 -5 126 210 165 -42 -79 11 -196 -64 32 -133 75 33 150 239 -132 175 -140 230 115 -105 -158 249 -74 -170 7 -205 -27 151 28 -108 -136 -172 -174 34 89 195 -60 -32 79 136 109 140 -101 208 235 95 -14 94 37 -98 -246 111 54 6 -39 -244 -218 242 57 63 226 49 -139 218 15 248 -40 185 -43 -232 -46 -223 18 206 72 -236 -50 184 167 -113 134 132 -71 -47 -131 36 -171 -228 204 144 38 189 -155 145 -10 -72 -181 19 -44 137 232 -190 139 70 124 172 101 -29 83 234 -63 -129 61 -12 41 -73 -225 59 -97 -141 240 -146 51 50 152 -226 193 -164 -87 171 102 52 -162 67 23 158 -143 -238 98 -169 -57 -163 66 -23 2 5 -55 110 -61 -157 27 113 -109 -88 -234 -75 156 -213 53 106 231 -179 -82 -125 236 223 215 -100 -208 127 -116 -191 170 -30 119 241 -96 -197 159 -152 -241 -137 141 65 154 -231 -150 -167 -182 82 -192 69 -56 -220 192 -119 229 -166 -81 -114 -138 29 -147 -235 120 -211 13 130 16 -28 -217 212 -239 -66 88 22 -112 -221 105 -52 -51 -193 46 133 -8 164 -35 -21 -194 161 3 93 129 -202 9 -210 149 131 -142 228 44 43 -19 104 -135 247 177 -185 -156 -7 -69 35 8 166 -219 -4 96 -41 -177 -48 30 -17 -11 97 -173 -70 -89 -86 209 197 -186 -53 238 114 -49 12 -183 100 -92 128 92 74 -188 155 21 -2 -93 -120 162 39 176 224 0 121 -148 45 244 -214 122 205 -102 31 55 -15 -212 -215 217 -128 -34 233 -206 -78 -201 -37 -165 146 -9 -6 24 -207 76 -151 138 -103 -1 168 -83 -130 180 -62 -38 -121 -200 -94 142 201 58 -111 203 -106 -115 -76 -134 163 77 -154 -176 -149 91 135 -16 169 71 26 225 103 -31 -95 -118 216 4 -209 -175 -24 47 220 56 -178 62 -189 -159 -242 -145 -80 84 196 -58 -67 -249 90 221 
TEST 101 ARG:210 58 -133 29 -90 -108 -164 -191 227 93 -228 199 -162 -196 50 -51 38 51 -45 -131 55 246 164 -248 -220 -219 -73 -67 -227 -161 -107 195 123 -173 -37 -185 35 -154 181 9 198 -65 45 -183 143 238 239 179 -170 -120 247 -140 -239 245 -208 196 -84 -18 242 -187 -225 -175 222 193 -52 166 101 -10 -226 131 109 -201 78 -7 207 -2 -221 -244 53 185 125 182 172 80 -212 99 59 -233 168 -195 -236 73 -143 -93 22 121 206 -53 -126 16 37 126 161 -165 90 -60 -193 -188 138 -24 68 -230 -69 -19 -97 -128 -20 113 -101 -218 -87 170 -82 151 -152 25 119 -74 -112 -199 -63 -33 142 -58 -203 -8 167 85 67 197 -153 -232 -71 -48 -100 -174 -6 146 66 -113 212 187 -11 237 209 -95 62 26 -14 124 54 -81 -106 -234 -137 -138 249 61 95 -136 -35 -29 -132 -159 -206 -145 -89 -111 180 130 -86 65 229 -160 145 236 -216 -168 220 -43 11 226 -205 -149 4 -235 -181 -5 -186 133 -54 231 10 -213 204 7 -123 -184 173 -245 13 97 154 208 -209 69 -103 120 190 15 -21 -38 -135 -77 -242 -31 -180 -34 192 115 -47 -121 -36 20 42 -134 14 -144 -156 136 1 0 244 -247 -229 103 70 162 177 194 33 -163 -102 -85 -46 -68 -115 219 104 60 28 -250 -124 -224 36 -76 -127 87 176 43 137 218 -125 -59 149 -75 -13 98 57 -57 5 -122 -169 152 -22 -39 39 64 -16 230 76 -192 18 3 141 202 223 -146 6 240 -139 228 -222 114 -197 129 -204 -3 79 63 -55 56 -155 -27 89 82 160 243 -4 75 107 112 -194 -190 -42 -15 -147 -119 102 -80 -25 -237 215 235 8 -56 -249 -241 30 159 12 -217 -41 -104 116 200 -88 -44 122 77 134 -96 -167 2 -211 -72 -182 -141 40 211 -243 -114 88 248 92 -92 155 234 213 163 -110 -166 -105 -151 46 171 -118 203 205 -78 -246 188 186 84 -158 -12 100 -207 -30 110 184 49 -1 81 -189 32 147 111 -178 -66 -150 24 -83 -50 -9 -157 144 216 -116 -215 -117 241 -177 175 118 201 -214 52 178 -130 -61 -198 -17 71 -223 232 157 -23 128 34 -28 94 -200 217 -238 117 -79 -172 -32 41 27 -49 139 -148 191 -99 -142 -62 91 189 -240 183 44 108 169 -64 132 23 224 74 221 165 148 -70 86 -231 233 -26 127 96 -171 150 -129 135 174 31 -202 -109 106 140 158 47 -179 72 214 -40 -94 -91 105 156 -98 -176 83 19 17 153 21 -210 48 225 
TEST 102 ARG:-24 -231 -124 165 188 167 -182 -32 -237 247 -218 -194 -240 101 -65 100 0 249 -73 -139 -222 208 56 -106 -249 -113 -174 -219 -242 -2 78 -233 173 -107 117 -228 -85 -243 10 58 -204 122 161 -210 -183 95 73 -248 -54 48 -44 30 -216 241 -62 -168 1 51 29 94 97 -142 -63 178 105 44 236 214 112 -159 6 -170 -157 148 -122 -112 -171 120 227 -214 -246 -202 -161 -196 -86 -34 -55 242 -14 -45 -52 88 -229 -18 124 172 -93 -247 213 248 11 42 115 -149 -97 69 -190 34 -71 217 -20 -179 -133 169 138 -51 232 -26 -136 -121 182 -61 -192 -173 -201 158 146 -227 -47 81 -11 62 54 -209 -89 116 -135 31 226 -33 -239 171 119 -244 151 -189 24 224 53 225 -223 20 246 132 -39 126 45 195 -127 185 91 205 -70 139 -130 41 156 216 131 211 174 181 64 -180 -1 109 191 25 -236 -59 79 -91 -36 113 -110 -95 -40 -184 114 -211 -169 -193 96 9 18 3 13 40 202 -206 -66 35 111 212 140 -198 76 7 -163 14 -68 -178 228 193 -22 -150 209 -152 137 218 -205 129 71 -203 61 -186 -220 134 -83 23 87 -87 136 39 -147 -126 184 102 -138 -88 -108 -181 -221 -104 -156 -177 77 206 229 82 238 -145 -119 -30 179 -140 -16 244 -101 -153 153 67 47 99 63 -103 147 -148 -114 49 157 170 -79 204 -23 203 192 -167 -208 175 145 107 166 -13 127 -31 200 -160 -238 231 207 60 -42 -225 -141 -8 -21 223 -132 -64 133 121 239 12 -165 -245 141 -188 74 -120 150 -60 163 36 222 189 -212 -46 176 70 -100 16 -172 -37 154 -158 152 89 -82 240 143 -137 -125 -25 -7 -111 90 -6 85 -77 93 -129 -74 -115 -102 128 -118 123 -17 186 -151 -58 92 84 164 -4 55 155 -57 130 198 -234 -80 234 -175 245 68 -49 -9 197 243 -99 215 -90 -123 -199 21 -27 233 230 210 98 -154 -69 72 168 -250 -50 219 -134 -76 180 -56 235 220 -131 -98 -200 -41 66 104 5 57 190 22 -43 86 -195 -3 177 4 28 19 -96 144 26 -155 221 -29 103 -117 142 194 125 -176 15 -164 110 -197 83 -185 201 -92 -109 106 -53 118 -81 -146 52 237 187 -232 -116 -75 -67 46 -166 149 160 108 2 -226 -48 -19 -10 37 -78 43 -94 32 -144 -5 199 33 65 -38 -224 -230 8 159 -35 75 27 17 -105 183 38 -187 162 -213 80 -128 135 -162 59 -12 -207 -191 -215 -72 50 196 -217 -241 -15 -143 -84 -28 -235 
TEST 103 ARG:229 113 57 -237 -249 -23 47 6 -167 -58 4 -195 11 -203 -189 9 120 30 168 -73 248 -172 -59 194 71 81 97 185 -134 -72 205 -224 -38 116 127 -51 -27 -154 144 -242 -44 156 13 -99 -68 -46 80 103 -19 49 77 129 -229 -214 178 184 -151 -190 -29 -210 -143 -33 182 -10 -7 -139 1 -192 222 -163 23 161 -233 -80 225 -152 -18 -108 7 192 211 -199 164 51 24 60 54 119 243 -150 64 31 -102 -85 217 169 -62 79 -103 204 153 -159 -100 128 -14 -206 -35 86 -111 -162 16 93 -34 -22 -30 -93 -171 -202 202 -20 -211 218 154 -50 -160 84 -168 195 -122 -13 45 104 186 19 -248 -200 -169 143 99 -186 -212 -56 196 117 244 -183 139 -60 -239 -205 -45 27 165 33 226 -39 -57 25 -128 239 20 70 214 157 -216 -182 233 -232 -235 18 -79 219 59 155 73 245 -191 -176 -16 -71 21 228 85 -126 149 177 41 -114 -130 220 69 114 -218 238 201 -219 -231 17 -90 -136 -201 151 135 12 -158 82 53 -64 -87 -52 109 -69 -208 -101 111 48 -121 -76 -124 -144 28 26 -104 -187 -63 -12 -209 -157 -207 -194 147 -88 123 -188 -41 58 189 193 145 -96 -180 -213 -17 95 -48 132 -131 -15 203 78 75 -98 142 131 -177 175 14 112 -53 -112 -78 -137 -120 197 65 -89 -197 38 50 163 40 215 -24 -198 -43 141 240 174 35 -91 5 105 -82 -28 -36 -217 223 -185 -156 90 -92 98 -173 100 -25 242 -174 133 -109 -175 118 159 -49 230 15 216 152 172 -3 -250 221 115 -74 -8 -83 198 88 -66 29 94 246 -246 -133 76 -61 -226 146 0 208 -32 -123 -238 173 63 8 -97 -243 -147 37 -70 32 231 179 43 241 -127 212 -146 -166 -245 -4 96 -125 224 235 -9 -153 150 199 183 -244 39 -227 -55 -138 125 -181 -164 126 137 72 34 -129 -37 67 167 181 68 -94 122 -230 -193 -184 -67 -142 62 -65 -106 121 249 -117 66 247 236 -84 -119 209 200 -77 52 -105 -247 162 -223 213 -54 -135 -113 -165 -179 46 -118 160 -26 110 158 -21 -107 -42 -178 237 140 56 36 130 -86 -170 44 136 87 10 -140 190 138 42 -220 108 2 227 102 -75 166 -31 -221 -6 -141 -241 92 188 74 170 -81 61 106 -225 207 134 89 -155 22 -47 107 -115 124 -40 -161 -196 -110 -116 3 206 171 -228 -148 91 -236 -1 -204 -2 148 191 210 -145 -5 232 -234 55 83 187 234 -149 176 180 -215 -222 -11 -95 -132 -240 101 
TEST 104 ARG:241 -70 -136 54 -213 -172 100 -163 -239 -26 51 -155 199 78 183 -230 -84 244 164 71 148 -126 92 80 219 -62 237 -112 -60 168 84 -56 -128 -206 7 90 -1 96 143 220 66 -175 17 25 70 -242 -67 -6 -116 -224 -193 -188 169 236 69 185 -63 144 -119 135 -236 224 -19 247 -174 -91 -40 45 -151 132 167 -23 12 -171 189 105 -190 -165 -66 65 -52 -220 130 -162 228 -113 -226 32 -38 -178 -233 93 128 -237 -223 -10 14 -219 166 133 115 33 -12 216 -211 221 -121 95 -54 -152 -201 211 232 215 -17 -150 -200 159 249 11 -248 79 -16 -125 121 149 3 113 -158 -232 107 -202 -170 -241 88 227 -186 -214 -3 -169 98 -32 155 0 122 147 -127 -181 195 -95 -87 34 201 -34 -149 -49 -225 39 -64 40 4 26 -196 -76 142 75 112 181 -247 -198 -203 -61 -195 -183 137 -14 -218 117 125 -9 210 -30 -82 -227 42 83 217 153 238 214 208 129 106 243 -243 -148 158 85 -118 -13 -166 -132 187 -159 245 53 -80 231 -104 -107 -99 119 151 240 37 233 177 -110 239 191 -245 -31 21 63 -90 -249 -120 175 68 209 180 -217 8 145 -4 -156 62 103 -210 213 -96 141 -51 184 200 131 99 28 58 -41 -205 46 89 31 182 -102 10 -98 44 20 179 86 109 -234 -48 -11 222 -204 -122 -141 -167 -21 -115 -244 -154 -179 -153 -123 -75 -73 138 -143 -124 50 -117 176 -142 16 -109 -47 -81 102 13 -144 -46 72 206 -246 -8 -208 81 18 57 -88 35 -83 108 -146 226 -53 19 163 -86 160 91 -192 111 -94 -93 -65 -15 -50 196 -135 -164 73 -221 29 -85 -68 -25 -69 -177 -55 186 67 -18 -228 9 43 59 101 127 110 -157 30 223 172 246 -114 118 -97 87 204 203 -2 123 150 36 194 -71 82 94 -7 -129 235 -79 225 60 -185 -137 171 1 -212 77 -45 190 -28 -176 -111 -229 -134 -78 104 -77 -100 202 -184 124 6 116 76 234 -133 242 61 -182 -105 -89 -20 -238 -187 207 -44 -231 48 52 157 -106 -194 134 56 -189 -37 -240 -5 -173 -138 218 205 -24 -42 -27 162 -36 -43 161 173 -191 -222 197 -58 114 -108 49 -92 -130 15 136 -131 97 5 24 193 -103 -147 38 -59 -160 -74 -101 -215 -22 178 140 230 27 248 -250 -180 192 -199 -72 41 -33 -145 -235 74 -207 47 188 -209 -35 165 -140 -57 22 -39 -29 156 -139 170 -216 -197 229 146 152 174 64 126 154 139 212 120 23 198 2 -168 55 -161 
TEST 105 ARG:-63 -249 194 164 -223 128 -136 -1 -199 229 89 -94 -64 27 -162 215 191 -121 187 -2 -234 -28 -16 13 2 126 -184 183 26 -243 -197 -128 95 -100 -220 -163 -107 71 224 -50 147 -89 -37 171 -105 138 -191 38 69 92 173 -144 -125 168 162 -13 -65 -5 200 -56 248 -134 -17 36 -221 160 -36 -161 206 249 -75 -207 159 88 149 -137 -240 -108 133 -20 107 111 -19 -195 -43 37 213 -91 112 -135 84 -42 236 179 55 -88 -142 223 -177 64 227 -102 -186 63 193 -211 110 146 155 -70 23 -55 -155 151 -53 78 77 -235 -248 18 -80 -18 -219 -118 -106 182 166 -113 -189 244 -244 106 -93 -10 247 -168 -194 -92 238 -82 -33 -104 154 196 -22 30 1 -165 94 74 -77 51 -180 -96 -245 50 -201 -174 -146 122 -130 212 -127 -151 -222 -226 86 125 -217 -67 -129 -73 -7 -188 58 -14 41 -224 59 -74 -31 -97 -141 68 46 -202 97 52 48 -173 -66 -178 -41 -3 -133 67 231 -119 121 79 246 -205 91 -124 134 90 -148 -159 170 -76 -237 -79 103 -8 -111 211 217 -112 -145 -122 176 -160 -231 101 197 204 222 148 109 198 167 221 75 -21 -209 -192 9 83 -166 232 99 -115 54 -35 -233 -213 199 186 72 119 -85 228 102 202 104 234 226 -38 62 129 117 -29 -132 118 240 -158 -215 123 -23 -208 242 216 239 113 11 201 -250 -153 181 -126 190 -26 158 135 100 -116 33 57 -98 225 -59 10 114 -40 237 -212 39 40 235 -138 -247 152 -68 32 -198 -47 174 -12 -90 -156 -103 76 87 219 184 -238 70 -236 -62 45 -25 -24 -114 -150 24 214 66 -11 -149 -210 156 43 -61 80 -239 -99 61 16 142 -110 -123 153 34 180 -48 -83 53 42 -181 98 -109 0 203 -172 -143 81 44 -204 47 -15 -95 19 -4 130 161 189 131 -169 124 21 -176 172 218 -27 132 -131 -164 85 93 116 -196 -187 195 14 -87 185 -175 165 188 -54 -86 -185 127 15 -227 163 175 29 -203 -183 65 -214 120 -84 -182 207 -46 -241 -49 6 -117 31 -30 -44 143 -140 233 209 8 82 25 -179 -81 96 -216 115 208 -190 -167 230 -152 -72 7 17 -78 -6 -69 210 73 145 141 -232 108 243 35 4 137 -52 -157 245 -171 -58 -154 -246 49 -230 -170 -242 140 -139 205 -193 150 -206 -45 136 178 177 157 -51 -32 60 -57 3 12 -101 20 144 241 -39 28 139 5 220 -229 105 -60 -147 -218 -120 -71 22 -9 -225 -200 -228 -34 192 169 56 
TEST 106 ARG:198 -232 -188 211 128 225 242 -54 -217 186 -69 64 67 15 113 152 43 88 -61 -131 243 136 -63 72 -147 -196 214 188 233 30 -112 -30 -245 -5 150 -67 -35 45 -87 61 58 -183 -118 -10 50 -65 -139 -179 2 -127 -224 -186 34 210 -62 179 236 208 35 -48 -242 117 83 80 -231 235 234 -92 -199 -96 125 112 38 -117 -41 -122 -220 212 110 160 -70 199 119 42 219 -98 36 248 1 153 -102 115 -55 244 -78 172 96 -204 49 109 20 -249 -110 174 -90 223 202 -182 71 -28 39 97 11 -148 -212 146 62 -175 227 215 -105 163 -75 216 -3 116 -155 -195 -42 191 -228 197 -84 151 18 178 -113 -166 203 13 -103 144 177 201 124 247 -6 173 26 209 182 -200 -190 196 10 135 -108 -206 232 -221 107 -207 -218 127 -180 -37 40 -85 -44 155 -60 -141 33 -97 -12 -126 -125 -53 -234 -100 102 -15 47 65 57 -40 46 -143 -50 -193 86 -91 -23 220 -56 -1 -248 -9 -181 -167 -80 129 183 -164 -152 -161 -184 5 52 -154 85 -43 -121 104 31 123 -51 -247 -26 -16 3 74 -201 75 70 126 141 -176 139 158 -64 108 0 -187 -45 111 54 -158 -46 -209 -244 -89 -227 114 59 231 -225 101 -149 169 -81 120 -79 159 -138 28 -237 68 -86 -215 161 -223 -25 138 -236 194 -168 82 -177 130 -159 -116 -68 -174 237 -230 78 195 89 16 229 -144 23 -77 44 239 170 -17 118 -130 -18 -59 -239 230 -135 76 140 200 -151 193 81 -189 91 -99 66 -24 -94 213 -171 -173 121 -246 27 142 147 -4 8 6 92 55 -7 -88 25 -52 99 -222 53 217 204 -34 -238 -111 -241 -66 165 -156 -240 103 14 -106 90 162 94 -134 105 -192 -104 218 -153 -142 205 156 -29 143 184 -82 -74 175 241 -73 51 -19 -136 -119 -250 133 -93 171 207 95 7 -22 17 73 185 -140 224 -21 -165 -101 -170 122 9 240 -150 87 -31 21 164 -191 -2 -123 166 -185 -115 -58 -120 -8 -198 -194 -202 48 93 60 24 77 -33 41 -160 -133 -32 32 -208 -197 176 189 -229 56 69 -124 -145 -216 190 -27 134 221 168 -226 -162 -114 -214 148 98 37 12 -20 -233 167 106 132 -203 -14 63 -128 -47 -95 -243 -132 137 79 -178 187 -211 -169 -129 84 -157 -163 -83 -137 228 154 -146 -72 -71 222 -11 206 245 249 246 4 181 -107 -49 -205 -235 238 29 226 -76 -213 -57 -210 -172 22 -38 192 -36 180 -39 157 -13 100 131 -219 149 -109 19 145 
TEST 107 ARG:128 -183 199 51 191 37 23 -212 162 79 129 -231 152 8 -157 -228 212 168 -129 140 43 31 -204 -76 -206 68 -75 11 -14 186 160 201 34 -166 -149 9 -52 -185 -194 88 -169 200 135 234 -45 -90 -81 173 -220 18 98 -238 38 53 -197 137 93 -54 -8 177 214 -4 -50 3 28 155 61 -189 -100 221 -105 99 -89 122 -141 246 124 -35 40 17 193 171 -93 107 -68 245 -176 131 -221 -236 237 65 150 228 210 102 52 -99 -164 -43 -48 132 16 241 12 190 -10 174 220 86 -77 -133 125 33 -103 -118 224 -145 -61 67 144 146 120 -184 91 206 -56 183 235 213 -101 66 176 -151 -128 -11 -44 139 240 -73 10 119 -156 -95 -174 48 145 -173 -86 -223 -187 -64 239 87 -16 -195 243 -168 41 123 115 76 27 -32 -27 126 -227 196 -5 232 64 -116 -179 50 -122 -153 21 203 112 -88 -121 -96 157 154 -237 169 -177 -51 -196 -154 -167 24 167 -106 -30 -222 -66 0 153 -160 -120 20 204 39 -37 42 -124 -41 222 -134 134 -13 -131 236 74 -65 -146 -60 114 -188 56 -74 81 165 -91 -55 184 161 82 -25 -202 110 -152 -84 84 -148 -210 7 90 73 207 77 80 -17 -182 -15 138 226 -207 133 208 248 156 -136 -138 -155 202 -12 -159 225 -219 163 44 -143 -248 95 -249 238 -117 179 -172 -34 -198 104 58 -163 -59 -211 -170 136 148 85 -180 46 -57 -239 -104 164 6 -67 -123 189 175 -250 60 -190 -225 108 94 -31 149 -125 229 -39 -80 -205 -245 -21 116 -20 -40 -192 117 -209 26 97 89 -216 5 -147 -102 -242 103 247 195 -234 47 100 -18 63 -7 -42 109 -130 -191 -62 -85 -186 -111 -235 106 59 78 -6 -83 -171 -1 178 142 96 -137 75 -214 15 244 13 -135 -181 14 -23 181 35 -144 159 113 -108 -126 130 -82 205 180 -22 170 -240 -29 92 49 -162 233 -218 -19 -246 198 -78 118 158 -243 -224 -229 36 -213 -33 -230 -119 111 216 -161 29 242 -46 57 2 62 217 -217 -87 -49 197 -115 -113 -36 -142 -114 -72 -193 -200 209 -203 -208 211 19 -107 166 -150 -178 127 -132 54 30 -98 -226 -92 249 -233 22 70 172 -241 -71 4 -175 -28 215 -244 -140 194 -26 -215 218 151 45 223 1 -139 -94 -247 -127 -165 -24 -2 -53 105 147 -79 -201 83 71 -109 -58 72 188 -69 -232 -9 -47 -158 227 192 141 185 182 69 101 219 230 -38 25 32 187 55 143 -70 -112 231 -97 -63 -199 -3 -110 121 
TEST 108 ARG:-200 54 8 100 -154 109 -221 235 208 -122 -67 19 -61 -231 97 180 239 62 -117 144 -212 167 -145 -144 77 -54 -41 107 243 179 20 -101 108 130 28 -146 65 -48 -199 -215 -205 -27 221 139 35 119 -241 76 164 198 -116 -51 94 -90 112 -70 30 101 -60 -2 -80 -228 46 -40 50 189 -141 67 171 151 -155 10 182 -130 51 203 -180 -190 86 194 -12 217 117 -74 48 95 121 232 -124 38 173 -75 -123 13 238 106 37 196 -33 231 -245 5 -149 115 -6 145 226 -104 -32 158 52 -250 -14 -17 80 -174 70 63 110 -42 25 -248 191 163 244 -103 -78 199 140 91 -23 -150 -238 -120 40 -65 -201 152 197 224 -196 129 -198 160 78 -140 -59 236 -162 -82 24 -10 155 -36 211 -153 -209 248 141 -115 -97 -242 16 -77 3 142 -230 -237 -233 14 0 156 205 -143 150 4 -76 -56 61 34 -84 45 -240 159 161 111 131 -166 -31 -57 181 103 -69 -135 212 -4 -108 175 -193 21 134 149 -164 -133 -112 228 -126 -204 195 -71 245 11 -26 -202 209 -18 -165 132 -187 122 -222 133 -110 162 -55 137 210 225 -92 -207 213 -128 -179 -226 -172 -151 204 -46 177 17 -203 -138 -185 -156 -148 -111 81 -83 218 -249 104 -189 127 15 -105 60 93 -16 -28 -118 -102 -11 -114 7 36 -157 74 148 120 -161 -223 -35 75 125 -68 -95 -21 185 102 -22 -81 193 -168 233 64 -244 200 -3 -236 -94 192 113 237 222 -19 90 66 -62 -63 234 -171 -7 -142 -44 -219 169 188 172 -43 79 -194 -246 -213 -195 246 -178 -58 229 -91 166 114 -159 -206 -188 -214 -134 -227 186 240 187 -129 72 57 -119 147 -132 -224 223 -96 -169 44 -192 -113 22 154 -247 69 59 -217 -160 31 92 85 -29 -175 -64 -137 23 18 68 -186 -243 -50 -107 -170 -9 -139 -220 87 227 -53 -13 -79 136 -24 -183 88 247 43 53 249 83 -38 82 96 157 42 207 183 -218 -30 -234 84 202 26 -136 -25 49 12 -163 -158 6 -1 -98 123 118 165 39 -88 -147 -66 -125 184 168 9 -73 176 138 56 -49 -216 -86 -15 216 -34 143 -99 -191 -211 -93 -87 -235 124 -109 -20 -173 -177 230 73 146 -121 -106 126 -232 29 220 201 -89 -197 -184 -229 -39 58 -131 71 116 2 -37 -181 -85 -47 41 -152 -208 219 -182 99 -45 -100 214 174 -5 47 215 206 -176 27 242 170 -239 1 32 178 105 -8 241 33 -72 153 128 -127 98 190 -52 -167 55 89 -225 -210 135 
TEST 109 ARG:57 154 -197 204 168 -248 99 239 -218 232 -199 -30 62 100 -121 167 -226 38 68 -46 59 -100 205 -149 61 211 222 -111 -103 -137 -98 8 188 82 -43 -204 -150 -65 -201 2 186 35 -52 149 145 133 -122 -34 -105 200 50 -75 -50 219 -179 -130 15 128 43 94 -119 -131 -5 229 -205 -113 -129 -195 13 -12 224 131 113 -51 -127 151 -83 -146 44 221 155 -20 21 -31 51 158 -88 163 177 63 227 -191 -138 71 -9 -26 -125 -231 -76 -95 228 101 72 160 135 42 -81 17 144 -217 -232 -126 -213 147 -78 137 88 60 126 -147 70 -181 185 90 -29 178 226 -114 -211 -222 -246 -180 -220 202 103 91 233 20 -240 96 -86 174 10 76 66 83 217 225 -74 -235 14 213 58 -92 53 -101 -45 52 -11 -94 -187 -210 171 -59 183 125 -22 197 -141 31 -58 192 -166 -91 98 243 -163 12 -25 46 -167 -8 -40 -15 1 93 -223 120 -53 117 -79 -38 112 28 235 -247 -1 196 -55 119 -203 41 -239 -168 -160 218 -236 4 32 -69 172 -212 240 -249 -221 -165 45 -152 -132 -109 -42 210 121 -82 -72 -63 236 150 -135 -18 -158 124 109 -185 30 -77 -171 209 -13 -233 73 -28 -173 27 -193 -145 -62 -80 -14 -229 111 -230 89 -97 238 104 102 -89 77 216 138 234 0 108 116 56 -48 37 -161 122 -123 -32 79 97 9 245 -106 -36 -93 194 241 -33 65 -118 118 139 81 -39 184 201 -244 -104 242 -124 -164 -90 123 165 -66 -21 -234 182 -49 -175 -112 195 215 105 -70 -68 132 244 166 -24 -194 75 19 136 78 23 110 -27 -208 176 -178 203 246 -184 114 3 223 -85 193 130 153 -237 -182 159 175 140 198 -202 -84 -47 -224 -35 84 -140 -142 169 -156 -162 -174 80 249 -23 67 106 -134 -60 127 -214 -170 -157 -64 -159 -54 -250 231 -238 212 -102 189 161 64 -209 -3 39 164 -17 -225 173 -169 26 156 141 208 -107 -188 29 95 -144 36 -183 -139 -176 180 230 92 -186 24 -4 248 187 134 -189 207 -133 -67 18 -192 -245 -99 -172 -116 -37 -128 -207 -206 -215 179 191 -61 -96 -200 -190 -110 -154 25 55 6 206 -177 49 86 -143 143 220 87 54 34 115 -151 214 33 -57 -56 148 170 -227 -155 -241 5 11 162 -7 -148 247 -71 199 -73 16 22 -115 47 146 -219 142 -10 85 -44 181 107 152 -6 -16 190 129 237 -117 -153 -198 -216 -228 -87 -120 -19 -243 -108 40 74 69 48 157 -196 -41 -136 -242 -2 7 
TEST 110 ARG:-229 171 -161 -138 -149 239 62 202 110 -111 10 -27 -29 72 -39 -49 38 17 234 -14 93 -18 -105 -204 130 -137 -25 -150 79 -172 147 -189 230 -173 37 13 140 -163 -193 -220 -183 -47 136 -16 203 -212 67 -48 45 -99 0 -1 39 149 -164 -77 46 -218 -118 -112 50 -151 181 212 47 232 86 -152 66 -215 117 185 -82 196 -240 -217 -198 6 100 95 -97 231 -223 183 -177 80 -136 -84 -131 49 159 -187 -12 -23 248 208 -20 193 -52 138 169 91 -38 134 126 -3 -226 2 226 26 -209 122 -34 -242 27 -246 -203 -232 214 162 -5 84 209 -166 -24 14 119 165 -42 -116 25 106 -188 -90 63 94 -206 243 -110 -219 -21 4 -159 175 -88 131 -93 85 -245 235 101 -62 -129 -141 -160 90 -102 81 -104 -186 197 -17 170 33 -211 -94 -7 198 -125 129 184 -145 -80 127 -192 240 108 87 137 11 73 -133 99 176 -10 -250 -63 -222 -147 158 -53 22 152 -230 139 249 -87 105 194 153 12 21 15 34 -117 77 -144 96 -115 172 59 -201 -247 146 -121 -74 242 -184 -26 141 210 225 -241 -61 237 204 28 -243 160 174 97 -234 223 29 -168 157 228 16 111 -156 75 199 -30 227 64 246 61 -9 103 -96 -100 -19 -190 68 -32 -207 31 244 -4 120 41 -216 -70 143 -228 104 -171 191 -86 8 132 -83 -244 44 155 -194 -143 -178 -128 -181 -233 51 23 233 -238 118 115 57 -196 166 200 -132 236 7 -35 54 -2 -175 145 -107 9 83 92 -208 -54 52 -200 133 -64 -176 219 -140 135 121 30 -231 224 114 -98 -95 82 -180 161 -135 74 70 245 -72 88 -68 221 112 56 -224 -236 -55 216 -79 213 109 -46 156 -235 -170 -179 40 124 -69 -248 -167 241 32 217 71 215 188 -78 -71 -130 -185 201 113 150 247 148 206 229 -6 36 -213 18 -92 -169 -119 -44 -106 -146 151 -221 -202 -109 -31 -182 -154 76 -227 -66 123 65 186 180 -73 60 -122 -43 -214 -36 -205 179 -58 116 163 43 -22 173 -127 -103 -126 -158 102 144 107 35 -11 -191 -249 -101 -237 20 98 218 192 58 207 -15 -65 -51 187 -174 3 178 167 -120 -139 -123 24 -142 220 -239 19 -28 -13 48 -108 -113 53 -155 -124 -8 177 -162 -165 69 -225 222 -50 -81 5 -148 -60 182 -37 154 -197 189 195 -157 125 -33 -59 -91 190 -57 -76 238 -89 164 -199 1 78 205 -114 -75 42 211 -41 -67 89 128 -85 -40 -153 -210 142 -45 168 -56 -134 55 -195 
TEST 111 ARG:-244 25 -194 216 51 -165 -57 -153 -104 146 -37 17 -122 -117 -225 -56 -98 -160 209 -5 175 67 -135 -16 -66 -185 122 161 112 -92 -20 -218 -59 -73 -4 162 -129 241 -93 -28 -157 100 141 224 16 198 -85 81 -231 98 -169 -24 140 -148 -131 -193 9 160 -55 154 117 176 -211 189 -103 -97 233 -224 -121 206 -61 -2 -36 2 147 82 -1 -96 -26 -220 -102 155 -44 130 179 -45 105 -81 -205 -203 -88 18 -212 60 -49 -127 -52 71 116 -182 -201 -222 -178 169 -67 229 -202 64 70 -189 128 108 -13 -130 196 -210 -27 230 -106 13 -50 102 47 -250 -241 36 125 -143 -90 210 163 -3 -35 42 52 -188 245 -72 -181 -215 244 21 12 75 -243 91 173 178 -65 88 164 -79 49 194 -164 -111 126 48 165 -15 192 65 -58 94 -171 -184 139 59 -18 -206 171 35 7 56 129 -128 -166 -99 -233 -34 -213 95 -173 -108 28 158 19 29 -163 31 -195 -84 204 -91 246 172 187 124 86 -82 15 -249 -186 -70 151 -12 211 -113 93 89 157 137 -22 236 -25 -80 -248 58 208 -183 -140 150 76 -124 -217 222 72 127 -46 -77 -8 142 227 220 -75 -230 -176 -240 212 119 170 43 -141 -69 -94 106 193 185 -29 26 -245 -112 -95 -142 215 103 202 240 191 -151 -192 -38 90 114 -78 -19 10 249 144 138 132 30 134 166 -6 145 -149 -155 -247 200 6 149 156 97 238 -228 -198 -11 -47 207 27 -62 -48 37 199 -63 -147 92 -68 183 73 -51 101 77 -236 -138 -161 -221 -39 168 -31 32 -191 -162 217 -109 -125 20 153 121 54 225 205 84 131 33 203 -74 -239 184 -214 -152 -174 -196 -107 0 -23 41 -238 -71 242 -32 -105 188 -89 -126 221 -43 -180 -76 57 74 46 -216 -156 -242 -175 53 -10 152 -234 -232 107 22 -167 -145 -136 -246 -199 219 -219 -172 -30 -120 40 135 237 247 234 133 -235 -86 -146 214 177 -179 87 55 -229 -118 148 174 63 -21 -208 38 -7 -53 167 1 -116 -83 -159 111 232 99 186 -132 180 -207 44 -227 -60 -123 80 181 -115 115 24 -101 -170 -168 201 34 78 14 123 4 136 -110 -41 231 -87 243 45 -17 5 -150 -158 -134 182 -204 -100 -114 118 3 79 120 104 96 226 109 -197 -187 190 -209 -144 8 -33 -54 239 -237 223 11 -154 68 -42 195 -200 85 -14 113 218 197 62 -190 -137 23 213 -139 -64 -119 -226 69 50 228 -133 61 39 110 -223 -40 143 235 83 -177 159 248 -9 66 
TEST 112 ARG:236 -147 159 160 -108 -171 -68 -244 -148 -135 206 230 -239 93 144 -78 148 -13 202 106 3 -9 49 -76 -101 -242 105 -137 -226 145 -32 176 120 124 214 112 184 246 -151 67 -185 203 -97 -183 -212 239 185 -77 123 76 -25 -232 5 84 82 191 137 21 248 -164 14 52 228 -48 -110 109 -235 68 -66 -247 -18 187 244 125 -121 -7 -197 -29 34 -119 -179 -246 23 83 113 233 128 -172 216 -67 -182 178 -143 -98 158 -49 168 -123 -102 183 42 -218 17 -72 -209 -176 64 -240 -170 -206 156 223 12 -44 48 40 140 -215 200 -245 -114 218 121 11 186 182 -75 215 2 -225 27 171 -58 -227 -189 92 -27 6 -10 -203 59 -15 157 -11 114 -166 -111 50 19 -81 154 57 181 -249 193 58 234 55 -130 142 -191 -122 -169 -161 -155 -19 -190 231 -201 -175 -138 -36 -109 107 -113 85 247 138 102 232 118 -180 134 96 -93 146 -96 -22 -41 -103 -153 111 -8 -178 25 143 -62 -63 89 -127 -5 226 10 -220 -83 194 -37 79 -126 180 100 -16 24 213 152 -158 -20 -116 -199 149 224 63 -26 150 -139 237 -192 245 -233 36 71 -107 -53 220 -35 30 -64 119 -237 33 87 192 -150 -65 -174 20 35 8 -144 -165 153 210 56 -60 -2 -157 -229 37 -47 -195 -69 -82 -230 22 169 -223 13 219 -177 198 110 -30 16 62 -216 -45 -222 241 127 196 29 -248 235 -154 151 -217 229 -181 -24 -187 44 189 -73 -3 -128 -80 -74 -196 122 38 -92 -57 -207 190 -50 126 -89 41 197 240 -140 173 249 195 -88 -241 -131 -55 225 69 108 73 -28 -188 45 31 -59 51 -106 -236 133 -228 204 -54 -56 -145 -159 -162 -1 28 209 -204 46 -17 -208 81 88 47 53 1 -134 117 32 91 -133 -243 -210 4 -213 129 -94 -142 179 162 -61 -136 188 -198 -132 -51 95 166 -104 103 80 78 132 -52 -4 207 177 -173 -156 -38 -46 -115 -21 227 66 -224 238 -95 94 222 -250 -70 75 -200 199 86 201 167 -6 9 -42 -184 70 136 161 -100 217 212 135 147 -117 -202 -40 172 164 174 -205 -79 -105 -12 205 221 74 104 -90 175 131 -163 -125 -186 -168 -120 61 99 130 115 163 116 -23 -194 -112 -238 141 208 -211 -160 77 7 -43 -231 -118 -39 170 65 15 -71 155 39 139 -34 242 -91 101 -14 -31 -33 72 90 -86 0 -124 -214 -129 97 -221 165 26 -219 54 243 -85 -84 43 211 98 -152 60 -234 -141 -167 -87 -193 -99 -149 -146 18 
TEST 113 ARG:174 17 232 -206 -143 234 -173 -16 -131 54 -195 176 238 89 -17 214 -106 25 -233 -242 188 6 15 -193 -162 -37 4 -128 219 111 -95 14 20 -218 209 -11 80 243 167 -199 9 -117 136 88 -152 195 236 -238 -49 -122 109 -126 170 -24 162 -175 -142 -207 -125 96 -63 -115 197 -100 -246 -29 -232 -213 216 -4 65 -72 -74 61 43 135 -208 -27 -103 -133 225 29 -200 42 99 222 173 35 -192 131 191 -58 108 51 -127 -99 -14 -132 -164 97 91 -79 -108 107 34 -121 82 187 160 -146 55 145 32 239 69 -190 -42 186 159 -224 10 245 150 -94 -217 50 49 -136 156 -123 -65 -2 -30 56 190 -177 2 31 127 -155 -184 -151 133 -60 -80 120 86 85 23 242 -159 -52 -188 117 -19 -178 215 -96 106 -98 -124 155 -141 -23 144 -15 -144 76 -244 -21 101 58 38 -158 -59 165 110 -236 137 -214 158 -31 246 198 -78 130 78 47 40 5 53 48 -101 -185 -139 -225 -20 199 -75 11 -73 79 -245 -88 124 -223 185 -34 -69 -210 -160 192 -227 -105 206 72 139 -148 -150 -71 -222 -170 -102 161 -9 183 -61 244 -12 231 -5 103 102 -211 221 63 146 19 28 -228 247 115 -25 83 229 -197 -64 151 -67 180 -109 -50 -92 -138 -84 -234 30 70 141 205 90 193 -171 207 -33 132 122 230 -87 24 212 68 84 41 -66 36 147 -176 -107 0 -172 -231 -45 138 -40 126 235 73 -203 -35 -119 -28 -241 129 27 62 163 -182 -32 45 179 -181 -250 67 -135 -54 -161 -48 77 33 121 -216 -68 220 166 210 -198 153 104 -1 -10 112 1 -179 -47 -145 7 -196 -205 -76 -202 98 26 -41 119 -53 -44 128 94 113 196 -154 -85 -166 201 22 -219 116 152 218 248 177 194 -186 237 202 200 -201 8 -147 -38 -157 241 57 -220 -97 -91 -221 -230 211 -7 -140 -18 -156 226 213 59 125 181 143 224 -111 208 233 168 123 87 142 105 182 -226 -194 171 -104 44 -168 -89 -82 -86 75 -22 -83 -43 -114 175 223 37 66 -26 -249 140 249 -77 39 -229 -235 203 -3 -51 -36 12 64 -39 100 21 -57 240 92 172 -209 -215 46 227 -110 -247 -239 -13 -8 228 157 -180 52 134 217 204 -112 -153 -174 93 -118 164 -130 -56 -163 18 -6 -81 184 -212 148 -237 -165 -240 -120 -204 -70 -183 95 169 -134 -46 -149 -169 -93 71 154 149 -187 81 -243 -248 -55 -129 60 -116 -113 -90 189 114 118 178 -62 74 13 -189 -137 3 -167 16 -191 
TEST 114 ARG:22 -209 -118 -183 92 190 -128 -243 79 189 238 -250 -143 230 -43 114 -5 203 -13 -158 -97 -244 -71 -42 -102 163 -10 -148 -216 130 51 -59 136 15 -178 -7 -203 -101 -122 243 -29 180 -246 213 -235 208 70 99 -151 -16 -202 204 -67 0 106 222 -114 -247 91 -127 43 234 -230 -41 -26 61 177 145 34 -147 227 248 54 72 -22 160 40 -133 215 223 -100 242 -65 -233 249 -163 -79 235 -142 -46 103 86 247 -159 192 -31 -221 -222 -111 -212 107 -165 210 -227 117 -44 93 150 -137 205 2 141 -12 -73 -248 108 21 244 -220 229 241 4 -76 -236 48 -231 116 19 -175 151 49 -161 131 -149 183 129 102 217 -109 76 -98 -205 226 10 -154 14 -191 29 -140 -188 143 -223 -240 152 66 146 200 187 24 -125 178 221 169 -83 11 237 -210 -99 -211 83 78 -116 110 -131 109 -156 89 137 -239 84 18 -199 224 85 -57 128 -136 -173 -207 246 138 -190 -3 172 -33 211 56 -232 -176 -85 87 -132 36 55 -192 17 240 101 1 154 -54 -224 147 -168 -112 -196 133 -180 209 -36 -47 -121 167 -105 186 228 -62 173 -53 -120 -24 -238 -117 100 -167 132 -171 47 96 216 41 73 -204 39 155 -89 82 -91 -187 236 -208 191 71 -6 -172 144 -146 -197 181 -189 -229 -226 -50 -249 -245 -119 126 -155 -123 159 195 -228 214 -213 -80 134 -195 -58 -138 135 201 65 77 -144 -1 74 -95 165 -68 -184 27 8 -129 162 -75 220 62 -108 -182 81 185 -150 13 97 -113 184 53 -35 -34 -94 182 -11 -88 45 20 164 -64 149 -153 69 139 -201 -164 175 -61 188 23 115 -96 12 -169 140 64 161 179 9 218 95 -60 -2 -110 63 67 94 -9 -134 38 124 123 -51 -145 -185 -93 148 90 168 -87 -74 26 -77 105 -115 231 194 112 -130 -103 75 -69 -237 -92 -186 -160 233 198 199 28 -32 232 98 157 -78 176 -198 -63 158 68 -242 -19 -181 -177 -37 119 -225 111 -162 -141 -39 197 -107 142 -219 239 3 -56 -86 -139 7 -28 171 127 104 -104 -30 225 -20 212 -90 37 113 -124 -200 88 -135 42 -38 245 -194 -48 -84 -21 -126 -193 118 202 60 -81 -215 122 6 -55 -66 57 -70 153 -72 -218 -174 206 219 156 31 -23 -40 44 25 -52 -234 -4 35 46 32 -166 16 -214 166 30 -18 120 193 -217 170 -241 -15 5 -152 -14 -49 80 -27 -8 -82 52 196 121 -170 -157 -179 -45 125 -206 -106 -17 58 174 207 50 33 -25 59 
TEST 115 ARG:21 -173 15 -51 117 -159 107 -141 201 -214 -2 199 68 -245 152 164 167 76 -242 -248 60 -171 -227 -6 -182 63 -82 -50 -181 -65 222 -176 208 -124 248 -42 38 48 -70 -48 180 -100 123 244 125 149 10 99 175 -247 -196 75 3 -57 -239 137 -89 170 18 205 110 134 -144 -138 -18 -153 -198 128 -218 -221 218 26 171 -217 212 111 213 -185 188 -131 -240 151 -74 -106 -230 -244 -139 -224 246 -33 -237 120 184 124 -125 40 131 -233 102 -128 82 231 -120 -236 -197 -118 -78 -191 -12 -187 -68 106 39 -157 -26 -146 157 223 -126 210 -119 -30 -98 54 -111 59 -29 -201 239 112 81 193 79 -84 70 -19 8 72 24 100 6 156 -241 174 25 5 7 -43 -166 0 53 -72 -149 14 28 -204 58 144 -41 47 114 -195 -231 138 91 -229 -59 98 87 194 176 150 122 43 67 113 -174 -155 132 -127 -163 34 66 -238 116 -192 -28 -44 -25 235 -104 127 97 153 126 178 32 -55 -22 23 240 -71 64 129 4 -64 -160 197 -115 189 -93 141 -38 -97 209 56 229 -130 130 -39 80 92 169 200 -162 -20 20 -83 -232 -121 217 -49 119 -148 -66 241 -117 220 13 -67 -207 -152 191 -58 -17 -69 -114 61 233 35 101 202 215 -180 -105 225 -63 -31 -206 -3 94 -225 93 -35 177 -156 -52 -61 154 -81 -145 2 172 -203 203 96 198 159 42 -4 -172 146 11 165 31 238 -129 -194 105 -107 -80 71 173 -23 -53 36 -246 185 86 -184 -161 -27 -123 -16 -88 140 19 -170 182 -168 -199 168 -91 155 9 211 52 142 -222 -7 -15 216 73 243 -103 148 118 45 78 -205 236 62 135 22 206 -193 109 -94 -209 30 -188 214 -223 -99 -62 -73 -86 -113 -179 -96 27 228 -219 -189 -220 -37 -137 187 50 -95 160 12 74 -34 -140 -249 186 158 -36 -77 -143 -235 49 95 -110 37 -215 1 -154 -250 249 237 -134 181 136 232 57 147 -135 29 -213 104 -186 84 -79 69 -56 139 108 16 -200 -122 163 -169 143 -5 17 -8 65 90 -211 89 -178 -40 -164 -210 -9 196 -190 -54 -112 247 77 -234 195 -158 227 -11 166 -101 -60 234 -32 88 242 -243 -165 -76 41 115 83 -228 -136 -13 -116 -175 -142 -212 -167 -102 33 133 161 224 -46 -1 183 -10 -216 204 -47 -108 -45 -85 85 192 -202 -208 -21 -177 226 121 -226 -75 -183 221 44 245 207 -150 51 -133 219 103 -87 -90 55 -14 -109 -147 -24 -132 162 -151 230 -92 145 179 46 190 
TEST 116 ARG:-92 -54 31 34 -195 -118 8 -128 -43 115 -21 -111 220 -192 67 -45 223 -206 172 -121 -228 -100 236 0 38 -16 -153 -126 -175 -220 -84 -41 234 133 127 -49 29 237 -244 113 -131 -215 139 -245 -173 -35 -114 -246 -72 -165 83 158 -241 -109 -152 -81 147 -115 72 214 -26 -82 -33 242 -140 -94 68 -222 184 232 32 -200 -64 173 176 -127 47 128 -243 230 196 112 231 -23 92 18 -102 64 58 -55 -158 -164 -60 -107 23 -58 136 145 227 124 89 7 -105 -106 118 106 80 -7 -185 -66 -4 -61 203 195 -198 -48 241 -190 110 121 -150 239 -1 -196 194 -142 -125 90 -239 155 4 -6 98 -231 140 33 134 -129 -194 177 141 60 21 224 -36 -70 -52 43 12 6 65 107 96 -136 -218 -197 85 -11 -17 -145 50 186 178 -108 -163 57 -9 109 63 156 -93 191 129 171 167 -151 206 -184 -210 25 181 229 215 216 116 -103 249 71 -225 30 -248 -67 -180 122 79 131 -233 -143 -219 111 -187 114 -59 146 45 52 66 -85 -122 -19 -202 179 209 44 -147 200 -134 -204 -53 208 228 42 151 -57 160 204 -34 77 -75 37 -80 46 -235 -171 -83 82 19 235 247 10 -120 154 219 -88 137 165 244 -191 198 212 9 -31 -226 225 14 88 5 54 69 -211 -159 -167 174 -146 -51 126 -8 -69 -144 169 -27 -186 -78 -22 -132 153 157 -77 -116 -229 -40 78 152 130 59 100 193 -87 -104 226 -2 27 76 20 -199 -232 -227 99 -133 93 -156 190 -148 -138 -130 -65 243 1 -250 123 -139 -249 -62 218 150 -39 -181 -25 -112 189 -135 -37 -24 202 101 -15 104 35 -3 -124 135 -217 -201 -224 -188 120 87 -157 222 197 -38 -216 16 84 -97 -242 -161 -149 -32 -44 213 -234 -213 103 207 246 -68 -176 28 125 201 180 36 -166 192 -223 -10 -28 61 199 -162 -98 -73 210 11 240 -214 -50 53 217 119 149 -91 148 -29 -208 -209 24 168 -240 -20 40 -247 86 74 -101 143 -89 -212 211 48 51 -95 132 -230 138 73 -30 -168 162 -179 13 70 -207 142 105 164 -174 -189 -110 182 -154 3 -177 159 15 144 -90 91 -155 41 55 -236 -56 117 -99 221 238 22 245 -96 187 170 39 102 94 -74 -79 188 95 -14 -205 183 -12 -169 -42 -182 166 185 -63 -71 75 -5 -160 2 -76 17 -46 -237 -221 81 -193 -117 163 233 248 49 -141 97 -178 -203 62 -183 -13 -123 26 -119 -238 -18 175 -47 56 -86 -113 161 -172 -137 108 -170 205 
TEST 117 ARG:78 178 -101 -86 -72 72 132 -155 -237 -76 231 -100 205 -64 147 244 -38 142 -110 -113 206 -22 119 238 14 188 227 77 67 -111 52 82 -245 -63 -44 -96 -230 -54 187 -202 -242 245 -125 -83 -27 -53 -10 -175 47 -235 101 153 -135 -41 31 37 -26 -239 196 -66 -91 -89 16 -211 -108 134 237 -57 233 -234 118 198 133 -167 -172 99 92 34 -246 45 -114 21 124 -140 183 223 17 81 33 -150 -2 75 154 48 190 -30 151 44 19 -50 -77 -163 -74 202 -232 -196 -106 0 164 40 -20 -25 122 -107 -80 148 218 236 129 213 28 189 -104 170 4 -218 -229 5 29 3 -84 225 8 -197 -212 145 171 107 240 160 -82 -166 177 246 207 9 -88 120 221 -191 -224 176 117 42 138 -37 -29 -47 -165 127 139 -173 -42 79 184 -61 159 -133 104 7 -78 -162 200 -177 -40 144 212 -139 -221 -144 -81 91 203 -186 -204 242 -17 -215 247 -131 -226 128 12 87 -164 -97 -67 -126 -87 -231 229 -75 -12 -68 222 20 146 -35 -194 234 -219 -238 -143 15 -3 135 -99 -184 140 185 192 59 -154 150 186 -227 2 -170 149 -216 -236 175 94 56 -193 168 98 27 208 -159 49 -8 -241 -249 -55 125 -188 162 26 -123 -11 121 -60 110 -51 155 156 158 -19 165 -119 -69 76 -247 41 197 -178 13 -210 -225 -7 195 -207 -36 55 -118 80 210 -243 216 24 -248 -228 -16 -185 -149 43 -33 -179 89 18 -120 -103 -240 109 11 -1 69 -28 193 -208 -223 -250 100 -182 102 85 -98 -174 -169 -65 -4 -147 -203 173 169 199 -93 -85 -115 -46 -73 248 -161 53 -56 -39 239 -209 -15 -201 39 -62 108 -138 -70 -153 143 35 -157 152 230 -171 -34 68 95 70 163 194 -128 -90 -24 -190 116 -127 36 -48 62 219 -121 181 105 211 54 136 -23 -181 -142 -148 241 88 -109 -176 113 25 -49 -5 174 84 228 157 126 -206 179 215 -213 -198 -160 -129 -137 -122 112 182 -59 214 -134 32 -116 -158 50 166 61 23 -43 -222 -244 -217 -13 -71 -124 114 -205 74 73 6 -102 46 -105 -18 191 96 -58 83 -183 -189 64 204 -214 30 -79 51 243 -200 -192 -31 -92 63 -112 -220 -199 66 -151 131 -145 232 -6 123 -9 22 209 137 -146 -132 -180 -156 65 -117 167 141 -187 -136 226 -21 -233 90 58 -141 220 -152 161 10 38 1 -94 235 57 86 97 106 180 71 -168 -52 -95 172 111 -45 93 130 -32 201 103 60 -130 217 115 249 -14 224 -195 
TEST 118 ARG:226 -192 208 -175 5 -81 108 93 26 -194 12 109 10 -59 188 182 -121 -221 23 175 155 167 169 -10 78 99 -70 119 0 4 -28 156 179 -34 136 244 -4 -171 -134 232 -9 -19 89 135 166 -1 -31 239 -106 -243 -6 -222 76 96 56 247 -43 233 -123 59 -47 -82 -120 225 160 72 141 -55 -188 -2 197 -69 -191 -112 134 111 220 -160 183 -225 90 27 203 -241 -58 -50 -39 -95 91 -200 61 -205 -242 68 15 -237 -244 234 37 126 -115 -144 -117 174 173 -20 1 -150 -7 106 231 11 -103 46 -66 -204 -143 196 -229 -46 -154 80 -168 -151 218 -165 204 -247 200 88 -27 -8 -40 -142 245 -146 152 39 112 -239 47 -80 190 246 50 -182 -52 -166 -223 248 -17 -203 -60 -122 -30 -92 -189 -132 31 74 192 100 146 -62 -207 150 -53 -227 117 -14 214 -232 40 -65 -89 -45 103 -125 92 -71 -230 -74 -226 -119 -162 217 -51 -249 -152 223 -84 -219 -42 8 3 -29 -128 -185 124 153 230 -220 158 6 131 -38 157 198 -245 163 45 186 -141 -246 -214 201 -90 35 -224 133 241 -186 44 -36 180 -196 48 -63 -114 110 -215 51 -118 -248 -250 -233 237 -173 127 164 209 -209 -231 -105 -136 -238 17 -147 33 83 -104 191 -174 154 -72 210 20 -201 19 -167 -213 -109 105 -111 194 -57 73 170 84 187 -97 70 148 98 -41 206 -99 219 55 -157 9 202 -211 177 -24 145 -48 123 -164 -16 102 62 -85 137 189 -98 -130 -22 -124 87 116 -56 120 211 -193 -126 185 -87 -11 128 249 -91 151 -149 213 118 -35 81 139 -32 101 107 -44 82 -145 228 -181 -153 243 125 95 -190 38 49 184 -64 -218 242 -75 -177 -159 147 -184 -68 -116 162 212 13 115 -133 -161 -228 -156 57 -86 235 -170 97 -202 130 -73 69 121 -178 -61 -176 -197 -139 229 138 -113 36 16 -79 227 32 236 77 -172 114 205 63 172 199 -183 -210 -13 224 85 64 122 -15 -21 -158 -208 -76 -138 -235 240 18 -129 2 -187 144 -140 168 52 28 94 165 132 -131 -155 -102 -18 -163 43 -5 -195 -212 -83 142 -240 -37 -110 129 159 -49 171 71 222 -94 -107 -127 21 29 -169 -179 -93 149 66 207 -236 58 -148 -199 -78 -198 -135 60 86 -100 104 143 54 -137 -54 -101 -108 41 25 14 7 -216 221 -77 -26 22 -234 -217 -67 216 161 42 -96 -88 67 30 215 65 176 24 178 75 238 34 140 -206 193 181 -23 -12 -33 -180 -3 113 -25 195 79 53 
TEST 119 ARG:140 55 151 7 104 163 210 238 243 -42 90 109 -86 -185 -127 222 -242 135 27 -30 -117 -143 -35 100 -83 -55 -165 -195 -60 -87 -113 40 -226 184 -156 -131 -39 -9 71 -61 -8 -36 -112 15 -245 -164 136 -4 -248 -77 249 -99 12 -12 -170 -34 -132 33 -161 96 28 148 -78 -100 57 123 -53 82 -158 -188 -103 -89 5 -197 -190 169 4 124 -115 -152 -81 145 -116 -205 -56 -168 31 236 -207 -212 -66 48 -215 -234 146 17 -180 -114 185 139 38 39 -162 153 -204 -169 226 -51 114 -229 49 157 -121 -163 -10 175 -174 227 213 69 -247 160 -26 -15 -244 242 24 203 -93 -172 -90 -211 66 -151 -106 70 127 -134 143 -181 138 61 44 -40 241 -213 -120 41 176 -192 177 235 233 221 -123 -147 1 -184 50 201 -186 154 -110 -74 19 32 95 -128 216 -72 63 -46 207 94 6 83 80 -139 -187 141 166 -125 -230 142 87 211 150 -150 246 -64 -214 -153 88 -221 -166 -154 -243 -141 -44 -1 -102 178 204 159 -97 220 117 -155 -19 14 244 102 239 68 202 62 121 -201 -237 11 -38 200 98 -24 18 -130 -122 -18 54 22 60 -202 -217 133 -107 -28 132 164 -58 173 156 -5 217 229 -48 -68 -233 91 -216 86 -41 -13 188 -88 -223 -227 -59 -219 -73 67 81 219 168 -232 -193 58 -75 -176 79 -200 -80 46 -209 77 110 23 -71 52 -196 78 -137 -182 -119 -118 191 193 -49 -63 186 93 152 -157 137 167 89 34 -108 230 245 -50 -111 64 -43 -138 237 72 -250 -65 -82 116 -52 -96 174 -135 112 53 51 134 -31 218 -79 -14 -133 21 -6 -126 -94 224 130 9 -210 131 144 223 85 -45 -206 92 -148 247 -225 -203 225 198 -239 -11 -218 181 187 125 16 -27 -224 183 208 179 37 -220 -109 206 43 36 74 -62 -178 13 -21 106 232 35 -160 199 115 -17 -29 212 26 -16 -3 190 -173 -235 75 162 -183 194 -236 171 -57 231 -171 -175 65 196 47 -105 170 2 10 45 3 -241 97 -191 8 240 -194 -167 122 214 -33 -189 128 101 -91 126 -124 -231 -20 42 -104 180 73 29 -136 -159 215 -246 -177 76 -85 108 129 228 -144 -84 165 -149 -76 0 -140 -54 103 -98 -240 -146 205 59 195 158 209 118 -101 -142 189 -92 147 -37 20 -228 -249 119 -145 107 -32 192 -7 84 25 -47 161 197 -238 111 -69 182 -198 -25 -95 -22 -179 248 -129 149 -67 -222 172 113 120 99 -70 -208 155 30 105 234 -23 -2 56 -199 
TEST 120 ARG:45 -75 87 -179 -110 169 43 -162 211 244 160 154 142 -241 182 127 -81 -83 -21 -182 183 37 216 -161 48 197 -247 130 -38 199 -30 -228 -235 -3 105 14 63 -94 132 115 229 149 17 -208 161 118 40 173 -191 -159 -10 -226 -69 -246 -105 59 230 -152 99 -215 -61 73 204 140 -188 151 -18 88 -19 -194 -136 179 -238 -100 -151 -211 128 28 -209 -199 -82 -32 58 239 93 -77 194 -146 -144 97 -112 -154 -217 -86 208 -111 212 31 -164 157 247 -20 235 -180 57 203 19 -196 -195 29 66 -17 240 -121 11 95 30 236 -133 181 18 192 36 156 225 -67 187 -132 -192 -207 -163 -149 107 214 -8 191 -214 110 -234 165 -79 55 -150 -87 20 163 -98 120 -96 -99 -1 -127 -4 242 -31 -230 -71 -22 76 21 147 8 193 172 -153 -92 -205 233 -124 -148 125 12 -74 134 178 232 -178 -227 -216 -187 -120 -223 143 51 86 61 -56 223 220 -174 218 -166 111 -145 -28 141 -169 159 72 131 -68 227 49 64 -6 180 198 62 210 -107 -47 228 33 224 -59 9 -24 34 75 196 2 153 -213 -218 71 92 6 78 -49 -63 238 -113 213 -60 124 5 -57 -125 -36 205 -147 217 133 -221 155 38 -181 112 129 -224 10 168 -52 81 -219 7 -126 -139 68 90 137 -160 -212 207 -242 -40 -9 25 209 158 -140 -48 -222 202 -137 -101 146 98 94 177 79 -58 -54 231 -64 -11 246 -42 -95 -128 152 -72 -231 -239 -12 139 -70 32 -203 -233 91 -15 -53 60 89 -5 85 113 -229 65 -89 174 -109 190 144 -173 83 201 69 -250 56 -118 123 -142 164 -108 126 106 195 -177 167 84 -84 186 -106 -66 80 46 -78 -115 108 -220 -141 -156 41 -90 148 -200 241 -248 39 185 -201 -88 -206 -244 188 -186 -189 -197 104 -116 -119 35 70 27 119 103 50 44 -37 -103 248 171 -183 13 -76 -138 -14 -29 -13 42 -43 -157 234 102 -25 47 3 109 135 170 -80 -51 219 116 -33 138 -249 215 -236 243 -204 -46 221 176 -2 -26 -158 206 -34 249 122 52 237 166 245 -16 -198 -175 -237 -41 1 -44 145 101 136 150 96 54 -85 189 -135 222 -114 121 53 -225 -165 -117 23 -168 -7 -172 -240 -202 16 -97 -91 22 184 -62 4 -122 -134 -130 -210 114 -104 -65 15 162 -129 -73 175 -232 26 -155 0 82 100 -143 -243 117 -93 -35 -50 -27 -184 67 -190 -55 -45 -123 -170 -193 74 -102 -171 226 -131 -176 -23 -39 -245 200 24 77 -185 -167 
TEST 121 ARG:-51 -77 198 -173 145 195 -187 -14 -135 164 244 -119 -71 76 88 53 175 137 231 -221 -123 157 18 -60 -166 12 -205 217 193 -180 -43 213 -75 43 -56 54 0 -225 33 136 180 163 204 63 -23 -216 -145 225 223 153 -212 162 -195 118 -220 -206 -194 -219 229 85 3 119 171 -29 -47 112 -148 -250 -172 -167 192 -197 -20 -73 185 -130 237 230 -118 -87 179 22 82 -69 -99 64 99 122 59 61 -208 -13 -97 -202 28 -107 -44 -10 172 -6 -207 32 -33 199 -54 -199 186 233 148 187 -28 -58 -86 -139 -237 151 159 140 -147 -192 105 -154 240 -234 -114 -92 -53 -244 -240 -12 -59 -155 35 -188 15 116 83 108 -63 -211 -235 -35 11 5 189 17 -204 197 -81 93 101 146 190 -65 126 23 214 -98 -121 125 -102 220 -61 -19 -88 -34 39 182 -90 113 -193 -243 155 -151 114 89 246 150 243 219 -160 14 -185 -30 -214 -80 21 -78 160 245 -149 135 110 234 -11 -3 -1 19 -196 215 174 -229 -126 228 -83 -182 -177 -153 47 -5 133 131 84 249 40 169 -106 -109 -178 -159 212 247 -142 123 168 -137 -89 184 -232 -2 1 27 -17 218 102 -152 200 111 147 -37 -67 44 134 -93 91 242 -49 128 -116 4 -231 -79 46 75 144 127 154 -247 58 239 -48 65 -84 26 -134 208 36 -18 96 120 -127 196 -170 202 -31 -215 161 -175 -236 29 124 13 -218 -164 8 216 188 48 176 121 -21 56 70 142 50 206 -8 167 81 104 69 141 -76 10 -41 241 66 78 71 236 -228 -136 107 -15 94 248 115 -161 170 -143 -241 129 227 -138 -82 138 152 -238 67 7 -181 132 -25 235 -39 -183 -96 98 86 30 24 51 -144 -176 73 143 68 -184 -201 -227 25 -117 -105 -16 -45 203 -68 -242 -245 -55 -101 -103 209 -230 -111 -66 -113 181 31 224 -190 34 201 221 -224 -85 80 49 -168 41 -95 -132 -26 -223 177 -52 -171 211 -70 90 72 57 45 -122 -7 9 -46 -110 97 -248 -50 2 -158 -27 -112 226 106 238 149 -150 92 -22 -179 -108 -115 77 -141 117 -157 -210 183 232 -233 -91 -129 -36 -169 60 -24 109 207 -94 -163 -4 62 -131 55 74 38 -124 -217 -133 194 -42 -9 210 -104 20 -125 -226 165 -62 37 -239 -38 6 178 -191 -128 100 -222 -156 -209 79 -120 -246 130 52 103 166 87 139 -140 -72 173 -32 42 -200 -198 -146 -74 205 16 -186 -40 191 -189 -203 95 -165 -174 -64 158 -249 156 -100 -162 -57 222 -213 
TEST 122 ARG:-236 -64 178 -53 176 -114 -21 -109 -11 -3 139 123 -195 33 187 -130 157 -132 98 26 55 114 188 -47 -43 -190 -26 63 -127 -240 -36 127 10 134 170 161 175 111 227 -203 132 -146 17 39 -237 -81 -69 73 247 -32 24 -234 141 238 -77 -153 96 -243 12 -63 45 245 -110 -25 100 214 196 162 89 -167 143 -105 0 -226 -212 207 180 21 137 69 243 83 70 -183 -178 -33 -199 136 -57 224 206 38 152 -1 -216 91 -54 -7 -42 -128 -91 -222 -247 -225 6 -31 -74 -8 -41 -229 -143 -218 191 3 -181 -88 -170 169 -206 103 -83 -104 138 233 -129 14 -158 -61 56 203 192 -202 -138 -122 102 126 -14 72 -58 201 194 -185 37 -135 -171 -13 -111 99 198 -249 -149 -118 146 -29 22 125 -196 112 1 -20 167 -125 2 -38 42 -51 40 -242 -73 -193 158 209 148 239 -90 185 -207 47 19 156 -102 9 229 -99 110 104 124 -100 174 -116 -235 80 184 66 -194 -215 62 -4 57 195 -187 -250 51 190 23 46 221 -209 -97 49 -30 204 -155 -67 -106 -124 -46 -107 -75 149 228 13 -10 212 -144 -23 -101 95 -113 -172 54 -27 -147 131 -24 107 20 -93 244 150 -48 -148 75 242 -160 121 171 -156 163 52 205 -84 -140 -6 -221 -119 -244 4 181 -17 28 154 237 29 172 -15 116 -182 218 -224 -72 -18 65 -95 -117 -76 235 -87 -56 197 77 -19 118 -245 48 -175 133 -103 164 -157 -126 168 215 -59 30 106 -165 15 -152 230 -217 35 -208 101 -52 43 5 -169 -188 -204 144 -184 -150 87 -223 -96 50 234 220 -39 -22 64 140 -44 -173 -35 -115 183 -9 -192 31 105 -232 -89 246 79 213 -174 -200 76 18 -86 240 189 84 -239 -141 -98 -12 226 -142 32 -228 129 -189 -85 119 135 211 113 -197 88 122 7 -62 200 159 -133 173 -55 223 -80 93 53 147 -211 -49 59 -186 -71 186 -180 68 67 11 208 193 -238 202 -227 -139 -34 -65 -79 -16 -120 71 -219 155 231 -134 60 44 -214 -161 90 -166 -233 -191 -159 142 -5 -168 -136 34 199 58 151 249 82 120 61 8 -131 -112 177 78 -176 236 -163 222 86 -37 160 -70 -78 -40 130 225 -151 -213 -82 179 -121 -248 -241 92 145 -68 -164 -246 216 16 -92 248 109 74 219 41 -2 94 -137 -50 241 -108 36 182 -210 -145 -198 -66 117 108 27 210 -28 85 165 -94 128 -231 -123 -154 115 -201 81 217 -177 -45 -162 25 -220 -60 166 97 -205 153 232 -179 -230 
TEST 123 ARG:-99 9 199 -132 -12 5 -188 -143 246 152 -91 245 54 235 243 11 132 75 84 119 -112 -171 -250 -220 -74 71 -68 -184 -142 -190 -53 -183 167 195 -26 -168 -75 183 140 55 19 -32 123 -123 -21 186 -151 -118 79 -179 -154 34 -235 -83 -129 -173 241 14 223 177 -237 38 51 137 58 -241 116 -222 -94 203 90 219 218 -246 237 -200 -31 21 77 142 2 169 -37 205 62 168 -119 -212 -198 -30 15 -209 -227 227 -25 153 247 56 -148 12 179 -70 -4 -10 -96 -236 59 -128 -87 -64 129 206 -135 -204 185 134 -79 -155 162 244 -81 191 193 -249 108 -33 -146 20 29 138 220 -101 -90 -141 63 -89 99 173 209 -106 117 -29 114 45 23 -156 -125 -62 8 35 -185 28 -167 -24 -72 -194 -11 105 -244 -1 -234 37 160 7 -120 249 26 -161 -197 187 -6 -134 52 189 -233 236 113 188 146 -248 131 176 72 -98 65 -92 94 230 16 -66 192 197 -71 -65 201 -203 130 76 -137 248 155 86 -78 145 232 96 -187 166 -238 -240 -16 -164 -139 -73 -149 -213 -22 158 127 -160 239 -115 -61 -216 211 92 -28 1 -117 -174 200 -152 213 -52 -122 212 80 -158 -211 -157 124 -85 110 -121 121 215 -103 -159 4 66 224 171 -138 -239 198 -181 115 -15 31 25 222 -63 234 83 109 106 -201 144 -110 -40 81 -218 229 128 68 -162 -215 118 -9 3 -165 6 -8 -202 -20 -14 204 -2 70 -214 -36 60 -107 -50 147 -39 -176 98 43 -231 125 -19 -60 0 -27 -130 -207 -3 102 -199 100 -5 24 49 89 46 -228 -77 -57 -182 61 -86 -113 202 18 -226 73 -42 -80 -221 -150 -193 -178 -18 161 240 172 -38 69 -13 139 -172 13 103 48 -7 -140 -124 228 -105 -206 242 47 -169 -191 -127 -217 180 156 -55 -109 143 231 -144 32 95 -219 112 74 -116 -95 -225 -47 225 67 -69 214 64 50 233 -104 107 -195 159 40 -242 30 217 44 184 -35 -56 -59 122 135 136 148 -210 93 165 85 82 78 207 210 -102 -243 -175 190 -232 174 -84 -43 -67 -136 101 -247 -180 150 -230 -88 -93 208 -34 -189 -41 -208 182 -166 -108 -54 126 -126 -224 151 53 10 -223 -163 221 -192 226 87 -45 -51 175 216 -48 238 -17 -131 170 164 -111 178 149 -196 111 -44 17 57 -46 88 91 154 -49 -76 -186 -205 -97 163 120 -145 39 141 157 -114 194 -100 -133 133 42 181 27 -177 -82 -170 22 -23 -58 104 -147 -153 -245 33 196 97 -229 41 36 
TEST 124 ARG:-182 -221 -117 125 120 205 -172 -110 32 81 214 -88 195 246 -173 -120 78 -90 -185 182 113 238 -145 224 -104 -210 43 219 -8 -20 -250 15 -239 -34 -13 -45 115 143 117 204 -126 241 127 25 141 93 -219 62 -146 134 -175 -143 -189 132 140 249 236 -21 248 243 94 -151 56 69 192 119 198 -156 137 -141 -200 121 -50 167 136 28 -41 -133 71 239 179 -170 4 -215 -178 -214 82 -230 -30 -212 21 245 144 -228 49 209 23 173 65 129 -197 46 -60 -125 215 -134 -32 -111 124 2 -35 235 -187 -179 20 -164 -123 -12 130 -19 -33 207 -72 97 146 -47 9 116 34 7 228 184 150 -191 98 -118 152 189 -51 92 104 -17 244 194 -194 84 -59 53 -127 -25 27 52 -227 30 -149 -180 157 -102 -11 -99 -85 29 201 -86 -56 -116 89 169 112 -37 162 181 -27 -238 -181 200 -92 3 226 -94 18 -152 139 55 -97 -3 118 -109 11 -15 202 -248 86 164 -213 -142 -209 -46 -52 -137 -202 111 142 1 154 -158 -96 -190 -232 183 -147 -237 -220 222 -166 -58 203 35 51 175 176 14 106 -122 42 100 187 240 -226 -222 -139 -168 237 -167 -131 166 -101 -55 40 -16 -36 -49 58 -39 -124 64 -105 -144 -176 218 110 186 87 105 138 -67 -174 -196 108 -80 44 72 38 -70 45 -130 168 -208 -121 96 148 83 90 -177 -235 231 -244 -171 172 -43 -89 -103 114 -119 206 -107 -112 -26 -245 -183 -93 151 213 31 67 -29 70 -18 -114 -82 188 -224 -84 -234 -76 8 41 10 -44 -22 76 -169 57 -100 -249 19 66 -38 -78 -71 -138 -211 199 -129 -188 -247 0 -79 5 145 -233 227 -91 77 -64 -28 68 159 196 193 -113 63 -206 -65 -87 103 13 -66 233 232 -216 180 212 229 160 -23 -9 126 -108 -160 -242 -192 47 -159 128 -135 99 -83 -154 -203 234 -205 74 -184 60 -115 12 50 210 6 54 163 24 -31 -128 220 242 -157 217 -10 36 -204 155 26 -153 -1 -163 197 -229 80 91 -48 131 123 79 -7 73 153 185 161 -132 230 -150 225 -201 -5 95 149 17 -225 -63 122 174 -148 -155 -161 -81 -193 102 37 156 158 -61 -231 -68 211 -218 170 165 190 221 208 -73 -54 -223 -98 -198 88 171 107 133 22 -240 39 -2 -207 -165 147 -106 -246 247 -14 -95 216 191 -140 -42 -77 -162 61 75 33 177 -186 -236 -75 -24 -243 -40 -53 -241 135 16 223 109 85 178 48 -199 59 -217 -57 -62 -74 -69 -195 101 -4 -136 -6 
TEST 125 ARG:-174 -153 -65 39 99 150 -100 229 -157 61 -186 82 -180 -71 153 202 -36 -232 226 83 58 91 129 159 -72 -82 204 -33 -147 -4 -216 165 -179 80 144 -20 -128 -151 -101 -51 -214 47 155 72 -184 158 -209 -129 85 207 -118 -227 -204 77 106 247 -234 -14 -215 131 33 116 211 -225 130 180 -248 66 -69 -143 -114 177 20 102 146 189 -208 0 -120 -123 128 -32 -56 24 -246 196 -212 167 -67 50 -226 -16 156 52 115 -137 163 -119 -203 -164 -181 139 13 -132 138 3 169 -250 -29 176 -201 -77 -102 -76 -78 -173 210 45 90 -169 172 227 97 -213 68 121 -133 17 -60 -172 198 223 135 213 109 -103 -177 -111 -42 -241 -21 -195 -106 -233 -190 171 173 -31 4 -239 215 -176 197 125 -98 162 87 60 -218 212 242 193 63 -2 29 112 183 -97 107 26 199 -170 237 -6 -219 -18 -54 -112 -64 222 161 65 -149 192 -159 249 71 -94 18 -105 191 -86 -148 5 55 -52 -125 -244 122 95 231 67 -142 194 40 -130 230 -228 46 -242 118 -198 37 -161 181 43 233 88 -110 8 -89 -185 -144 -238 -182 -3 27 56 140 70 208 -126 -155 53 240 96 -222 -113 -38 15 -40 -99 22 -9 -167 -136 228 147 49 81 -95 218 -158 94 78 188 -83 -154 -165 23 132 92 38 101 203 -84 152 -45 10 -152 57 200 120 -7 113 209 -124 221 174 -61 -34 -92 86 12 74 127 168 -171 -85 119 34 -178 114 69 -116 25 166 28 -221 -10 64 -19 -96 -28 36 -156 -197 73 111 -127 -117 133 201 -249 234 141 -141 -66 -59 -35 239 236 89 143 -41 100 175 -50 -193 93 -80 105 -70 -166 134 186 -138 225 -48 238 170 51 -168 2 -27 -75 -47 44 -74 164 -189 -188 -49 -196 -217 184 -243 -191 -8 104 179 248 -15 -192 1 -5 -79 232 124 216 -175 21 110 -39 -37 -91 -140 -115 -150 -108 -122 31 75 11 -104 137 245 6 149 151 -131 243 -46 -229 84 -12 235 76 220 -55 244 -58 -25 -235 98 -90 14 -43 136 -240 -81 -236 -230 -220 -26 -109 -163 -223 117 -53 -1 -68 -199 241 -23 9 -93 -231 -44 145 -63 42 206 178 -205 -17 -160 35 -194 -200 217 103 -87 -57 154 7 -73 148 48 41 30 -211 -88 -202 -135 157 32 62 -207 185 142 16 -237 -24 195 -162 -245 224 -139 -121 -206 160 -247 -146 108 126 -187 -62 214 123 182 -30 219 190 -183 -210 19 -224 54 59 -11 -13 205 187 -107 79 -145 -134 -22 246 
TEST 126 ARG:-64 -212 -50 202 231 127 243 71 -103 7 -179 77 -155 183 -90 -199 -3 -220 -158 24 58 -190 189 -123 -116 -91 -87 -198 -62 242 -25 116 -133 212 -138 -55 -180 -92 154 39 70 -42 -119 -34 99 -97 -202 -194 227 -94 139 16 204 122 -151 103 -197 -181 -105 20 -117 -250 -237 47 112 130 102 -150 -247 166 -21 233 206 188 157 98 215 27 174 219 81 234 -71 95 -205 -206 -146 87 41 26 -100 -109 100 97 143 222 -78 -66 -234 -182 155 -166 246 -61 -130 -184 137 195 179 -174 108 67 -20 66 133 89 96 -236 239 42 -43 225 190 -126 120 86 194 -128 91 -163 40 208 -19 -171 135 33 -132 193 68 -204 9 236 -244 214 -14 229 -107 168 55 -231 25 -218 182 -27 -140 163 181 238 232 -232 -108 -60 141 -56 17 -175 -84 -147 147 -249 -161 57 -145 -131 210 -35 84 -111 -243 -219 -37 -239 -24 176 59 -82 161 -80 220 -39 145 -214 -73 128 -93 -88 -41 191 -129 -33 192 -7 -63 -121 209 93 109 45 101 -216 -83 -233 180 110 -200 62 -169 159 -238 169 213 149 -122 -96 247 10 4 -5 -102 -95 -28 158 30 -189 -213 111 50 152 -156 35 54 -228 76 -154 -241 -153 -201 -52 -240 132 -53 124 -104 228 -159 249 -2 -191 51 -77 -137 73 -134 -152 -9 -75 -76 -29 -225 -139 -164 94 -235 3 140 198 226 29 38 -22 117 90 18 -44 -135 121 -72 44 -69 60 216 82 162 113 34 -224 -1 88 -186 -16 -215 235 -65 114 11 -89 -4 -167 -115 199 64 177 -124 12 28 167 221 245 138 -11 -148 -68 -229 32 126 -136 -8 -141 48 -74 -13 104 -15 136 144 -142 36 -98 -207 -38 74 -70 92 -125 153 171 148 131 -6 -193 -210 -192 185 -120 -160 186 -221 -46 -67 106 123 -30 -101 -118 -81 -227 165 207 -12 -48 -79 248 205 37 46 -196 151 -86 142 -59 -211 164 -47 -183 211 -143 134 69 -188 43 -17 -173 80 -57 184 224 56 -187 201 -112 146 -222 -49 79 -144 13 5 217 1 -208 -127 107 223 -170 -113 -226 -99 203 -203 172 -217 118 19 -185 -45 -51 15 23 -40 173 187 -58 105 150 22 78 175 230 -32 237 2 53 -157 75 65 83 -168 72 -195 240 170 -165 21 8 156 -26 119 0 63 -18 -114 14 197 -246 -10 -245 115 -223 -149 129 -248 178 -176 52 -23 241 -242 -110 -177 -31 -106 125 196 -172 160 -54 49 -162 6 31 244 85 -209 61 200 -36 218 -85 -178 -230 
TEST 127 ARG:133 -103 132 -93 193 35 -187 -55 80 -31 22 -72 186 -197 -177 -139 209 -88 70 -121 187 -40 -194 135 -162 -126 -172 16 79 153 218 92 138 -207 99 157 118 194 191 -54 -18 144 -128 -45 158 -87 106 141 -238 116 12 -132 -111 188 207 213 -169 -180 -135 -184 -39 130 48 204 181 154 240 -84 -214 -130 -64 -53 -221 180 -127 125 192 38 142 -208 121 -131 140 -232 163 -16 222 -97 236 -195 -5 -116 51 117 -65 -77 -42 -32 15 74 -102 103 -125 -98 131 230 224 8 -51 -3 -142 -231 244 52 39 59 30 202 90 94 175 27 -198 -152 -56 108 -201 -183 6 134 37 -114 225 -146 -58 -106 -222 243 91 40 57 242 245 -226 -217 -227 -246 23 211 247 63 -211 179 174 -190 -75 -134 -185 -1 31 -19 -245 -101 -107 -240 -104 215 -74 100 120 66 235 182 -224 229 -69 -151 248 122 205 -47 -100 -156 167 55 7 24 -219 29 60 -235 -119 212 -46 -20 226 127 -8 112 171 -52 -196 -143 -109 -95 206 26 42 -2 -91 199 208 166 1 -228 -89 -43 -229 89 -6 -122 139 61 113 -140 219 41 -68 -96 -178 -236 -105 203 148 -12 11 -9 -36 -167 82 228 168 62 -202 -78 -170 160 46 -160 -21 -157 -79 149 246 -158 223 -165 -242 197 119 56 -10 -61 93 107 -76 97 -181 -110 69 146 78 21 9 -60 -28 233 -176 110 -120 -203 -241 -153 -233 -155 -168 98 -213 -163 201 83 -73 104 185 -108 -49 -206 216 -113 -182 14 -205 -85 0 17 -57 18 137 87 183 177 -186 -70 -138 58 184 -118 165 126 129 96 -188 162 75 210 114 -81 -173 3 -25 238 227 -7 -161 -192 -147 220 -250 32 200 -249 -239 68 -67 -179 159 -150 -154 102 -94 -34 198 -24 -23 -175 -71 77 10 13 -244 -4 85 -129 -225 54 178 -22 -80 -164 -166 156 -117 76 36 -115 -243 64 -220 -223 151 -145 143 -27 43 -92 19 -237 -86 -50 5 -41 -30 -141 -218 239 -123 -35 53 -137 164 72 -193 109 -149 -144 28 170 -209 -199 155 -215 86 237 -44 -204 190 -112 44 45 136 2 195 145 -33 161 25 -234 71 84 111 -90 232 -212 -200 49 -99 -148 -171 -63 -133 101 -189 -159 -174 88 -210 -14 81 -17 231 -13 152 4 249 -82 65 123 221 -62 -124 -230 73 95 47 214 124 189 -37 169 -216 173 -48 -136 217 33 -26 -11 150 -59 50 -38 -248 147 -66 -191 105 176 20 241 -247 -29 128 115 34 196 -15 67 172 -83 234 
TEST 128 ARG:-175 -119 -215 10 -5 68 158 -246 137 38 121 -57 166 95 204 214 -26 -231 14 231 -72 -156 188 -110 246 -229 185 -108 122 64 7 44 -214 -131 -44 -248 234 71 55 16 -76 -101 219 -177 8 226 -130 138 178 -49 26 -37 248 -210 -31 -181 -128 -187 -68 -173 -54 81 -67 108 -197 37 224 109 -35 -100 -180 17 -168 -224 -86 201 229 -143 154 215 195 187 -160 -145 172 -29 235 -125 -137 213 -17 -142 -126 -107 -228 40 -170 -190 -184 -117 -243 150 -157 -171 -216 -15 77 -189 90 86 155 120 146 -148 126 19 -127 -2 194 15 -217 -64 -149 186 218 82 -204 -191 -32 117 92 -198 25 -152 -3 -48 -95 156 -46 58 114 -133 62 -186 83 24 59 -162 -221 245 159 140 74 -223 -20 67 -75 -169 18 -91 60 203 240 225 132 -94 -81 -203 163 198 164 110 50 182 69 -232 20 61 -85 169 -69 -123 -202 -70 78 -144 -36 -153 -225 -99 -241 177 -158 152 -51 171 -112 184 -8 157 -155 -219 -212 220 242 212 -167 41 145 217 119 -53 167 53 116 -240 103 -209 228 -196 -230 -226 -24 43 175 207 0 -140 80 -77 47 208 36 127 -80 244 249 33 22 191 124 -38 91 -97 -12 -4 106 -11 -33 -23 2 72 -249 237 111 -146 -52 -218 197 -96 -135 102 -39 -174 -201 73 -124 -200 -234 -245 48 -78 101 84 105 -73 -194 -88 -7 -233 -66 -239 -82 88 31 -16 13 162 -106 6 176 123 -132 210 -247 28 -159 66 -79 -244 -105 34 -109 131 -136 -9 -74 -118 174 65 39 -129 3 -92 100 160 -58 -87 130 189 149 -185 -188 -205 70 165 4 144 -213 209 236 -227 133 239 -6 153 27 202 196 79 63 1 -84 -19 113 233 192 96 -242 -83 -25 99 21 -42 9 173 230 238 143 125 -134 -63 -103 -65 -71 -93 -47 23 30 87 93 -116 129 -50 5 -178 49 94 -141 -1 -45 54 -90 76 -250 139 -182 104 243 179 170 -14 -161 241 -10 222 115 29 11 -150 232 205 -56 -59 -236 247 -151 -41 -28 -98 -13 -164 168 -120 136 -21 206 147 -22 98 -18 -122 -55 223 180 142 -34 148 -114 -193 211 32 112 56 -102 -165 128 75 85 -183 193 -179 -235 -89 89 134 141 190 -104 -113 -166 -192 -206 35 -172 -138 -222 -111 -237 161 221 57 52 183 -121 51 151 118 -115 12 -154 -61 -238 97 -27 -199 -147 42 216 200 -207 -208 227 -43 -60 -195 135 46 107 -211 -30 -62 -163 -40 -176 45 181 -139 -220 199 
TEST 129 ARG:243 111 -232 -102 -131 89 83 24 103 150 95 -187 -8 99 -238 211 -193 -118 164 -128 163 72 118 -226 221 10 47 217 -40 249 -132 11 -81 77 -189 27 127 -237 -48 -55 54 -89 -39 152 -28 65 215 175 -163 -11 100 242 -246 82 -99 -88 166 -247 -145 133 -25 18 -230 -27 -156 -68 -106 -14 -146 156 -244 -170 195 34 244 -243 28 -4 68 -57 -3 -113 231 -213 -201 35 -104 219 -2 93 157 -1 151 -149 142 -10 41 190 -77 -211 108 174 21 81 -30 117 -152 205 -171 -97 -47 52 178 165 -136 -5 -115 55 -231 -223 124 130 39 -174 210 223 69 -43 207 154 -220 -212 9 30 -229 -172 -112 121 -41 107 -117 -98 177 60 -126 58 -86 -94 246 37 -199 -142 -205 -29 122 61 -90 -20 -217 114 209 110 116 -93 -250 -123 168 -72 128 194 4 129 115 -167 -66 119 -184 -80 155 171 204 73 200 -242 -216 -31 -45 201 -85 -236 -101 -164 29 -133 172 240 -169 -235 225 224 -36 188 147 228 -116 101 -49 158 -114 -162 159 113 -248 -58 -157 -234 13 -76 222 38 106 -75 173 -50 232 22 88 -121 120 208 230 -197 76 -105 197 20 -56 -208 -87 135 -147 169 85 59 193 -165 -180 -241 146 167 -135 42 -168 -42 -150 40 -183 -19 -138 123 -222 -139 -24 -64 241 46 -95 57 -51 -67 -137 -173 84 1 202 185 62 -203 -52 203 64 6 16 234 109 -218 -190 25 -119 199 227 -207 138 -44 236 -82 176 -18 -108 180 15 125 161 -111 186 -7 56 -194 -61 -74 -186 -214 -71 -151 -181 214 -176 -59 97 -225 91 -143 -182 153 -155 182 -233 -109 -177 -209 -130 160 143 -32 -178 198 -198 12 -21 67 -166 162 -63 -34 -159 43 -69 213 -221 -84 26 -78 -100 2 134 102 -215 36 -224 -107 206 -26 248 -127 136 96 -239 50 220 -54 141 -161 -191 140 183 237 131 235 239 -206 -160 -16 -91 -65 126 -245 -240 51 -60 -38 17 14 112 3 -70 -103 90 -141 19 31 -185 -53 132 -179 245 -110 226 94 45 -129 -13 212 -158 170 44 -124 70 -227 98 -35 -33 -15 49 33 80 48 196 192 184 -134 0 139 53 -96 -37 218 -195 149 75 -192 -23 -140 -188 -210 32 -17 -144 -9 -249 86 137 -122 105 79 78 -83 -79 -219 -120 -125 145 -202 -62 148 104 -22 87 -200 92 -6 5 144 191 -204 -92 -228 179 181 -154 -175 74 233 -73 -148 216 23 187 71 63 189 66 -46 -196 -12 8 229 247 -153 7 238 
TEST 130 ARG:249 -163 -105 -28 -109 -143 105 -46 -116 -128 -22 79 -246 52 -37 -195 49 -70 -55 -112 -62 51 60 78 -157 -106 150 123 220 148 74 145 -154 212 -26 89 -78 167 237 -96 168 -14 -123 242 -108 -197 -235 -98 -247 -34 108 243 -210 203 125 -168 178 -151 59 -155 -159 162 -212 114 110 -141 -48 -193 -49 -204 112 -140 136 43 99 -224 -75 161 -176 144 -217 200 92 94 155 189 142 -63 -45 -230 216 -104 -160 -94 26 166 173 -216 -114 -144 -248 134 -72 -76 -222 86 -227 -77 95 -117 -10 -147 213 -8 -66 -64 -73 139 -5 -93 -153 104 115 42 54 132 48 -25 88 -52 -133 204 199 180 102 159 -236 -1 244 149 -6 3 18 -239 58 -180 38 248 93 -88 171 181 -42 -89 214 -199 184 226 22 235 -41 19 -81 -170 71 6 -183 -175 -17 20 -97 -132 -92 240 126 -38 -156 -54 -118 121 165 -100 -138 234 62 118 218 156 -179 82 190 90 177 -103 -39 8 163 124 63 -137 75 -18 -115 210 66 153 176 -44 207 185 -196 224 81 -60 23 -87 140 1 120 73 -192 130 -84 65 -13 -40 37 67 -213 206 -19 -186 -122 233 -208 245 -167 -200 232 27 -35 188 111 -15 7 -149 -234 -198 -32 -203 202 -51 -223 -2 229 44 143 72 -162 -27 -211 -185 28 -161 -150 231 -11 -181 -206 -136 -85 172 230 247 196 186 117 29 170 -107 31 -237 116 45 215 122 -91 -71 191 -20 -148 -190 34 -171 -50 56 -139 -191 -95 179 -142 -29 -182 -127 -189 -221 69 53 106 15 225 127 46 201 -124 241 47 -31 30 194 -58 205 -90 32 41 -229 17 -61 68 135 -24 97 55 -245 -80 -145 16 133 -131 193 160 -219 -113 -226 -215 -102 70 -188 -56 141 -231 -82 -135 -164 21 80 -119 -23 211 239 151 -99 2 12 128 219 221 -68 147 -74 119 87 25 -43 146 -243 103 246 138 -30 84 -65 183 -21 10 164 182 -101 -4 4 -121 64 -177 107 157 -3 223 -220 192 -129 228 24 -218 137 152 -250 36 39 -67 -209 98 -202 0 174 77 -69 -214 -53 -9 -12 76 33 -178 -83 222 238 208 -126 -174 169 -120 -130 198 -86 -194 109 50 175 13 -146 -110 85 -169 -33 57 227 -16 113 -57 61 -225 -36 -201 -249 -207 5 236 195 -47 14 -242 101 100 -232 209 217 -241 -244 91 -172 -184 131 -228 -79 -187 9 -125 -205 158 11 154 -173 40 -134 -158 35 -7 96 -240 -59 129 -165 -166 -238 197 -233 -152 -111 83 187 
TEST 131 ARG:-72 -163 -94 51 12 107 -63 -166 -109 -69 -51 -35 -135 -68 -224 -74 123 -100 -97 186 189 72 -75 201 -83 226 -161 185 152 89 97 135 -187 -160 -52 41 -154 -24 -39 115 190 -239 220 -53 -231 -8 212 -225 -121 101 234 205 172 -247 -175 -58 -230 -49 196 241 -214 -181 47 1 -174 79 221 -76 -26 106 -11 210 -242 -150 236 -209 -43 -61 233 -30 243 17 -139 35 126 239 -56 -147 30 -57 -89 -2 -59 24 -130 -22 71 -62 -95 2 230 169 74 -16 110 -92 64 -165 60 -144 -104 -34 105 -217 -210 59 -123 20 -236 151 129 -64 -127 -37 -45 86 -234 104 -128 -25 191 -138 -108 -65 125 -243 -77 -5 245 15 -70 -188 131 90 -103 73 -41 18 187 -195 -205 -133 -201 -19 147 23 -178 28 232 -7 84 -18 -38 -162 213 65 -146 -21 39 -15 -122 162 198 200 -10 183 215 -96 171 80 112 96 244 -79 62 -177 -206 136 -112 207 237 202 -50 -169 77 130 -235 25 148 216 -200 -218 145 -207 61 181 113 -12 82 -190 85 -132 150 214 56 -66 249 109 58 -129 180 31 -13 57 -85 157 -47 22 -156 -152 81 -250 -241 -229 -173 -110 156 127 -182 -189 -102 -28 168 93 133 75 -107 -32 16 -33 -3 218 -226 -151 153 -81 -183 -60 -125 5 -168 -172 -124 -82 -223 114 140 -237 -105 -114 164 -145 175 -98 -6 -219 -131 -197 174 -244 224 -141 50 21 -17 69 -126 55 -142 -71 -249 -158 -192 -88 100 29 -46 -113 -212 -119 -42 -232 -115 203 166 -240 235 132 146 102 68 -73 -23 3 13 139 19 -170 -87 231 -220 49 83 11 46 154 -149 -171 6 -222 -164 138 -1 192 122 137 242 -153 -213 178 -31 88 -48 -245 121 43 7 -111 108 246 27 76 9 -184 143 -208 247 -55 70 160 -137 -78 -238 48 -179 38 -84 -202 -116 -196 98 -14 197 176 184 14 36 124 -199 -157 -148 -221 -186 -246 53 95 -155 161 222 -99 -4 99 -91 240 32 142 91 -198 209 211 158 195 78 67 -204 -117 54 -40 -159 44 94 66 208 -44 228 238 119 199 -233 8 -191 193 26 42 37 141 -203 -27 170 167 144 0 217 -136 155 120 -36 -86 92 188 -185 223 63 128 194 111 149 -180 -167 179 117 4 204 -101 -120 -211 227 118 10 -118 -140 134 -216 165 -143 -9 -93 -29 116 206 45 -194 -228 219 -215 159 177 40 -80 225 229 -20 34 33 -248 -134 182 -193 103 -227 -67 248 -106 173 87 -90 -176 52 163 -54 
TEST 132 ARG:-30 -96 143 209 -217 -44 -54 24 -33 -172 -104 -50 20 173 -74 -60 99 17 86 65 -206 -154 -37 21 37 -25 113 127 97 -8 91 -209 -189 -166 -9 -71 -231 -193 14 8 -204 195 66 -129 67 126 170 -99 239 216 61 200 247 157 -190 -42 10 184 248 -14 146 -181 -128 -171 -178 1 -199 -18 -177 -248 -75 -40 198 11 33 176 -111 219 45 29 5 151 25 119 -92 -225 -77 107 222 -131 -176 115 155 -194 -244 40 -214 -236 -235 -67 178 -94 -105 -86 75 208 69 105 26 -140 -52 -82 120 44 187 -220 -198 140 156 -55 104 -156 -114 79 -87 27 234 80 43 23 28 -149 0 193 35 179 39 -109 -155 206 46 -161 -211 -134 242 -68 90 -108 -210 36 240 -125 -160 -34 -162 -97 221 -79 -120 171 -127 -250 -152 38 -124 -239 224 -175 -139 218 106 -208 223 -130 7 13 6 -91 215 88 -100 -173 81 -13 -7 63 -103 85 34 32 -56 -233 165 -28 -15 -170 -144 148 131 -32 153 214 -213 -180 83 -165 -133 -245 230 -216 -47 177 -148 -81 160 4 108 -157 -6 -115 82 194 132 -192 112 -93 -85 -76 -118 217 117 -247 186 -3 175 102 -136 -153 73 129 -24 -45 231 -221 183 236 -126 -113 136 -200 -169 121 60 87 -11 -19 111 -158 -27 68 -215 9 -174 59 -238 -39 -228 116 -58 18 -65 -147 152 -222 -20 212 50 -242 15 -203 -219 94 203 -121 -16 161 109 164 -95 191 -61 -57 -243 235 -106 -159 -23 -89 12 134 -46 70 49 -48 -21 180 -185 101 95 197 -1 -53 -150 -51 147 -31 -123 -138 -98 -112 210 -241 241 -218 -2 226 -43 192 -29 -205 -184 -107 125 98 205 53 -122 -62 -142 -207 -64 190 -102 22 130 54 174 -49 149 -182 19 167 232 64 228 55 -119 185 150 172 -12 96 245 139 -188 30 -234 233 -191 -226 -22 238 -229 -88 -141 159 -135 -201 -224 -132 163 93 -146 58 -35 -110 -26 141 3 229 -73 84 -246 -84 168 182 110 -168 138 162 78 56 225 166 -212 -202 -41 118 133 188 144 -197 89 -4 220 41 100 -80 -72 -90 -167 -137 52 213 124 -151 16 142 -101 -117 -240 -163 -249 42 51 -187 114 145 243 -17 189 103 74 204 158 154 -10 201 237 -230 57 -116 -196 -69 -186 -63 -237 249 128 47 211 137 -59 244 -36 246 -78 62 2 -70 -143 -232 181 199 207 135 77 -66 123 -5 122 -223 -145 92 71 -195 72 -38 -227 169 -179 -83 48 196 227 -183 -164 31 202 76 
TEST 133 ARG:-80 154 -225 -62 248 -15 129 200 102 -202 -99 160 -217 54 19 -166 -213 -231 -84 162 115 -54 90 106 -234 -198 242 141 -160 -118 120 -126 57 134 -112 -17 -250 -185 136 -183 -169 196 -214 45 179 5 -232 -68 239 167 60 -226 126 -144 -204 -5 26 -98 123 158 118 -224 96 -212 85 121 159 -61 -105 217 -1 208 83 -146 99 16 247 59 -151 -57 -100 -6 46 56 222 213 82 104 144 109 17 -219 151 114 -18 -35 -22 165 185 -59 228 113 -205 -9 -12 -4 -177 -134 68 -209 55 -246 -52 116 -113 -196 -242 25 -178 216 20 7 51 -106 180 -172 -120 209 -7 139 -81 191 14 -89 -148 -88 -39 49 -75 225 61 -247 -201 192 58 -56 80 157 -32 -248 -179 -115 -77 43 245 -163 238 -103 -186 -143 4 2 215 -116 29 -136 36 13 -101 -87 178 30 138 149 143 -190 -25 220 37 -93 125 1 87 186 101 66 33 195 -92 205 100 230 -41 -206 -37 71 -2 -14 244 -110 219 -155 -159 111 81 137 72 -227 168 110 -193 218 133 119 39 -21 -147 150 -150 223 -223 -137 -65 131 15 -30 227 -168 -236 -26 -142 70 -228 206 -138 12 214 98 232 -23 -67 -69 -40 177 142 28 93 -216 -108 -78 148 -243 212 48 107 -165 50 -111 105 152 24 89 -173 -107 203 163 147 -207 201 240 67 -140 -235 229 237 135 21 -45 -211 128 78 -167 -241 122 63 -82 -180 -34 140 124 77 23 -50 235 -127 -3 -157 176 130 -188 -11 112 -16 86 -42 184 -230 183 -47 190 -221 172 161 -240 -83 53 -38 -132 -51 -175 88 145 -154 -152 -53 74 62 -245 -114 -10 -174 3 -208 75 -124 41 207 187 194 241 34 -19 224 -72 -95 -210 -203 -141 35 40 -237 166 18 -86 -33 -70 221 10 79 22 -24 204 -176 171 189 -145 38 65 -121 -149 -119 164 -122 -76 0 -28 236 -13 97 32 76 -239 103 -117 -74 -43 -187 -66 44 -58 -249 6 -170 -73 -104 -181 -63 -49 94 210 31 69 -129 175 153 -79 -171 -164 -96 -55 197 -29 -135 -102 -133 -194 -64 117 -184 155 -218 -31 8 -191 84 249 -131 193 198 243 -199 -238 -128 -48 -90 -44 95 182 -123 -200 -197 199 -182 -8 -20 -229 -94 64 -85 91 211 231 -97 -27 181 -36 -192 -215 170 234 -153 188 52 132 -161 -244 -71 -220 92 -162 173 -156 146 9 -222 -109 -195 -46 156 246 -125 233 47 -139 73 -158 169 202 108 -189 -60 42 11 27 -233 174 226 -91 127 -130 
TEST 134 ARG:82 -204 235 -4 -148 55 -124 -8 -61 14 147 -235 -225 1 166 -85 174 39 37 -72 152 -18 89 59 -147 -187 172 72 -13 114 -26 -183 -194 -57 178 -191 -160 -210 -173 24 -177 132 91 107 213 -88 -214 134 87 194 -123 -125 -242 -220 -43 164 -211 -80 177 54 -200 -158 -222 143 21 137 12 7 90 150 10 -65 97 -86 -46 123 171 173 234 131 98 206 -51 -94 -54 -241 -244 -170 93 109 -138 -6 -52 -144 -10 -48 -180 -19 -110 -116 160 -185 11 -56 -71 -99 -230 -228 0 -102 -27 155 -109 196 -248 -132 220 52 -234 169 35 33 -107 -62 -90 204 -79 205 -213 219 158 -70 -137 22 -231 117 -134 56 187 163 211 -150 232 75 -87 4 242 -209 -129 -92 26 -9 157 -224 25 144 -122 -100 -218 46 -245 -178 -169 -182 -104 149 249 -58 228 -113 45 199 49 247 40 38 248 8 48 236 153 145 -197 222 84 183 120 245 -226 -219 76 -152 106 -184 138 30 -91 223 -174 -23 -243 -68 176 193 -171 95 -25 139 -2 -37 -67 -53 50 -196 -249 119 -16 -163 -136 244 17 140 246 -143 -55 -162 -120 -165 96 64 -141 6 111 -238 71 -128 -40 104 -21 195 -135 168 -44 -175 181 122 -31 -126 67 -117 -39 -127 -32 51 -11 19 -75 62 237 85 112 -153 -111 -106 43 -49 -172 128 -98 34 185 -74 -176 80 102 -77 -45 -20 78 -199 57 81 170 -166 -201 156 94 -33 -118 -146 -246 101 -215 -151 -250 202 68 -103 239 226 130 -157 175 -223 154 198 5 -78 -190 3 41 -164 13 28 192 -133 197 58 203 27 208 207 -29 -1 -131 240 -89 -206 124 79 -198 179 -47 65 32 70 116 126 224 148 -82 -149 36 -41 215 -239 135 238 110 241 180 -221 15 -179 -38 88 -229 20 -168 -156 230 -95 165 63 227 47 103 -97 108 -205 -155 121 -139 218 209 69 -17 -212 -240 133 189 167 118 184 -121 18 -59 -227 201 200 -130 -140 -64 188 -145 -186 -50 -203 159 -12 44 -24 182 83 115 -119 -73 -142 233 -188 -193 -60 -161 9 -3 -167 212 -195 2 113 210 -237 -84 -236 -76 92 161 99 129 229 -30 100 -35 -36 29 -22 -207 190 73 -159 -154 42 -108 -83 -189 -208 221 -42 -112 141 74 -63 191 -105 225 23 -28 -202 -181 231 -5 60 31 -247 -15 -96 214 216 -216 -69 151 -81 86 136 125 217 -14 105 61 66 -192 53 127 -101 16 -93 -217 -114 162 -232 146 -7 243 -34 77 -233 -66 -115 142 186 
TEST 135 ARG:137 -138 -206 128 40 -25 -174 91 -250 238 168 162 -5 -235 -166 -185 187 233 -76 -245 140 27 -18 206 -213 8 -243 64 175 -84 60 -125 -150 -110 -134 13 -49 75 87 115 -108 103 -153 30 120 -212 6 -242 -15 81 -55 -131 36 7 163 26 -215 -57 146 -195 20 -229 -226 -30 -244 -230 192 56 66 229 -43 244 61 -217 50 72 59 -247 114 -201 220 134 -54 225 -52 118 16 -28 153 208 -239 14 -130 -149 209 32 90 -103 227 -219 -38 55 -2 -16 -169 -197 -80 -48 -143 211 111 170 -24 29 -22 -93 205 -188 58 -132 191 109 77 119 86 89 132 -167 136 38 -77 -154 -218 94 221 -85 -27 -102 -198 -81 -14 -17 -114 79 -34 102 70 -86 -196 143 -124 123 165 189 -45 -46 148 93 242 -168 246 107 186 104 145 -182 193 -129 126 76 -107 131 -223 -83 183 -82 173 -240 -152 99 177 -75 -205 135 2 217 -26 -51 5 92 -246 -47 71 190 -162 195 -136 -202 194 -91 -220 -175 -161 -147 -126 78 142 24 21 174 164 43 -98 -23 182 1 4 -164 -238 224 -70 -101 80 -109 -61 157 -179 218 -60 -190 -66 127 -148 181 106 236 25 202 62 -73 -111 -64 -156 215 -184 -232 48 -112 -21 -40 155 199 -123 -44 231 -117 -99 -234 -248 -120 -183 122 -144 -207 212 -216 125 37 179 -249 156 82 240 -128 31 73 -140 -191 -155 -71 -12 -163 22 -171 -113 245 -159 222 198 -78 249 53 -53 -172 -94 201 10 -69 151 124 -241 -204 15 -19 -56 -10 46 54 110 -35 42 -122 11 116 63 232 -135 67 -41 247 -96 -32 203 68 129 180 -90 185 -116 -87 85 -100 49 -224 -88 226 17 -160 95 -31 -222 -36 44 -63 -106 -186 -227 -68 -105 -6 -181 52 57 133 -121 -236 -62 69 -72 197 -225 138 -193 213 219 239 207 -203 144 -170 161 0 -11 -20 139 65 210 96 12 -180 -145 -209 -9 234 -237 41 -13 166 74 -199 -1 -127 -115 -177 223 -214 -187 -33 248 -59 23 88 -7 51 -228 147 169 121 105 39 -3 -137 19 -97 -37 214 -65 -4 18 -104 184 -8 113 -50 149 -139 -142 152 -89 -173 -151 -178 28 160 83 171 -192 -165 97 -194 112 117 9 204 98 241 159 -79 -189 178 -157 -92 -141 176 158 101 -158 -42 237 -146 -233 -118 84 141 -208 130 -74 -119 108 -39 -67 150 200 33 -221 228 34 -200 3 -176 235 243 -58 167 45 216 188 -29 100 154 -210 -211 230 -133 47 196 172 35 -95 -231 
TEST 136 ARG:57 174 121 160 -147 73 212 211 87 96 -88 -247 -232 -49 -211 110 91 5 -159 240 38 122 15 194 -185 192 112 -25 -100 219 196 221 102 -84 168 179 -11 -121 -1 21 -162 -238 118 107 146 204 -135 -35 -15 -104 177 -182 -85 -65 39 -20 32 186 26 -200 2 -4 114 -168 -36 -150 217 187 -163 27 -249 126 -143 235 -199 62 -43 167 41 54 -144 -209 132 -99 10 -180 -201 216 -161 61 228 72 -196 -191 -98 -127 -130 7 -48 -22 139 -2 -184 85 92 -40 30 -72 -18 -206 3 149 191 -39 -193 -110 -70 -30 63 117 200 -192 -90 -54 104 -44 -74 -83 209 248 134 -248 237 -67 28 -101 -181 25 -26 -171 208 103 -125 213 -64 -87 214 81 205 47 1 198 -42 -202 233 -242 -92 108 -68 -174 -80 -37 188 183 -50 199 -186 165 -215 68 67 195 33 -208 190 49 -235 99 -188 59 185 -229 -13 -137 -95 161 -116 -102 130 164 163 94 -96 -190 -89 88 50 -234 51 -142 23 0 -76 60 142 156 180 -27 227 119 -122 236 -29 -169 -58 -212 -221 -56 -71 123 -118 -17 66 56 243 -197 176 -132 124 170 -105 -91 -237 -77 70 -220 -136 80 -250 193 151 -240 -57 -154 -226 244 -46 -24 -152 -108 -82 -140 9 -120 152 -145 153 -210 -9 46 145 -59 -62 11 89 -10 86 229 138 13 -165 -228 201 127 -111 16 35 -172 -19 -133 69 -53 -16 -117 137 -23 -156 -141 224 -21 -225 -94 -75 55 -195 120 -207 -47 -166 65 101 -178 -155 75 83 -158 182 105 90 106 37 -176 4 -52 159 157 -114 -231 58 -245 -3 -81 241 155 97 48 -177 24 -236 -218 -149 238 131 230 84 -194 136 -12 148 125 31 12 -31 6 95 -126 -160 144 -34 82 -33 -51 181 -243 -167 133 -139 -93 -79 -189 -216 -73 231 173 -233 98 -38 -106 52 -5 166 189 -131 -138 -41 -115 20 76 -187 -97 234 45 147 -6 -151 -8 222 203 71 197 -164 175 -244 -214 232 -112 -205 -14 172 -179 -222 -28 -123 111 162 -45 -134 128 225 210 100 246 -203 93 223 141 -183 242 158 -109 -198 -217 -55 -170 19 -230 77 -113 -61 -148 -128 -173 -60 207 42 226 220 215 74 44 129 14 -7 53 -224 184 -78 -63 -213 -157 116 -153 34 140 169 -241 143 -246 8 245 -103 154 -175 -219 79 -204 206 18 64 -124 43 135 239 29 36 247 -223 -119 78 -129 178 202 -69 -146 22 -66 115 -227 109 113 -32 40 218 171 150 17 -239 249 -86 -107 
TEST 137 ARG:142 -189 216 -60 -224 196 -9 111 -99 -49 -228 -125 195 235 -17 209 158 17 82 147 99 75 218 -173 -212 -76 91 -249 64 15 2 -5 13 84 -15 10 164 -132 -26 94 68 124 -25 -91 -191 -27 -120 92 42 134 -127 39 -118 -232 -202 -21 60 -58 78 -181 -236 -106 93 188 -150 -69 133 -18 -235 198 -12 -234 -214 225 -227 155 172 144 -72 -182 211 222 224 -47 228 -162 25 74 -117 -70 139 120 -111 -209 47 234 178 207 -51 55 -71 62 227 -140 -239 -231 -155 -194 -223 187 -165 -146 -94 83 246 128 -34 -166 -220 -200 -100 131 -208 116 -179 98 44 -213 179 193 -230 185 -30 -151 199 88 170 -92 -124 -46 115 51 236 205 217 81 202 4 136 43 3 -83 212 182 -87 157 162 181 -188 40 -1 -136 19 -74 -161 -13 119 108 180 14 18 -57 -203 -7 -45 -24 127 231 -170 -195 165 189 23 -65 220 85 -54 41 -3 30 143 138 -59 -157 -154 -147 151 -115 -185 -42 -11 49 -178 101 58 -63 24 102 200 201 121 166 -98 -121 148 -152 -131 -141 242 50 -90 -186 208 8 -149 156 77 -62 -177 140 46 -241 184 175 76 97 -156 191 105 -217 -104 223 36 -37 174 249 -73 -105 -29 -148 -23 48 232 -219 -85 0 219 1 244 89 126 -175 177 248 -225 80 -196 -163 129 73 95 192 -193 63 -142 114 -61 -8 -130 -145 153 -238 71 -19 54 -114 -68 -41 -48 241 -95 -67 -112 96 194 233 245 -198 53 -221 -246 59 -164 247 240 -183 123 -107 -158 -56 149 61 11 32 29 -77 110 -244 -133 -218 -102 -226 -43 -229 -187 163 -35 -211 -31 -86 33 -215 197 -171 70 35 66 -210 -206 27 9 238 -184 159 -204 -243 -103 -101 -116 -172 -242 221 239 104 -108 167 6 141 -143 130 -119 52 -89 -233 186 72 109 -216 -139 173 -240 -237 -39 67 106 -169 145 -10 86 -2 171 -88 -81 161 90 -222 34 -192 57 56 -44 -28 -52 125 45 -167 132 -84 -78 -96 26 -122 5 -93 183 -176 -190 -134 -97 -110 117 118 -128 -168 203 37 -201 152 -180 22 168 -50 -64 -55 -53 -199 65 -207 -129 237 69 -138 21 -135 -82 -174 -137 -20 -123 107 -80 112 206 -205 -109 214 -126 230 -75 243 20 31 213 210 154 -4 -250 -160 226 135 12 -40 122 28 -197 79 -14 -79 38 -22 -247 204 -38 -32 -6 16 -248 176 -36 215 87 150 -159 -16 -33 137 229 -113 -66 190 -153 -245 160 100 7 146 103 169 -144 113 
TEST 138 ARG:-68 -180 181 -27 148 249 62 -14 -172 -127 -39 -184 180 -53 76 169 157 -211 -114 -76 156 -78 -73 -173 104 215 105 -42 -189 -178 186 63 -162 -63 -84 217 -236 -6 142 -115 -104 -175 22 -90 -70 194 -2 161 235 211 -176 -83 222 -72 -140 -206 -80 209 -117 99 -119 -190 60 -24 -7 2 213 74 -65 20 -121 0 -219 206 122 -181 -249 145 43 173 100 -194 218 120 8 106 -157 -100 -145 95 -148 170 -85 -38 -227 -155 -166 38 -186 -34 -150 -136 175 -195 -75 75 5 24 -26 226 -197 111 219 -102 -210 -132 -205 92 -3 117 -56 147 144 51 199 -228 151 84 -40 -29 -60 138 49 -82 86 -45 224 67 -167 -187 -113 -106 40 -225 39 -126 139 4 -30 129 -79 -116 -55 -131 121 131 155 23 85 73 164 -52 225 130 -128 -22 -160 33 61 -245 -43 68 -129 -61 241 37 47 -233 184 -242 -9 -226 28 -41 59 -71 21 140 187 167 231 -110 -240 -156 18 195 133 -159 -237 -247 150 -47 -174 -48 -147 -86 -182 -67 229 -77 -199 205 188 -109 182 153 237 193 1 136 233 166 168 141 197 112 -138 -152 71 171 -8 -13 221 114 -191 -239 9 -169 46 -15 -107 -221 48 146 227 -74 118 34 124 -179 -101 236 -44 80 214 212 -12 -93 200 -243 107 216 248 -89 -95 50 172 53 10 55 27 31 78 57 240 191 -46 11 79 -231 -232 -229 66 -193 -198 -183 101 -21 17 -158 223 119 -188 -96 192 177 64 -203 -164 -97 165 81 183 -165 116 -98 160 -91 69 -112 14 -200 -103 -62 36 -134 247 109 -120 -223 -124 -215 -81 210 127 -151 244 -224 6 -135 -37 203 -209 87 103 -244 -51 -208 19 -33 16 91 -88 115 -18 89 246 -241 -170 88 -25 15 149 204 -66 -99 70 -143 96 -50 -105 -28 -250 -234 35 -5 90 -213 -59 72 162 65 123 163 82 -64 245 13 44 -142 -111 110 -153 83 234 -32 -133 58 -144 -23 -218 42 54 -141 -217 -192 -94 196 -204 143 7 230 41 25 185 -16 -122 26 -118 158 152 -35 -69 -137 -123 242 -230 30 -4 -171 52 220 137 -238 198 -87 -92 178 -185 134 -54 -58 -57 202 -125 -214 208 -36 189 132 238 -20 98 12 -149 3 -108 190 239 102 29 77 94 -49 108 126 -139 -212 -130 -235 159 -161 176 -246 243 207 -216 154 93 201 -10 -207 -146 -163 -201 -17 45 135 32 -222 232 179 -220 -196 174 113 -31 -11 -1 -154 228 125 -248 56 -177 -168 128 -19 97 -202 
TEST 139 ARG:-69 219 229 -129 123 -221 -201 190 -53 134 -148 215 89 -39 -42 224 -12 -30 -213 93 -134 11 173 -46 -130 131 2 -72 230 -199 -173 52 -125 236 64 -123 -157 74 -136 38 117 -49 -166 135 122 -170 221 242 111 73 140 21 163 -73 -210 -232 -65 115 88 -226 -194 29 247 -191 40 -74 106 -131 -240 -16 4 148 -212 -75 186 -184 -47 96 144 -198 -219 177 -211 205 -140 -121 175 51 -96 -108 150 -15 196 -62 -103 -172 -183 18 -84 -90 -27 -76 47 155 -124 72 132 6 -64 -51 237 200 -101 124 136 246 168 -56 240 -228 -52 57 198 -171 71 -68 -200 214 -116 -24 151 82 -224 84 -243 34 -9 -37 248 164 238 143 220 63 174 12 -143 -92 95 -197 -97 -45 -43 41 -147 -235 234 192 195 58 171 -2 -3 -138 -10 26 -202 -89 -4 42 43 137 -23 227 -110 243 -206 108 176 -38 3 -225 -237 -178 -48 -126 -82 145 183 -120 -7 -115 147 -222 -142 -164 -167 -118 202 160 -242 194 187 -216 13 189 -215 157 8 -152 65 -154 233 -40 101 -247 -139 -107 199 120 -128 0 -190 16 91 -244 172 -144 -18 -186 5 -29 228 46 -77 -85 212 -71 30 -137 17 165 -231 1 104 216 98 -26 133 -132 121 -70 -111 159 92 -21 167 -204 -1 -180 -161 232 -60 69 -234 191 35 -145 209 -33 109 45 203 -35 -196 31 -207 -133 -100 -162 225 -113 -59 -105 110 39 50 -159 -86 -182 -158 55 99 -176 211 103 -238 105 127 85 -209 197 141 32 -14 207 -223 -189 -236 -153 -141 97 59 -117 218 114 249 -150 153 100 -57 -122 10 53 244 -87 185 -106 90 -8 119 -233 -246 81 -185 22 241 -163 -79 -239 -104 204 -195 -50 178 -227 181 -119 -250 75 -217 -181 201 7 -88 -112 48 149 -188 -135 -175 139 94 24 -32 -177 193 -156 37 -22 -11 62 -249 -61 76 142 210 79 208 87 222 -151 -34 23 -55 78 -28 245 -99 152 179 182 226 102 -66 -58 213 9 223 -94 -149 68 -13 154 14 56 -83 -220 -67 146 -192 -114 28 -98 184 -248 130 66 118 -54 112 77 161 -208 116 -19 169 -63 126 -17 -6 156 -230 -81 -127 54 86 239 67 107 217 33 61 -95 -91 -174 25 235 -245 44 27 138 -36 36 206 70 129 -160 -146 113 -44 -179 49 -203 180 188 231 -41 -187 -193 170 128 -165 83 -78 -5 -25 19 20 -168 -155 -80 -229 -169 -93 15 -31 162 60 -241 -109 166 -214 -205 80 158 -218 -102 125 -20 
TEST 140 ARG:47 -119 226 -44 -39 -128 -106 117 -231 -141 217 -219 42 38 -224 200 -157 -97 -138 230 141 -17 103 -43 246 132 -241 18 223 -234 52 -13 -111 237 -87 -55 -211 -96 209 -170 -223 -107 -213 -5 -159 241 44 -183 220 -68 -100 -150 -161 99 -21 48 -48 -168 101 -139 152 -29 119 169 182 190 65 -121 -198 137 -245 -10 -16 94 -147 242 -86 233 -69 -129 24 203 244 -30 113 -28 -59 -249 134 156 -115 -47 37 86 -36 -50 218 -233 127 -155 106 -173 151 -31 41 -22 -172 7 -243 69 -175 -71 154 109 0 -158 -91 -191 -127 -160 -9 -27 115 17 -54 198 51 -226 -33 -70 -208 26 142 131 -89 228 167 229 77 -156 -228 210 107 184 -236 -12 -217 136 75 -145 -146 146 79 105 -199 -190 215 128 193 -61 -250 100 240 161 -84 108 144 166 98 21 102 60 104 234 172 -193 43 -74 10 -196 -235 -144 30 -209 -197 116 53 227 -195 -194 -2 -66 -169 -192 -63 -165 118 -210 -20 -246 -113 174 180 39 -162 211 83 -205 55 -212 162 139 170 -104 -181 208 22 -134 -93 -132 133 34 73 189 157 121 -116 148 -229 153 -98 1 54 -151 -163 -3 163 29 165 -171 31 114 25 -215 -222 -164 61 212 -178 129 -46 -117 225 176 236 -225 20 -216 222 70 -123 -242 -214 -185 143 89 -14 238 -149 235 16 -34 140 232 -57 67 -35 179 -81 -82 155 -4 78 -8 8 -60 62 15 76 -18 145 -154 -180 -1 -6 -130 110 -200 205 -52 74 -203 -25 71 63 135 158 -80 219 -221 -201 -174 -220 -187 68 138 175 -238 243 197 45 -120 32 -101 204 -232 -114 224 4 125 -189 -32 -19 -166 -239 -108 66 130 -49 -94 -230 35 195 -51 -11 -131 -247 80 -142 -218 -133 191 87 -237 -240 -37 12 221 97 -207 -122 -152 247 -67 -15 88 -92 249 -7 -137 14 188 248 201 -79 112 196 81 -227 -136 57 -126 -77 -73 -72 27 159 192 -176 92 -204 -244 96 5 187 56 173 -186 -125 19 3 214 -62 23 84 178 90 9 72 -184 202 95 64 33 -53 -110 122 186 168 -105 123 194 -38 -109 -143 126 207 -206 6 -58 -140 -177 183 -153 177 -148 91 28 40 -135 -42 149 -41 181 -65 -167 185 58 -85 -83 -45 -99 -112 199 206 239 -102 171 85 111 231 -182 160 -24 -76 -78 59 13 164 -248 -95 2 46 -88 11 49 -103 -40 36 150 -118 213 -75 50 82 -188 -202 -124 93 216 -23 -64 120 245 -179 -56 147 124 -90 -26 
TEST 141 ARG:26 -129 149 -122 154 202 -29 125 -208 158 239 -43 -178 99 207 -84 -231 -21 -98 -145 -128 -47 -202 194 237 71 88 195 59 58 245 70 -44 248 47 -24 -93 170 151 -141 -112 -172 -232 37 -183 36 -125 -236 246 -153 221 -207 39 -189 -32 164 -19 -181 130 54 -57 4 1 -72 231 119 34 -64 127 232 -92 -193 201 -69 222 61 116 114 -225 -191 -121 131 73 208 241 169 220 -101 -20 219 50 218 147 -166 -36 80 -217 -99 157 31 -167 -209 118 7 225 -138 242 40 87 -37 -227 200 182 35 -106 -81 189 -135 -132 -54 212 128 135 -33 -45 -77 -42 -242 -55 109 -80 163 -68 192 146 25 228 24 227 17 249 -9 140 -212 -90 52 126 -179 94 -170 -27 -60 226 -2 -230 -91 90 -10 105 -109 -195 43 -7 181 173 -56 -213 152 41 -76 -185 -222 144 -127 185 121 142 247 168 -160 -71 186 -154 56 93 183 -70 172 -168 11 190 -22 175 66 -73 -103 -137 -164 -50 -111 21 97 129 224 -85 -82 82 145 -95 -205 53 197 188 160 -130 193 -52 -83 -96 -224 -136 -6 -100 12 180 176 -53 -15 14 213 55 -12 137 -238 184 101 216 179 -203 123 -28 16 209 112 -104 -3 -78 -8 89 -115 67 -239 51 102 95 205 -118 -66 -158 -105 -108 -5 -25 215 -79 171 48 -194 206 91 -180 38 65 63 -241 -120 -187 -39 150 -155 134 72 -38 -74 -142 178 -148 -228 -134 204 23 -162 187 -26 -234 -196 -223 132 -65 -61 -201 -75 148 -219 -110 86 -97 -147 75 33 -216 108 111 156 141 -86 240 113 191 -171 -11 233 174 -244 244 20 -159 -63 100 -46 -58 -204 76 -59 -144 138 -18 110 124 49 78 117 -246 98 -140 -88 30 42 68 -31 -184 162 -199 122 107 -94 161 -133 104 -126 13 6 155 -237 211 234 8 79 69 -41 214 -124 167 57 0 -214 62 -240 -192 -146 -210 -116 -221 44 203 -34 64 77 230 -149 115 3 199 103 -49 83 -14 -188 -152 -48 139 153 -119 45 85 -4 165 96 -163 -143 -173 5 -247 22 32 159 -220 10 2 92 -1 -17 166 -67 -156 -200 243 -250 -218 -13 60 -245 18 -165 196 -197 -89 238 -114 -107 -248 -249 -51 -16 133 177 223 -169 -215 -102 -123 -174 -177 236 27 -235 -23 -150 -117 15 -186 -139 46 143 -161 -62 -233 198 -35 217 -226 229 -151 -157 -198 9 28 29 235 136 -87 -182 -40 -30 19 -175 -229 -206 84 210 106 -190 -176 81 -243 74 -131 120 -113 -211 
TEST 142 ARG:-135 -235 28 -69 -65 -91 -143 113 -242 -221 149 -38 190 163 157 -148 171 186 233 -180 -154 168 -5 -188 -144 223 -39 -108 -228 -111 244 76 161 101 0 197 135 -79 60 226 97 -4 201 -81 -140 -26 90 -42 93 222 -153 -244 -133 -54 40 10 125 87 -126 -237 -219 -236 -171 -150 247 -234 61 -9 21 210 49 2 231 -200 20 26 -49 -73 202 167 -205 132 -77 -134 -15 153 -76 -122 -56 22 123 -152 174 -164 -2 -107 221 -86 158 119 144 95 -201 64 115 51 -194 -61 215 73 176 172 -32 -196 -46 189 227 249 209 -113 58 -114 187 -191 120 -233 53 -37 188 -218 32 128 -118 -238 240 -71 -231 -123 192 -203 -195 191 173 79 146 246 -146 151 -47 -1 -156 9 80 -161 69 -192 160 -18 211 -109 -12 24 230 179 72 65 148 216 42 -142 -17 -198 143 121 -243 177 -230 18 -186 -20 175 203 12 133 -104 38 82 67 117 138 -63 -248 25 11 -105 63 136 114 164 178 112 -92 237 -36 -102 -64 1 -213 213 -59 52 -44 145 -75 3 -72 -94 -159 35 -95 16 -160 -176 131 110 -210 -139 -48 -121 -106 194 33 -68 -55 46 41 -78 126 139 242 217 111 -115 -209 -60 36 142 -23 185 23 118 -93 -100 -204 -199 170 6 -11 152 -8 -19 154 -80 183 200 -67 124 -226 -239 -33 -249 -13 44 14 134 -84 147 -190 -30 105 -147 -29 71 180 -90 7 155 27 212 -53 4 165 -112 236 -216 -175 -119 -197 74 -24 -184 -247 -222 -158 84 -178 108 -7 -52 -99 195 -40 50 -45 -50 30 83 96 199 159 116 245 -172 86 -183 109 37 -41 -182 -82 -137 -62 235 98 -57 85 -34 208 -167 -141 -89 -212 66 -87 68 -16 -130 218 106 94 -43 -101 -136 -250 -245 -98 70 -129 17 137 -217 205 -58 45 55 91 -103 78 243 -173 107 -85 -177 182 -225 156 -185 48 193 -214 19 -117 -14 -51 141 162 -145 92 -202 224 -208 100 -189 -116 -96 -206 -166 -174 214 207 169 -131 220 219 102 -120 -3 -125 -169 -223 239 -163 -157 104 181 -88 225 -240 -110 54 -179 77 59 238 8 122 -181 -211 43 -138 130 -224 62 -229 232 -83 99 -28 129 56 248 -127 39 -170 -162 -241 196 -246 204 -232 31 103 15 -168 -22 -149 -193 -187 -132 -165 75 229 140 184 -74 57 -21 -215 -27 -66 29 34 234 89 -97 13 206 -25 -6 -10 -155 -70 88 -31 241 81 228 -128 -227 -207 166 5 198 -35 -151 -220 -124 150 127 47 
TEST 143 ARG:52 106 114 -243 -56 205 8 -148 65 59 -199 -226 88 128 -110 -3 -235 -162 148 -12 -84 -221 -29 -185 96 108 182 -165 -61 -75 -195 183 152 -151 -246 191 63 -70 214 -193 -90 -224 174 -192 188 -124 105 46 134 -209 30 -66 -240 -19 -229 246 -220 -239 98 -191 195 206 91 -108 0 32 -233 -31 212 -249 110 -46 200 -244 -218 -60 -107 -24 -113 64 196 204 233 -13 159 197 -160 -194 -99 -18 -227 -225 181 -147 -51 -40 125 115 41 164 -189 36 2 140 -137 -187 126 -2 -7 50 118 -119 -122 113 45 -247 -232 -96 -144 226 77 -182 -161 -83 186 10 -44 -202 -22 72 12 86 7 123 162 -168 -132 231 48 -154 -30 -134 -138 87 180 177 -141 -103 70 -190 -95 -216 119 -50 215 111 -106 -164 144 34 -28 -214 22 4 -127 172 -100 21 -206 -65 -15 225 160 -183 -145 44 85 78 193 198 -57 -114 161 224 53 26 17 -172 -77 135 -197 -186 216 -208 -16 131 -153 -188 -71 187 -142 122 55 165 -73 207 -241 -43 -32 230 -245 -49 -82 -236 -198 156 -207 -231 -178 -78 -1 9 -115 -242 -230 -17 154 -111 -26 -130 170 221 109 112 -158 145 185 -69 -171 -87 -52 11 -101 228 -120 51 20 -167 -48 236 28 -6 -5 241 1 25 67 247 104 -150 14 -126 -85 101 23 -170 -143 -117 -222 97 -131 29 -4 107 92 -10 79 -21 -201 235 155 -8 -63 71 83 -86 49 -196 -80 66 -112 117 -149 -89 201 -175 202 -223 102 130 -62 -166 57 239 37 -14 -102 -9 68 94 61 -176 -136 245 99 213 120 -41 75 -116 158 100 -97 242 168 -156 234 -174 -219 -98 203 -238 -47 211 -104 -205 150 -125 169 -74 -68 229 166 -118 -58 184 244 -173 -248 -210 -180 138 222 74 -25 173 -55 -11 -177 248 -128 137 84 194 -67 16 179 -204 93 217 249 -155 3 -133 6 -38 80 -203 42 178 142 240 220 43 -27 -159 -200 18 40 210 -184 133 -105 171 -181 136 24 -76 -34 -45 124 -129 60 -146 103 38 -212 -36 39 -139 73 151 -179 -92 147 -163 13 -54 -79 33 -59 -33 15 -211 54 -152 82 -72 -140 -237 19 232 -91 -121 -123 90 -53 175 27 129 189 127 176 95 35 199 -37 153 149 157 219 192 141 -250 223 163 132 139 -228 58 209 146 -157 -109 -88 143 -217 116 190 -234 -39 -42 -93 -213 121 69 76 -35 167 -20 -215 -135 89 237 62 47 208 56 5 -81 238 -64 227 -169 31 218 243 81 -23 -94 
TEST 144 ARG:-169 196 134 -147 104 -92 -232 13 -221 139 118 -7 102 216 183 -150 110 -165 40 -144 121 203 75 190 -26 -168 205 9 233 225 -138 -13 -172 211 33 199 -45 176 -176 36 -49 -50 237 -238 108 -71 87 26 42 138 227 241 60 54 -164 -54 -202 159 -166 86 -211 -41 -181 221 -40 -74 2 84 -84 58 50 246 -89 -219 147 -237 -217 -127 62 98 17 124 -167 178 -85 57 131 19 24 -243 -15 136 90 -3 -123 109 -171 -195 217 72 -19 -121 -112 164 59 -116 -188 177 48 -135 -214 -185 91 -43 166 -142 -163 -183 152 -96 -207 243 -145 79 -42 -94 71 126 133 21 165 -131 202 -20 -245 16 99 245 -201 120 -227 -91 -208 66 3 -78 -99 81 101 145 -38 192 -177 -36 -68 -106 -8 -24 -189 65 -12 -128 153 244 -161 148 80 -73 232 -184 -143 181 -244 77 -115 207 28 112 -37 -87 144 219 157 201 -102 67 -159 -229 -199 -65 235 167 238 -222 174 -235 25 82 223 151 -228 -103 51 172 93 208 180 100 -60 -39 -158 -79 39 -93 44 -224 137 149 -52 -216 214 173 -200 -9 -64 -160 -62 107 -57 23 -249 -35 117 160 224 -180 29 92 0 76 123 43 204 215 -30 210 128 218 -28 -233 -226 -88 -178 31 -14 -129 -27 198 155 -55 18 -46 -77 189 179 -100 132 -111 -117 -61 226 -1 122 -151 -139 -70 -239 162 22 170 -110 12 4 220 103 -114 5 119 -186 -118 -173 146 135 -17 169 116 -2 168 -231 -53 -223 -66 -155 14 -25 -191 143 -204 -215 88 -162 74 -32 6 113 -95 -220 -198 35 -148 175 -69 247 -33 -101 -241 127 158 -51 -137 56 -170 34 -98 -136 -187 -47 -113 64 230 115 47 -109 -146 142 193 -18 -23 239 -190 234 129 -11 -140 -107 -48 -108 -86 -105 -132 41 -122 -242 140 -16 89 186 188 -179 11 -59 -72 197 49 27 68 97 -134 -63 70 7 154 -194 106 -56 30 -80 111 85 182 -44 -206 46 -236 -197 73 -58 95 194 69 -10 61 -209 -130 222 163 -125 212 -247 -210 228 141 53 229 -174 -133 -29 114 -81 -154 -120 242 231 20 -234 -225 -212 94 -83 171 8 -82 -240 -126 -75 209 248 -4 -141 200 45 -97 -76 206 185 -153 32 -205 -31 -182 191 236 -156 161 -124 -6 15 -67 -104 37 -230 -213 -203 125 52 -193 187 -192 -152 240 10 -21 -157 -250 -248 105 130 1 -196 -149 184 249 -119 38 150 55 -246 -218 -175 -22 63 83 -34 78 -5 96 213 156 -90 195 
TEST 145 ARG:-138 86 -220 185 248 -192 184 -79 -178 -209 27 123 -129 -33 143 157 -17 71 -59 175 -103 72 213 -19 -161 -119 -207 -234 -240 -106 203 134 90 89 189 -186 200 -15 104 -95 -173 -112 49 129 -77 -190 103 -13 -87 -8 141 235 221 26 -175 -96 -74 91 -165 211 -205 222 -115 -16 163 179 220 -169 -171 73 -64 79 -156 165 -208 -84 -247 40 -31 -210 -2 -236 43 206 -85 187 -22 3 237 231 -26 226 68 -56 -249 236 63 -136 -243 -200 122 92 47 120 204 19 52 -114 155 -168 -135 215 -88 -160 121 53 181 162 -177 199 -232 207 -155 -226 -41 17 -172 -102 -111 -231 110 -113 74 44 -101 83 10 234 -125 -50 -152 -246 130 245 -52 42 -39 115 -27 100 78 227 183 113 -23 -213 -187 -211 -9 -133 -63 -118 -49 133 244 -154 85 -151 188 116 -116 80 -221 -248 -5 50 -21 -164 -126 -217 105 -132 195 -206 -1 -194 18 -48 -57 -80 -242 -83 -105 31 -166 56 218 22 131 -47 -94 -182 139 240 25 -78 -60 23 241 197 -61 20 -230 88 -43 249 178 81 58 59 126 -14 -53 161 -92 -195 180 -81 -46 -223 169 1 -32 -180 186 13 82 -228 -143 148 77 51 145 -122 -142 -104 201 119 -36 -174 -201 -212 34 33 -25 0 -193 -65 -120 -157 -6 202 -162 -215 239 138 142 94 167 -72 149 -109 214 225 160 118 96 -127 -71 -181 109 97 8 -54 -225 173 -51 -235 -229 228 66 -238 135 209 46 57 -75 -42 174 101 45 -150 -204 39 99 106 102 151 232 -219 -167 208 2 114 158 -128 -233 108 -91 -68 15 61 -188 -224 -196 233 -184 64 48 -153 -130 154 128 95 -117 196 -140 152 -34 14 223 -214 29 -250 159 87 -3 -148 -245 147 60 -7 -241 4 171 -29 -191 -149 21 -70 54 -121 -176 -35 168 38 -98 -28 -222 177 -10 -244 -55 7 -100 28 216 243 242 -131 193 -30 -163 125 76 -45 164 93 210 -73 -197 -146 124 9 -66 111 -123 -134 37 176 -18 132 172 192 65 190 -4 229 75 230 -67 140 -90 41 69 55 -110 67 62 -58 247 198 137 -145 112 -20 -139 12 -158 -99 117 -76 35 -179 70 -108 107 127 -40 182 -37 -89 150 -237 -159 -185 205 -218 -62 -199 11 217 -97 -239 -69 36 84 238 16 -38 -12 30 -82 -144 -107 -183 -189 -147 194 -216 -227 -86 98 6 32 170 24 -93 153 224 -202 146 -198 144 -141 212 -170 166 -203 -44 -137 5 -24 156 -11 -124 246 219 136 191 
TEST 146 ARG:-155 -248 204 93 -23 -195 -111 44 104 -3 -245 -42 -160 -219 -17 6 152 -33 -225 -218 65 -58 214 139 -61 -123 -4 -46 -128 -113 186 -79 -112 -114 -186 -244 122 147 158 -163 100 114 228 -15 -181 -146 12 233 81 -106 173 -10 -102 -171 184 69 -34 -222 -116 -240 95 109 156 127 28 242 90 -243 -65 190 185 3 234 -212 -206 55 7 -91 -29 -204 78 68 59 -174 -239 -140 177 -164 -49 -94 164 150 61 1 154 -162 87 8 -229 210 49 155 -230 176 -12 209 111 -134 -189 32 221 -221 -159 183 212 -185 236 -241 -20 74 246 -76 -187 -139 116 -59 175 -80 -74 -193 -208 -82 -64 -224 107 -118 -210 124 88 -90 85 245 -136 9 -234 220 -190 131 102 148 19 -188 -70 -143 -144 -167 -150 -148 -2 58 75 29 -199 -180 239 -170 -103 -120 -168 96 169 23 -238 30 178 -169 229 238 235 -44 -99 -51 -37 230 53 244 132 137 248 213 231 -205 172 -104 -214 -96 -249 -38 243 237 121 -7 206 70 -115 63 140 38 79 223 130 48 153 -127 -45 -32 43 -53 163 -35 -231 138 51 15 -62 42 -137 -6 180 82 -57 56 157 -105 -83 182 103 -78 98 83 -39 194 -153 247 -158 222 -21 -178 -183 34 -48 -157 -215 202 108 46 45 76 218 208 25 5 -5 -138 -152 -87 -41 227 -176 -95 -36 192 -142 224 -177 181 -131 2 91 205 -200 110 123 20 73 -86 168 -197 -52 196 -92 106 133 -77 -220 170 86 36 -227 -133 193 -84 64 67 120 -75 203 -182 113 -13 188 -72 -88 -209 -135 -110 -196 -126 144 -223 195 41 33 -166 -179 -247 -40 57 119 -156 -28 24 -213 161 40 249 14 -19 22 -43 37 -203 211 -211 -217 105 -226 125 -147 -232 -246 217 -149 39 215 -108 -9 84 -207 17 -192 126 207 165 -194 97 149 166 -237 -151 142 101 54 151 -93 77 47 189 11 18 -68 200 240 115 118 135 -22 31 -66 -141 -27 26 -145 -191 159 -172 89 -97 -30 146 -24 -198 13 -216 128 143 21 72 35 191 -81 162 27 112 -117 60 187 16 92 226 197 52 -175 201 -31 -121 129 99 -173 241 145 -122 -18 -16 -165 0 -55 136 232 225 216 174 -98 -1 80 198 4 -201 -11 -242 -202 62 -130 -119 -67 50 -14 -8 219 171 -154 -129 179 -125 -124 66 -54 71 -184 -26 -100 -60 94 -47 -132 10 -25 -63 -71 134 141 -85 -89 -56 -250 -109 -107 -161 167 -69 199 -233 -235 117 -50 -73 -236 -101 160 -228 
TEST 147 ARG:-153 126 -119 -226 84 -239 197 222 193 -144 178 227 -165 -74 228 -212 -131 -163 -1 -216 -125 172 160 -221 -171 82 -24 -158 -145 -26 89 -164 -4 26 60 -19 214 173 67 130 -198 56 247 69 114 -232 -72 -114 -186 -16 -193 -169 36 -107 111 -55 -185 106 175 145 -38 66 19 232 -178 -105 140 -8 206 -180 90 7 -196 63 88 -67 -36 -109 162 12 65 21 235 -162 -64 -182 -95 -218 -236 196 -89 -58 203 -230 33 131 -207 -222 188 -203 46 95 103 -49 -223 -157 -173 207 149 6 -18 166 -140 120 154 138 74 107 -209 31 243 187 104 -244 136 115 -201 51 108 -68 -246 -177 -65 50 -126 -59 -21 -200 2 177 241 86 -2 163 141 -135 101 202 -142 -86 226 -44 70 -202 195 -37 -30 -217 -60 38 -7 97 98 -184 20 -106 165 110 -159 -248 246 27 -152 -191 -5 209 37 -92 8 128 -84 134 -20 223 53 -220 83 -150 -91 18 -132 168 -194 170 62 238 -9 -50 -70 -139 224 -179 17 122 229 117 -90 -136 94 -52 239 -22 85 -240 -143 116 -6 -83 179 -15 157 100 -118 184 -128 148 -133 -102 16 -238 127 -11 -101 23 215 151 -166 -71 242 234 -134 -73 4 -66 -183 -243 15 190 -197 192 231 -241 -40 -45 -195 76 245 -205 213 -81 -174 -104 -110 217 -62 1 -115 121 -124 -56 237 39 137 221 220 105 -116 -29 5 211 -149 -213 -234 -99 -13 -28 198 142 -54 -214 24 47 -219 158 10 61 -88 -151 -53 164 -80 204 -206 236 -111 59 -39 14 -82 194 -167 144 -85 129 -32 78 -3 -12 248 -75 185 123 -117 225 -168 -108 139 55 218 199 132 249 112 25 -224 71 205 64 212 169 -227 92 186 146 200 42 -100 -148 0 -208 -122 -175 41 -87 -250 -112 -233 -96 54 -154 125 -41 -127 -237 191 -103 -17 -170 -77 133 -27 -78 113 153 93 49 230 -141 159 124 -161 -155 -48 -225 240 13 201 147 183 -176 87 73 -61 43 91 -129 68 182 118 -79 156 109 -43 -113 119 11 -204 -69 208 210 -34 52 28 45 30 -235 -242 -215 -228 -98 -147 75 -31 40 -192 22 152 171 216 32 102 -130 189 -35 99 80 -229 81 57 181 -42 -181 135 -76 -33 -188 219 79 48 155 -10 174 9 176 -97 -137 77 34 -245 -199 161 -57 167 -47 -51 58 44 -94 -189 -156 244 3 -25 -14 143 -121 96 -247 -138 -63 72 -210 -123 -146 -160 -23 -211 -46 29 -231 -120 150 233 180 -190 -172 -187 35 -93 -249 
TEST 148 ARG:-96 -214 -4 -209 -149 104 -43 112 5 147 226 118 158 -40 -47 198 -18 -156 -191 92 180 -173 -65 116 -114 78 -139 -212 97 -98 99 -129 148 39 242 115 124 193 -248 225 -59 173 -136 144 237 130 177 -45 107 63 -25 160 37 184 -77 210 146 219 11 214 -170 111 -238 67 -240 -55 -204 -33 57 -102 -193 -217 139 -107 -120 -143 -93 -175 178 136 244 77 90 42 34 -75 -91 84 -49 213 98 -74 196 -113 -41 -119 156 -131 -67 -229 151 -27 59 -162 -230 -161 -66 -151 186 10 122 22 145 224 233 16 -87 119 -208 101 247 -124 -97 162 8 -121 19 -165 48 114 142 -239 -199 183 202 30 1 -9 141 123 69 203 -22 62 81 -174 134 89 -39 -111 -185 207 -60 -215 80 209 179 221 -190 44 152 -171 -135 3 108 137 4 199 -227 -228 131 -220 46 195 -196 143 240 -16 -70 133 -184 204 36 245 43 91 -80 -112 185 -232 -108 -140 -176 45 168 93 234 9 -159 248 -188 127 -53 -28 -144 -83 13 -44 215 -20 -186 -64 -101 -99 49 -110 94 238 150 26 -211 -242 -178 55 155 -32 -31 -71 232 110 -15 -50 171 33 243 -73 -247 73 -12 165 -90 -126 -34 205 70 189 125 -189 -52 0 175 -72 -195 105 -179 187 -234 -1 -5 246 216 181 -54 126 87 -105 -56 -81 -132 -48 71 -84 -225 88 51 217 163 -181 192 -250 53 -19 -13 103 -241 -133 190 29 140 32 -122 -153 -168 -245 -177 227 60 -160 100 -224 228 -137 -183 -236 -58 -30 174 12 -2 197 79 -235 157 61 -213 120 -130 169 65 56 -202 -198 -216 -35 -88 58 -172 7 -210 66 161 -154 164 -76 149 -38 -152 -192 74 -125 17 -244 -200 -231 -141 -42 166 -26 194 -127 15 191 41 -164 159 -150 -219 106 188 -14 -69 154 235 -118 -109 239 -7 85 76 231 -100 128 -103 249 -79 -8 -86 2 -6 -146 167 -145 -11 -92 96 40 35 -123 -180 -23 -63 95 218 -233 68 -138 211 47 -85 -207 -117 -62 -203 -223 132 72 138 28 208 -166 182 -148 25 -182 200 21 201 31 -95 -10 109 -116 -46 -246 153 -163 -106 -61 -82 -29 -201 -24 20 113 23 117 -221 14 -218 -89 -51 27 -167 -57 -243 172 -194 -68 83 -21 50 6 -187 176 18 220 -128 54 -147 -115 52 206 75 -78 -169 -94 -155 222 82 -226 -197 -17 129 -249 223 -205 230 236 -206 170 -222 -37 241 102 -237 -142 -3 24 -157 38 121 86 -134 -158 229 212 -36 64 135 -104 
TEST 149 ARG:-45 206 119 -178 -141 44 154 60 -60 25 115 235 -72 53 163 -151 34 18 204 140 205 141 151 -50 -116 -47 -22 62 -91 2 134 135 243 -177 -245 189 8 -192 -247 -69 83 -3 104 -238 -92 -85 248 93 105 196 52 -195 100 101 221 -235 143 236 192 23 -48 -21 226 -133 -241 -180 -148 88 120 -208 -59 -105 -160 201 183 -75 21 -162 -62 -163 -131 -57 177 -216 237 71 -181 -13 -102 -78 97 -150 57 40 217 -103 128 208 24 -169 126 -29 -164 -217 98 -218 155 80 51 -25 77 -82 -20 -77 118 -240 -23 50 92 -198 147 -190 10 -118 -90 -185 216 27 -41 -215 22 156 -207 -111 -123 -34 -236 -142 -223 159 238 70 -83 -167 209 11 193 225 36 108 214 -55 -117 32 -210 -199 -67 171 117 -31 -65 -182 69 -134 6 -234 -188 210 67 -8 168 133 -168 219 215 30 230 46 28 -63 136 207 -237 -205 -230 223 -14 -227 199 -129 111 173 -135 -114 -19 26 -147 -51 220 -132 -220 148 31 43 -140 -58 -98 -213 -166 244 -5 -171 137 242 172 33 -26 -173 82 -144 -17 139 234 131 74 -66 -203 -145 185 56 174 -6 113 -206 165 161 153 79 -15 -229 58 182 17 228 -246 0 5 181 231 -52 -233 72 112 -187 103 68 -186 190 -33 157 -35 -221 -94 14 -212 -64 218 37 13 -32 144 -193 81 7 -40 -153 -201 59 132 164 102 -127 1 -228 -249 107 -146 -170 73 -165 -124 211 96 -76 247 -138 -222 198 -93 -53 127 241 -100 94 -16 233 -184 20 41 -194 -119 -28 -38 63 142 55 188 -87 130 -226 -175 87 -149 -106 84 54 -157 -37 149 229 212 -179 -86 -232 -121 -174 -172 47 4 -152 178 187 -70 -125 203 -104 240 -107 -183 91 -158 75 39 89 38 -24 16 202 -204 -11 -211 -36 245 -191 -88 239 145 -1 -200 -176 175 -189 124 -143 95 -250 -27 85 -202 3 -112 -139 162 109 -96 152 146 -122 -214 110 -49 86 -101 123 -99 -197 -80 122 -248 -113 42 -196 227 -154 -219 -46 166 125 -209 -108 249 -10 -115 -136 -126 -242 -109 -18 195 121 78 -39 -81 -225 184 200 179 -73 222 186 160 197 -110 76 116 -4 -44 -224 -128 19 -68 194 99 -97 -161 232 170 -79 -56 224 9 12 167 -244 169 246 49 48 -43 -89 -155 64 -54 -30 -130 -137 -7 29 35 150 138 66 90 -159 -42 106 176 -243 -156 129 -71 213 180 191 45 -120 61 65 -231 158 -74 -84 -9 -12 -239 -95 -2 -61 114 15 
TEST 150 ARG:69 -48 -100 197 -39 -64 60 35 211 -141 115 -199 -60 177 162 -99 8 132 -114 -103 -83 -214 147 190 -61 240 -170 -4 138 24 -108 -89 153 56 225 -14 105 -173 139 -66 -167 172 -248 -230 239 3 -161 -84 -97 -154 136 -82 135 -28 -208 -15 111 -77 234 -23 5 224 -120 145 96 199 32 -204 22 51 -126 55 -193 230 76 79 71 144 -31 -63 -195 118 121 38 21 -27 146 122 -241 183 78 185 215 186 203 142 104 -90 194 -143 28 187 -30 -229 -245 73 232 16 66 83 -231 52 98 112 108 -86 -10 195 61 -52 160 -203 242 152 -43 27 -70 -147 81 -145 198 50 166 -117 235 -185 191 18 247 23 -80 123 -233 -165 -72 86 17 180 210 37 -55 -69 -1 -115 -246 11 208 219 206 89 102 74 -41 -67 126 -119 -124 -123 -59 -95 -12 68 -244 -225 12 99 77 100 134 -202 149 54 173 165 -133 -200 -186 -53 2 -35 125 -107 -192 15 -187 4 -40 -129 184 -128 75 213 229 -73 -116 -156 -110 40 -144 -78 94 -113 218 90 -91 241 158 -33 -20 29 -183 -135 -142 -79 -125 -216 -36 -9 231 84 220 127 -122 176 -102 202 119 43 -81 -92 -242 -220 1 -26 188 155 196 25 -168 13 -25 -249 -130 -189 19 -198 181 -56 -87 -217 -153 216 -228 248 245 -71 6 249 -65 -46 -98 -155 -151 -237 -169 -38 113 168 -109 120 148 -132 67 -234 36 -227 175 201 62 88 -166 -74 200 65 182 -152 72 45 -22 -11 -205 -50 -159 -24 -45 -47 -13 -211 -194 -236 192 85 -49 -206 -3 151 -138 -224 164 207 53 243 44 -157 7 236 46 34 58 133 9 128 228 -212 49 -226 -162 221 48 109 -62 140 -101 -6 -146 -106 161 117 214 -96 110 -88 10 -54 -171 -44 97 -175 -181 -19 82 -163 -219 116 -176 -68 189 -172 157 -201 -111 -232 -140 -240 -112 163 47 -178 -121 -239 167 80 -197 -136 159 14 -104 -150 209 59 -247 -218 42 -16 212 -250 91 -93 87 170 233 -190 131 179 114 238 -196 244 -149 -213 174 -164 -207 223 171 26 -182 -94 -191 -188 204 57 154 169 226 -58 156 39 -76 -105 -137 70 -209 -243 -51 141 -21 -215 -17 -127 246 41 227 -184 -85 31 -223 0 101 222 -42 137 -18 33 -8 -238 130 -32 -139 -29 107 -235 129 193 -75 -210 205 237 -180 106 -5 -221 -131 150 -34 -57 -174 30 -158 124 -160 178 -177 -2 93 92 95 143 -179 -222 217 103 63 20 64 -7 -37 -148 -118 -134 
TEST 151 ARG:-84 -166 -48 173 -162 25 172 76 -3 -205 -65 -169 -207 -244 -242 -216 186 -36 -176 -109 -104 -52 216 -149 65 -4 -67 49 18 -181 -213 -202 238 229 138 -26 -91 -249 -196 -62 184 -154 -97 226 118 105 195 99 87 -222 154 146 241 -143 78 -182 199 -13 214 21 178 117 -223 -197 -86 -204 185 -191 -167 -128 -192 121 218 -245 153 37 22 -29 -54 41 -41 -19 84 213 -16 60 -175 -158 24 -224 35 46 92 142 -99 111 -227 -17 -210 201 17 -90 -211 212 -246 43 -151 239 54 -73 -44 -30 -39 50 -132 243 -163 -115 -145 135 -2 61 -60 6 11 188 170 56 -208 176 -37 -134 95 -247 23 -137 143 31 -144 -146 127 144 -33 -88 202 119 83 249 72 -201 124 0 28 -87 -1 -12 -231 -184 -108 113 15 -172 112 161 -42 150 244 -105 158 234 93 85 215 -250 -110 -78 102 -81 -116 139 81 36 -198 48 225 190 -61 -206 74 -34 34 -122 220 227 131 -98 40 -15 -195 -106 248 -27 -228 -168 -22 -53 192 -200 -14 219 88 175 -43 8 -25 -51 246 -147 -217 181 247 130 210 200 -190 -171 -138 207 -103 -164 47 151 221 -47 -236 235 82 -8 232 -150 7 -209 12 -76 -121 -96 -82 156 67 -63 -221 198 101 64 -107 134 -180 110 89 179 149 79 -129 -45 217 -194 -183 236 152 44 148 98 145 -232 -85 165 2 -20 223 70 -35 -161 224 -74 90 -70 -187 -31 71 9 -7 -18 42 26 163 211 10 123 -248 -230 -240 -135 245 136 209 -120 38 55 -46 -225 231 -80 129 171 -64 206 164 -123 45 -152 106 125 69 132 107 -177 20 -56 -117 197 159 66 29 157 -28 -160 -79 96 240 -136 137 -101 -49 -6 -24 168 -58 -93 128 -68 -119 -114 52 97 86 -170 166 -215 -89 -92 59 187 -155 77 -179 182 -165 -21 120 -218 -141 160 39 115 203 -66 32 -111 109 122 -229 -234 58 242 -124 -157 -199 62 104 19 -57 196 80 -9 169 27 -142 230 -71 -133 208 -220 -243 -233 177 -237 162 -174 100 147 -139 103 -156 -10 -59 -189 -112 68 -185 -241 204 -72 -113 63 -212 -50 14 -55 3 222 -235 13 -127 -83 -102 -69 -40 -239 16 -75 116 4 126 -94 51 -126 108 -100 -214 183 155 191 205 114 73 237 5 -186 -38 -125 133 -153 -226 180 -159 -193 -77 -131 -11 140 -23 -203 233 -5 174 91 141 194 -130 193 -95 -140 30 75 57 53 167 33 -219 -118 189 94 -148 -178 1 -188 -32 -173 -238 228 
TEST 152 ARG:36 -30 160 121 34 144 52 -87 38 -235 113 -39 -133 -225 49 107 -68 1 -157 132 -165 -53 20 -132 99 247 -239 190 -166 12 191 146 -190 -173 166 115 -146 134 169 202 33 53 -91 -167 -66 18 -151 -187 230 -9 147 -160 -124 -176 -29 208 155 -120 -131 219 213 109 225 22 138 -16 -247 75 -96 -81 19 -62 71 -116 -25 -163 242 177 -90 238 -13 -229 -155 88 87 48 -177 -20 110 -129 129 179 -33 100 -186 13 152 7 70 135 187 47 -191 -43 -105 -44 85 -36 228 -179 -40 -18 -92 154 -135 189 105 231 -31 89 229 124 -139 204 126 128 -19 217 -178 30 -86 203 234 31 44 3 68 90 -5 -243 -11 127 -150 -2 -188 79 181 -172 -121 161 209 17 -75 -99 -49 173 201 -206 -70 -218 65 101 -52 235 -142 -101 84 -106 -205 -114 55 149 186 184 -195 35 108 130 182 92 -17 -45 59 211 -112 -3 194 5 -1 140 77 94 -72 188 -23 -185 -182 -183 -214 165 233 -164 -169 180 -231 56 54 26 50 -232 -222 -65 171 -32 119 -22 248 25 -147 -95 -193 226 -189 93 216 -241 -196 -154 207 -130 -38 -219 -84 81 -4 -198 -119 193 218 114 0 -48 74 106 -141 -67 197 69 -204 -113 42 -224 -181 143 -238 156 168 8 131 2 -100 6 175 214 185 21 136 -6 98 -184 -110 96 -203 11 -194 -143 224 -168 -61 -134 37 28 -78 61 148 -12 -98 183 172 -64 -197 145 -77 60 -215 164 -244 -175 -230 -156 210 -74 199 141 -138 111 243 222 32 -226 27 -51 -103 29 40 -234 -223 64 -162 170 -148 -228 167 205 -199 -161 -137 -127 -50 239 -237 133 -227 142 -59 95 -69 58 86 -207 -82 -73 -41 176 157 -122 212 -220 120 -46 78 -248 -149 178 245 15 -8 -236 -158 -123 -111 241 236 -245 104 4 -115 -125 221 -7 -63 103 24 -83 -58 -89 -102 -201 223 -57 82 123 102 76 -35 51 246 163 -104 -79 9 -117 -28 -37 57 153 162 232 -21 -24 159 -126 117 -200 -171 -140 80 -10 -210 46 45 -209 -54 -108 -240 -80 -250 174 -174 206 -136 116 151 43 118 125 41 -14 198 -212 -97 -88 -153 -202 195 220 -94 -15 -145 -249 -242 -107 39 249 -118 139 14 -34 -56 -152 -26 196 200 67 -55 -192 63 -47 227 -42 192 -76 -180 -213 -144 240 10 -211 -71 -221 244 237 -208 -27 -216 66 62 -128 97 -60 73 23 -109 215 112 72 -85 -170 -233 150 -246 91 158 -159 16 83 -217 -93 137 122 
TEST 153 ARG:-237 137 154 149 -102 -169 161 18 -5 -107 127 -225 60 -138 -21 143 -199 -146 -19 160 -247 186 19 191 200 59 -65 -128 234 -111 -196 -113 30 -57 -115 -97 -61 177 83 -112 217 36 34 176 212 -29 77 88 218 -248 138 133 48 24 -166 -122 -234 111 -136 244 -100 -182 7 -23 31 170 92 26 108 -184 124 240 -156 -220 49 -222 209 125 -46 126 -43 -179 216 -144 -164 -192 -71 -168 -140 179 182 -185 -132 69 -172 -218 146 -190 -154 -148 -75 -123 227 -54 103 164 193 -139 120 187 -244 16 11 128 -37 45 151 -141 93 -191 132 96 95 -12 -211 168 239 169 -119 6 241 -228 -243 4 243 -135 47 -120 -26 213 79 99 -66 -62 163 235 -173 -183 78 -217 135 -69 40 -204 199 -151 -34 -79 221 -53 46 -134 15 -150 -175 -118 -227 -215 156 189 91 -72 17 -213 215 245 81 -2 66 -14 -229 -9 -60 90 -147 12 -28 162 -241 61 68 208 56 76 -35 51 -3 205 -117 1 224 -238 -13 62 121 -245 -205 238 206 -212 -77 192 -51 -98 -85 -76 152 -143 -153 -30 -106 -25 -17 -36 -160 -11 10 -208 107 -174 -96 -162 131 -180 -232 74 33 222 159 -38 -219 41 70 -163 -27 55 -145 14 210 -171 207 53 -48 37 242 52 -70 -8 -18 -55 27 231 237 -189 225 202 75 226 171 23 71 9 5 -142 -22 32 102 158 -59 181 -207 204 -89 85 -246 -152 219 184 228 -80 84 -32 -137 -116 155 -110 166 2 -165 -126 80 233 118 -186 -226 197 -42 86 -103 -83 247 101 105 116 190 -235 -10 142 -127 -39 -176 -101 175 -131 148 -133 -170 109 -64 -242 -86 -33 236 -15 -129 -87 -188 21 123 223 25 -159 22 129 -161 -195 -231 -181 157 -201 38 104 -216 249 220 145 0 110 -63 -240 -203 44 232 178 -47 -74 -109 97 -99 28 -20 -24 -221 195 87 -16 117 -158 -40 -178 -105 20 194 29 -121 -155 -95 229 196 -56 -202 3 -50 174 106 -91 -167 -230 -31 211 183 -78 -206 -90 -114 -4 113 -7 140 -124 58 -130 -177 -250 50 54 -73 173 -214 114 -44 198 -41 201 63 43 165 73 -249 -45 -1 -108 -149 119 67 -157 -187 130 -82 -223 -92 246 -239 144 -49 64 -88 153 -233 35 100 13 8 185 57 214 -104 172 -236 -210 134 98 94 -197 -68 -81 230 180 39 136 141 -58 -193 203 65 139 -209 -84 188 -94 147 -194 -52 -224 150 -67 82 115 -125 42 112 72 -93 167 -6 89 248 -198 -200 122 
TEST 154 ARG:-181 -204 -242 -142 -39 -125 179 74 19 -20 202 -70 144 -33 178 50 -134 90 157 -97 -226 246 -127 -94 36 107 -132 -85 -117 154 -53 14 71 -9 -87 -171 -100 -247 -67 1 67 76 116 -98 162 42 -103 177 238 -75 -91 134 160 51 -120 -69 -157 -2 228 106 137 81 130 173 -61 -144 -232 -143 -183 44 -207 23 -23 139 -126 -150 170 136 62 167 -140 6 207 5 -228 17 -30 -191 -203 -184 150 -186 135 -31 97 -206 -17 172 75 88 244 -192 -237 -188 -37 -63 159 140 -102 217 103 -43 2 214 120 -51 -130 -92 -211 -147 33 82 20 -210 128 9 31 43 -240 -10 164 -27 -60 -154 -208 46 -172 201 -219 -5 28 124 112 -158 -217 -124 21 -50 -3 -58 232 -46 98 -148 145 89 -45 83 161 27 -36 -244 -215 -220 84 -245 -113 -129 -209 -110 24 -190 -42 -95 218 121 -93 206 -223 -153 194 -164 118 180 29 -78 138 188 233 198 200 -202 -128 -173 -195 -112 -137 -44 -187 212 -73 -235 -225 110 -35 236 -77 -111 222 197 -52 230 -84 151 -174 -214 -123 -180 146 -169 147 190 -162 -72 -176 22 8 58 -13 192 70 66 168 -185 225 -205 191 163 16 111 -168 -26 249 -201 -88 -131 -227 -29 69 193 165 125 216 240 -199 -54 -156 87 -212 -151 148 -62 -38 34 126 -152 -65 94 4 -193 231 -200 247 79 -11 11 15 -165 -79 -234 95 57 -66 56 223 213 -248 205 40 -106 -175 104 149 -182 -122 -216 12 226 189 220 -48 243 210 64 -81 47 123 181 185 -179 -167 -233 166 237 39 53 169 72 -47 54 -83 -16 182 -107 63 35 -104 -90 -196 -14 -19 -155 209 -108 156 52 -74 184 248 171 234 13 -243 37 133 85 -86 38 -159 158 113 48 -222 -178 100 -24 -101 142 195 -40 -236 143 3 108 -250 26 -161 -197 49 61 115 -114 187 -163 117 183 -213 -99 68 45 239 -138 132 -238 229 152 196 -89 60 -230 7 199 -76 -41 203 -246 -18 -194 -170 186 -136 -56 32 211 41 155 215 176 153 -64 204 -241 -68 -49 219 65 241 -239 -115 -118 92 -59 -146 129 -221 -145 -149 55 -25 -229 -119 -109 77 131 208 -32 -189 -218 25 18 -12 10 0 221 102 -71 86 224 -198 30 80 -177 -105 -55 175 114 227 141 -57 -121 -96 -4 242 127 91 -82 96 174 235 -166 -80 -139 -34 109 73 -135 245 -21 -6 -249 105 99 -15 -231 -1 59 -160 122 119 -224 -8 101 93 -28 -133 -22 -116 -141 78 -7 
TEST 155 ARG:131 -15 -55 -144 -243 -193 139 -54 -6 -186 31 -51 188 163 -223 215 -187 177 -2 -76 192 -120 -46 184 117 129 -151 -225 171 -100 -226 174 -103 -107 12 9 222 -172 118 138 194 -37 161 -148 162 122 58 156 221 -119 71 39 -160 -181 -173 114 220 -77 -89 -132 -229 -35 -68 76 235 -127 -176 -222 60 -102 -246 -197 -71 15 -39 -152 22 212 -73 106 -85 -242 20 -204 -27 98 61 -65 185 -40 112 -153 -115 183 -162 -141 4 -213 -81 -135 27 227 -33 -91 -8 78 10 35 -145 92 107 47 -138 65 -78 123 -83 -230 -5 6 97 -201 -188 157 74 -53 -92 63 -211 99 231 -38 -14 -95 159 -101 -203 11 7 -60 147 -111 -170 216 -94 -199 144 236 29 -98 233 75 -7 167 -216 -121 108 43 -190 166 119 172 14 211 -61 88 -43 -250 213 239 -238 -110 -25 50 -168 0 -56 -93 95 164 73 176 -150 -180 -154 -34 -220 -12 -11 209 200 69 -155 -244 202 228 18 115 -143 83 208 36 -45 -13 125 -156 -161 -194 -118 53 111 -44 -239 -106 -191 -235 197 52 127 247 -63 -137 -159 3 -109 -113 -18 28 179 -114 238 133 -79 79 230 113 -219 -21 44 2 59 223 248 -208 -122 86 245 158 -47 -140 -167 -128 145 93 -88 168 64 160 205 -42 150 72 -217 -20 148 96 130 -97 80 126 149 -50 -16 -245 -125 13 -75 -209 -224 -82 -163 -196 178 246 116 141 -175 -198 151 41 -237 135 -129 120 34 19 124 -241 32 -142 -147 -164 87 -195 -90 -157 165 -177 25 -221 240 -130 -214 90 -49 102 -234 121 -231 -67 -240 -96 84 232 23 -205 -32 182 48 30 -248 42 -123 17 38 -26 214 -158 -232 249 100 -236 -59 -146 -99 -58 153 137 243 -74 -52 134 195 -48 -17 16 -171 8 -247 191 136 229 -112 -126 -66 101 -202 68 -116 56 -4 180 -131 -28 81 -69 24 37 226 152 -200 -192 -70 140 142 187 103 -23 105 -212 55 154 -80 173 190 54 -206 -104 46 219 -86 -1 -218 -62 40 -31 -87 -29 -169 -19 -117 45 206 -105 -133 -228 -210 -22 -9 -207 26 196 -166 241 -124 237 169 -183 -108 109 -84 181 146 -136 -72 -30 77 57 189 224 5 210 218 94 201 -184 21 -57 62 203 -185 -41 -134 104 85 -249 244 1 -10 -24 143 -139 -233 -182 -64 -3 198 -149 91 170 217 204 -179 89 155 132 -178 33 193 66 234 -174 225 199 82 -215 70 -36 110 -189 51 -165 207 186 67 -227 128 175 242 49 
TEST 156 ARG:-221 -36 -131 133 -7 -181 11 -118 52 -18 42 -148 -53 245 3 72 139 55 -172 -115 31 -150 85 155 7 214 -143 -220 -216 216 -128 -8 -133 -232 -83 179 -47 207 170 -183 188 -81 152 -130 -91 225 160 -186 210 -13 -191 -106 227 132 -37 248 -218 -127 128 34 -166 -28 -190 63 -11 -52 -241 15 182 -59 46 -71 48 135 -245 -223 114 -60 101 53 80 246 136 -176 186 82 -132 238 68 95 -120 166 203 175 -129 32 6 41 144 211 -226 195 113 -6 213 249 -17 -168 239 98 -72 -214 71 84 -184 -86 -224 12 229 67 -147 235 -237 171 -116 140 18 86 146 111 244 145 157 -89 90 -242 242 141 -42 -195 -108 -88 -170 58 -192 112 47 35 153 76 -2 212 -55 151 -203 116 -207 -201 10 222 -246 -62 -244 -135 124 138 -23 -50 45 26 28 161 69 -177 -107 243 -146 -43 241 197 -156 117 -185 172 -222 -175 192 -187 247 37 -54 -162 -70 -200 130 209 9 -20 49 30 -165 -69 -171 66 148 99 -249 -40 -38 -48 143 -145 223 193 -174 217 50 147 150 51 -247 168 -122 194 44 -46 201 228 -5 -193 -163 -41 236 -94 -73 56 123 -32 70 -22 89 -134 -21 -126 -235 219 154 60 -228 25 -3 119 196 191 -35 105 87 177 -161 -236 -159 115 -231 92 -77 -158 142 65 -227 -56 -45 165 -198 -137 104 159 -142 199 -19 -100 -64 234 -51 -75 61 134 190 185 21 59 -210 83 -110 -97 230 -194 -139 163 96 39 2 17 206 -234 -149 -157 20 54 102 180 -140 -151 -167 169 -169 81 231 -197 22 120 8 -30 -219 19 -123 38 23 -233 215 -39 -95 -103 -80 93 -154 126 -27 -204 184 -96 -160 1 125 -78 176 -76 -102 218 -90 -109 103 75 77 79 162 29 240 164 -29 -240 149 204 107 91 -105 -87 -9 127 -153 73 -1 -238 -113 -208 -68 -92 -104 62 -182 233 -85 -188 -65 88 198 -63 183 137 -82 -31 -141 -155 40 -112 -202 129 -212 33 -173 -217 173 -119 -93 108 224 -25 -136 106 97 57 13 78 -215 -230 -99 -144 174 16 178 110 131 -79 237 -239 -205 221 -26 121 24 -61 -211 -243 226 187 -111 -125 181 -101 -74 -15 -229 122 -124 -164 -44 -152 4 5 74 156 36 -225 205 100 -58 -12 0 202 -117 -24 -84 208 109 -209 -57 232 158 -178 -98 -114 -250 43 -121 -33 -213 27 -189 -179 -14 -138 -248 -16 -66 -4 220 -206 -67 -49 14 64 118 94 -196 -34 -199 189 200 -10 167 -180 
TEST 157 ARG:248 -184 -210 -248 73 19 -234 56 -86 28 29 -4 -202 -142 -25 146 130 180 -206 -191 118 -147 -21 -31 -162 -226 49 -246 -109 184 196 25 205 20 -241 193 233 -233 201 34 141 223 -243 210 -238 190 204 107 -68 -125 46 189 -54 -161 -164 18 5 157 21 -23 -245 153 -73 -182 185 -41 198 -172 -229 -205 -38 -49 -116 249 -63 58 109 91 -223 30 -131 -139 -60 -134 214 104 102 -1 -8 237 225 -114 -196 -235 187 -90 -29 -72 -76 100 -18 243 -27 166 216 217 116 68 -188 -240 57 88 -40 -94 -52 -222 222 -24 96 -168 16 209 -50 94 206 -26 -3 -126 -221 -53 221 7 186 171 92 -136 -56 117 128 148 37 75 23 246 -123 86 174 70 169 67 159 -190 -88 -175 239 207 108 -170 -149 134 103 143 -13 235 42 26 22 -160 98 113 -59 238 -69 69 236 60 6 -128 14 -180 114 -101 -57 33 173 191 1 -74 74 -65 -70 154 43 139 165 -137 53 197 -66 -95 -189 3 13 -236 -7 -215 38 178 140 -82 232 170 -157 2 0 -118 -96 234 106 202 -231 -34 -115 64 79 62 97 -51 -183 -98 -185 -55 -176 -108 242 -35 -120 50 -47 -194 228 215 80 -103 105 -33 167 -28 -12 111 87 -16 -197 -150 -177 -167 -216 244 -186 -105 -199 -42 -97 -135 -122 -81 99 -36 119 120 144 -61 -37 35 149 4 -224 247 95 241 122 -129 151 -17 -201 183 48 -64 -100 135 41 -78 -106 -171 -154 147 10 15 78 -92 82 65 -121 121 -32 168 -44 125 192 -140 224 -232 89 66 -85 188 175 -43 137 63 77 -145 138 -112 -107 150 -203 -153 -217 -133 -165 39 -181 -119 90 -249 -204 124 -148 160 -193 -5 -20 -10 131 61 177 36 -169 -80 -214 -213 -84 76 -200 -6 230 40 -151 -179 -143 -187 -117 -89 127 -91 -230 12 -87 -62 24 136 -174 -239 17 -144 32 -138 145 -228 219 227 -14 203 -132 132 155 -58 179 -2 52 -110 226 -195 212 -155 -173 31 9 -244 84 -198 213 -39 -166 -45 27 115 -247 -15 -113 -111 -48 -178 -104 -102 -130 -159 -219 142 -30 85 44 231 -75 -209 -93 -9 -208 163 158 -225 133 -242 -218 93 -19 112 245 211 101 -127 194 11 51 -250 172 -152 208 -207 -158 182 123 -156 -46 162 220 -163 229 -141 -83 72 161 -146 110 -211 55 -22 195 -220 47 54 -77 176 200 126 -67 81 152 -212 199 -192 59 129 83 8 -227 -71 -237 240 -79 -124 164 71 -11 -99 156 218 181 45 
TEST 158 ARG:30 -92 -202 -109 97 68 -143 164 -114 -170 16 241 86 -137 44 -76 88 153 -97 -190 93 -131 -67 -77 -134 -14 236 -191 50 144 140 101 189 -247 70 149 -43 -248 43 99 -90 240 185 52 -129 -98 159 176 -59 39 -236 95 184 137 -19 -27 -112 -63 -3 56 -237 201 -69 -164 54 -96 221 35 31 -224 23 84 -163 210 66 -172 19 -122 125 -232 58 24 -28 -36 -220 89 51 -244 166 82 -23 128 -120 -68 131 174 109 235 -171 -213 46 -117 -13 242 -127 199 195 -61 183 78 167 77 209 230 57 11 -182 -189 -177 -146 -123 158 190 155 -160 207 123 12 133 -79 134 -157 -200 94 -187 69 -11 -230 -219 90 -128 212 38 100 72 75 53 206 203 13 -57 27 -168 102 239 -9 -60 80 0 156 178 238 246 -99 -94 37 152 62 225 -228 -54 -80 -222 165 214 -42 179 59 -166 14 143 25 -39 -206 -107 168 33 -195 -138 116 -243 -245 228 61 -1 -38 74 -44 -204 -154 -142 -183 -212 -22 -250 -74 186 6 223 85 213 151 -246 -225 10 34 -215 -53 215 145 -126 193 -205 -185 130 -218 60 87 -81 -133 -7 48 67 180 -101 117 104 244 22 63 -210 -85 -198 -174 -15 36 -132 -199 161 65 73 -30 -104 -18 162 169 -211 -173 28 -214 -148 191 157 227 -180 171 -88 136 -46 187 -119 -207 105 110 -203 -147 -184 173 132 -10 -231 198 -161 -136 98 115 -71 -152 142 147 79 64 -125 -150 150 49 121 -64 126 83 -95 247 -226 -193 106 71 196 -83 -181 -89 -158 47 15 -149 76 -186 1 200 -4 108 -16 17 7 202 220 -145 42 20 5 139 -118 218 -47 -153 -17 -58 -62 -227 197 146 -82 -12 211 -55 -159 118 -106 226 -249 -26 160 -34 192 163 81 -35 9 92 40 232 -52 -121 -239 224 -25 -33 -37 -235 245 -179 -87 -41 219 -135 -115 -221 -84 -209 -116 -140 154 4 -216 -91 175 -50 -105 -167 -86 -20 -234 233 -6 135 55 172 -66 3 237 -73 107 -78 -169 -45 -100 -201 141 -56 -49 -8 -176 -162 -241 -113 -238 -194 248 -197 -217 -178 216 231 -111 -175 122 -165 222 -70 -51 21 -130 170 -29 8 18 111 -229 -32 -223 -196 -233 -208 120 -156 204 -124 181 -155 208 -141 182 41 -144 29 -72 -5 -2 -40 -75 148 26 124 127 -21 -102 32 205 -31 -103 103 91 113 -110 -188 -93 -240 -65 -108 177 229 -242 243 194 96 138 2 -24 188 112 249 129 234 -151 119 217 45 -192 -139 114 -48 
TEST 159 ARG:-141 111 -104 210 182 -153 102 -22 235 -96 -224 -176 105 120 63 238 -237 140 179 221 -20 -140 37 134 18 148 -14 138 53 -57 -60 14 218 -201 -229 -198 74 167 -18 222 75 161 42 -178 108 -103 -239 153 -137 206 176 62 13 -240 213 197 -188 110 173 10 -216 195 209 171 189 -56 24 -98 -30 -234 185 233 -42 92 214 -155 212 -149 164 -194 104 -63 -127 88 -88 162 -243 90 187 -195 -71 -156 -134 100 -125 219 -222 226 72 136 -197 61 -34 199 -144 249 142 131 229 -169 -19 -250 241 205 -159 -76 -38 -142 150 33 135 216 -73 16 244 -212 -75 -245 91 -29 89 192 -150 -7 243 -55 -109 -4 -69 198 -183 -68 36 -97 186 39 -135 -238 -5 -37 158 -242 -215 51 201 174 -79 -193 -92 166 177 31 -133 38 -121 -219 -164 159 25 -136 83 -184 -17 230 -191 207 -23 -202 227 -102 -227 211 -162 115 40 81 -94 193 -46 -50 34 -221 118 -163 194 -128 -101 80 112 -241 -113 -232 5 200 86 -249 -13 144 -151 -130 -129 -158 157 156 0 -223 -52 -186 236 242 -54 -64 -2 94 7 -185 -132 41 27 152 65 -182 -6 245 47 -244 165 168 -11 -209 -89 3 -146 122 141 -35 -24 96 239 248 170 1 180 -230 50 155 127 154 -179 -211 -107 2 -51 124 -1 -84 -74 -220 223 -111 -25 146 23 -78 -123 217 190 101 -214 -233 9 -36 188 -217 67 220 163 -112 55 -138 -173 128 84 237 -83 -91 191 -48 -28 -203 215 -82 -213 232 -77 -175 203 58 -58 247 73 4 -119 -210 172 -67 -114 -200 231 -44 8 -170 -124 64 46 204 178 -165 -105 -93 29 45 -174 -168 12 117 126 132 -225 -115 79 -106 19 32 -100 103 143 -207 28 114 56 -47 116 -110 -26 77 -208 -108 11 175 -218 -196 -33 71 -248 -59 139 224 95 54 184 -131 66 -126 -199 -21 -86 -152 147 -206 -39 -246 76 -139 202 99 125 183 -72 57 -145 98 -236 -53 234 -116 -81 160 69 -189 -117 43 123 -80 -187 -90 119 121 -228 -8 -231 48 225 22 97 -147 129 -204 -31 -15 -177 -45 -95 -65 93 228 -235 68 59 -167 -32 -66 -154 -61 85 21 15 181 -171 -49 -192 20 -16 240 60 208 -3 -12 -118 -27 133 169 -120 82 -161 44 17 -148 70 113 49 137 107 -180 -70 -87 -157 -226 -190 196 109 30 -43 145 -122 -166 -247 -172 26 78 -85 87 -62 106 -143 -181 6 151 -10 246 52 149 -160 -99 130 -205 -40 35 -41 -9 
TEST 160 ARG:-198 199 193 -165 -121 -3 222 -231 86 97 184 5 -202 136 35 234 -64 -205 166 -105 -29 -135 -40 -63 76 -90 -39 -8 170 245 134 146 -182 142 -5 -227 124 -248 171 52 -185 -38 -9 -23 55 224 129 46 -120 130 -148 -27 -144 53 -57 78 -243 -233 -45 28 -167 26 211 -171 -109 173 -44 139 189 10 -89 150 18 20 -183 -6 -21 61 175 232 -46 -143 -147 84 -98 -159 -113 94 -158 -85 -30 95 -204 194 -178 -155 -51 237 8 241 138 -166 164 90 -80 102 -104 -82 -152 -149 -123 -91 91 187 155 113 47 -146 -217 -110 197 -236 221 -218 196 -102 233 67 132 -140 -242 -169 -77 65 -210 -156 -160 236 109 -145 108 141 17 -228 176 147 -164 -181 48 -81 -239 131 79 72 219 -19 -35 -153 -96 -111 -133 -201 182 -192 0 143 -122 73 -50 -193 -249 -47 -68 -106 -114 -214 1 58 32 158 -238 103 -18 -28 188 63 54 -216 45 -240 25 198 190 -186 -246 -72 -37 205 -250 -52 49 7 82 64 152 -67 159 201 135 -119 -24 209 226 -136 167 -87 -184 -207 126 -212 50 -12 -32 -92 -163 101 -209 9 -234 120 43 -241 -225 -70 111 151 -230 202 3 11 -237 -245 -200 21 223 242 180 41 133 -7 243 -62 195 -55 -58 -134 116 106 -191 216 60 -107 128 214 77 88 -211 -33 227 -118 -174 145 16 -88 15 162 125 -142 121 31 42 23 -10 -138 -222 -1 112 118 -43 -103 -244 -137 238 -213 12 -66 81 217 206 -99 163 36 114 -130 6 -150 -223 -79 -4 213 13 144 2 -124 -125 -226 140 -73 -154 -26 -179 179 -127 33 -219 218 104 -31 154 225 51 161 71 -229 137 68 -172 14 75 235 -56 178 -42 56 -168 153 -97 122 66 83 -199 -215 203 119 -177 29 -188 117 37 87 44 249 -54 -108 244 -190 228 30 -61 181 -71 38 -173 231 -196 149 -34 -139 192 156 -224 210 -14 220 172 -41 -221 -232 -132 212 -75 -95 -20 174 96 -84 177 59 -129 207 -11 99 -161 -94 -194 -25 186 -101 -60 24 -162 -74 148 -13 204 -59 -2 -128 -180 115 100 -15 229 -126 -69 -197 -220 69 123 110 -115 127 -76 165 80 -65 -189 57 -93 -112 -247 93 34 98 70 62 92 -53 -78 74 19 -100 208 -206 240 183 -36 200 -49 230 191 22 -131 185 215 -151 27 239 -22 4 247 -175 -176 -116 -157 -17 39 -235 -141 -208 -16 157 40 169 -117 168 107 248 -187 -203 105 160 85 89 -86 -170 -195 -48 246 -83 
TEST 161 ARG:-90 -159 -238 173 -247 23 35 -142 181 121 -59 177 91 -191 41 -107 -143 -150 -122 40 228 72 -48 202 20 135 -120 -93 -58 34 111 -79 152 -106 -39 -229 55 -222 105 133 -141 -202 -82 234 59 -65 33 169 83 170 -26 156 -145 -9 76 115 144 -51 249 107 172 237 -152 -124 -237 -111 -220 102 219 240 -190 -179 67 2 24 -181 141 -7 182 58 49 -55 60 -235 226 -246 -19 93 -1 54 140 175 -119 78 61 -200 -242 -88 -4 218 114 -71 -70 74 73 137 113 50 -173 189 -217 -31 101 0 154 -176 161 143 -194 185 -210 -212 -165 48 -16 166 -208 -77 25 -40 119 -11 32 -30 159 129 -205 9 188 65 -92 97 -28 -104 220 -21 194 16 5 206 118 -99 -203 245 -131 -61 -248 95 130 -18 -78 57 -199 -134 -239 98 -185 12 68 247 -125 -138 -225 -49 -34 -102 -73 222 -38 -128 -157 77 19 1 -108 -243 -174 -137 47 233 -94 -114 155 29 -206 209 4 -66 62 -231 145 109 248 -214 125 195 180 -163 -146 -250 10 -245 -223 -8 -233 235 112 53 162 230 -204 -113 -154 -98 66 -57 30 22 -2 71 153 241 -189 -64 -32 120 -80 239 193 44 205 -161 -33 -96 -144 87 -230 208 -195 -227 99 -177 -54 210 -12 -224 -72 94 -52 126 -241 -46 75 -43 127 -164 -109 -198 17 110 148 104 -69 -236 70 151 122 -232 37 150 -151 -207 186 225 -244 -209 -91 45 -228 -22 100 -100 174 138 -23 -196 -123 238 -156 -37 -168 -166 42 232 117 -83 -218 217 -84 -149 -215 84 27 -187 -75 63 224 -172 -118 -170 96 26 183 146 200 -153 -135 207 236 184 -193 -45 -103 92 164 -148 231 80 46 -89 79 211 -169 163 106 190 -25 -67 -50 -188 -160 7 89 -158 43 198 -56 -180 -140 -182 116 -147 -87 187 -201 -53 39 -121 171 -24 -126 123 142 11 -171 -112 134 139 -234 -127 -216 -249 132 -183 136 -192 6 -184 -13 214 -15 203 31 -3 -219 215 -5 18 -17 176 -81 -117 216 -211 21 -10 -175 158 82 -42 -167 242 13 56 52 -27 157 204 85 227 178 147 -105 -240 -95 -130 -136 -62 -60 36 -178 -155 128 213 8 196 179 86 -20 -36 81 -132 160 14 -213 -101 51 -47 -68 -76 -133 199 243 -97 3 -116 -29 165 197 38 168 221 -115 88 192 124 -6 149 -186 212 131 108 -35 -129 -197 -162 -139 201 -226 246 -63 -110 -85 -44 90 64 -86 -74 223 28 229 -41 167 191 244 69 15 -14 103 -221 
TEST 162 ARG:-18 -99 82 -174 -111 -210 35 22 -110 -5 -205 -127 227 -52 109 78 197 75 27 41 -208 -135 -145 9 152 16 -100 72 -139 -152 156 -123 243 89 44 -160 -178 224 -220 30 -101 46 133 150 -159 -169 246 204 -49 112 -87 174 61 -38 137 -239 -92 54 81 -161 -12 -198 -46 -158 -121 110 -95 -40 67 -221 57 -136 116 -173 -130 -9 225 -138 128 -30 203 -207 162 240 120 -243 163 -187 -176 26 45 -16 -203 -128 -42 208 154 127 39 232 65 -85 121 219 -120 -24 1 -233 -34 151 -212 10 -245 -63 129 -193 18 -196 -215 -19 -143 -103 -35 -146 -171 69 -90 -179 184 92 247 -150 105 52 51 93 234 -117 -105 -106 71 -65 -115 186 -72 131 -32 -51 166 50 175 74 -75 -21 -89 97 -96 207 201 -195 -241 108 -151 118 -54 77 214 -250 76 215 -62 -88 167 212 -204 13 -237 -11 -29 -185 -224 183 -190 -164 -234 -229 -36 -132 -249 -230 -142 -6 -41 8 -201 -119 -45 59 191 235 -86 222 36 4 79 96 231 238 83 11 -59 244 -93 -107 23 113 242 198 -116 103 160 179 -131 -22 14 249 157 -217 -247 -194 -47 206 -218 80 -167 -197 230 123 -98 29 172 84 -214 -10 -124 177 229 149 228 223 -147 221 -109 -97 37 91 17 -248 -236 -81 202 169 -102 7 -235 -68 193 237 62 -39 188 5 -163 -225 32 -157 53 -125 66 141 213 -37 205 56 233 -180 -170 -213 -104 176 155 -28 -112 -232 -64 68 -216 -246 -83 85 -188 147 192 -4 -84 -48 -55 239 58 -58 122 95 143 220 -17 24 -140 43 194 20 -14 -80 107 -227 -20 200 -242 114 -126 -73 125 -8 -31 -153 -192 139 -162 -182 136 -144 126 226 -238 87 88 170 -23 -91 -67 -244 -108 15 -78 -69 102 135 209 -61 12 199 117 210 -184 190 31 60 -113 3 34 189 178 138 -154 -25 145 158 73 38 171 -60 -137 2 21 196 -1 -15 153 -186 144 -175 -133 -74 -199 -240 -228 130 -43 -56 106 132 94 217 25 241 -149 -70 216 -118 64 -50 -27 -79 -26 -166 181 245 180 -53 28 -155 -122 248 63 165 98 119 111 47 159 -44 -77 -156 42 90 -172 -165 187 -66 -114 -206 168 -82 101 -168 -226 134 104 182 -148 99 33 115 -189 -3 6 173 164 148 -177 -7 -181 100 146 -191 -57 -134 -223 142 124 -219 55 86 236 -200 -202 0 195 211 140 -183 -211 -76 -209 218 -129 -71 161 -231 19 40 -2 -33 -222 -94 48 -141 -13 185 70 49 
TEST 163 ARG:-108 163 -248 96 -24 125 11 71 -104 -151 230 -95 -133 185 31 9 -122 -116 110 122 -157 -148 -52 93 98 -11 -174 -23 95 245 183 59 -27 100 -93 -152 228 244 -190 -244 -240 32 -221 237 61 184 130 48 -72 -15 -209 140 126 -188 -137 155 -35 14 -163 -117 -178 21 115 119 195 -144 131 -246 33 99 -127 -160 60 20 37 124 38 -155 -241 109 -213 -176 25 52 -63 113 191 241 -111 -65 -5 -192 10 189 -247 -46 -149 207 75 -102 204 117 22 -217 106 49 167 69 178 63 211 156 -171 -185 16 -147 -193 39 -64 187 -98 57 -57 -118 146 76 7 116 -154 215 203 -14 -71 66 -120 -121 4 233 -218 194 73 137 -32 134 -135 -168 -56 -184 248 -208 -113 -196 -153 -161 50 154 -1 225 213 -12 202 -67 142 -22 13 80 -181 -87 -101 -88 234 221 -3 232 -128 36 212 -215 205 175 153 -169 179 -94 112 88 -84 177 151 121 -83 19 12 132 -229 114 -75 -170 127 -205 170 186 150 -51 -226 -231 -126 72 85 -6 -53 199 -239 136 74 -105 -159 -20 45 118 -214 -195 3 223 -233 148 -61 -187 -62 56 17 -44 -136 -123 111 46 -177 87 162 240 -60 247 -50 144 -33 -10 30 53 -38 -39 -80 -45 193 -227 157 -162 -125 0 -17 -26 -129 -200 -7 -238 -206 27 -86 -211 -115 208 190 -139 82 -236 -30 243 -234 -91 200 70 -230 -69 -145 -106 222 -107 34 42 181 -85 149 -132 196 -109 84 107 166 -237 249 159 -97 -36 -175 -250 209 -179 23 -173 1 -76 161 89 -189 218 94 129 164 91 -228 -49 92 86 -37 67 64 214 8 -79 -31 -199 -73 -28 158 -223 2 -183 -141 79 -114 171 176 6 -180 43 226 28 -34 -70 -89 51 -158 83 143 172 180 -19 -16 123 -216 182 220 -77 -29 -92 47 206 236 -242 -143 -210 -100 77 169 152 -220 217 -156 -112 29 -194 -96 235 -140 -182 -21 108 -138 -54 -58 -47 -202 -222 81 -130 26 168 18 219 -48 -81 147 55 141 -245 -131 224 -191 -68 238 216 188 -142 -224 104 65 78 -150 -13 -167 -119 -18 62 192 -204 -78 174 -249 -82 -232 -201 101 165 -172 -166 -42 -203 242 -4 210 105 160 246 103 239 -9 -25 -198 -99 -207 139 197 231 -8 102 -225 133 -243 97 -41 -186 -219 -66 44 -124 40 -197 -55 90 41 24 -110 35 54 -164 128 138 -74 145 229 120 135 -212 173 -59 -40 201 15 68 227 58 -2 -43 -90 198 5 -165 -235 -146 -103 -134 
TEST 164 ARG:150 159 96 -148 -223 118 -219 -39 -140 169 -15 -63 -221 -51 -144 37 41 -213 -181 220 40 72 -199 134 95 241 -166 100 70 17 -217 -153 -34 172 34 232 -62 -47 -188 -201 202 206 163 71 -240 26 -108 226 -109 -101 -88 -24 -152 -244 -83 -242 143 -207 -232 24 160 -103 19 161 204 -76 128 9 -11 178 42 81 -78 35 13 25 -43 -23 -50 175 215 -25 97 51 196 -31 -2 62 141 -115 -226 -55 122 -211 205 -216 -56 235 -155 148 -236 210 223 -173 -237 -54 -74 -167 -150 36 -190 -45 164 93 32 247 -8 110 -38 -105 -75 144 -235 -124 156 -129 -168 -37 -94 60 58 78 39 -151 -170 236 -202 238 195 30 249 201 -42 -123 55 -147 -102 -180 199 121 -90 -224 -126 89 107 244 80 -183 -156 22 111 113 21 -21 -179 187 228 90 48 12 82 33 49 -114 -92 -159 -187 54 -113 -89 -70 -162 -65 -191 -66 129 165 -5 -86 -203 -87 -172 -186 -154 -178 158 68 -9 -59 50 -100 63 109 -68 -1 -80 212 229 -141 -239 5 -28 -40 103 -171 43 -175 191 -7 193 124 168 -93 -233 -177 -46 8 142 127 102 -16 246 -14 -250 -142 -98 -248 86 -137 197 139 138 185 243 -139 106 85 101 64 167 -208 -58 -135 -13 166 -10 10 224 -99 -145 61 104 189 -204 6 119 98 73 83 0 -158 -210 67 154 188 -249 136 -120 -33 203 -164 225 -218 -64 -91 151 123 88 -130 174 117 126 -161 99 76 -192 -243 77 -12 186 -246 114 -245 -106 -72 153 -4 125 -69 216 -6 -206 171 75 31 116 -81 105 66 162 -41 -110 -96 -194 -52 -133 -3 -222 -107 211 237 -125 14 245 29 -48 -30 209 -241 242 52 44 -138 -146 -176 -231 182 -134 221 28 46 -163 140 27 192 -189 135 7 173 -82 -160 -121 -36 -22 133 79 219 194 227 183 179 -197 -198 87 -182 -238 -229 108 207 -117 170 -174 -77 222 -104 218 -119 130 -32 240 84 20 -85 -143 57 181 239 -97 -212 91 -128 92 -73 177 -196 -112 -149 233 184 -67 -205 157 -209 -44 190 -220 -71 234 -57 149 -19 59 146 132 3 152 16 -53 -61 -195 -215 -214 18 -169 1 -234 69 213 -122 -27 2 -225 -132 120 53 65 -49 -136 45 23 47 112 56 200 4 147 231 -193 -165 176 -60 -157 -227 230 11 -184 -185 -228 214 -247 74 137 115 -17 15 -200 248 180 155 38 131 -26 -20 -84 -118 -95 198 -230 -111 -79 -18 -131 -29 217 94 -35 -116 -127 208 145 
TEST 165 ARG:-34 -22 -101 -4 -148 -183 -81 -106 -62 -3 -225 211 163 -137 151 -238 -180 -216 192 -247 68 19 176 61 201 -190 127 25 217 -46 159 64 -159 76 44 -144 188 -27 197 -136 -193 97 -30 -114 -172 -150 36 204 136 49 -124 235 238 4 30 39 220 -74 126 -107 3 38 33 221 -86 -147 247 -6 89 -66 2 -151 107 -58 -162 215 -33 93 108 182 -31 -37 -181 133 23 -100 205 123 222 77 -131 -32 91 -93 90 131 150 -115 62 241 60 31 -165 -132 143 80 -210 -19 128 239 9 103 52 54 24 -235 -231 37 -60 -212 206 -189 -59 10 -24 -205 148 21 234 74 -9 191 173 183 -138 99 -245 114 -175 -168 -7 -249 245 -134 -110 15 -242 -29 -223 -10 -229 121 -45 -237 -88 185 79 -13 119 -206 -236 56 210 230 27 -87 82 -155 177 169 -21 223 -200 -47 72 -99 -70 144 -120 162 -96 -157 70 -75 113 -221 -220 -18 -112 -104 196 57 1 216 -78 -219 -195 106 -246 105 -119 35 -77 -188 -232 -53 -192 -161 -204 187 -226 165 -207 -209 -43 13 -80 -26 214 -211 208 155 -67 -153 96 246 -240 -224 -197 237 109 154 78 -40 -123 73 -111 -73 -227 -127 -49 -241 -48 218 -42 -196 149 147 95 -160 -5 -55 88 130 58 225 157 -36 160 59 -108 50 170 85 -95 229 45 -142 -14 -65 -199 232 138 -156 174 112 198 -133 -90 34 -103 -164 -179 120 172 -230 -217 140 115 -149 -126 -201 11 -222 -28 -52 -177 243 212 32 22 -122 129 200 -176 -69 -109 29 -143 -128 -82 -171 125 -186 175 -105 -51 0 -139 156 -214 -11 -152 67 84 42 -129 28 -91 26 167 209 195 66 -98 -154 137 -76 83 146 -169 -215 141 152 122 -50 179 -61 -191 -20 213 161 135 -63 124 178 14 -94 -141 -118 142 207 164 145 40 190 46 111 226 158 71 -12 -54 98 -194 -187 81 -198 203 -140 -17 -23 100 92 -83 -64 -1 227 186 228 17 -44 101 242 -15 47 -85 -228 193 166 -233 53 -218 -167 65 118 104 -202 -178 -244 116 41 -163 6 249 -79 180 -68 -130 -39 -203 -121 -89 -239 -250 -125 -145 63 202 224 139 -97 168 55 -182 43 20 171 86 -213 189 48 134 -116 240 -184 -38 12 117 -185 132 -35 69 244 -234 110 -56 -2 184 -243 233 181 -84 5 153 51 102 -166 -71 199 -173 194 -16 8 -57 18 -135 -146 -170 236 -174 -92 75 -208 -113 16 -117 -158 -41 7 -248 -102 248 231 87 94 -72 -25 -8 219 
TEST 166 ARG:-239 -152 -161 -219 -233 -182 101 129 -65 -71 -159 192 -224 22 -140 217 -248 200 77 47 -164 -180 138 13 -212 -50 -47 220 -53 -139 -27 80 64 -173 -29 -162 -15 -37 -170 -133 183 230 178 60 -26 201 -235 -36 111 -116 48 113 -95 -238 -51 128 70 182 49 166 -80 184 31 242 117 -59 -141 123 97 96 -207 214 -55 -136 28 189 -117 -61 165 205 140 -97 244 -38 36 -201 -221 -131 91 154 -99 -234 -189 -197 102 -178 98 -103 -98 207 72 -34 150 95 -179 -146 -187 59 226 -144 -232 116 145 -10 -120 -7 0 -151 50 41 -16 94 34 -176 -236 233 194 170 3 7 -93 -184 181 -194 75 -84 152 191 99 202 57 132 -241 208 107 112 -167 -107 108 225 -57 105 -122 204 115 -96 -31 234 87 227 134 -109 161 -22 -89 81 -68 1 -186 67 -104 -198 133 -242 66 239 159 -165 -168 -28 -24 69 88 219 -211 212 -199 35 248 10 173 90 238 -216 -172 -220 -157 -60 -175 -156 -225 190 104 82 9 -21 2 231 -209 -128 236 137 71 -87 63 -5 136 -148 197 109 -86 -163 -45 -247 -205 51 -134 -83 21 -72 11 -48 162 -33 144 -196 -42 -169 -230 199 -155 -123 -237 -32 110 20 127 -244 -62 -126 187 62 43 12 -228 33 241 -214 -171 -54 247 6 93 45 157 -25 -69 222 -215 176 -11 89 240 156 -63 185 -23 42 228 -204 -188 76 118 68 -185 52 -90 188 -91 29 -130 235 246 -8 179 -64 -66 -3 53 -145 103 -124 149 147 -77 167 203 245 148 30 -2 18 -106 -243 -166 243 218 -1 -240 -20 39 61 224 211 -206 -217 -213 19 -35 163 79 -74 213 142 -105 -81 -200 -203 -82 54 -195 44 196 -9 92 -108 164 -14 158 78 223 15 -208 -41 -58 -246 32 -138 215 151 180 143 -110 -12 198 -40 -222 24 -149 -73 86 -67 -17 -113 106 58 237 -143 -18 -119 -223 46 -137 -13 37 -132 65 -125 186 125 -88 -129 -44 -49 40 174 -102 -190 -210 171 17 -231 25 -160 -153 160 195 -94 26 85 -46 -43 229 141 209 175 124 -147 -192 14 -76 135 -30 121 120 -135 -114 100 -183 5 16 169 -100 -85 -177 -70 -78 -101 -193 172 74 153 -150 210 -118 8 -154 -111 -218 -4 -79 84 27 -115 249 -127 155 193 130 -174 -229 -142 4 -75 -56 -19 -112 126 146 -52 122 -250 119 56 -92 -226 -6 114 55 -121 221 -202 -249 168 23 -191 232 131 216 139 -39 73 -158 -227 177 -245 83 -181 206 38 
TEST 167 ARG:204 214 130 15 -134 113 162 -113 -45 -144 -101 -124 123 -59 149 -246 -128 -17 43 -48 117 104 -9 77 -127 233 27 60 71 16 -75 34 -200 239 98 -125 55 -20 -33 -203 115 102 141 234 154 -89 -190 210 -94 18 -180 217 57 -51 -140 237 -6 -100 -242 78 -13 -28 -66 -220 155 -76 -38 -92 125 -21 110 -154 94 -3 248 84 -146 191 -118 225 -30 -245 -215 -185 -219 -61 132 175 -40 243 -182 -2 12 -149 -24 128 -91 189 213 201 -35 -230 160 -166 -72 -95 72 127 222 -157 176 -99 -69 152 245 95 147 158 -175 -204 -148 -27 200 90 -81 164 20 -73 -103 -209 -171 -8 161 -139 -142 -60 -86 9 88 114 6 89 -186 5 -189 -227 21 0 -131 -116 -243 118 -115 -57 105 -42 180 -105 7 -169 -88 41 -217 -231 196 -68 -233 -153 -133 -179 -5 -70 -213 -164 -214 -138 13 226 -249 -50 -79 38 199 -191 212 26 -46 -238 207 -155 246 -158 134 74 97 -74 22 -135 17 59 67 229 80 -201 -96 28 163 -247 -93 32 52 101 100 -102 -211 -237 29 -71 -174 208 -54 58 129 198 174 166 25 -188 42 240 228 137 111 232 219 81 65 220 182 -53 -199 -107 -22 206 157 40 -170 -111 -26 99 140 -221 116 -187 235 14 48 -235 108 211 241 -123 -7 -218 -10 190 185 150 -210 -87 224 51 -224 68 139 168 -130 138 109 -184 91 24 -65 -145 -178 179 -156 -241 86 -32 -232 73 249 61 -167 -112 62 -147 63 244 167 -240 -19 2 -80 -62 -1 122 205 142 46 -47 -225 -109 -244 -25 186 -55 148 -52 87 33 -207 218 -15 -177 216 -229 44 -248 131 -222 -34 247 -143 8 54 223 36 92 215 45 -208 -98 -84 133 230 -77 -216 -196 -63 69 -90 169 -117 -44 -223 -39 121 19 227 -104 143 -192 -168 -172 187 181 -67 165 177 11 221 56 -58 -205 184 -82 145 93 64 47 124 -83 -136 -239 106 -126 82 -132 -162 156 -159 -110 -23 66 173 194 -194 -78 4 159 79 -151 -163 -18 70 144 83 183 -165 -16 -176 -183 35 -56 238 1 -119 -106 172 -11 195 -97 -250 -14 120 193 -160 53 -173 31 171 85 103 -36 -226 -121 209 -202 3 -181 -29 126 -114 -120 170 136 178 231 -137 112 50 203 -197 -43 49 107 -64 39 -234 75 96 151 -236 -4 10 -49 -141 153 242 -228 197 202 -212 -195 135 -37 -198 37 76 119 -108 -150 188 -206 -41 -161 -129 -12 146 236 -85 23 -193 -31 -122 -152 30 192 
TEST 168 ARG:-201 243 177 215 222 65 225 -221 -106 -101 -80 185 -113 180 -39 190 133 150 -112 -78 -241 172 -151 -188 15 -25 -189 -170 191 176 92 41 244 29 -2 -182 -86 137 -129 -229 44 106 86 91 -92 -183 -168 132 96 201 -227 -200 226 -76 -157 -36 237 -179 -150 -138 -219 -162 -215 -42 -155 -128 239 -237 -13 -217 245 -213 -165 -110 -249 140 151 -6 -176 142 77 -45 -180 123 10 17 -44 -205 7 152 223 135 -207 23 -226 -194 83 52 229 242 108 138 214 -52 21 -163 -66 -184 -85 -51 -148 -175 -60 -48 134 -90 181 -130 -153 154 68 163 -122 -38 12 -181 -28 -10 209 216 14 -65 210 94 26 -147 221 144 -100 145 -33 58 -216 -152 174 -27 88 -222 24 207 60 47 28 62 13 74 103 199 -193 78 161 18 93 89 -14 -140 113 31 130 234 39 124 170 -43 -50 -41 -208 36 -24 117 -173 -5 63 -197 56 -250 -32 -239 -75 107 211 217 -30 42 136 -196 206 131 205 204 157 79 -238 -143 114 -224 -18 249 -84 232 111 159 -63 -103 99 -35 -159 64 105 2 166 -20 231 -81 -234 90 38 -169 -118 -125 -248 -154 -7 -22 0 -9 -156 127 -135 33 -185 -107 218 85 -119 -46 -187 -132 -53 -71 168 -97 -82 32 59 120 84 126 220 230 -202 -73 196 95 -204 -1 -126 9 -233 -117 141 153 119 -243 80 -99 156 -19 76 70 97 75 55 -136 -95 178 247 53 37 51 -88 -236 34 -149 -54 179 81 -190 -171 98 -142 -137 -167 -34 -94 143 -191 4 -131 -83 6 203 -220 -209 -235 -69 1 48 -203 235 -102 54 147 -218 175 61 184 164 -223 -98 240 -64 -210 -93 -211 148 173 112 -214 125 -244 195 202 -67 -61 -21 236 -160 -58 -91 -199 122 -192 57 128 -232 -123 -161 -37 -240 139 219 -17 121 -242 -104 -72 -49 193 -56 82 72 188 165 -186 -166 30 -108 45 197 -225 16 101 238 -12 -115 25 162 3 -206 171 -121 100 213 -145 167 -57 169 -96 155 104 50 189 -158 69 -146 -16 27 212 -87 87 -245 183 224 115 -247 -59 43 -246 -29 228 -195 -55 -70 -212 71 -74 8 46 -40 -77 233 -127 -26 40 -23 11 -139 146 -231 -144 -114 -133 -47 5 -116 -79 118 -141 246 192 -228 102 -11 22 -172 67 160 -62 -198 66 49 129 -177 182 200 -105 -111 -109 116 186 109 158 198 -68 241 -178 227 149 194 -31 -164 187 -174 -89 35 19 20 -3 -4 -120 -15 -8 -134 -230 -124 110 248 73 208 
TEST 169 ARG:-198 131 -208 163 60 227 62 -149 32 -101 -17 64 -64 164 248 -169 82 -75 145 68 2 -69 -160 146 -170 -16 -33 -94 -144 -201 117 128 -129 -137 -204 58 -199 15 234 -237 235 -22 -97 -211 -31 143 -180 -19 -15 -35 -132 -143 225 -163 218 35 247 181 -11 -142 -109 -51 -155 210 -82 135 40 20 236 86 -207 -242 -50 -112 175 -194 -91 57 185 174 118 49 245 -72 -38 230 -84 241 151 -56 -168 105 -202 76 33 39 221 69 -104 -130 96 90 214 -184 -187 -86 110 0 -176 -8 79 -153 -120 246 -85 217 65 -221 158 27 26 182 240 -131 124 74 66 93 19 144 5 -186 48 -232 192 152 77 -4 11 -59 -203 137 45 -3 130 -220 103 -241 -20 -18 -78 156 -223 -122 -58 195 -25 -185 -238 10 -189 -166 25 132 -46 72 243 114 -175 -113 104 23 -36 -172 162 -60 202 -197 -178 186 -206 -62 173 165 47 -54 -34 30 -230 95 -214 170 -217 -244 211 -52 91 -55 -24 -235 -212 121 -145 -236 -106 8 -45 -181 -128 134 -151 -48 36 -74 92 -119 184 83 -146 141 38 171 -226 -126 -53 -195 89 129 206 50 -248 232 199 -66 -156 28 122 67 136 -80 -14 -158 29 -141 -92 -136 229 228 249 205 -7 -245 106 -243 73 78 42 -63 -152 -30 -65 -249 191 239 6 -81 -76 155 160 -41 -90 -239 -216 208 -246 154 -183 187 112 -225 -29 4 180 -125 98 237 166 219 238 176 -193 17 -21 149 196 -70 -108 -32 -222 -99 200 -171 -100 -167 -28 12 178 -215 -191 13 107 -140 59 -148 223 212 -154 -139 148 142 153 99 179 -12 101 75 119 34 52 85 -250 108 71 -117 53 -177 -43 -39 -61 222 -2 -240 41 -218 161 37 169 194 -107 -110 -49 -227 -27 -200 -40 -247 183 -213 21 213 -196 216 97 55 1 -174 88 61 233 -95 -228 -89 54 177 231 -103 -47 80 159 46 -159 -57 -209 -123 100 -10 109 -9 22 224 70 220 123 -26 -192 -116 -102 102 84 18 -6 -111 140 63 242 -134 -1 113 172 -105 -23 -79 116 111 -157 193 -229 -93 203 -124 189 150 138 -219 43 -188 -182 16 -190 -210 -13 167 126 157 24 51 -37 -87 -67 -96 -234 -73 127 -173 190 -68 -83 198 -179 -150 244 120 -147 31 201 -224 215 133 -44 -205 -121 -138 125 -165 94 197 9 209 -42 -133 147 -88 44 -5 81 -135 -71 -233 14 -161 -98 -115 87 204 -114 115 226 207 -164 -162 188 3 7 -127 -118 168 56 -77 -231 139 
TEST 170 ARG:-59 -97 94 -239 -46 -154 237 32 68 -164 77 -224 -246 219 185 86 172 -38 -39 98 -49 215 -123 -198 -84 83 10 229 -43 -157 127 -119 218 99 -213 -103 3 62 129 29 241 187 -228 -240 -86 -189 -81 155 65 -222 8 -250 189 203 242 -199 -194 -165 160 143 -155 91 192 144 -66 87 113 130 -184 120 -122 164 45 96 37 48 222 -14 -152 -60 31 4 -219 -226 -166 33 -163 163 -98 116 -186 -223 -70 61 -215 6 -47 184 50 161 -73 -149 -108 132 117 206 -192 14 -188 55 -96 135 -238 13 -136 26 -100 -31 -62 89 -117 92 153 199 -235 -101 -173 123 16 -210 159 -48 207 -27 40 -6 -237 93 220 216 -32 21 -44 -91 109 114 -74 64 174 -168 -227 -181 -20 1 -130 -139 147 177 236 -202 124 -214 38 221 247 226 -167 -247 -112 -29 166 -212 -113 -185 -190 44 19 233 90 -170 142 -230 224 -111 -105 -191 -114 66 -7 -225 205 158 -83 -146 168 152 -207 -118 -221 119 176 -36 191 194 178 -248 227 -162 -72 -107 -10 -211 -22 156 -106 -61 -50 179 -2 145 25 -183 -148 -35 230 -243 5 -140 36 -79 30 -206 -156 169 110 -12 -5 -201 -153 -110 -67 -180 210 157 118 137 134 193 79 -78 69 -193 -137 -58 -172 149 -217 73 -82 60 -26 100 -218 -220 12 -16 171 175 -132 23 35 228 -244 246 56 232 -87 239 103 59 196 34 84 75 -52 208 -34 67 -69 200 -174 212 -75 -93 -15 183 47 -63 63 -158 122 76 -232 150 240 49 165 -104 81 -116 -177 -18 85 -85 -131 217 112 -229 167 -187 -53 -208 -99 231 54 138 -161 -126 140 -134 111 181 -182 15 121 -65 -176 -77 -23 18 131 -160 204 -89 80 -9 -203 -145 108 125 188 53 -142 -135 -138 28 -41 -196 -21 249 -159 82 245 -37 17 -25 211 162 -42 214 -128 70 173 -1 198 -24 -102 -57 11 -195 20 223 72 -8 -51 -204 115 -231 -169 -144 180 101 182 -234 -150 -200 201 -13 234 -242 -147 74 -80 -171 -115 -76 213 -19 -54 106 -151 102 57 -178 -245 46 -143 58 -249 7 146 105 -88 -197 -205 170 -64 139 43 -28 186 209 148 -55 88 107 -233 128 -141 190 -175 24 -40 0 -56 141 -216 195 42 27 -95 41 197 71 -124 -120 202 -179 -11 151 -68 136 243 -94 78 104 22 -236 95 238 244 97 -121 -4 39 52 -209 225 -127 2 -241 -133 -30 51 248 9 -129 -92 -33 235 -125 -45 -3 133 -90 -109 -71 154 -17 126 
TEST 171 ARG:19 -120 -192 44 168 210 -143 29 -37 -226 24 6 -110 66 -203 -26 8 121 -34 141 -59 -218 -24 -49 -213 103 193 47 212 -126 -227 -33 -106 87 222 -132 218 -62 48 -136 -63 37 206 173 -81 -178 27 164 181 -250 59 -246 -56 -97 33 142 216 177 80 -90 -153 159 105 -118 -236 -60 128 -133 244 67 -67 -190 116 223 -207 -183 -228 248 -152 34 -224 64 83 -22 -80 246 183 101 -44 -125 -74 -53 -176 -150 -99 200 -94 95 18 75 232 152 -91 162 -77 39 -65 190 -20 130 243 76 236 112 70 -193 197 176 -157 94 196 -244 124 -92 179 149 20 -195 -45 -186 -39 86 129 195 -163 -12 123 133 -100 145 100 -51 114 147 61 38 -104 -139 -105 231 -201 170 -54 208 156 -40 247 25 166 118 237 -231 -93 -241 -144 -135 21 16 189 125 106 219 -18 -162 -41 1 -230 -57 -191 81 12 -202 60 -2 -217 -48 187 -14 -177 -238 154 184 -72 2 119 205 -243 -146 143 -102 -156 -19 233 -194 -103 -124 224 139 50 138 249 56 -172 -85 31 -78 104 185 -158 55 165 23 -82 -220 144 -119 135 -58 -197 160 -25 161 -141 -208 -108 238 -221 217 -200 -131 111 10 -204 175 -42 -79 -173 220 -137 240 -50 11 -5 -13 241 -171 172 32 -3 -84 51 207 -232 22 -234 117 73 213 35 239 -187 -6 203 127 -68 109 -11 -69 136 -36 -179 28 153 -216 -237 91 62 -7 -95 -16 234 157 -188 7 -242 -161 -142 58 182 68 36 -76 53 -47 -71 -205 -127 -30 -10 -130 163 -149 107 96 -27 -223 -249 -148 235 -233 -159 211 215 228 174 71 225 167 -196 -35 84 -115 -245 90 209 122 9 -21 -229 -113 137 148 -222 -240 178 110 -17 63 -96 -185 -247 40 -174 5 -111 180 -151 4 -128 41 192 97 131 126 227 202 30 140 108 191 -215 -168 -101 54 -89 -211 -235 -31 155 -114 46 -9 -123 92 -32 52 -46 -75 -88 198 230 -29 45 -8 150 57 13 82 -182 120 -43 171 -225 169 98 102 134 -206 26 -164 -189 201 -4 158 -180 -73 -155 65 78 -86 93 -165 -116 77 88 -140 72 -87 -52 -112 245 -209 204 -138 -109 14 0 132 -199 -1 89 113 -98 17 229 -214 -121 188 226 3 43 242 -166 194 -66 -122 199 -28 15 -134 -181 -145 186 -23 -70 -55 85 -117 -175 -107 -154 74 -38 -219 -170 -169 -212 -129 146 -210 221 214 49 151 -147 -83 42 -184 -160 -15 99 69 -167 79 -239 -198 115 -61 -248 -64 
TEST 172 ARG:93 229 127 223 185 -152 -1 -86 155 209 30 -209 -67 187 -69 -240 -116 -3 108 121 -70 107 -193 -4 -230 -37 -33 233 36 -204 -245 -233 6 32 172 219 -71 -7 125 -43 204 103 31 170 134 129 53 95 68 109 -103 78 -244 235 -90 182 -101 66 199 -82 29 -236 132 -187 34 -53 195 -192 213 -135 246 210 -55 118 3 116 -96 33 137 -111 9 48 -186 61 147 75 -75 -190 -136 -85 -229 83 -182 221 -29 -61 46 230 47 -124 -77 145 -127 -247 177 112 71 -65 -47 119 -2 188 242 -36 228 231 159 234 146 -220 11 -13 -177 142 123 -155 207 167 189 -88 40 153 26 -163 -91 -142 227 105 -238 -34 -191 186 247 41 -249 91 -185 -248 197 162 87 114 135 -225 215 131 -169 79 136 -42 217 -62 -115 -54 141 1 -63 225 140 -157 -78 -242 -117 -147 154 45 -58 -107 243 73 214 -143 -201 222 102 -188 -99 -41 -6 -246 -11 173 64 16 2 -64 220 52 -114 -145 191 -72 169 192 -23 -110 171 -205 238 8 -87 -156 157 -66 -231 88 -181 82 -44 115 54 -5 156 -237 248 -175 20 -73 -250 60 99 -199 184 -16 205 -108 -22 -214 224 239 133 128 110 124 56 -141 -173 175 206 -105 86 203 -112 193 -178 51 232 -68 -92 -83 174 -113 -79 96 58 160 -9 148 22 -81 -51 201 -235 -203 7 -174 92 -132 179 216 -98 59 194 -21 -160 -94 -146 -216 -189 24 190 -176 122 -8 -140 113 67 14 28 -128 -59 -221 -102 -131 -212 -31 63 -202 -168 19 -183 -123 -19 -24 -134 196 62 -89 138 -95 76 -60 236 106 4 -243 -217 -227 212 244 240 -151 0 -218 -45 57 -196 -97 43 77 98 -148 164 27 55 -197 -40 178 -207 -133 -119 94 176 -56 -20 -159 149 226 -137 -179 -39 -149 -241 90 -104 44 117 -206 -126 -232 126 -57 202 37 245 211 161 139 5 -84 89 -172 -12 100 -74 241 218 39 15 -80 -129 -210 200 81 -165 183 -226 -35 65 -17 -14 -125 -200 -32 165 69 70 180 -10 -211 23 18 181 -26 -171 -228 -15 130 -223 151 158 -18 -161 25 -219 42 50 -224 -120 -170 208 237 -118 72 74 -195 -194 -154 -138 -139 13 -198 -48 21 17 -164 -162 198 150 -109 -38 97 -215 -167 249 -222 -234 -121 -100 84 120 -28 10 -184 166 -76 -30 -153 104 -49 -93 -106 163 101 168 143 -208 12 -150 -50 38 80 -52 -25 35 -180 -158 -144 111 -213 -166 -239 144 -27 49 -130 85 -46 -122 152 
TEST 173 ARG:209 -137 -24 -36 -17 44 208 -241 246 -109 -95 -190 -87 -73 -249 -50 120 -242 -199 -191 121 -221 -206 -234 -65 234 -189 -135 237 -45 152 -68 -78 -130 136 -14 97 170 184 -232 -160 -29 207 -115 178 36 64 173 -240 -162 48 -244 131 -8 -176 -147 -174 235 -122 -229 227 211 95 -149 43 -112 142 -231 -210 -197 32 145 -248 -237 -164 107 -119 75 -184 -225 41 -55 210 28 -125 133 238 217 -158 229 88 -157 -177 -60 -1 21 -92 -205 187 -38 -118 101 174 -238 74 221 -165 -145 3 -86 77 51 -127 185 82 16 245 -74 225 132 -85 -32 -107 146 -18 -59 -111 188 -138 -215 165 213 60 94 231 89 35 135 -10 -77 -101 159 179 -44 203 222 -172 -208 130 154 223 -144 215 -7 40 -110 -181 114 -146 118 -51 204 -179 55 17 219 102 65 192 189 -166 -56 158 38 171 50 122 150 -80 12 104 -188 87 -43 -159 -200 236 -98 -47 243 201 -39 80 241 -33 78 -27 -246 -169 76 -57 49 -113 176 20 -70 180 57 -219 -6 53 124 61 58 -64 -195 42 143 -183 -202 -83 37 -126 -20 -131 128 -116 -67 -53 139 -193 -211 85 119 190 206 25 -142 23 98 -155 2 172 108 -187 -71 -132 -93 -58 19 -170 148 151 99 6 67 27 -30 4 224 -175 -82 -212 163 -72 123 -182 90 -49 -196 9 -63 239 166 -151 92 -41 216 -9 220 -143 -128 232 -19 -52 -236 -105 -76 5 -35 202 149 -2 14 -245 233 -152 10 54 -84 194 129 -28 66 197 -114 -99 141 -235 39 -247 162 247 8 -136 -129 242 -21 105 -133 -88 22 -226 -213 -178 196 -171 -121 45 153 -230 -123 -26 214 59 169 71 137 -186 -12 73 -91 -134 -192 249 177 -167 198 -11 -13 -218 56 -250 244 147 86 117 157 -54 -227 111 -194 26 -154 -103 182 199 230 181 115 126 127 -94 200 81 -228 -15 155 96 -89 -198 -239 29 84 -42 91 72 -5 112 -117 140 113 11 168 47 -214 -37 125 -173 144 68 -4 -23 -61 -104 24 -46 -96 -108 -120 -203 -222 15 0 183 34 -185 212 31 -243 -79 -163 7 1 46 109 -48 -40 218 226 -3 -156 240 79 -148 164 248 13 -75 110 -106 193 134 138 175 -69 -223 -153 -207 62 -140 -81 83 -168 -139 -16 -224 161 -124 69 -150 205 -102 -62 -204 228 -161 -141 -90 70 195 103 -180 160 -233 -100 186 63 116 -216 -31 -217 30 167 106 52 191 -220 156 18 -34 93 -97 -209 -22 -66 -25 33 100 -201 
TEST 174 ARG:-1 223 -187 245 -54 28 -203 -89 -15 -14 131 226 114 47 -218 -131 67 169 109 -167 -185 37 103 -68 -132 -184 -32 -72 191 -116 -156 -225 -239 66 60 94 129 -114 167 119 46 -12 -204 -178 -243 61 -106 105 -192 102 163 9 136 117 -202 -221 -190 -242 228 -146 45 90 189 146 135 -188 240 84 -201 -198 50 140 165 232 111 172 -41 -234 80 68 151 121 -100 139 -152 -133 7 42 -75 17 -123 -61 -228 160 41 24 168 -97 -246 193 -113 13 73 188 199 -44 92 157 -105 -213 -212 173 2 -22 51 -182 25 64 76 33 -151 141 -176 -53 217 89 -154 83 -210 120 113 -140 -78 69 36 178 -162 -233 6 -91 -121 194 19 222 -19 241 -207 -56 -104 242 153 -144 -194 100 -142 219 249 184 63 -9 180 128 -215 -109 231 205 204 -82 20 -69 -136 -52 16 -47 -62 134 -46 196 31 -110 158 -230 48 39 200 213 -149 137 -208 71 197 218 203 210 164 142 -249 108 174 -137 -25 -88 -101 30 198 54 91 -148 -57 -229 -92 154 -17 155 243 125 -93 70 14 -170 138 -71 -181 156 -98 52 -177 -191 -235 -159 88 221 234 185 -28 152 118 -118 -2 -29 171 159 -81 49 -4 38 -119 246 166 15 207 87 -70 -126 224 93 -134 -143 -124 -248 -86 98 206 -209 -189 -196 62 -166 -30 56 26 130 99 -37 212 -79 -55 -103 -67 145 238 -76 -7 -85 -186 -99 -130 -80 -222 -127 112 186 -220 -36 -74 -96 -169 187 -77 34 -10 -175 82 -205 -129 -214 -50 -42 208 97 176 -3 -111 133 235 -108 -16 122 -83 -66 126 -199 -145 -34 -128 -206 -195 86 -172 -147 -161 -240 -174 179 -141 65 211 233 220 -231 215 44 -244 -65 10 -115 -60 -238 -20 29 -21 183 -90 -112 55 12 -200 -216 96 -193 107 -241 -95 -160 53 -63 149 147 161 -117 106 -6 11 -173 216 -59 209 162 -227 123 5 -87 57 1 -138 78 23 43 116 190 -197 -139 239 -11 75 -122 127 -102 -120 -94 175 4 -38 -171 3 -39 -24 -219 177 -217 -165 81 -33 143 -18 -26 -58 -164 230 -237 -8 -125 -163 170 -51 229 -23 18 -49 59 181 -43 -153 -236 -158 144 0 -150 77 -245 237 -27 148 -180 182 40 -155 244 248 -211 -250 8 -183 35 247 -64 22 115 -84 132 -157 -224 21 -73 95 85 236 -247 -5 214 225 110 195 101 -135 -13 -48 104 -35 -31 79 -107 201 -226 192 150 72 202 -40 32 124 27 227 58 -232 -168 74 -45 -179 -223 
TEST 175 ARG:-178 -42 208 93 -43 106 -3 -211 233 91 31 20 -164 -206 -72 90 241 -192 181 -207 -176 -225 85 59 -144 62 -171 86 226 -227 -15 -156 214 -5 205 82 -174 -240 26 -114 104 -49 162 -204 -125 -20 -96 -53 139 -214 227 -198 -16 -141 -57 110 47 -92 -74 -158 -8 212 22 172 29 24 21 183 171 17 -191 -160 -137 -67 -180 149 -22 -246 38 73 -6 116 -223 -219 -170 56 124 -185 240 242 -14 246 -73 247 -217 145 130 199 0 154 -155 -208 -220 120 -107 -87 153 45 -9 206 -62 -166 -99 216 74 -47 197 -161 40 97 -32 194 32 156 -196 -94 243 25 1 -123 51 230 -90 -235 -80 61 239 48 -127 133 109 -110 155 -64 -11 -48 -234 165 -247 -202 -51 137 186 -165 -68 119 -231 64 -34 -151 94 225 -194 9 23 -242 -79 -112 76 -54 196 66 -84 -41 -23 -237 217 -186 -89 101 213 -244 -104 -138 -130 99 -195 140 -55 135 -221 83 96 -132 163 111 -126 146 -93 103 -238 58 160 -222 -145 185 50 234 14 -88 78 -13 161 -1 126 123 173 150 3 52 224 235 -163 231 87 191 -91 132 169 -45 69 -111 -59 -218 168 -40 -200 232 -69 19 170 102 42 44 151 -81 143 -103 -205 -169 27 198 174 -245 13 54 238 -118 -250 -197 -152 107 28 41 -78 -10 -209 36 125 -228 -115 -75 37 -28 -149 -26 -139 65 -36 117 16 43 189 84 190 -109 -61 60 -63 177 -133 -210 166 138 -239 -122 -153 -71 175 -241 57 -203 -52 -162 -173 207 -224 193 108 -201 -39 -175 -172 -38 -248 -100 81 -177 -182 55 -77 157 -21 8 -146 203 236 -249 122 114 79 95 129 -226 195 148 30 -2 210 -167 -148 128 34 39 178 -142 -129 -181 -128 167 -25 -24 80 12 215 -65 220 249 -37 -97 -157 180 147 248 -117 179 -30 -116 -82 -140 -216 229 -46 188 113 -33 222 192 -70 237 100 127 -44 134 -95 72 -184 136 209 -134 176 144 -236 -119 -188 68 164 -215 77 -27 142 5 -189 92 228 -108 -183 -199 152 7 184 201 -66 -76 6 -213 -120 -106 121 -29 -31 -98 -35 49 -212 75 2 -136 11 -60 46 182 -50 89 -113 -58 -243 -85 219 221 -147 4 -232 -190 63 15 -105 -131 -86 -19 -193 105 244 70 118 -7 -187 33 -83 202 71 -233 141 -124 67 35 -101 200 187 245 211 -56 -229 -18 204 -179 -230 159 112 115 -4 218 -150 98 88 -12 10 158 53 -168 -143 18 -17 223 -154 -159 -121 -135 -102 131 
TEST 176 ARG:-41 148 -141 -175 -82 -119 25 -126 196 -47 195 172 -159 138 95 245 -122 -39 -250 -145 156 100 54 -120 92 6 -233 -125 -90 133 -13 -23 3 -6 112 227 -31 99 -166 -2 -225 -45 191 -203 -48 -131 -72 28 202 17 -241 -54 213 16 103 143 -37 87 58 218 137 229 220 223 4 158 171 77 241 119 121 -75 52 -28 -148 216 122 73 81 19 -8 132 -4 96 -183 242 -242 -206 -56 -100 82 154 -109 108 -35 176 -86 -247 70 -69 -194 10 -143 162 -217 -227 -55 -70 -60 -25 194 -112 135 -3 161 -52 74 -192 163 66 159 -85 224 -154 68 0 -188 104 -96 -91 -156 -246 -142 51 80 -10 152 7 146 186 26 -172 209 -18 139 71 75 -176 114 -153 232 -58 -77 -213 -204 -149 -59 181 -168 -215 -19 212 43 -17 169 -231 -99 -219 -50 -64 -210 -115 -171 55 -207 59 -36 78 -92 -140 20 249 -84 128 -224 -49 199 -123 -24 -182 130 -87 -229 -44 141 192 56 -218 27 -42 -102 -205 -95 -107 45 179 124 -38 -163 228 -111 67 115 97 155 206 -80 -7 90 225 180 173 167 -173 239 111 -1 -94 -74 -124 -79 -21 -15 -164 -167 125 -249 166 -186 164 -212 -30 120 -27 -244 -238 -180 157 144 170 -108 -232 -83 33 -98 -237 -29 226 222 63 -139 175 -222 11 -33 -93 178 -151 -248 247 -162 240 -228 5 215 197 193 -160 53 -240 -155 31 153 -34 -136 -88 -196 -66 237 -121 -53 150 -116 -118 -178 -110 233 -26 142 185 13 -179 84 188 -191 -12 -128 -150 47 107 -68 93 165 29 221 98 38 60 168 -234 -127 214 1 183 -133 48 -226 -184 -101 -63 201 2 236 -147 -138 -67 -195 -40 -209 -61 -236 131 136 -46 102 36 217 14 18 -11 -89 83 85 109 65 238 50 -137 160 -189 -158 -20 39 -57 22 -62 21 94 61 35 12 -114 123 244 -174 117 207 -129 -152 9 62 -161 -73 -165 -190 -117 182 -235 203 105 76 -43 235 -230 234 -76 151 -22 189 208 211 -71 -113 -211 -193 -32 -220 40 110 8 187 204 -146 24 -197 -132 -97 246 -134 243 -185 -65 44 23 -239 116 177 190 -201 72 113 86 -81 46 118 149 147 15 34 30 -105 219 -208 32 230 -130 231 -106 -243 -245 -199 -198 126 42 -177 -5 -169 145 -51 101 -14 210 88 -104 79 69 -216 -214 127 134 -202 91 -16 57 49 140 129 -187 -170 37 -103 -181 205 248 200 -78 -221 41 -200 89 184 198 -9 174 -157 64 -223 -144 106 -135 
TEST 177 ARG:121 214 107 51 -86 -115 85 105 -30 -207 -75 -96 -5 -160 73 -247 74 -217 125 -166 -25 186 22 123 96 16 69 46 -27 188 -76 32 -189 90 160 -211 -205 -66 112 181 40 94 -226 -175 215 95 30 -203 -145 180 -194 56 140 118 -82 -198 175 76 150 59 64 166 -228 62 -124 -137 -220 -14 41 -29 -93 -95 -183 249 203 199 197 -16 109 -231 7 -12 242 -223 -18 70 225 241 -221 -173 -26 -209 138 -215 234 -180 -118 35 -23 77 131 -91 243 110 65 145 -176 -113 156 48 163 222 -188 31 27 -97 -214 -190 -49 -245 -206 172 -110 -191 162 146 -105 5 15 206 100 -47 132 -117 14 -13 0 -193 168 117 240 187 88 -148 -232 -177 -149 29 -45 -73 -121 63 176 177 52 1 66 -46 -127 -81 -99 218 58 -120 -87 -196 -246 -136 130 -123 128 6 -61 20 -107 208 -17 -133 -60 -22 -106 -154 -33 -186 54 -54 11 -90 -141 25 -32 -80 -131 211 -132 136 -111 -241 2 190 198 -199 179 226 -24 191 -50 18 -237 233 38 -192 -58 -88 -208 -213 -134 -52 24 126 -157 212 -142 245 -35 92 200 137 144 86 216 229 44 -249 39 13 -15 47 157 -195 -9 104 -147 -3 61 -122 236 -37 195 167 -144 4 -170 189 -126 21 68 173 -4 -169 237 202 102 142 57 71 -222 164 248 -197 174 91 103 10 97 98 -179 -63 151 -201 -68 8 72 178 169 -210 49 134 235 42 82 -83 -236 -152 93 -224 -36 -89 159 -62 101 -200 -28 33 -139 -92 -219 26 -79 -64 -178 230 75 205 170 -72 -163 -240 209 171 -150 60 -65 231 -146 194 -216 -239 -85 -187 -67 -230 -57 -248 83 154 184 -114 -41 -77 -156 -2 -229 -125 -84 -202 34 220 17 -98 9 227 120 -112 -242 139 53 -7 119 224 153 -235 -10 -129 147 152 12 -104 108 114 239 -43 -100 -34 -39 -94 79 -38 217 3 -8 78 -165 -185 -168 -218 204 19 -74 -78 -167 -21 -174 -159 228 155 -212 -151 113 193 -71 124 -31 148 106 244 122 -158 -143 67 -162 84 -138 149 -128 -250 87 238 185 -40 23 43 129 -238 -69 -234 210 221 -101 133 143 80 -182 89 247 -119 -184 207 161 -109 -233 -103 -51 192 -181 201 -130 116 -172 -44 111 -171 -70 45 37 -108 165 135 182 -11 -6 -116 -42 158 28 50 -59 213 183 -244 99 81 -140 246 -48 -227 115 -135 127 223 -56 -1 232 36 -204 219 55 -55 -225 -53 -243 -19 -102 -20 -155 196 -164 -161 141 -153 
TEST 178 ARG:28 59 212 60 -48 231 -173 -10 -14 2 -231 -49 214 185 -157 114 154 -168 -194 -165 222 -169 -86 189 -244 168 103 -31 -146 142 -9 219 166 -214 167 -193 74 61 94 -243 -82 248 230 -83 73 10 172 158 -53 -153 -69 -188 -135 -174 -76 -178 90 162 53 -150 -58 -145 -33 -44 -203 -103 47 -107 -105 -100 -129 197 -191 -219 119 192 56 52 -225 -56 -2 -170 156 -208 -80 -212 -197 24 -91 -23 29 -122 -186 202 210 -134 89 -207 -224 217 84 -43 58 209 -242 8 143 37 78 -200 -151 -211 -210 -128 -59 241 -144 191 -241 -106 82 23 -99 -166 198 115 -52 155 243 97 -77 -51 -4 174 50 41 62 -15 127 170 -73 -50 66 -90 6 195 54 5 75 43 -175 31 -94 42 44 70 129 -67 -27 -101 107 -132 -89 -20 218 -30 -26 30 -123 -238 96 71 137 120 -206 -102 20 64 26 104 -190 88 146 -114 -209 1 -147 245 -240 152 -160 -189 -108 -133 -40 -115 -93 4 225 135 -237 -161 206 12 -29 -66 176 95 -213 -25 199 -223 77 -245 69 19 36 -11 239 233 -46 -172 -249 -218 -61 -92 -63 -79 -97 244 -195 140 204 -113 -41 184 18 -95 -28 -104 -176 80 139 -55 -60 -179 -125 -81 153 51 160 113 72 -239 178 85 79 -156 187 112 -183 201 92 39 -222 208 7 45 -163 144 -192 -138 9 136 -140 -182 -75 226 228 -70 229 132 -217 -248 165 149 15 99 236 -116 -247 238 -110 -199 34 40 122 -184 -221 109 -72 63 235 -21 -127 171 234 57 -185 213 157 -205 -227 -154 -148 0 -98 102 150 13 -246 -167 186 98 11 -120 93 -3 145 33 246 200 27 -236 -84 111 -111 223 237 -38 -180 -229 110 207 227 -226 -87 -177 83 -118 159 -16 118 179 -159 -215 22 130 123 -181 125 -234 -143 121 -130 -164 67 128 -152 -68 133 87 108 126 -64 -62 65 -57 249 -198 194 193 -137 -155 -7 141 -201 76 -196 -220 -71 196 -136 -1 -22 -109 216 203 221 161 101 49 220 -6 -141 25 -232 247 81 138 -112 -8 224 182 -233 -54 -37 -117 -171 14 -139 -17 163 181 205 -13 147 -74 -204 38 -24 173 105 16 -19 -85 -18 164 -5 -42 -124 -45 -34 -131 -65 116 -96 -126 148 86 91 211 48 -250 106 -78 -35 3 169 -119 -235 -158 -142 68 131 55 188 100 17 -230 215 151 175 180 35 -88 117 -32 -47 -39 -121 134 -202 -187 21 232 240 190 242 -228 46 183 124 -36 32 -12 177 -149 -162 -216 
TEST 179 ARG:115 -6 198 -219 112 191 59 62 192 -102 37 57 -31 38 56 -36 -176 25 94 2 28 91 125 -108 -127 -191 -173 32 -139 241 110 216 -61 -22 -133 -232 95 8 42 232 175 131 60 -66 -214 137 173 -10 72 101 44 -184 -237 -23 -69 224 -37 248 -231 -221 -189 -71 -25 -51 68 -60 -49 103 179 -26 48 129 -204 -94 -240 11 150 239 -161 249 -169 209 -145 -28 -78 13 58 -85 -137 -107 164 -9 -157 -79 -110 -63 30 -77 186 147 -210 -165 109 82 -42 221 53 124 195 66 135 104 -120 41 46 210 -45 -148 -135 -170 96 -13 203 1 -250 10 189 160 9 123 -155 87 -164 -235 130 4 -225 190 69 -242 183 -50 92 97 -88 -130 85 -179 -192 -116 -64 230 74 -171 16 -7 -196 111 139 76 -17 134 73 166 -151 -229 142 -2 -224 52 -109 242 -194 -241 50 -98 83 196 -187 -247 86 226 93 5 -142 21 -86 61 -118 194 233 19 141 -54 151 -201 148 165 -134 -1 -197 -56 -43 -213 -105 -70 -126 -246 99 -217 39 15 212 107 67 172 -185 -195 201 -92 75 -162 128 -144 -146 -15 47 -158 168 169 -35 -30 -124 127 -93 -115 -174 -167 193 -76 -117 -182 -236 55 143 217 90 63 -220 -81 -27 119 -149 -46 -203 228 -166 -40 -114 -80 113 -153 -238 -112 -206 177 78 23 199 81 118 -75 170 180 -4 -168 33 -156 149 161 236 -244 174 238 -48 235 -177 204 35 -84 -159 231 -150 98 243 -55 -103 -68 167 122 -65 -16 240 -234 64 -8 247 -12 -83 65 6 -138 220 -101 -188 188 -233 100 -53 3 -90 206 14 215 -5 27 -119 45 34 89 132 219 208 108 7 17 -32 178 -163 -218 24 20 -89 157 185 -141 -122 80 -230 12 70 -226 -33 -183 152 -104 -18 114 -72 -198 -96 51 18 140 244 197 200 71 -44 -160 -131 -243 225 -14 -97 -91 26 -39 -180 -143 -186 -73 -20 146 -193 -123 -172 -129 211 -178 -29 -223 105 246 -19 182 -132 -87 0 -58 49 -34 205 54 -248 181 -95 -74 -128 -21 -181 234 -208 -41 227 154 133 -222 -100 -113 121 -3 -62 -215 145 -211 171 116 222 -121 -199 214 184 -200 -249 -11 31 -140 84 79 88 -24 237 -59 -205 -245 77 117 218 -175 -227 213 120 202 156 -202 106 -57 155 158 -82 -106 229 102 -67 159 -38 -152 207 -190 -154 22 -99 -239 136 144 -52 162 223 29 176 138 -136 -212 -216 -125 -228 126 36 245 187 153 -47 43 163 -207 -209 -111 -147 40 
TEST 180 ARG:66 -126 101 -147 72 -144 -135 61 -243 206 -188 -2 107 127 16 110 -15 94 -24 -10 -249 -28 30 184 -157 -179 -67 181 -132 45 174 126 -52 8 242 166 -211 -6 171 84 90 18 -226 -120 -208 197 50 53 -12 -72 85 77 -172 -114 -160 -195 -88 -51 149 -207 96 2 28 23 214 -118 -30 -107 -156 227 192 -140 20 12 246 -25 -202 -230 219 159 -99 -165 210 -171 29 -134 -61 -138 156 -131 -55 168 -103 247 232 230 -21 -19 239 98 142 218 -69 -68 78 40 -104 190 1 -161 54 -39 -250 125 -53 -130 -87 102 -11 -77 220 -18 -137 26 -227 -136 225 -127 231 -81 -247 55 -116 44 47 -84 -205 -26 -50 -146 -105 -4 -66 -180 103 51 -37 -201 39 154 141 -187 5 -1 -183 119 -241 180 -142 -32 -151 -42 -168 15 -237 -22 121 -236 -219 213 22 188 62 -117 123 -83 -158 74 -159 -182 204 146 60 48 -112 63 -62 93 179 -240 -47 -248 160 -238 -5 106 -44 -197 -170 221 -33 91 -133 -89 67 -35 -29 -9 -36 -203 -186 216 -3 -121 46 133 -94 -100 193 -206 -13 79 122 -106 43 155 -27 -173 76 182 -85 116 128 124 237 -111 56 -17 -43 -102 -235 201 163 19 153 144 -65 -98 25 -71 167 118 -204 215 -225 70 21 42 189 245 -245 -41 -40 -46 -234 -45 -190 -38 249 -108 136 199 -175 114 145 113 -200 37 -193 -239 -212 10 11 -70 -178 194 -174 233 164 -58 -57 117 27 100 243 105 -215 -153 81 134 -48 -110 228 9 -113 -213 104 38 169 222 36 88 -34 49 -198 68 -23 -218 -181 -177 178 -199 238 95 -16 -125 -229 64 -63 161 -149 -80 131 143 57 244 -92 157 -214 -56 -90 195 92 80 -96 97 191 -164 71 -209 3 132 212 -74 -109 89 223 83 -169 -95 177 -216 31 -129 217 -217 -233 148 -143 -145 33 176 59 151 172 -184 129 138 86 -8 41 34 -194 -221 183 -119 207 -148 13 -59 -128 -210 -123 82 -224 75 248 -101 -139 -231 109 137 -192 196 -223 -60 226 115 -64 241 -154 162 202 -54 -222 -122 158 170 -150 200 -176 185 108 -167 187 58 17 -76 69 -91 -196 234 236 -14 -93 99 -162 -141 0 224 130 -191 -82 87 32 198 -242 173 135 -79 152 -31 -232 -73 -244 112 -163 -7 186 175 -20 -75 -189 208 -228 -152 140 6 -78 203 52 -49 -124 14 -115 139 205 24 -246 120 165 235 -220 65 240 150 229 7 -86 147 -155 -97 111 35 209 73 4 -185 211 -166 
TEST 181 ARG:168 -165 245 -134 -38 -99 132 -124 -199 -17 -161 -239 -181 -113 -193 -207 -55 -139 -137 -144 199 142 249 -230 -231 248 212 175 -37 -236 86 -147 84 201 -183 100 118 165 -191 203 30 -31 -41 -212 -227 228 202 -175 119 198 130 -75 -73 -151 -77 71 18 2 88 172 171 218 -243 -89 -233 -141 -174 239 182 -69 -170 -10 58 43 12 -35 -50 211 -67 79 -101 -136 55 -121 -19 120 -93 128 37 230 145 -30 169 -110 -146 166 -91 -42 -95 64 -159 73 112 -196 -250 242 -86 -76 113 177 121 161 126 34 -186 -209 -105 -100 -46 -80 -128 -66 -213 -14 109 27 -247 -204 -22 -65 192 -129 174 95 143 138 -168 72 -90 223 -150 -133 123 -3 -145 234 -16 -2 -148 -248 48 -131 183 213 106 157 231 -180 144 107 -54 193 36 -195 -123 -149 -187 21 -18 189 -109 -23 15 76 204 -70 -222 111 -126 -166 -240 200 116 215 -62 20 190 162 -218 -98 98 -48 4 -219 8 247 235 173 170 -132 -72 -158 60 225 61 54 117 155 103 90 -154 134 -51 -211 195 -225 -202 -12 -103 1 13 -157 -85 -232 -47 91 -122 -184 93 -125 -172 -155 -241 236 83 232 -88 -152 -108 186 -87 227 -182 104 -96 35 69 -130 -63 139 -119 -244 29 108 -216 7 -49 -104 127 238 53 -164 0 -167 -226 -201 224 -25 -39 44 -238 -192 -53 -194 6 -217 80 87 187 -21 14 -214 -179 9 -59 -64 -36 226 -206 167 -118 75 176 219 140 179 -178 105 244 163 39 -169 -163 96 -235 51 -45 -234 -200 63 -177 33 -127 102 -115 -224 31 97 -160 92 -9 -40 135 -185 -188 46 -57 3 56 -92 150 78 133 68 -33 -43 42 -156 52 -5 136 222 229 180 221 122 59 110 -198 -15 -215 -97 151 158 206 148 -81 66 -221 62 -83 115 -28 -79 -112 82 -20 -82 89 -84 -111 -120 -135 -94 -116 -11 -246 -138 241 -176 -249 214 65 99 114 28 -4 -242 210 -58 197 -74 -102 -228 185 41 22 -107 -171 -44 -153 -8 246 184 125 -6 188 -197 47 26 217 -52 -162 243 -203 -56 -7 -68 19 -140 -173 240 -237 -106 67 181 -210 -27 -220 23 -208 74 101 49 154 124 10 11 24 178 -24 -29 25 -114 141 -143 32 57 81 -78 85 -60 149 -190 45 94 160 -245 196 -1 194 147 237 164 -32 70 -189 209 207 -34 -61 5 -71 77 208 50 156 -223 131 129 146 152 137 220 216 -117 40 233 -13 -205 38 17 191 -229 205 16 -142 153 159 -26 
TEST 182 ARG:6 91 189 -7 76 199 121 40 33 -212 -32 -142 187 -192 -247 -115 176 -158 -85 166 -35 227 -165 -123 106 198 55 -127 -166 114 2 29 -250 -18 39 -75 188 -132 -51 192 238 84 38 183 169 -201 177 -128 88 -94 66 -48 -178 -181 36 -111 -220 -175 151 31 -57 97 -184 110 -215 247 -64 -110 215 -80 5 46 67 -202 -12 171 80 -38 213 -162 -114 -136 145 -100 201 -97 -10 -103 231 -3 208 -228 165 -73 69 -209 -37 143 -213 -170 156 211 -83 -148 79 -23 -164 -177 214 83 184 193 241 15 -67 -1 -118 -149 197 103 172 -43 44 223 62 -150 100 -243 129 173 -169 224 1 155 -79 -182 47 190 -117 -176 -249 -71 -227 -179 45 159 115 34 -135 -9 249 170 -5 140 21 -194 19 179 -143 -159 -219 220 242 -130 -98 48 -56 167 246 22 -89 50 154 24 -161 -126 -55 124 94 226 160 -193 -19 -44 61 152 72 205 -2 89 52 -21 -167 -49 237 148 -121 -225 112 -113 -36 -104 -116 128 239 163 -237 -208 -66 59 -25 -221 209 4 133 87 135 -187 -31 130 -172 96 -233 37 -59 71 146 -157 43 194 150 -88 244 -235 -248 -229 234 41 68 -186 -14 -17 63 217 122 245 17 13 149 -141 -69 153 -241 -153 -223 235 -62 116 -81 -33 230 92 127 93 137 175 174 138 -11 -95 78 -200 -129 -222 51 82 16 -16 147 123 206 -54 111 58 107 139 202 -58 131 161 -120 -61 -40 -53 -199 57 25 90 -93 -41 178 -160 -204 -183 203 126 -52 182 -246 -214 -155 -206 12 -78 158 -140 -152 -234 109 216 -30 -168 -76 -239 104 -108 -210 228 -34 64 -27 -82 -137 102 30 -226 101 -190 168 -218 -185 -191 -24 -154 108 -101 26 195 -207 -20 95 18 -231 240 -92 -84 118 -173 86 -189 32 196 125 141 -13 -72 -245 99 219 65 -45 -15 -195 81 -134 225 207 181 54 218 42 -87 56 -147 -46 105 -90 -217 -188 -196 -163 -244 233 -50 229 186 27 134 77 -122 162 0 204 -205 -174 3 -22 7 -105 212 -65 -144 157 -109 -29 142 210 -125 180 -99 10 136 221 75 -131 73 -60 164 70 236 113 8 -4 -96 20 -230 60 -70 -180 11 248 -216 -156 -197 -238 49 9 120 -8 35 -203 243 53 -26 14 -198 185 -86 -138 -151 119 -74 132 -145 -119 -171 -68 -6 -77 85 -28 222 -107 -42 -211 200 232 -240 74 28 -63 -106 -91 -232 -242 98 -146 144 -39 -124 -236 -139 117 23 -224 -102 -133 -47 -112 191 
TEST 183 ARG:71 -237 231 -234 -65 -206 -131 32 127 94 -107 175 192 -70 -153 -106 119 -175 34 -50 -172 -104 70 -143 -183 98 -44 210 -52 202 144 -240 -87 82 -22 247 -45 -129 -123 33 30 84 29 132 204 -24 -109 146 43 145 -92 -36 172 190 -130 -29 -113 208 -2 -246 -168 -105 -182 -35 74 136 99 -142 -18 179 80 31 -235 -118 52 243 27 115 -202 86 1 -37 -30 -9 -248 215 -169 186 130 -4 183 56 151 219 -58 -224 -159 102 83 90 -241 95 205 240 -32 -96 -40 147 -80 -6 105 -150 35 -205 -28 -189 200 -135 -222 38 223 -97 220 -194 -46 -101 -1 234 51 -218 -67 165 -19 -238 81 -84 17 -232 162 104 -16 -156 -145 248 -57 -100 -121 203 23 -38 167 40 164 -111 -165 109 197 -15 -3 122 -8 -171 89 -137 -126 -62 -59 157 -39 87 230 78 140 -152 225 97 195 -108 -247 -199 -136 -217 -144 44 -21 237 5 176 114 117 -91 -196 -191 -211 101 -192 -140 -79 37 -110 166 -207 137 -225 59 7 -69 -198 49 -227 116 -23 118 -157 92 48 -173 -85 -60 135 229 -112 69 11 -64 163 -99 -233 -203 9 -78 -33 93 244 206 217 -115 148 182 156 -31 50 63 58 -94 249 -250 -208 -200 -11 232 184 16 -34 100 124 138 152 221 191 -160 131 -117 129 -170 134 -226 46 222 -102 -230 55 -73 -114 19 158 -25 -20 185 -13 -228 -242 -95 -219 -125 -239 -151 -47 22 233 -48 150 199 -119 153 12 65 -128 72 -83 28 57 161 216 -244 3 -188 -195 187 -185 -49 -167 123 68 -164 2 241 173 -63 242 -212 227 214 -7 -146 -134 -138 6 41 -82 -216 143 181 -103 25 133 18 -166 -132 -98 26 -42 201 111 -26 -74 -221 61 139 45 -186 20 125 -177 108 -214 -43 62 -27 -17 159 -76 238 -71 246 -158 -14 110 239 -220 -187 -5 -12 -180 -122 141 79 42 228 106 169 121 -174 -201 24 -127 -210 218 77 -229 -124 -179 154 -213 -231 96 198 209 -249 36 142 -55 149 54 21 -236 -176 128 213 -147 47 170 194 -41 -72 -75 120 226 -56 -93 -51 236 4 155 0 -163 245 13 -141 -116 -178 -148 -86 -89 113 126 53 85 -215 207 67 180 66 -77 174 -53 14 -204 189 177 -54 -10 88 -155 91 39 -181 107 -197 212 103 -193 75 15 -149 8 -161 -120 -154 -139 160 -90 168 76 196 10 60 -209 211 193 -81 171 -68 235 -223 -245 -190 -133 188 -88 64 -184 73 -61 -243 224 112 178 -162 -66 
TEST 184 ARG:89 15 -112 -24 -154 99 220 63 -158 223 247 8 -97 12 -200 -197 137 181 211 -102 241 198 222 -188 -194 -247 -126 -32 -83 214 -117 -123 34 248 78 -67 -45 -145 186 -131 -209 -8 27 249 185 66 -16 -36 227 -63 -9 9 4 179 217 38 -120 -108 133 40 -20 -7 -191 -3 71 -122 236 176 -75 72 151 -248 77 -160 -17 -240 -183 -175 128 210 -138 31 -37 132 -60 91 -168 7 13 -148 152 166 180 202 67 11 85 157 -147 160 -119 -139 -205 -39 161 80 65 104 -206 112 -35 60 207 -125 20 -182 -113 55 -51 221 196 -31 -236 208 -18 -149 -109 -92 70 -116 -218 -162 -95 -30 -61 -57 -177 189 35 -81 -241 30 194 -199 54 -230 192 212 36 167 -21 238 -159 231 -54 28 -196 79 -225 -5 -84 -144 -166 -190 14 -110 -250 129 2 37 111 -130 82 171 -210 -203 -222 -163 53 219 -220 -106 -80 235 -215 -78 56 -161 145 -178 -94 140 -118 -34 -59 213 102 92 170 87 156 68 103 0 90 -38 -114 162 -13 -14 -19 -179 116 -124 33 -235 199 -82 -232 -121 -68 -211 134 51 3 -55 -142 -176 62 -151 183 123 86 21 17 -93 -207 59 245 184 46 203 -115 201 -143 -65 172 234 -180 105 153 130 -29 81 -212 155 216 108 -58 -189 88 120 163 131 159 -44 -238 197 107 121 -153 205 -152 44 -169 119 -49 -100 100 164 -23 10 195 -246 -198 -234 -135 -91 175 147 178 93 -181 26 226 -53 143 64 -140 225 -239 229 -229 98 32 -192 204 125 -136 -237 -33 -204 -69 -73 6 110 149 114 188 -26 -74 -226 135 232 57 -89 -47 146 -15 23 -104 84 -128 224 -219 177 22 -46 -48 94 122 24 215 106 -174 52 136 58 -105 187 228 127 -11 243 -171 49 240 -10 25 115 190 74 -129 -76 -173 -195 1 -86 109 233 113 -137 -141 -157 237 -72 -64 -150 -41 -56 168 -103 95 41 -107 -101 42 -99 193 -167 242 -155 -79 101 191 126 -242 61 -201 -224 -77 -4 -249 96 48 -85 -27 -184 -127 -245 158 -62 144 -42 142 206 246 -71 -22 -134 -132 29 174 124 230 -146 -172 150 -244 -208 39 -12 -243 169 5 76 139 -202 -217 -223 19 -186 97 -187 -193 -50 16 75 138 -156 45 -213 -228 239 -28 -227 218 73 -96 -66 200 209 244 -233 182 -111 -170 -40 117 -216 -185 -87 165 -164 43 50 154 -88 -221 -98 -6 -25 -43 -214 -70 83 -165 -133 173 -1 -90 141 -231 69 -52 18 118 47 148 -2 
TEST 185 ARG:53 -224 35 -42 179 24 -112 29 34 90 -77 214 153 191 117 -40 -70 225 -37 195 -133 113 -163 -123 120 144 -227 170 72 -231 -181 104 47 22 -134 -225 -17 96 -3 138 -11 -25 69 -81 197 189 -128 227 65 -213 -155 -162 182 -244 135 168 -142 201 -122 -237 -156 131 -98 129 -151 52 246 167 -31 -100 79 -173 25 205 152 -229 -57 -241 -211 -247 66 -169 -246 249 75 212 -136 10 134 -214 -165 57 -110 196 221 -113 58 -192 229 247 242 -209 -107 39 -7 4 -78 -96 188 71 86 216 207 171 -160 -38 13 -64 -60 -115 -120 183 -22 194 -59 -190 101 -137 209 -67 -83 -50 -144 -182 187 -127 -95 -135 238 -140 82 177 -16 -103 -218 215 155 9 -138 94 95 -201 -48 -197 -223 232 -185 62 175 -239 241 199 -222 190 121 -150 -199 245 -121 -249 -159 132 59 163 102 -28 67 220 -186 180 154 -175 -106 85 -53 -146 -44 -195 244 -84 11 -207 -27 -168 -202 -148 181 93 -117 100 -171 -105 -4 -19 -193 46 237 157 -66 -114 40 -139 -94 7 -179 -119 119 -132 151 -235 107 -200 140 -65 192 74 -240 -143 42 -97 150 49 0 112 -129 89 -104 111 -238 -221 -198 -71 1 -203 88 148 -228 243 133 61 126 -226 -149 -79 97 139 32 -45 -74 218 -243 -52 -172 83 -206 186 136 -72 198 -99 -196 -1 -153 230 28 -189 -30 84 -118 -61 44 -23 45 92 -188 -220 -187 185 -216 -87 60 37 -36 8 -177 146 142 -230 27 -35 30 -54 -24 165 -85 223 234 118 36 -80 235 38 -242 -109 98 -176 54 116 233 -204 21 73 -154 -90 -47 -178 -210 217 -10 224 51 -111 213 -13 -55 14 63 68 50 87 -166 77 -234 -194 -29 -248 -250 64 178 172 -208 -2 -39 -56 33 -147 109 240 -89 -174 211 -93 219 202 -167 128 19 203 -245 130 -51 231 -86 -233 -158 -236 3 81 -15 -191 248 -92 -14 31 -8 156 -130 26 123 -126 176 78 -82 124 159 149 23 -91 -88 -232 6 110 16 56 43 76 228 12 210 -219 166 239 -215 -68 -102 200 158 -116 -180 -161 145 -76 -170 -20 125 -152 -12 173 193 -43 -58 -131 226 -62 55 -145 -205 204 143 -41 106 108 -212 -21 18 17 162 -125 -32 48 -108 -101 161 -34 103 -33 -49 -164 141 184 -183 169 127 -26 122 80 137 -69 15 -141 20 91 147 105 -5 208 236 160 5 206 -124 174 -75 -157 70 41 -63 -46 164 -73 -9 2 -6 115 -18 -184 99 222 -217 114 
TEST 186 ARG:-158 -66 -16 -137 195 7 148 162 244 140 177 198 -67 6 221 96 36 -101 -99 -197 23 -134 -123 -43 -162 231 182 -206 190 -34 46 -190 -240 35 -171 -57 -169 -210 242 -151 184 126 191 156 -211 -149 136 -120 51 -127 -239 -132 -35 -29 135 -88 50 -229 204 -194 -76 154 114 -175 0 -6 39 54 -47 192 -135 66 -63 205 74 16 217 165 123 -52 163 -237 -168 86 238 170 -125 -142 -70 25 53 80 -231 70 -81 18 -201 -196 218 -241 -246 -236 -212 -79 181 -225 -19 -2 58 -91 137 164 161 -119 -102 142 -157 14 210 -245 153 26 -64 -152 -117 -4 76 122 -27 -235 240 158 -177 -248 15 108 237 82 -24 -186 -32 -216 -89 213 64 167 143 -138 224 -143 72 115 -33 28 -172 172 119 -218 -7 235 222 -74 -176 138 -154 166 -148 -122 175 131 -164 -224 110 133 -242 171 -69 111 245 132 81 20 139 239 -9 49 9 173 -78 -85 -221 -188 -90 -136 145 169 246 -146 -60 -228 -106 -25 32 73 92 129 33 223 -44 179 -244 -111 59 -61 -97 -174 103 -159 89 -183 107 47 4 -219 203 188 160 22 105 75 141 -115 127 -21 -124 95 -204 -71 -187 -18 -179 1 -107 125 -222 -56 -205 -31 -72 -108 -40 -14 234 41 29 -150 37 -167 -84 199 -230 -145 106 -5 -238 -141 8 187 149 -49 -128 -189 -109 168 34 202 -41 243 12 -166 -45 -38 -234 13 -126 45 -83 -20 79 -114 78 -96 90 185 -178 -215 -73 91 189 -15 2 -153 211 97 -233 -28 -46 -48 209 -160 98 -59 174 200 44 48 147 -202 -180 38 -36 -26 24 201 -37 -77 -243 -92 -65 -82 180 134 219 -130 151 152 69 -62 206 11 17 197 157 226 -100 88 -118 -139 -220 178 233 -198 -121 84 -184 -98 194 -161 -192 -116 -53 94 -191 -232 -250 63 30 27 3 42 10 -203 -185 -8 -39 -42 87 101 -58 -129 40 -104 -226 -68 -209 -87 -105 227 -50 85 214 144 -208 -155 208 67 -217 216 225 128 -94 102 -86 247 43 -147 220 228 -23 -181 -173 236 -22 146 -80 -214 62 248 -12 -112 100 229 -54 -247 -103 -131 56 -199 -113 230 241 124 -75 -133 19 -140 -223 -30 99 249 68 5 -200 65 186 120 155 -213 -17 -207 61 159 118 52 57 -51 150 -55 207 112 -193 -182 113 55 -11 -170 -156 -1 -163 215 196 109 -95 183 -13 104 -110 -249 232 212 -144 31 121 116 60 130 71 -93 83 -227 193 117 -3 -165 77 -195 21 176 93 -10 
TEST 187 ARG:27 -185 64 -151 109 26 -167 68 -215 -87 205 -89 -82 182 -67 180 192 229 74 -103 93 52 31 -234 -213 15 23 -186 157 78 -91 136 11 210 -212 -109 88 -96 -226 228 165 115 179 152 224 65 -77 245 -166 209 29 -58 174 95 -111 -55 125 -17 -117 -247 -219 -187 -156 19 58 48 91 -78 -21 -140 112 137 -205 248 97 -130 184 163 236 54 -142 -107 110 201 43 132 -246 -250 124 202 -86 -174 101 -74 -33 -172 -2 45 -27 126 114 -34 -60 -148 -153 196 83 206 108 -3 120 49 -182 -64 13 -39 238 -154 -65 60 69 62 -88 -177 -158 -235 -66 -141 138 -48 -214 14 123 -110 227 40 160 -41 -112 6 -57 117 135 106 -232 44 -195 98 79 222 -194 -49 -11 107 -6 3 90 -200 -7 161 21 0 -143 172 -202 195 219 -197 -211 140 208 1 70 42 -238 187 168 -115 53 178 147 -163 16 -105 118 -196 218 63 171 -199 -98 -138 203 -51 -108 199 50 -69 28 -221 -93 223 -139 -114 230 -23 -237 -244 59 -227 -122 -171 -100 89 38 -63 -152 -188 244 66 4 119 -121 164 -31 -85 -75 -231 129 -25 -71 7 5 226 217 -32 86 133 246 -26 -16 -14 -79 154 17 96 -127 -104 10 -176 -168 -201 148 116 94 -135 84 -222 -19 57 -61 233 33 -210 -76 -90 85 211 -218 56 -207 -145 -9 -20 158 -249 -50 -159 30 134 -224 240 166 -102 113 9 77 -120 -241 121 -35 243 -223 241 -30 -46 -181 143 80 -45 22 -132 37 -15 36 216 -56 102 -62 -173 -92 -116 55 -123 -106 234 -99 198 -44 -43 -5 213 231 146 -84 61 -217 122 -190 -149 176 47 169 -137 -198 -37 25 -179 -136 -29 -134 153 34 -248 162 72 151 82 -191 -161 -157 -144 -184 144 -118 186 -236 76 -72 -169 92 -192 225 -233 -175 24 127 183 128 232 103 100 191 -73 51 -42 175 -97 87 237 -12 220 -155 193 -239 99 8 -70 -40 197 -229 -245 -119 -170 -180 46 141 -13 -216 -164 139 -240 247 -68 -22 -38 -203 73 -209 194 41 -52 71 207 204 -162 -150 -131 -165 189 -8 -129 39 111 -228 20 170 105 150 190 130 -204 239 -225 -206 242 235 -28 -113 -230 -126 -24 249 -242 -133 -189 -178 214 67 142 -36 200 159 -193 -208 149 -146 215 173 -83 -183 145 -94 75 -18 81 167 -59 221 -101 -124 131 -80 -220 -10 -125 188 -95 156 -4 -53 -54 12 -160 212 104 -1 -47 18 185 35 -243 -147 -81 -128 177 32 155 2 181 
TEST 188 ARG:-85 145 -191 -91 -1 -147 -106 -231 202 159 63 -12 186 136 -200 -201 -30 166 -20 74 36 116 -167 -24 57 248 -212 -44 -238 -233 -72 -196 123 128 15 90 -189 -36 194 187 95 86 82 -202 -173 -9 198 -175 -46 -214 6 -69 238 -113 -243 148 247 154 160 -104 -148 101 -17 210 242 53 179 243 -229 -182 -174 180 -43 -227 -132 141 -239 231 -97 134 31 10 -136 -218 -158 -16 39 -81 -159 -90 -221 -40 -187 232 -3 66 235 103 174 169 68 104 -171 -124 71 -105 177 108 -95 189 114 -240 -100 -5 184 -28 -96 -194 -13 150 -160 129 -7 -143 75 153 -165 47 -216 -190 -248 181 173 -99 175 -168 48 -77 11 106 88 -146 -71 -198 -166 205 162 140 -6 152 206 -115 -222 -230 113 -42 208 29 246 168 18 -209 89 22 -185 -129 -151 1 -86 115 163 30 45 3 221 64 -92 -234 -246 -108 122 -8 144 -98 209 170 192 -61 -161 124 212 -52 -139 -58 -186 233 -199 -228 143 -114 -215 -38 -181 -18 191 132 58 -195 -169 188 -127 193 -247 32 130 199 97 222 217 92 46 -118 17 236 147 137 -74 138 94 102 99 207 -37 23 -133 7 -112 -41 -162 -208 216 4 239 33 -203 146 61 -204 -93 133 -27 13 -23 -87 120 -164 244 -137 204 -237 65 93 -26 -142 -62 24 142 -140 -31 225 -245 -103 -156 -14 44 -205 85 201 -54 172 38 -145 -154 223 -11 -249 131 230 -76 -130 -75 211 203 -150 -63 70 178 107 42 -57 -232 165 195 -35 176 67 200 -73 157 -22 -193 -188 -155 -49 119 28 -66 224 37 149 -211 -39 -122 87 -65 240 -89 -153 -32 41 -224 -157 -2 -45 -10 -135 -119 -21 219 -178 100 -56 127 237 -210 -47 77 55 214 -134 72 -117 2 -250 8 126 -223 26 -60 161 105 151 -225 215 91 -116 -68 19 156 -192 -79 34 76 -70 118 213 197 84 16 220 -29 -179 60 158 -25 81 40 -101 234 50 80 -78 182 5 12 -207 -120 109 -220 -235 -15 -242 -59 -82 -141 9 -226 78 249 -152 229 190 228 -176 -236 -125 -126 241 171 196 62 -83 -244 52 0 -50 -121 -94 -213 -88 -19 245 -123 -206 167 69 43 125 -111 110 -128 -183 -33 139 -53 -184 -138 -67 -55 -34 51 155 -180 27 25 96 111 98 -109 -197 -219 -172 226 -163 21 227 -51 79 185 -84 183 -107 -4 -170 35 56 -241 -64 14 83 112 135 20 59 -48 121 49 -217 -102 218 -177 -149 -110 117 -144 54 164 -80 -131 73 
TEST 189 ARG:141 -116 247 35 -1 -237 -153 201 162 -59 211 -44 192 -164 143 130 -10 104 -156 47 121 -77 103 15 116 -95 -92 -172 -125 30 114 -20 -86 157 -37 90 -151 -29 -229 -96 242 -235 -28 81 -89 -221 128 139 17 102 156 140 -109 23 -160 -228 166 -211 -186 161 -93 70 -62 221 -123 193 206 244 96 67 79 213 -3 -190 -135 -126 125 -97 -241 -83 154 -53 -191 -209 58 -108 36 -159 -138 44 -134 150 -240 -149 155 62 -127 183 -124 135 -122 -163 -194 188 82 27 -150 227 41 -219 -238 12 181 178 225 -140 -182 -242 -46 34 120 167 3 57 -26 73 146 119 160 229 237 -23 -103 224 -100 38 148 133 124 -98 78 223 -158 123 -173 164 -231 -193 84 -65 159 4 -213 -21 -136 -148 238 -171 169 -204 219 -217 113 182 40 -227 246 203 -145 -198 170 28 -50 94 -249 205 -224 214 -161 198 -76 -225 66 -9 33 1 -205 -81 -42 74 26 -152 88 -102 -223 -188 245 -35 -105 32 117 -7 -19 196 194 187 -87 -244 -210 -99 -178 -184 -187 220 75 -14 -239 -203 -130 0 243 -17 -113 -147 136 59 -183 239 -72 92 76 110 -245 -214 -6 180 52 -52 138 71 199 51 -32 -248 152 218 165 105 -201 6 -144 13 174 -94 200 231 61 77 -45 53 -174 -177 80 45 5 -101 -142 -120 -70 -169 -31 -246 -39 207 100 -66 37 -117 122 -4 -207 -162 -25 -222 172 50 -56 -199 -40 -220 -185 131 72 -30 16 -141 -176 65 158 186 56 -8 -55 -78 -232 -208 -18 -5 111 46 101 -192 -114 115 -79 -84 31 -69 202 -175 -68 93 -236 14 -60 18 -38 55 21 -11 95 -88 153 -47 106 10 -48 97 2 -2 -80 126 -233 -22 -157 98 86 -73 -115 99 39 -106 -143 -181 42 208 7 -82 210 19 -61 -34 -226 132 -63 -24 -206 -212 -216 185 9 149 -243 235 -111 209 25 -180 230 142 151 -27 91 226 -247 -234 212 -189 -170 216 -91 -85 175 127 20 217 144 -132 -137 -129 233 -104 -16 184 129 69 -118 -51 195 -167 -154 -12 191 171 108 -36 109 -128 -74 49 168 -75 228 189 -110 24 -121 118 -33 -196 -230 -139 -200 -57 54 -43 241 240 -15 -107 -54 222 215 48 -64 29 -250 -166 43 -165 -215 64 22 -119 137 85 107 -146 173 -90 -168 232 -133 147 190 -195 204 63 248 8 -131 -13 87 179 163 -41 234 176 -58 112 145 249 83 -67 68 -49 236 11 60 -197 197 -112 -71 -179 177 -202 -155 -218 134 89 
TEST 190 ARG:-203 -193 158 -90 145 -85 48 175 53 51 174 -166 -235 214 -16 194 -158 159 153 -185 106 -245 -239 103 40 242 -22 -187 -67 -179 208 32 198 -23 -57 -215 10 -43 125 -28 28 36 35 -79 113 -214 190 88 -161 238 -182 -75 -29 -175 233 -137 58 247 212 217 -35 -189 186 131 -156 -223 -249 76 136 68 4 216 -101 55 -169 -62 177 114 -129 -92 -72 126 0 -93 -150 132 -132 129 -2 -236 236 -198 83 188 219 161 -52 -122 211 155 -186 -83 -188 -194 -173 -66 195 -174 -104 -176 -11 45 -113 218 -165 -241 -172 232 181 -9 -21 205 -151 119 -196 -89 107 -171 164 41 141 30 138 -60 -114 -226 22 170 237 99 117 -118 245 -232 63 183 80 24 -33 -163 -41 207 62 148 -74 -15 84 -77 -1 94 52 69 60 222 -110 27 -160 93 133 -10 202 101 213 -20 34 -213 127 -12 193 -227 -39 139 135 -112 229 -46 187 29 -53 -146 -222 -247 -5 77 -86 -184 -140 -243 -107 -212 209 61 -124 64 -191 -8 -42 215 -58 -119 12 108 169 72 -91 -17 162 -87 -82 -54 228 -38 26 241 -135 134 -78 -144 -141 47 -123 102 -195 -204 97 -19 -181 -202 152 -228 59 -155 206 120 130 -145 54 14 144 -36 91 150 -99 -233 -4 75 -200 -142 248 220 210 -69 223 25 154 -115 240 -47 -106 160 234 78 -207 -55 82 -242 8 146 -177 18 -246 203 -59 180 -234 176 143 -94 -31 -7 -84 46 -217 -210 31 116 197 -240 112 -244 42 -230 90 44 -95 -192 -40 137 173 123 -6 -211 -147 151 -61 -130 -45 246 204 191 -154 -120 -153 -138 -224 6 185 -134 98 149 -64 -102 -148 -14 111 200 -37 226 165 -133 118 115 -109 -183 -34 -111 142 16 -13 -159 221 79 -190 -221 104 179 -105 -229 -80 167 -178 39 168 13 67 -162 -48 156 2 49 7 -116 -126 92 85 163 -56 189 199 19 105 225 -127 3 -117 -248 192 147 -209 -108 122 231 -219 -128 -97 243 -65 -149 15 -164 227 -143 57 -63 -121 178 244 -96 74 96 235 -30 87 -51 -152 -68 33 124 -220 121 71 -136 -76 50 -27 -225 9 -218 -50 -44 38 109 86 -98 -168 -180 166 5 -25 -24 140 73 -157 -81 43 -197 -26 -18 224 128 -250 -199 81 -231 -238 -71 66 -88 157 23 56 -170 196 182 11 20 100 21 -125 -100 37 -70 -73 184 201 171 239 95 -205 -49 89 -206 -216 -208 -237 230 -131 1 -103 65 -3 -167 110 249 -139 17 -32 172 -201 70 
TEST 191 ARG:222 246 167 -93 189 -68 -95 -67 -216 78 114 93 -61 118 159 -213 -237 139 -148 -80 77 -13 -185 -211 -198 90 157 -248 9 -9 -55 -99 224 -227 185 162 -73 107 -229 -112 7 160 -142 0 132 -181 -111 -219 163 142 24 -62 -51 -235 178 -130 55 -149 -246 -195 -184 211 -81 204 -87 -118 -234 96 186 -28 52 141 218 -152 -107 -72 -151 242 106 -166 71 169 243 228 145 127 -63 -232 111 -236 -126 59 171 -242 -92 -24 69 -50 121 -82 108 147 -56 101 196 -117 -191 -77 -46 226 -113 203 -124 182 165 -123 26 -200 -106 -170 112 -188 -189 -4 87 -79 -171 -23 -210 -60 64 109 175 -199 11 63 -220 -97 -182 -165 -57 -138 -146 135 150 214 36 168 -183 116 -116 -88 113 231 -221 23 56 156 -176 -136 80 -110 225 -98 -103 180 155 124 210 -163 -49 45 102 213 -202 54 91 66 6 20 206 5 -247 -249 -194 190 220 -203 74 -129 -164 -244 -6 -66 212 120 -161 -212 -128 -172 62 2 -190 41 -222 -48 27 -52 234 97 -109 33 -174 183 144 -36 75 -32 -11 38 105 -141 -59 -90 -42 148 208 -127 215 -156 123 207 98 -30 -217 -173 -58 -69 19 -150 103 136 248 -225 68 -179 -21 129 154 -108 184 37 -65 -83 177 -75 229 22 134 -104 48 131 166 119 110 199 126 -144 94 130 176 219 79 -125 146 -228 29 -70 -135 -53 -71 -243 -100 72 47 117 -197 82 -101 4 -29 46 122 -5 235 3 15 -122 191 -133 -85 172 188 58 -18 12 -47 241 -132 -207 236 -14 95 -35 137 -20 86 -169 247 -134 179 -84 32 217 -78 60 221 -74 143 170 31 81 -192 -19 50 239 187 -245 244 -33 -40 57 53 -160 -7 195 -178 194 -201 -25 -250 16 158 51 10 -139 128 67 -177 -131 151 92 200 -26 245 1 -226 198 -238 233 -162 -45 -206 -43 -239 -91 -186 42 -224 -102 201 76 25 -54 -158 -12 -137 -168 -89 -233 -3 -2 84 -39 -44 164 -155 -208 125 -145 -157 -241 -230 -22 216 -167 -209 100 249 -64 -76 -153 -96 173 -187 237 -223 -34 65 34 -214 39 197 44 -175 -10 -140 140 149 -218 -94 230 -114 -115 -38 49 -159 73 -240 89 152 18 99 17 232 -119 -27 202 238 -15 -143 13 14 161 83 192 -204 -41 -121 28 -1 -231 138 115 -196 -193 88 153 8 133 205 -215 61 181 -147 -180 -86 -17 -16 -154 70 85 -205 223 193 35 -120 43 30 227 -31 21 240 174 -8 209 104 -105 40 -37 
TEST 192 ARG:-139 34 248 -4 225 -44 -194 -250 -81 -243 -116 -99 149 -201 -21 -144 217 -53 171 -176 79 206 -60 -169 198 138 219 -71 -135 189 88 112 -137 193 -125 -148 227 -239 -224 226 59 -249 73 -84 146 -174 53 -173 92 54 -74 -39 -233 62 -182 -175 145 4 48 65 -102 161 144 -157 108 -103 -36 -101 -203 61 167 -240 157 -204 -108 169 109 -32 199 180 160 -85 105 74 166 -89 -214 119 -41 -155 -54 207 114 -223 -164 196 -185 175 -51 -154 -156 151 -123 75 241 56 23 31 191 -205 -248 204 80 215 -196 7 -220 30 -20 202 -159 22 152 -83 -38 -23 244 -152 -34 110 -228 148 -160 60 127 106 -197 -77 111 -219 128 76 -128 39 -242 18 -6 -5 245 -113 41 -245 212 -247 107 205 154 -33 0 153 15 163 99 187 -189 -221 -92 71 86 232 -170 50 -91 -11 -29 33 120 116 13 -129 -212 -181 -43 113 1 178 64 58 142 -93 -106 247 117 -206 -109 124 104 234 -114 21 38 -121 168 -131 -177 -146 242 27 -195 -82 16 67 208 -145 -133 -166 -2 -86 -96 179 -161 -67 156 118 84 170 -244 87 231 103 246 -236 -138 3 -28 40 94 155 -48 -211 -213 139 70 96 -19 220 -69 222 -215 -42 203 -167 -78 237 122 194 -7 -31 44 -12 211 -130 159 -165 -117 -79 95 -104 45 141 214 -59 239 -37 -72 6 -217 176 -46 -14 125 -191 150 -22 -140 -142 233 -172 -153 -27 -227 -64 162 -124 -68 -66 -100 81 55 -16 -63 -150 -75 -238 135 -35 173 -56 -111 51 -235 2 -122 -158 140 -147 -95 57 69 14 221 -97 -1 -231 -73 89 -94 43 -207 131 20 165 -230 -15 101 181 123 93 185 32 249 136 224 -226 -199 183 201 -10 91 -47 63 -192 130 -178 129 -225 190 29 -126 158 -18 182 177 -87 -162 213 164 83 -120 -25 -190 -179 174 -209 -45 -57 100 46 -58 10 186 102 132 -168 216 192 5 172 209 -119 -40 -210 49 210 230 -13 -70 -61 -55 -3 -90 78 17 -218 -208 -186 -246 147 133 85 -30 -24 -232 -193 -134 -127 -187 -229 -65 188 -149 19 229 -26 -76 26 143 195 68 12 -241 47 8 -107 66 115 9 -88 72 -49 -151 -110 -52 240 -143 24 -184 90 243 -105 197 236 35 -200 28 -216 200 36 52 -80 137 126 -234 97 228 25 -237 -183 -98 121 -50 -198 -62 218 77 -132 -180 184 -112 238 235 134 -202 -115 11 82 223 42 98 -171 -9 -141 -8 -222 37 -188 -17 -163 -136 -118 
TEST 193 ARG:79 43 -199 83 -27 -250 216 -83 35 8 5 -243 -129 243 222 154 -150 -159 121 31 -15 -214 80 15 -11 -69 103 -172 63 231 215 -146 117 -93 -244 -140 -189 -124 -231 -12 208 184 -114 30 -179 188 178 -234 46 102 -145 -197 -50 1 177 -31 68 -235 224 -210 -183 -158 174 12 232 -149 9 -41 -125 -176 -184 -135 -57 -167 147 -71 238 -100 91 -21 71 -52 233 -196 -247 -37 -110 -106 -207 150 151 -174 -148 105 236 225 -45 137 2 97 -208 -43 51 133 170 -105 -123 182 -233 211 76 249 37 55 -225 198 -116 234 193 196 38 -240 -221 -78 185 -62 109 175 -44 -18 -226 199 60 48 -60 -163 247 135 -103 173 -137 246 -67 -17 -128 187 160 -36 74 44 -53 -142 240 221 108 90 -64 100 62 119 -38 -112 47 28 143 -216 -203 -79 -98 17 209 -173 23 -48 -22 -109 -222 157 86 -66 -169 -175 149 -156 -1 -187 -40 -171 -121 87 -14 -86 138 -209 114 -165 -56 136 78 98 -205 111 -248 195 206 145 -113 228 -68 -24 -2 -241 -25 7 -29 95 -49 -80 142 140 92 -195 81 -186 176 -246 -139 241 -202 153 -65 24 56 -170 -177 244 134 -191 -32 -206 -16 -42 144 27 45 -153 -164 -72 -238 -219 115 53 -89 -82 110 -133 201 124 -39 -230 -127 214 -204 126 -30 -7 141 113 163 34 -33 64 -200 226 -192 77 -180 217 194 16 -134 -94 -111 -10 6 73 -188 -236 -211 200 29 -245 212 -151 33 -132 245 148 162 -126 112 61 36 -118 0 -19 205 -115 54 159 172 164 129 3 65 -237 203 58 -88 14 -242 18 -131 96 -182 -59 -215 -26 93 40 -74 -58 -136 -147 213 -107 -122 -81 -220 32 204 -227 220 -249 219 -130 4 -8 -47 -20 -92 -217 -63 158 -198 50 82 156 -224 146 -229 -232 99 190 75 -54 -70 183 69 70 88 139 -77 66 161 -143 165 22 128 -218 72 59 -178 -223 223 84 -90 152 106 155 -119 -9 169 -108 -85 242 210 -34 -104 19 239 166 41 -154 -46 218 52 235 248 -157 181 -95 227 122 -73 132 85 -61 -75 -190 11 39 191 104 118 -185 -213 -13 49 -168 -201 -194 13 -84 125 -96 -102 -23 107 -101 89 -51 -5 -120 -155 -55 237 229 123 26 -138 168 -166 -3 -4 189 25 171 94 130 -161 180 -99 127 192 -141 57 179 197 67 116 202 131 207 -162 -76 -228 -35 -97 -144 186 230 -181 42 -6 -117 -239 -91 -87 101 167 20 10 -193 -152 -160 -212 -28 120 21 
TEST 194 ARG:-98 240 226 66 151 -144 221 48 -99 -150 -50 139 -20 -171 109 209 12 -17 105 -187 -52 -31 -248 -236 227 163 -168 -157 -240 -118 -43 -160 -152 -70 -66 -182 107 9 184 13 -132 -26 42 36 37 -23 207 35 10 -55 -111 -138 -54 -120 -221 -76 124 123 210 -222 229 236 31 26 129 -10 -49 -6 -75 -231 101 198 71 174 84 79 111 -3 51 -37 -105 -226 156 89 189 -135 200 130 62 -166 17 -202 -36 237 87 186 -127 187 -169 173 112 -134 121 68 -244 -242 -174 -110 -227 -72 211 119 -149 110 128 100 4 -86 -87 145 -58 106 34 114 -146 194 -175 103 -173 232 -69 81 -124 -51 179 -163 -167 -212 -230 -104 -170 146 125 -15 158 137 169 -53 14 159 138 -123 241 -141 -247 -139 -249 -88 90 -100 -77 -103 -68 -9 102 188 -224 217 52 -113 -119 -238 25 215 117 216 -8 -186 161 -121 -33 172 113 246 225 -59 219 220 -180 228 -41 54 -140 -18 -213 -129 80 -81 192 -94 -153 116 205 -229 -57 -133 -243 -95 92 -93 167 239 29 75 -71 183 18 21 -239 157 -225 64 -2 -201 -228 -92 -74 -192 -114 -188 11 -154 118 213 245 -158 171 234 -209 176 -203 134 218 122 -181 -218 -61 7 -148 -122 32 -21 -35 -195 2 193 -151 147 204 -198 131 212 38 244 -38 -47 -83 -177 47 30 44 -60 -30 141 208 -27 164 -136 16 -159 -78 150 -128 -24 238 72 126 190 -130 50 162 -194 -7 -12 -28 96 -183 197 49 -234 230 -91 -102 -89 247 5 -101 -210 149 -63 203 -4 6 24 115 -206 33 108 -185 -142 182 -107 -73 180 185 -189 -13 -143 -64 -137 231 -19 154 95 53 70 57 -80 -161 0 -211 -208 -200 -82 201 -216 -131 248 224 28 73 -176 175 86 196 -197 -67 97 140 45 -34 -22 20 -90 61 -115 -125 39 155 -155 -65 8 214 -109 -241 202 -199 178 -108 98 76 22 77 177 60 -190 -233 -196 15 82 -29 -235 -44 191 67 -45 78 83 -112 65 41 -56 136 206 19 148 168 -96 -85 233 223 -250 63 242 -246 88 -179 46 -97 -84 -164 -14 235 -207 143 -42 170 -223 -46 181 -237 152 3 93 94 23 120 -205 127 -106 40 -165 153 85 -204 91 -156 69 -220 -147 -48 -62 59 -117 43 -5 56 -178 -145 144 -11 132 -184 -32 -126 160 142 135 -172 -40 55 166 199 74 165 104 -79 133 -219 99 -162 195 -1 -217 -193 -214 -16 -116 -232 -39 222 -215 243 -25 -191 249 27 -245 1 58 
TEST 195 ARG:-204 158 57 -179 231 198 177 -96 -70 -182 -48 176 217 93 58 -211 53 72 -101 202 121 243 -245 -201 126 165 -71 -121 -3 8 142 -51 77 163 28 17 91 200 -125 -143 210 -7 -104 -202 -241 221 -66 212 -29 50 -168 -156 -228 -90 -30 -177 137 -249 -195 113 -237 143 97 114 -175 -141 0 166 80 62 181 36 -129 -47 -126 -127 -166 197 144 98 112 -147 -157 -136 193 54 227 218 180 205 103 -144 -58 105 -151 141 230 -139 185 67 11 99 -69 -37 179 -178 -56 78 -79 -224 145 -208 235 -145 31 219 207 -1 150 138 149 140 -91 127 -210 -98 -146 246 -213 -60 119 130 -116 226 234 -173 -2 21 -199 90 220 -49 71 -107 233 -137 -122 -67 101 -89 192 206 244 -134 47 -57 151 88 25 -225 -119 125 242 122 -22 199 -23 -76 214 191 -149 -75 -19 -41 -28 -85 -193 7 -17 152 -185 75 -54 -84 170 18 61 68 -117 4 -73 40 -223 -34 -186 -205 249 15 -16 79 82 14 111 -50 -109 -68 -113 159 -46 204 -65 -234 87 -132 -216 13 -181 -135 86 -13 -63 73 -196 -33 -77 46 -82 -15 -88 64 -153 69 -112 2 -99 -131 43 -62 -52 -114 -142 -212 -72 -229 34 -189 84 107 38 174 26 -248 63 -183 89 195 173 238 -219 -111 -174 -94 106 -238 -102 -38 55 16 19 10 -39 -155 -115 110 182 175 -172 194 156 60 -11 184 116 236 237 -215 -154 56 -31 213 -8 22 -165 -12 -133 209 169 -5 -40 -240 128 70 -43 -103 123 120 102 168 -244 178 139 -110 -74 -21 147 -124 148 -250 -95 -130 95 59 241 118 -220 -169 -188 -180 135 -59 -150 -159 41 -45 -25 -158 -81 -100 225 164 -235 115 23 -163 -120 -233 30 -231 134 -203 162 -164 108 12 -4 201 229 188 96 109 -242 33 183 155 66 -227 -239 5 -93 153 -160 -217 104 65 -148 -87 -170 117 32 187 239 -207 48 196 129 190 -86 211 -152 20 -42 -123 37 132 203 74 222 -162 -9 49 45 171 -198 -232 216 -26 -167 186 83 -14 -97 35 24 -20 -53 -32 -64 81 -194 9 133 248 -83 -230 -128 -190 94 -161 -92 -108 -176 245 -221 -6 51 -236 -226 -246 -243 172 27 -214 131 -18 247 -140 -191 124 -138 154 -200 39 -35 -118 1 44 -78 92 -187 146 -197 160 -55 -247 208 -105 -61 -36 3 52 232 76 228 -10 224 -184 -27 -218 -80 -171 240 -24 157 -209 136 167 -192 100 -206 223 -106 189 42 6 215 85 -222 -44 161 29 
TEST 196 ARG:-142 195 -204 -237 38 138 209 64 116 -207 124 226 -199 97 181 81 190 44 193 215 212 -175 -115 114 -200 33 -168 -39 53 -7 -209 35 -53 -217 161 -29 -8 235 180 -24 -119 -3 231 94 77 -80 -244 -75 223 -113 191 -181 79 19 5 -123 -174 -58 7 40 -249 32 -184 87 -95 -121 236 -129 -12 -248 59 61 -62 15 3 -153 -110 -61 247 -33 -86 121 111 -13 -141 248 31 -82 -5 -93 16 -17 102 -100 18 11 -1 -208 -173 142 -11 21 -73 -167 -10 152 158 45 188 -15 204 -85 174 85 106 -221 9 -19 63 237 179 -228 -9 207 -192 -210 201 2 240 186 -240 -164 12 -55 -67 -77 -43 -91 96 -152 220 -66 91 -60 157 151 39 -242 199 -32 -102 0 -114 -182 65 205 -47 172 70 -155 155 156 177 104 -230 -51 169 52 67 -22 -227 -132 -23 134 -2 13 -137 168 243 -117 -52 228 -150 175 130 227 58 -243 229 -20 -188 -225 178 -245 98 89 78 -232 -191 -78 -131 -92 171 208 -144 43 83 -160 210 112 -213 -70 144 -171 153 -197 -99 166 -120 -59 -151 -166 200 -71 167 148 66 14 -139 -157 -162 -57 -136 126 51 57 -212 213 -145 139 -101 -140 119 55 160 -219 -154 80 147 -172 -235 -239 60 184 135 -161 -187 117 -205 84 185 -98 -56 -246 245 -206 194 54 -25 136 26 86 122 -222 108 196 -105 -147 74 -250 25 131 239 133 -236 29 24 246 132 214 115 -149 -196 -28 -169 20 125 238 -103 46 170 -198 8 118 145 -63 -4 -158 10 -41 143 82 103 -54 30 -87 -134 -116 -90 113 233 206 -42 -79 -49 -126 -148 -27 -96 127 -179 146 -185 -6 217 -233 27 75 -178 -36 -135 222 225 -124 -106 73 141 -104 -44 -211 -202 -186 -176 -223 -156 -31 -38 -180 198 -163 -143 -195 107 -74 197 -46 71 -220 224 -97 -177 -118 -109 41 -216 183 -48 123 -159 76 -218 110 -18 56 234 218 216 189 42 72 230 202 -247 -16 150 163 -40 100 -229 -69 -234 154 -226 -30 149 -88 1 176 203 211 37 -215 105 69 68 23 -203 -214 129 137 92 165 -183 48 -83 173 -107 120 28 62 241 -64 249 -193 -125 4 -111 -81 22 -94 192 -133 -76 187 -89 109 47 -14 -128 219 159 36 6 101 -201 -238 95 -26 -138 -35 -112 -84 -170 -224 50 -37 -189 -45 162 -68 -122 -21 -231 -190 -108 49 182 242 128 -127 -65 -130 -241 -146 232 17 93 140 -34 -72 -194 34 -50 99 221 -165 90 244 164 88 
TEST 197 ARG:-25 16 -95 110 -128 -1 -20 -183 -99 -21 230 24 -143 59 -111 -137 72 211 -19 -249 148 -207 91 -162 30 53 163 90 85 -219 164 238 -24 -179 177 113 88 242 -45 -27 83 192 98 222 -202 190 -200 -215 34 5 107 32 216 -164 56 197 210 -119 158 57 138 -100 -241 -247 22 -157 -195 128 249 -14 -4 -225 -23 27 77 -8 -40 -76 41 -192 74 80 -42 75 -102 -9 -236 -104 97 170 -142 43 -62 -131 67 144 -58 71 -50 -240 -29 131 194 172 -146 213 218 38 108 -106 -125 133 243 -43 145 13 159 -165 -86 -105 -227 3 -246 127 -127 42 240 -214 -70 184 25 -194 -209 248 212 78 130 -2 232 151 247 -41 165 139 40 -217 -7 -177 126 -161 46 65 112 215 161 96 -73 225 -81 -149 2 228 -60 -230 76 -72 -36 174 -134 -138 -103 31 -184 -210 -174 200 -228 -12 -168 241 -48 -153 -234 64 -171 -126 233 8 66 -31 -96 101 179 -203 -196 7 -121 236 -87 -117 -239 -15 189 -145 47 52 -116 -193 44 -166 -59 -83 206 -110 137 -163 185 -109 87 -133 -136 -156 173 -69 -80 120 122 -130 54 123 -77 -22 117 -211 -38 -92 -16 102 -98 -221 -189 106 -71 82 198 -169 -52 105 -51 -160 -245 182 -222 -243 155 166 -155 -206 -39 119 -63 186 6 116 132 -213 124 156 -167 -224 11 17 -120 207 -5 -175 221 -150 79 -205 157 -75 14 -124 -17 -94 -79 -201 -233 -28 150 35 61 -144 -10 -122 223 237 4 -180 -152 50 49 -218 26 -13 -37 153 -46 -93 142 23 -57 -34 169 125 220 -89 178 204 201 -107 -123 -204 -35 63 167 21 -191 -82 239 234 154 141 92 191 48 203 -74 -176 121 135 -112 209 -55 58 -118 -85 -226 12 -53 146 19 69 86 -186 29 -170 244 -248 188 0 160 199 39 -223 -44 140 -26 245 214 103 1 104 115 -101 -172 -3 -220 235 246 114 187 33 -66 -231 -187 -115 134 193 15 129 -232 -229 143 -199 94 217 -49 -6 -132 -185 -32 10 -242 136 -78 84 -140 -47 70 -182 219 -139 183 224 93 227 -90 -250 152 229 -88 -238 -65 -244 180 208 -237 -147 181 -18 45 226 -33 -188 -181 -197 175 195 -208 60 -30 -129 68 -198 89 37 -67 73 -190 171 -56 -84 -108 -114 168 81 176 95 -64 -216 -91 -178 -235 -173 62 36 51 -154 -141 28 -151 149 -159 20 118 109 -113 196 162 -11 -158 -212 9 111 -61 231 -68 55 -54 202 -135 205 18 147 100 -97 99 -148 
TEST 198 ARG:11 -103 244 -200 67 -24 -100 -169 -215 -84 -94 0 243 215 -226 216 43 -179 105 -209 64 -29 169 -28 224 -90 -248 20 -67 164 208 170 -53 -240 191 -20 139 175 70 146 -1 41 -92 -153 -187 149 249 -15 219 -250 -163 -21 22 -43 -19 -199 -101 -72 45 39 132 -159 38 187 -165 173 -44 -174 -76 124 72 -6 245 178 -119 -83 -105 -233 -5 -130 -73 -69 -106 119 32 -51 -245 -197 202 135 79 26 240 248 8 85 188 -127 65 94 -178 -246 232 46 237 194 -156 -77 100 108 -46 154 -126 -14 -59 -188 -91 148 -48 89 171 183 34 96 -120 81 -235 -168 -242 168 52 -3 -98 114 -85 120 18 113 176 143 -39 -157 -99 -243 166 -249 55 -79 -211 13 15 110 -89 -229 -181 -7 234 165 -193 141 -189 160 -97 -9 28 134 -222 214 147 -18 -146 180 241 112 -68 -80 -27 -134 205 69 -247 161 136 84 -17 -182 -207 -121 -221 235 37 140 128 227 -151 59 -110 228 150 -149 247 29 -75 -145 80 30 193 88 182 -64 -167 -154 189 117 -180 157 -205 9 172 63 -96 -10 -81 -218 6 230 -115 35 236 -172 -244 -71 -58 -8 159 78 14 -194 138 -123 -108 210 -11 -175 -118 126 75 -214 -54 198 181 2 109 -198 118 -212 107 -236 87 -23 152 -158 86 115 77 -195 61 145 -111 -62 200 221 111 54 -40 207 -65 66 -237 68 -234 -135 17 -140 -202 -26 -13 231 185 -125 203 27 83 -204 242 21 -225 -141 -230 -219 -177 -63 48 -176 -35 -70 -132 104 133 -113 23 -152 106 -16 151 101 239 218 76 -166 -150 19 201 144 121 44 71 53 -47 -147 -170 -52 24 -223 97 92 58 229 -196 116 99 131 90 -184 -49 -161 98 -186 127 82 -148 12 177 158 137 -155 10 42 1 222 167 123 73 -164 -87 -104 -31 -162 -131 -55 -143 95 -107 -114 -227 -138 -45 -217 47 62 -122 220 -206 -66 -95 5 -112 -38 197 -128 -60 174 -203 -191 163 56 -74 155 204 -231 186 211 212 3 192 156 -144 -185 4 16 196 91 -124 179 -61 206 103 225 -142 209 246 -36 93 142 153 129 -192 130 -30 -228 -171 217 40 -34 -183 -22 49 -136 33 60 -88 -37 -25 -241 -210 223 -220 57 195 7 -190 -109 -201 102 -82 -2 -93 -232 50 -78 -160 226 238 -102 51 -42 -137 31 122 74 -129 233 -57 -116 -117 -213 125 -4 162 -208 36 -216 -32 -238 -56 184 25 199 -86 -133 -12 -139 213 -173 190 -50 -41 -239 -33 -224 
TEST 199 ARG:-153 -183 24 238 -80 147 126 -16 78 162 131 233 178 17 214 -234 83 -31 -21 66 16 -110 65 -196 -103 85 61 -27 -34 90 -184 87 36 -55 -216 -139 185 37 136 -163 -132 -147 15 -22 75 -199 235 43 10 207 102 -245 -164 190 62 -198 105 -17 243 113 -179 146 9 222 -42 -91 195 -112 -65 234 197 -118 191 -74 20 -157 -224 -195 155 58 150 -189 -48 -250 153 98 82 -30 40 -160 -12 69 122 145 -140 -7 211 210 -79 -219 -45 158 225 128 -102 -222 -155 187 72 -100 -9 -129 -148 -137 -72 182 196 -154 -8 -14 -5 -62 249 115 112 -29 -193 -239 91 218 -36 -235 144 96 84 -215 39 -229 -191 223 -38 236 -243 -47 56 -126 -89 55 -201 -133 -44 -142 103 194 160 -76 -230 -108 -43 177 -88 -122 121 44 -56 -197 116 224 176 -84 -231 80 206 106 -233 -185 -95 -212 163 11 -57 -145 203 109 -150 -144 -244 -125 118 -241 -63 -4 31 -37 189 -120 -121 -58 228 -207 139 23 79 -73 -213 64 -2 -11 -249 95 -20 229 -124 -93 186 -156 156 42 -101 21 -81 133 119 -158 25 -26 -138 161 -181 -238 2 -206 -33 135 111 -192 -194 19 26 208 129 -71 -182 46 30 219 3 -13 110 -53 -159 241 -109 -116 -149 198 172 88 -24 245 107 149 -49 34 -226 -19 -128 -188 27 201 -119 38 99 231 -40 -69 -25 14 -143 215 -177 168 108 -210 70 181 -107 -187 18 209 -218 167 -248 -52 -228 127 28 77 200 159 -97 -220 130 -190 179 35 -98 68 -18 242 -223 117 -1 154 -82 89 123 183 237 -35 -6 -68 -152 -136 -96 -232 -87 114 174 -23 -168 -175 -165 -141 -151 94 164 -186 81 -46 239 71 -205 -204 45 180 -90 63 -28 230 -99 -115 -60 -174 248 184 -64 -247 -113 22 173 -67 12 192 32 -104 142 -123 -117 -77 124 -83 52 -209 4 -236 41 -242 -78 -221 138 -208 -75 141 -211 217 49 -106 0 169 13 104 47 -10 166 171 -41 -61 151 -146 101 165 216 -173 -32 50 -240 170 51 60 7 -171 205 221 132 226 -225 232 97 247 -180 33 -178 73 -59 6 -111 67 -200 53 -85 59 -86 157 -162 -92 -15 -127 204 8 86 -203 -39 220 93 137 -130 134 188 140 -167 152 -214 -51 244 143 -237 193 246 -105 -161 5 -134 240 -166 -202 -114 1 -54 -217 74 227 -227 -50 48 -66 57 -135 -176 175 -169 -172 -246 -170 100 76 213 148 54 -3 202 29 199 92 -131 125 120 -94 212 -70 
TEST 200 ARG:53 -60 207 120 -59 227 -35 107 85 -191 -20 191 -57 0 89 -120 -79 -154 185 16 217 171 55 199 -244 48 -99 234 40 -30 -125 39 112 166 44 228 -83 248 244 -234 64 -163 -219 103 -104 13 38 -26 45 82 9 -230 -198 -38 -95 -202 -97 -43 159 141 -159 77 54 127 -81 -236 1 -203 -39 -24 136 143 -84 -40 26 -212 -110 -140 73 197 5 122 -152 25 98 17 2 -114 182 -13 43 -115 -121 -21 56 12 68 -116 -172 -176 -105 -68 -124 -100 196 -181 148 -169 188 75 221 74 -155 -139 -147 29 -226 -34 117 -227 -70 21 -127 240 32 -144 -187 8 165 164 223 -101 -36 -76 194 -75 -201 178 121 -237 -149 69 -179 -54 -108 113 102 49 -45 11 59 41 -48 245 78 42 67 -171 -131 168 -190 -16 -188 -143 -153 -128 4 135 58 -250 154 124 -133 211 -151 149 184 -9 104 -134 -192 200 156 161 10 179 -137 -72 -142 118 83 214 169 96 -141 187 -185 153 247 155 -211 -58 86 -42 -12 222 -241 -224 -44 36 158 198 160 172 -184 -5 28 -183 186 190 152 94 -88 -157 139 -242 -246 -130 -189 -87 115 -29 114 -210 -89 -107 180 210 119 -193 -37 138 235 -7 81 109 218 15 220 -28 -156 -206 -85 -221 -46 201 76 -66 65 -182 -132 -205 -229 -62 -248 212 20 111 23 243 70 105 -55 35 195 31 -207 -214 110 -14 -11 88 71 84 106 -178 -10 213 -94 -177 -56 -117 -47 -33 -243 -146 -167 -162 -173 170 51 -98 57 22 -41 -195 -148 -175 -1 -113 203 -32 -93 93 -249 208 66 -233 -145 46 224 -2 100 -50 -15 145 216 -194 -215 230 -123 -228 91 -218 231 79 -223 -238 193 33 -199 -245 -122 95 -19 -200 202 -96 -4 147 7 125 -67 -52 -18 157 -119 -204 232 27 -69 -74 246 -91 177 63 242 -25 183 14 -111 47 -80 206 192 151 -213 -106 34 -197 19 99 146 126 -61 -209 52 -247 238 -112 101 129 80 -3 -73 137 -6 18 30 219 -138 -220 -216 -208 97 -86 209 -161 -17 87 140 -168 -232 189 108 -225 -235 -240 175 134 -71 62 37 -126 -8 -64 -129 116 128 150 6 132 -118 131 142 -51 -166 -53 233 60 -174 -77 -170 90 3 173 -135 237 -165 -150 24 -222 -239 -31 -231 239 -102 249 123 -92 -158 226 -49 225 241 -164 -82 -196 92 236 -136 -23 215 -63 130 -109 133 -103 144 205 -186 61 50 167 -90 229 162 -65 -22 204 176 181 -180 163 -160 -78 -27 -217 174 72 
TEST 201 ARG:-36 -65 -35 -237 138 208 3 220 -33 49 222 35 -201 44 17 -90 -228 39 218 -247 89 95 -230 -5 -94 -115 -17 234 -152 -131 229 84 65 121 -163 -164 -137 42 -13 -147 154 103 179 58 8 -1 177 -176 -45 106 88 -89 2 231 -18 -100 43 -67 -16 80 125 -145 -68 -159 -119 -12 -213 -52 86 -207 -70 206 -73 -60 211 -92 67 104 -34 -25 4 24 120 -153 -205 15 -138 20 99 156 181 -179 -173 -66 -146 176 -99 -107 -69 12 -63 228 160 53 -214 -76 -44 166 -208 175 -93 101 248 227 -24 -216 150 129 25 -226 -209 213 -9 -87 -134 172 195 114 40 -244 -21 174 38 -132 122 115 -168 145 165 -189 -165 1 11 -167 19 -217 -123 -197 214 73 110 202 136 -160 -174 -109 -42 -181 238 191 207 241 5 -111 97 246 -190 -232 -242 -222 -206 -56 -11 -219 -133 -136 223 130 52 212 -187 139 -126 -177 -29 -91 47 -182 18 185 -116 -210 41 -55 -180 22 -140 -121 96 178 -128 -231 57 -41 123 -235 -96 -250 -105 -245 29 109 -43 158 184 -104 159 187 93 -15 87 -49 -2 69 147 221 56 192 155 -211 249 169 113 -246 -20 -106 70 205 -203 194 -58 66 -192 239 243 149 -193 63 -40 197 -51 -223 196 -139 -37 -113 -215 -30 -61 226 26 31 242 -151 171 217 -224 -240 -88 112 -249 -161 27 6 224 45 -204 -127 135 -14 180 105 -178 -57 59 133 -3 -198 -32 -47 83 -102 -241 -98 -22 51 -77 -64 152 -135 117 201 164 33 -199 -225 34 188 209 219 37 21 60 -110 193 -229 -184 -155 -83 -172 -129 10 124 -156 50 -202 -7 -80 -125 -142 182 140 118 46 -28 54 -141 48 76 -50 30 -46 79 161 -212 230 -39 108 -117 225 -220 74 78 -84 -227 131 -118 100 204 -124 72 203 216 116 -233 0 -238 -185 119 -59 -169 81 -23 92 -112 157 -150 14 236 -130 143 190 77 132 61 16 75 -200 -86 -186 189 -221 245 36 144 168 210 -158 -79 -218 9 -71 -85 -188 237 -248 -144 232 -97 -48 -103 141 163 85 -149 -194 -236 -196 -27 71 244 -243 -170 -74 -26 64 98 -31 198 148 186 111 32 -154 82 -101 183 -148 94 134 55 162 127 137 62 -95 199 -75 -81 -162 -175 -82 68 -8 -157 -195 -54 173 -120 102 233 -143 240 -191 -166 -122 128 -234 -19 23 7 -6 153 -38 -10 247 -239 28 -171 215 170 167 126 -72 151 -78 -62 -114 107 235 91 -53 146 90 200 13 -4 -108 142 -183 
All size test
TEST 3 ARG:4 7 5 0 3 1 2 6 8 

-------------------------------------------------------------

		TEST CREATED BY: GEMARTIN	

-------------------------------------------------------------
./tester-net.sh: line 36: [: ==: unary operator expected
./tester-net.sh: line 46: [: ==: unary operator expected

-------------------------------------------------------------

			CONTROL ERRORS	

-------------------------------------------------------------

1.[OK] 
2.[OK] 
3.[OK] 
4.[OK] 
5.[OK] 
6.[OK] 
7.[OK] 
8.[OK] 
9.[OK] 
10.[OK] 
11.[OK] 
12.[OK] 
13.[OK] 
14.[OK] 
15.[OK] 
16.[OK] 
17.[OK] 
18.[OK] 
19.[OK] 
20.[OK] 
21.[OK] 
22.[OK] 
23.[OK] 
24.[OK] 
25.[OK] 
26.[OK] 
27.[OK] 
28.[OK] 
29.[OK] 
30.[OK] 
31.[OK] 
32.[OK] 
33.[OK] 
34.[OK] 
35.[OK] 
36.[OK] 
37.[OK] 
38.[OK] 
39.[OK] 
40.[OK] 
41.[OK] 
42.[OK] 
43.[OK] 
44.[OK] 
45.[OK] 

-------------------------------------------------------------

			Basic input		

-------------------------------------------------------------

1.[OK] 2.[OK] 3.[OK] 4.[OK] 5.[OK] 6.[OK] 7.[OK] 8.[OK] 9.[OK] 10.[OK] 11.[OK] 12.[OK] 13.[OK] 14.[OK] 15.[OK] 16.[OK] 17.[OK] 18.[OK] 19.[OK] 20.[OK] 21.[OK] 22.[OK] 23.[OK] 24.[OK] 25.[OK] 26.[OK] 27.[OK] 28.[OK] 29.[OK] 30.[OK] 31.[OK] 32.[OK] 33.[OK] 34.[OK] 35.[OK] 36.[OK] 37.[OK] 38.[OK] 39.[OK] 40.[OK] 41.[OK] 42.[OK] 43.[OK] 44.[OK] 45.[OK] 46.[OK] 47.[OK] 48.[OK] 49.[OK] 50.[OK] 51.[OK] 52.[OK] 53.[OK] 54.[OK] 55.[OK] 56.[OK] 57.[OK] 58.[OK] 59.[OK] 60.[OK] 

-------------------------------------------------------------


			Size 5		

-------------------------------------------------------------

1.[OK] 2.[OK] 3.[OK] 4.[OK] 5.[OK] 6.[OK] 7.[OK] 8.[OK] 9.[OK] 10.[OK] 11.[OK] 12.[OK] 13.[OK] 14.[OK] 15.[OK] 16.[OK] 17.[OK] 18.[OK] 19.[OK] 20.[OK] 21.[OK] 22.[OK] 23.[OK] 24.[OK] 25.[OK] 26.[OK] 27.[OK] 28.[OK] 29.[OK] 30.[OK] 31.[OK] 32.[OK] 33.[OK] 34.[OK] 35.[OK] 36.[OK] 37.[OK] 38.[OK] 39.[OK] 40.[OK] 41.[OK] 42.[OK] 43.[OK] 44.[OK] 45.[OK] 46.[OK] 47.[OK] 48.[OK] 49.[OK] 50.[OK] 51.[OK] 52.[OK] 53.[OK] 54.[OK] 55.[OK] 56.[OK] 57.[OK] 58.[OK] 59.[OK] 60.[OK] 61.[OK] 62.[OK] 63.[OK] 64.[OK] 65.[OK] 66.[OK] 67.[OK] 68.[OK] 69.[OK] 70.[OK] 71.[OK] 72.[OK] 73.[OK] 74.[OK] 75.[OK] 76.[OK] 77.[OK] 78.[OK] 79.[OK] 80.[OK] 81.[OK] 82.[OK] 83.[OK] 84.[OK] 85.[OK] 86.[OK] 87.[OK] 88.[OK] 89.[OK] 90.[OK] 91.[OK] 92.[OK] 93.[OK] 94.[OK] 95.[OK] 96.[OK] 97.[OK] 98.[OK] 99.[OK] 100.[OK] 101.[OK] 102.[OK] 103.[OK] 104.[OK] 105.[OK] 106.[OK] 107.[OK] 108.[OK] 109.[OK] 110.[OK] 111.[OK] 112.[OK] 113.[OK] 114.[OK] 115.[OK] 116.[OK] 117.[OK] 118.[OK] 119.[OK] 120.[OK] 121.[OK] 122.[OK] 123.[OK] 124.[OK] 125.[OK] 126.[OK] 127.[OK] 128.[OK] 129.[OK] 130.[OK] 131.[OK] 132.[OK] 133.[OK] 134.[OK] 135.[OK] 136.[OK] 137.[OK] 138.[OK] 139.[OK] 140.[OK] 141.[OK] 142.[OK] 143.[OK] 144.[OK] 145.[OK] 146.[OK] 147.[OK] 148.[OK] 149.[OK] 150.[OK] 151.[OK] 152.[OK] 153.[OK] 154.[OK] 155.[OK] 156.[OK] 157.[OK] 158.[OK] 159.[OK] 160.[OK] 161.[OK] 162.[OK] 163.[OK] 164.[OK] 165.[OK] 166.[OK] 167.[OK] 168.[OK] 169.[OK] 170.[OK] 171.[OK] 172.[OK] 173.[OK] 174.[OK] 175.[OK] 176.[OK] 177.[OK] 178.[OK] 179.[OK] 180.[OK] 181.[OK] 182.[OK] 183.[OK] 184.[OK] 185.[OK] 186.[OK] 187.[OK] 188.[OK] 189.[OK] 190.[OK] 191.[OK] 192.[OK] 193.[OK] 194.[OK] 195.[OK] 196.[OK] 197.[OK] 198.[OK] 199.[OK] 200.[OK] 201.[OK] 202.[OK] 203.[OK] 204.[OK] 205.[OK] 206.[OK] 207.[OK] 208.[OK] 209.[OK] 210.[OK] 211.[OK] 212.[OK] 213.[OK] 214.[OK] 215.[OK] 216.[OK] 217.[OK] 218.[OK] 219.[OK] 220.[OK] 221.[OK] 222.[OK] 223.[OK] 224.[OK] 225.[OK] 226.[OK] 227.[OK] 228.[OK] 229.[OK] 230.[OK] 231.[OK] 232.[OK] 233.[OK] 234.[OK] 235.[OK] 236.[OK] 237.[OK] 238.[OK] 239.[OK] 240.[OK] 
-------------------------------------------------------------


		  Multiple size <= 100		

-------------------------------------------------------------

1 .[OK][OK][4/5] Moves:850
2 .[OK][OK][4/5] Moves:849
3 .[OK][OK][4/5] Moves:868
4 .[OK][OK][4/5] Moves:851
5 .[OK][OK][4/5] Moves:855
6 .[OK][OK][4/5] Moves:806
7 .[OK][OK][4/5] Moves:847
8 .[OK][OK][4/5] Moves:849
9 .[OK][OK][4/5] Moves:834
10 .[OK][OK][4/5] Moves:828
11 .[OK][OK][4/5] Moves:850
12 .[OK][OK][4/5] Moves:864
13 .[OK][OK][4/5] Moves:865
14 .[OK][OK][4/5] Moves:885
15 .[OK][OK][4/5] Moves:850
16 .[OK][OK][4/5] Moves:815
17 .[OK][OK][4/5] Moves:854
18 .[OK][OK][4/5] Moves:877
19 .[OK][OK][4/5] Moves:868
20 .[OK][OK][4/5] Moves:848
21 .[OK][OK][4/5] Moves:852
22 .[OK][OK][4/5] Moves:843
23 .[OK][OK][4/5] Moves:847
24 .[OK][OK][4/5] Moves:879
25 .[OK][OK][4/5] Moves:846
26 .[OK][OK][4/5] Moves:853
27 .[OK][OK][4/5] Moves:836
28 .[OK][OK][4/5] Moves:845
29 .[OK][OK][4/5] Moves:836
30 .[OK][OK][4/5] Moves:848
31 .[OK][OK][4/5] Moves:863
32 .[OK][OK][4/5] Moves:825
33 .[OK][OK][4/5] Moves:857
34 .[OK][OK][4/5] Moves:856
35 .[OK][OK][4/5] Moves:861
36 .[OK][OK][4/5] Moves:856
37 .[OK][OK][4/5] Moves:883
38 .[OK][OK][4/5] Moves:817
39 .[OK][OK][4/5] Moves:811
40 .[OK][OK][4/5] Moves:854
41 .[OK][OK][4/5] Moves:879
42 .[OK][OK][4/5] Moves:877
43 .[OK][OK][4/5] Moves:825
44 .[OK][OK][4/5] Moves:820
45 .[OK][OK][4/5] Moves:829
46 .[OK][OK][4/5] Moves:863
47 .[OK][OK][4/5] Moves:879
48 .[OK][OK][4/5] Moves:855
49 .[OK][OK][4/5] Moves:831
50 .[OK][OK][4/5] Moves:847
51 .[OK][OK][4/5] Moves:894
52 .[OK][OK][4/5] Moves:827
53 .[OK][OK][4/5] Moves:858
54 .[OK][OK][4/5] Moves:827
55 .[OK][OK][4/5] Moves:853
56 .[OK][OK][4/5] Moves:841
57 .[OK][OK][4/5] Moves:850
58 .[OK][OK][4/5] Moves:847
59 .[OK][OK][4/5] Moves:822
60 .[OK][OK][4/5] Moves:842
61 .[OK][OK][4/5] Moves:881
62 .[OK][OK][4/5] Moves:848
63 .[OK][OK][4/5] Moves:826
64 .[OK][OK][4/5] Moves:862
65 .[OK][OK][4/5] Moves:855
66 .[OK][OK][4/5] Moves:845
67 .[OK][OK][4/5] Moves:832
68 .[OK][OK][4/5] Moves:850
69 .[OK][OK][4/5] Moves:858
70 .[OK][OK][4/5] Moves:856
71 .[OK][OK][4/5] Moves:855
72 .[OK][OK][4/5] Moves:869
73 .[OK][OK][4/5] Moves:856
74 .[OK][OK][4/5] Moves:848
75 .[OK][OK][4/5] Moves:851
76 .[OK][OK][4/5] Moves:871
77 .[OK][OK][4/5] Moves:826
78 .[OK][OK][4/5] Moves:866
79 .[OK][OK][4/5] Moves:863
80 .[OK][OK][4/5] Moves:850
81 .[OK][OK][4/5] Moves:880
82 .[OK][OK][4/5] Moves:856
83 .[OK][OK][4/5] Moves:834
84 .[OK][OK][4/5] Moves:858
85 .[OK][OK][4/5] Moves:841
86 .[OK][OK][4/5] Moves:870
87 .[OK][KO][3/5] Moves:913
88 .[OK][OK][4/5] Moves:867
89 .[OK][OK][4/5] Moves:866
90 .[OK][OK][4/5] Moves:826
91 .[OK][OK][4/5] Moves:858
92 .[OK][OK][4/5] Moves:858
93 .[OK][OK][4/5] Moves:835
94 .[OK][OK][4/5] Moves:869
95 .[OK][OK][4/5] Moves:859
96 .[OK][OK][4/5] Moves:857
97 .[OK][OK][4/5] Moves:835
98 .[OK][OK][4/5] Moves:850
99 .[OK][OK][4/5] Moves:828
100 .[OK][OK][4/5] Moves:846
101 .[OK][OK][4/5] Moves:848
102 .[OK][OK][4/5] Moves:853
103 .[OK][OK][4/5] Moves:870
104 .[OK][OK][4/5] Moves:827
105 .[OK][OK][4/5] Moves:850
106 .[OK][OK][4/5] Moves:843
107 .[OK][OK][4/5] Moves:896
108 .[OK][OK][4/5] Moves:837
109 .[OK][OK][4/5] Moves:851
110 .[OK][OK][4/5] Moves:846
111 .[OK][OK][4/5] Moves:859
112 .[OK][OK][4/5] Moves:869
113 .[OK][OK][4/5] Moves:839
114 .[OK][OK][4/5] Moves:850
115 .[OK][OK][4/5] Moves:863
116 .[OK][OK][4/5] Moves:859
117 .[OK][OK][4/5] Moves:833
118 .[OK][OK][4/5] Moves:850
119 .[OK][OK][4/5] Moves:859
120 .[OK][OK][4/5] Moves:826
121 .[OK][OK][4/5] Moves:850
122 .[OK][OK][4/5] Moves:863
123 .[OK][OK][4/5] Moves:835
124 .[OK][KO][3/5] Moves:901
125 .[OK][OK][4/5] Moves:852
126 .[OK][OK][4/5] Moves:847
127 .[OK][OK][4/5] Moves:860
128 .[OK][OK][4/5] Moves:869
129 .[OK][OK][4/5] Moves:861
130 .[OK][OK][4/5] Moves:845
131 .[OK][OK][4/5] Moves:831
132 .[OK][OK][4/5] Moves:852
133 .[OK][OK][4/5] Moves:871
134 .[OK][OK][4/5] Moves:865
135 .[OK][OK][4/5] Moves:878
136 .[OK][OK][4/5] Moves:864
137 .[OK][OK][4/5] Moves:825
138 .[OK][OK][4/5] Moves:841
139 .[OK][OK][4/5] Moves:862
140 .[OK][OK][4/5] Moves:855
141 .[OK][OK][4/5] Moves:844
142 .[OK][OK][4/5] Moves:869
143 .[OK][OK][4/5] Moves:838
144 .[OK][OK][4/5] Moves:860
145 .[OK][OK][4/5] Moves:866
146 .[OK][OK][4/5] Moves:855
147 .[OK][OK][4/5] Moves:832
148 .[OK][OK][4/5] Moves:840
149 .[OK][OK][4/5] Moves:865
150 .[OK][OK][4/5] Moves:833
151 .[OK][OK][4/5] Moves:882
152 .[OK][OK][4/5] Moves:854
153 .[OK][OK][4/5] Moves:852
154 .[OK][OK][4/5] Moves:853
155 .[OK][OK][4/5] Moves:824
156 .[OK][OK][4/5] Moves:821
157 .[OK][OK][4/5] Moves:862
158 .[OK][OK][4/5] Moves:840
159 .[OK][OK][4/5] Moves:847
160 .[OK][OK][4/5] Moves:881
161 .[OK][OK][4/5] Moves:857
162 .[OK][OK][4/5] Moves:862
163 .[OK][OK][4/5] Moves:851
164 .[OK][OK][4/5] Moves:881
165 .[OK][OK][4/5] Moves:850
166 .[OK][OK][4/5] Moves:857
167 .[OK][OK][4/5] Moves:864
168 .[OK][OK][4/5] Moves:862
169 .[OK][OK][4/5] Moves:842
170 .[OK][OK][4/5] Moves:857
171 .[OK][OK][4/5] Moves:866
172 .[OK][OK][4/5] Moves:864
173 .[OK][OK][4/5] Moves:838
174 .[OK][OK][4/5] Moves:880
175 .[OK][OK][4/5] Moves:875
176 .[OK][OK][4/5] Moves:879
177 .[OK][OK][4/5] Moves:878
178 .[OK][OK][4/5] Moves:852
179 .[OK][OK][4/5] Moves:834
180 .[OK][OK][4/5] Moves:829
181 .[OK][OK][4/5] Moves:858
182 .[OK][OK][4/5] Moves:842
183 .[OK][OK][4/5] Moves:859
184 .[OK][OK][4/5] Moves:847
185 .[OK][OK][4/5] Moves:854
186 .[OK][OK][4/5] Moves:883
187 .[OK][OK][4/5] Moves:826
188 .[OK][OK][4/5] Moves:877
189 .[OK][OK][4/5] Moves:845
190 .[OK][OK][4/5] Moves:836
191 .[OK][OK][4/5] Moves:840
192 .[OK][OK][4/5] Moves:885
193 .[OK][OK][4/5] Moves:851
194 .[OK][OK][4/5] Moves:826
195 .[OK][OK][4/5] Moves:848
196 .[OK][OK][4/5] Moves:852
197 .[OK][OK][4/5] Moves:837
198 .[OK][OK][4/5] Moves:876
199 .[OK][OK][4/5] Moves:815
200 .[OK][OK][4/5] Moves:866
201 .[OK][OK][4/5] Moves:871


Max: 913
Min: 806
Average: 852


Test [5/5] 0/201
Test [4/5] 199/201
Test [3/5] 2/201
Check traces /home/dmota-ri/42_work/Entregas/Milestone02/push_swap/turnin-2/traces.txt

-------------------------------------------------------------


		  Multiple size <= 500		

-------------------------------------------------------------

1 .[OK][OK][4/5] Moves:6784
2 .[OK][OK][4/5] Moves:6784
3 .[OK][OK][4/5] Moves:6784
4 .[OK][OK][4/5] Moves:6784
5 .[OK][OK][4/5] Moves:6784
6 .[OK][OK][4/5] Moves:6784
7 .[OK][OK][4/5] Moves:6784
8 .[OK][OK][4/5] Moves:6784
9 .[OK][OK][4/5] Moves:6784
10 .[OK][OK][4/5] Moves:6784
11 .[OK][OK][4/5] Moves:6784
12 .[OK][OK][4/5] Moves:6784
13 .[OK][OK][4/5] Moves:6784
14 .[OK][OK][4/5] Moves:6784
15 .[OK][OK][4/5] Moves:6784
16 .[OK][OK][4/5] Moves:6784
17 .[OK][OK][4/5] Moves:6784
18 .[OK][OK][4/5] Moves:6784
19 .[OK][OK][4/5] Moves:6784
20 .[OK][OK][4/5] Moves:6784
21 .[OK][OK][4/5] Moves:6784
22 .[OK][OK][4/5] Moves:6784
23 .[OK][OK][4/5] Moves:6784
24 .[OK][OK][4/5] Moves:6784
25 .[OK][OK][4/5] Moves:6784
26 .[OK][OK][4/5] Moves:6784
27 .[OK][OK][4/5] Moves:6784
28 .[OK][OK][4/5] Moves:6784
29 .[OK][OK][4/5] Moves:6784
30 .[OK][OK][4/5] Moves:6784
31 .[OK][OK][4/5] Moves:6784
32 .[OK][OK][4/5] Moves:6784
33 .[OK][OK][4/5] Moves:6784
34 .[OK][OK][4/5] Moves:6784
35 .[OK][OK][4/5] Moves:6784
36 .[OK][OK][4/5] Moves:6784
37 .[OK][OK][4/5] Moves:6784
38 .[OK][OK][4/5] Moves:6784
39 .[OK][OK][4/5] Moves:6784
40 .[OK][OK][4/5] Moves:6784
41 .[OK][OK][4/5] Moves:6784
42 .[OK][OK][4/5] Moves:6784
43 .[OK][OK][4/5] Moves:6784
44 .[OK][OK][4/5] Moves:6784
45 .[OK][OK][4/5] Moves:6784
46 .[OK][OK][4/5] Moves:6784
47 .[OK][OK][4/5] Moves:6784
48 .[OK][OK][4/5] Moves:6784
49 .[OK][OK][4/5] Moves:6784
50 .[OK][OK][4/5] Moves:6784
51 .[OK][OK][4/5] Moves:6784
52 .[OK][OK][4/5] Moves:6784
53 .[OK][OK][4/5] Moves:6784
54 .[OK][OK][4/5] Moves:6784
55 .[OK][OK][4/5] Moves:6784
56 .[OK][OK][4/5] Moves:6784
57 .[OK][OK][4/5] Moves:6784
58 .[OK][OK][4/5] Moves:6784
59 .[OK][OK][4/5] Moves:6784
60 .[OK][OK][4/5] Moves:6784
61 .[OK][OK][4/5] Moves:6784
62 .[OK][OK][4/5] Moves:6784
63 .[OK][OK][4/5] Moves:6784
64 .[OK][OK][4/5] Moves:6784
65 .[OK][OK][4/5] Moves:6784
66 .[OK][OK][4/5] Moves:6784
67 .[OK][OK][4/5] Moves:6784
68 .[OK][OK][4/5] Moves:6784
69 .[OK][OK][4/5] Moves:6784
70 .[OK][OK][4/5] Moves:6784
71 .[OK][OK][4/5] Moves:6784
72 .[OK][OK][4/5] Moves:6784
73 .[OK][OK][4/5] Moves:6784
74 .[OK][OK][4/5] Moves:6784
75 .[OK][OK][4/5] Moves:6784
76 .[OK][OK][4/5] Moves:6784
77 .[OK][OK][4/5] Moves:6784
78 .[OK][OK][4/5] Moves:6784
79 .[OK][OK][4/5] Moves:6784
80 .[OK][OK][4/5] Moves:6784
81 .[OK][OK][4/5] Moves:6784
82 .[OK][OK][4/5] Moves:6784
83 .[OK][OK][4/5] Moves:6784
84 .[OK][OK][4/5] Moves:6784
85 .[OK][OK][4/5] Moves:6784
86 .[OK][OK][4/5] Moves:6784
87 .[OK][OK][4/5] Moves:6784
88 .[OK][OK][4/5] Moves:6784
89 .[OK][OK][4/5] Moves:6784
90 .[OK][OK][4/5] Moves:6784
91 .[OK][OK][4/5] Moves:6784
92 .[OK][OK][4/5] Moves:6784
93 .[OK][OK][4/5] Moves:6784
94 .[OK][OK][4/5] Moves:6784
95 .[OK][OK][4/5] Moves:6784
96 .[OK][OK][4/5] Moves:6784
97 .[OK][OK][4/5] Moves:6784
98 .[OK][OK][4/5] Moves:6784
99 .[OK][OK][4/5] Moves:6784
100 .[OK][OK][4/5] Moves:6784
101 .[OK][OK][4/5] Moves:6784
102 .[OK][OK][4/5] Moves:6784
103 .[OK][OK][4/5] Moves:6784
104 .[OK][OK][4/5] Moves:6784
105 .[OK][OK][4/5] Moves:6784
106 .[OK][OK][4/5] Moves:6784
107 .[OK][OK][4/5] Moves:6784
108 .[OK][OK][4/5] Moves:6784
109 .[OK][OK][4/5] Moves:6784
110 .[OK][OK][4/5] Moves:6784
111 .[OK][OK][4/5] Moves:6784
112 .[OK][OK][4/5] Moves:6784
113 .[OK][OK][4/5] Moves:6784
114 .[OK][OK][4/5] Moves:6784
115 .[OK][OK][4/5] Moves:6784
116 .[OK][OK][4/5] Moves:6784
117 .[OK][OK][4/5] Moves:6784
118 .[OK][OK][4/5] Moves:6784
119 .[OK][OK][4/5] Moves:6784
120 .[OK][OK][4/5] Moves:6784
121 .[OK][OK][4/5] Moves:6784
122 .[OK][OK][4/5] Moves:6784
123 .[OK][OK][4/5] Moves:6784
124 .[OK][OK][4/5] Moves:6784
125 .[OK][OK][4/5] Moves:6784
126 .[OK][OK][4/5] Moves:6784
127 .[OK][OK][4/5] Moves:6784
128 .[OK][OK][4/5] Moves:6784
129 .[OK][OK][4/5] Moves:6784
130 .[OK][OK][4/5] Moves:6784
131 .[OK][OK][4/5] Moves:6784
132 .[OK][OK][4/5] Moves:6784
133 .[OK][OK][4/5] Moves:6784
134 .[OK][OK][4/5] Moves:6784
135 .[OK][OK][4/5] Moves:6784
136 .[OK][OK][4/5] Moves:6784
137 .[OK][OK][4/5] Moves:6784
138 .[OK][OK][4/5] Moves:6784
139 .[OK][OK][4/5] Moves:6784
140 .[OK][OK][4/5] Moves:6784
141 .[OK][OK][4/5] Moves:6784
142 .[OK][OK][4/5] Moves:6784
143 .[OK][OK][4/5] Moves:6784
144 .[OK][OK][4/5] Moves:6784
145 .[OK][OK][4/5] Moves:6784
146 .[OK][OK][4/5] Moves:6784
147 .[OK][OK][4/5] Moves:6784
148 .[OK][OK][4/5] Moves:6784
149 .[OK][OK][4/5] Moves:6784
150 .[OK][OK][4/5] Moves:6784
151 .[OK][OK][4/5] Moves:6784
152 .[OK][OK][4/5] Moves:6784
153 .[OK][OK][4/5] Moves:6784
154 .[OK][OK][4/5] Moves:6784
155 .[OK][OK][4/5] Moves:6784
156 .[OK][OK][4/5] Moves:6784
157 .[OK][OK][4/5] Moves:6784
158 .[OK][OK][4/5] Moves:6784
159 .[OK][OK][4/5] Moves:6784
160 .[OK][OK][4/5] Moves:6784
161 .[OK][OK][4/5] Moves:6784
162 .[OK][OK][4/5] Moves:6784
163 .[OK][OK][4/5] Moves:6784
164 .[OK][OK][4/5] Moves:6784
165 .[OK][OK][4/5] Moves:6784
166 .[OK][OK][4/5] Moves:6784
167 .[OK][OK][4/5] Moves:6784
168 .[OK][OK][4/5] Moves:6784
169 .[OK][OK][4/5] Moves:6784
170 .[OK][OK][4/5] Moves:6784
171 .[OK][OK][4/5] Moves:6784
172 .[OK][OK][4/5] Moves:6784
173 .[OK][OK][4/5] Moves:6784
174 .[OK][OK][4/5] Moves:6784
175 .[OK][OK][4/5] Moves:6784
176 .[OK][OK][4/5] Moves:6784
177 .[OK][OK][4/5] Moves:6784
178 .[OK][OK][4/5] Moves:6784
179 .[OK][OK][4/5] Moves:6784
180 .[OK][OK][4/5] Moves:6784
181 .[OK][OK][4/5] Moves:6784
182 .[OK][OK][4/5] Moves:6784
183 .[OK][OK][4/5] Moves:6784
184 .[OK][OK][4/5] Moves:6784
185 .[OK][OK][4/5] Moves:6784
186 .[OK][OK][4/5] Moves:6784
187 .[OK][OK][4/5] Moves:6784
188 .[OK][OK][4/5] Moves:6784
189 .[OK][OK][4/5] Moves:6784
190 .[OK][OK][4/5] Moves:6784
191 .[OK][OK][4/5] Moves:6784
192 .[OK][OK][4/5] Moves:6784
193 .[OK][OK][4/5] Moves:6784
194 .[OK][OK][4/5] Moves:6784
195 .[OK][OK][4/5] Moves:6784
196 .[OK][OK][4/5] Moves:6784
197 .[OK][OK][4/5] Moves:6784
198 .[OK][OK][4/5] Moves:6784
199 .[OK][OK][4/5] Moves:6784
200 .[OK][OK][4/5] Moves:6784
201 .[OK][OK][4/5] Moves:6784


Max move: 6784
Min move: 6784
Average: 6784


Test [5/5] 0/201
Test [4/5] 201/201
Check traces /home/dmota-ri/42_work/Entregas/Milestone02/push_swap/turnin-2/traces.txt

-------------------------------------------------------------


		  Order nums		

-------------------------------------------------------------

1. [OK][MOK] 
2. [OK][MOK] 
3. [OK][MOK] 
4. [OK][MOK] 
5. [OK][MOK] 
6. [OK][MOK] 
7. [OK][MOK] 
8. [OK][MOK] 
9. [OK][MOK] 
10. [OK][MOK] 
11. [OK][MOK] 
12. [OK][MOK] 

-------------------------------------------------------------


		  Random test with big nums		

-------------------------------------------------------------

[OK][4/5] [OK]
[OK][4/5] [OK]
[OK][4/5] [OK]
[OK][4/5] [OK]
[OK][4/5] [OK]
[OK][4/5] [OK]
[OK][4/5] [OK]
[OK][4/5] [OK]
[OK][4/5] [OK]
[OK][4/5] [OK]
[OK][4/5] [OK]
[OK][4/5] [OK]
[OK][4/5] [OK]
[OK][4/5] [OK]
[OK][4/5] [OK]
[OK][4/5] [OK]
[OK][4/5] [OK]
[OK][4/5] [OK]
[OK][5/5] [OK]
[OK][4/5] [OK]
[OK][4/5] [OK]
[OK][4/5] [OK]

-------------------------------------------------------------


		  All size test + leaks check	

-------------------------------------------------------------


⚠️ This test is very long. It is recommended to use it only when the project is finished or in an evaluation ⚠️


1 .[OK] Num args: 2  Moves:0
2 .[OK] Num args: 2  Moves:0
3 .[OK] Num args: 2  Moves:1
4 .[OK] Num args: 2  Moves:0
5 .[OK] Num args: 2  Moves:1
5 [MEMORY OK] 
6 .[OK] Num args: 3  Moves:2
7 .[OK] Num args: 3  Moves:1
8 .[OK] Num args: 3  Moves:1
9 .[OK] Num args: 3  Moves:1
10 .[OK] Num args: 3  Moves:0
10 [MEMORY OK] 
11 .[OK] Num args: 4  Moves:6
12 .[OK] Num args: 4  Moves:5
13 .[OK] Num args: 4  Moves:6
14 .[OK] Num args: 4  Moves:4
15 .[OK] Num args: 4  Moves:7
15 [MEMORY OK] 
16 .[OK] Num args: 5  Moves:3
17 .[OK] Num args: 5  Moves:5
18 .[OK] Num args: 5  Moves:3
19 .[OK] Num args: 5  Moves:7
20 .[OK] Num args: 5  Moves:7
20 [MEMORY OK] 
21 .[OK] Num args: 6  Moves:7
22 .[OK] Num args: 6  Moves:12
23 .[OK] Num args: 6  Moves:13
24 .[OK] Num args: 6  Moves:11
25 .[OK] Num args: 6  Moves:10
25 [MEMORY OK] 
26 .[OK] Num args: 7  Moves:15
27 .[OK] Num args: 7  Moves:16
28 .[OK] Num args: 7  Moves:15
29 .[OK] Num args: 7  Moves:17
30 .[OK] Num args: 7  Moves:19
30 [MEMORY OK] 
31 .[OK] Num args: 8  Moves:23
32 .[OK] Num args: 8  Moves:18
33 .[OK] Num args: 8  Moves:15
34 .[OK] Num args: 8  Moves:17
35 .[OK] Num args: 8  Moves:17
35 [MEMORY OK] 
36 .[OK] Num args: 9  Moves:22
37 .[OK] Num args: 9  Moves:17
38 .[KO]
39 .[OK] Num args: 9  Moves:23
40 .[OK] Num args: 9  Moves:21

[etc]

OK TESTS 2499/2500

KO TESTS 1/2500

Check traces /home/dmota-ri/42_work/Entregas/Milestone02/push_swap/turnin-2/traces.txt



28 33 47 79 10 12 46 71 26 89 1 44 54 59 16 20 57 74 99 7 94 9 14 68 49 96 97 77 55 60 40 21 13 92 18 65 19 67 39 38 56 30 61 86 88 0 85 29 5 25 64 84 43 4 66 73 35 6 27 11 42 62 41 32 80 15 63 72 82 83 81 17 75 23 69 70 24 93 8 37 2 90 34 95 31 45 36 87 58 3 91 50 52 53 76 22 78 48 98 51

