Multiple size <= 100
TEST 1 ARG:83 57 3 75 2 16 73 10 62 31 0 89 95 68 94 69 39 52 63 41 70 25 40 23 5 45 80 18 84 43 22 90 47 28 34 50 7 93 86 24 67 96 99 76 8 44 87 42 19 85 30 81 72 66 9 97 48 32 56 82 54 74 33 13 46 6 55 59 11 15 64 51 49 37 36 65 98 17 92 79 35 12 88 14 4 29 71 53 21 60 91 27 61 38 26 20 58 78 1 77 
TEST 2 ARG:39 9 67 65 77 5 21 88 2 95 18 0 50 30 26 46 33 11 80 48 57 62 36 58 97 22 76 52 49 16 51 85 74 72 55 75 54 13 96 37 20 44 43 35 38 71 79 47 24 8 61 73 41 64 90 86 40 81 78 27 19 4 15 60 59 91 56 94 7 87 14 98 1 34 42 89 63 10 83 93 6 82 99 84 12 3 45 28 70 25 23 69 31 68 66 53 17 32 29 92 
TEST 3 ARG:75 71 94 30 47 14 44 96 52 45 49 12 65 25 24 42 39 20 10 58 9 83 95 15 57 36 17 3 85 32 23 91 64 76 56 74 87 37 21 90 34 61 43 97 40 89 1 72 67 55 99 88 2 28 86 68 26 11 4 18 7 29 62 35 78 63 16 41 31 84 79 77 50 93 59 69 48 0 81 8 22 13 54 38 53 82 19 5 98 73 51 6 66 33 70 80 60 27 92 46 
TEST 4 ARG:8 38 44 25 5 66 59 65 4 69 81 0 67 2 55 57 16 1 32 37 98 94 88 33 12 45 47 34 28 74 72 13 54 51 93 95 73 7 80 43 92 21 83 18 36 56 63 27 75 70 71 79 86 9 23 91 85 40 52 58 97 22 53 89 90 15 82 24 3 35 14 6 46 62 19 30 60 87 61 64 11 76 68 26 10 99 41 39 20 42 77 29 17 96 49 84 78 50 31 48 
TEST 5 ARG:49 0 27 63 74 56 91 16 46 95 88 22 53 4 66 58 69 51 30 48 54 7 38 76 34 23 32 61 89 3 10 68 92 42 77 25 87 78 17 15 52 1 71 64 85 11 37 55 80 36 82 6 14 19 28 33 96 97 21 67 59 35 83 44 13 65 57 8 2 39 98 26 43 99 70 20 81 18 93 86 62 31 9 24 72 47 79 5 29 41 40 90 12 45 75 94 60 50 84 73 
TEST 6 ARG:68 36 67 57 46 9 79 78 49 99 29 26 41 45 18 53 94 44 72 40 69 70 55 86 8 0 30 65 16 82 89 92 43 61 17 23 88 15 2 1 21 52 87 60 31 33 47 59 91 98 42 12 39 54 48 35 85 37 22 34 50 6 90 51 80 11 63 27 5 28 97 74 4 66 62 73 71 84 3 77 83 75 32 64 76 96 93 20 58 13 24 19 25 56 38 10 95 7 14 81 
TEST 7 ARG:35 85 52 20 77 64 26 53 60 72 13 97 0 57 94 25 58 50 66 55 9 21 3 15 43 49 63 81 80 11 74 40 56 41 46 28 5 24 75 38 65 71 42 83 54 4 44 8 47 84 2 61 19 31 86 17 32 18 22 87 96 59 16 68 90 37 10 39 76 78 29 14 27 95 12 48 89 30 67 34 6 45 23 51 73 88 79 91 62 33 1 7 98 36 69 92 93 70 99 82 
TEST 8 ARG:7 2 15 77 42 68 56 35 59 98 91 29 39 33 61 41 96 55 83 74 60 53 65 28 93 43 19 86 40 32 78 49 89 13 85 88 16 64 0 50 3 95 72 76 84 48 27 8 63 34 57 21 92 23 38 58 75 5 45 4 25 46 47 67 94 51 6 18 81 36 14 9 87 37 71 97 52 79 22 26 54 69 24 82 90 44 30 73 1 66 12 62 17 99 31 70 11 20 80 10 
TEST 9 ARG:28 14 18 5 1 34 61 4 37 68 54 42 65 75 81 72 11 59 52 58 39 0 48 83 17 25 66 91 10 87 51 19 63 99 69 97 47 24 96 41 49 76 93 78 2 85 46 90 31 43 92 89 56 53 30 13 23 57 79 6 7 45 62 32 82 60 9 38 67 86 36 71 8 27 21 98 40 50 70 3 16 33 74 44 35 29 20 15 88 64 55 80 95 77 22 26 73 94 12 84 
TEST 10 ARG:40 0 32 14 7 23 71 98 10 78 33 26 99 36 42 44 48 27 49 69 81 53 22 1 50 60 46 56 4 39 86 80 63 34 61 37 20 82 2 9 74 17 70 83 38 51 11 88 55 59 28 92 65 66 13 89 96 15 45 54 31 64 18 95 84 72 97 3 12 94 62 16 43 75 85 47 25 67 8 5 19 87 90 29 91 35 21 58 93 41 79 68 77 6 76 57 73 24 52 30 
TEST 11 ARG:36 91 51 3 80 9 86 7 26 62 95 6 52 81 42 90 37 53 35 24 63 68 49 84 77 48 12 59 94 0 97 1 71 28 87 10 29 15 64 60 70 20 40 23 27 44 55 47 30 57 72 76 17 21 67 5 66 33 92 2 19 78 41 16 39 74 11 18 14 98 83 69 4 34 13 73 38 43 32 75 50 56 54 25 65 99 8 79 31 89 22 45 96 93 88 82 46 85 61 58 
TEST 12 ARG:77 60 29 0 88 31 68 39 5 67 50 93 3 36 86 7 97 21 64 13 38 80 1 84 95 79 57 74 49 40 54 17 89 42 26 73 11 22 55 69 96 32 98 59 37 56 43 63 44 99 27 51 28 24 91 33 47 81 83 61 34 18 6 72 66 82 53 58 85 41 14 19 35 78 10 90 16 87 94 48 92 9 70 30 62 25 76 23 52 46 15 12 8 2 20 4 65 45 71 75 
TEST 13 ARG:9 54 86 35 2 63 11 84 59 77 75 16 19 44 3 69 91 26 58 32 23 66 40 48 74 45 87 21 76 10 93 96 1 53 79 81 57 72 41 8 71 30 68 62 29 27 37 15 43 82 95 83 65 38 61 25 5 33 85 7 80 0 92 12 13 97 24 60 56 28 31 88 14 39 17 90 46 42 4 52 49 78 70 99 98 64 34 67 47 20 94 51 89 73 36 6 22 50 55 18 
TEST 14 ARG:85 62 88 67 32 86 42 15 14 7 57 91 6 98 60 75 4 52 50 72 64 24 47 79 83 73 35 25 80 48 40 36 66 44 16 34 12 49 69 61 10 9 23 97 93 89 28 95 29 56 39 94 84 78 51 43 18 55 3 17 82 41 38 27 68 63 0 59 74 58 31 54 30 92 96 53 21 37 20 5 46 65 1 11 77 13 45 90 71 8 70 81 2 99 22 87 26 33 76 19 
TEST 15 ARG:62 73 3 85 15 75 51 50 19 25 43 46 40 82 60 18 88 72 38 7 52 23 87 55 8 96 67 20 47 41 44 56 98 48 97 39 57 32 74 76 66 16 78 13 2 9 31 95 54 93 42 33 26 63 80 99 29 34 91 21 30 81 45 4 37 36 71 64 89 58 86 79 83 14 49 24 84 28 27 17 22 65 59 12 68 77 35 90 6 61 1 69 53 10 5 92 70 94 0 11 
TEST 16 ARG:66 5 76 19 60 57 93 26 97 55 12 91 69 77 15 52 25 82 17 90 81 48 86 13 41 10 78 21 32 85 36 16 51 67 75 28 94 64 72 22 11 73 8 43 29 31 42 61 0 99 58 38 68 1 89 87 84 95 37 63 34 65 92 20 6 40 46 24 14 74 4 18 39 54 79 56 49 30 96 98 50 45 27 88 83 70 7 53 35 44 71 33 9 59 3 23 2 47 62 80 
TEST 17 ARG:81 79 32 88 8 0 82 46 13 21 67 42 24 44 54 89 56 10 58 51 30 52 87 6 35 3 60 1 27 69 91 26 71 37 97 94 22 11 12 5 20 2 14 19 28 39 95 78 55 62 43 53 64 61 23 75 84 49 45 77 36 63 59 57 98 25 47 7 15 83 93 34 86 80 85 4 50 48 92 38 73 33 18 31 40 17 72 74 65 29 9 99 76 16 96 66 70 41 90 68 
TEST 18 ARG:44 43 6 61 97 95 59 56 57 62 84 4 79 28 20 39 48 87 72 35 23 26 71 14 66 74 37 85 77 92 42 93 64 91 11 78 94 13 63 45 50 51 27 58 32 25 70 69 88 24 16 47 7 54 89 1 53 40 0 3 96 38 34 60 33 41 52 68 19 21 12 83 17 18 67 90 82 86 98 80 10 8 46 55 2 99 22 31 73 81 9 36 65 5 29 49 30 76 15 75 
TEST 19 ARG:67 21 46 73 25 43 13 52 68 51 4 60 98 81 74 77 83 27 82 71 2 16 31 70 12 94 64 78 91 69 29 80 84 63 45 14 62 89 48 8 47 11 10 88 97 72 61 65 92 24 20 17 18 7 59 37 33 76 58 6 66 85 79 99 96 32 23 39 36 0 56 15 41 28 5 42 40 1 30 3 57 22 49 86 26 9 75 87 93 35 54 55 44 34 53 19 38 95 50 90 
TEST 20 ARG:27 18 41 89 98 50 45 54 13 81 5 11 99 8 32 60 20 91 68 36 66 30 64 22 95 69 84 14 39 62 35 26 58 0 51 7 37 6 88 52 24 76 85 28 65 87 12 44 71 42 74 3 70 97 53 55 80 90 57 48 17 19 63 23 9 72 34 78 77 75 94 86 47 61 1 29 2 96 25 40 93 59 83 33 15 10 73 4 46 21 92 43 38 49 67 79 82 31 56 16 
TEST 21 ARG:96 77 26 15 52 97 28 34 45 76 99 68 79 70 9 78 20 31 19 58 86 64 69 22 35 60 71 23 75 21 8 0 84 85 1 27 17 44 94 6 7 47 90 33 49 37 39 91 4 38 14 12 46 62 48 2 24 41 53 81 11 3 50 30 5 98 43 40 82 55 56 67 73 57 63 89 61 83 65 95 87 93 16 88 66 59 32 13 74 29 92 51 36 42 18 80 72 54 25 10 
TEST 22 ARG:3 44 76 65 23 40 62 39 73 95 31 91 29 51 77 50 70 41 22 85 92 84 36 68 32 75 52 69 88 28 7 81 38 66 63 71 20 10 15 60 96 13 99 30 90 33 56 97 34 43 6 35 26 83 1 37 12 5 21 87 74 45 94 72 64 48 86 9 57 78 0 27 17 4 49 16 19 25 93 89 47 14 8 67 18 54 55 79 61 59 98 24 82 58 11 53 46 80 42 2 
TEST 23 ARG:54 95 94 86 26 93 19 97 69 40 14 4 22 2 49 30 65 71 47 39 38 87 76 36 77 53 48 43 51 85 70 33 28 82 11 35 59 62 1 66 21 45 9 58 20 17 31 42 57 37 56 88 99 29 18 68 91 67 7 89 75 90 15 41 25 78 8 13 46 84 5 64 80 60 6 92 81 72 32 3 44 79 10 0 27 63 55 96 50 16 24 61 34 74 23 12 83 73 52 98 
TEST 24 ARG:59 17 87 95 69 45 70 86 6 93 21 50 92 67 20 83 64 10 16 33 58 31 81 27 44 0 77 32 74 65 51 36 97 19 1 53 5 60 26 99 40 88 85 43 90 80 46 76 42 91 52 38 29 24 14 9 71 82 56 37 15 3 48 68 89 8 47 25 75 55 18 34 84 35 13 61 39 72 30 96 2 98 94 49 54 23 62 79 73 11 41 66 28 57 4 12 63 78 22 7 
TEST 25 ARG:50 24 29 9 94 79 70 89 85 58 81 86 19 77 17 80 52 91 75 53 15 10 98 76 87 18 63 54 62 6 7 61 32 8 23 34 68 99 88 51 36 82 57 95 2 21 46 96 16 39 74 20 73 55 78 97 65 14 66 13 37 92 0 45 44 59 93 4 1 48 71 84 69 60 28 47 31 5 43 64 83 27 72 38 11 30 22 49 56 3 40 12 41 26 90 35 42 25 33 67 
TEST 26 ARG:9 32 37 19 6 73 11 95 4 82 13 39 64 30 76 2 16 50 81 40 51 89 79 99 90 80 10 47 8 58 3 48 83 36 27 44 31 92 23 24 94 55 0 61 29 87 93 17 46 7 70 52 69 66 88 41 20 49 18 84 98 33 75 15 25 59 77 45 68 57 22 67 78 63 21 56 62 65 91 53 28 71 42 43 96 72 14 26 12 1 5 85 74 86 97 34 54 60 35 38 
TEST 27 ARG:44 54 91 30 75 15 32 86 68 27 90 85 92 29 51 67 99 58 24 83 50 38 13 87 39 43 94 59 34 11 71 0 18 96 61 36 49 40 1 6 95 88 76 84 74 64 78 21 66 56 12 3 47 72 16 65 45 20 9 23 4 48 42 93 53 22 14 37 25 77 60 41 26 73 82 28 70 62 31 33 8 98 55 17 57 7 46 10 5 63 79 80 81 2 89 19 97 35 69 52 
TEST 28 ARG:27 94 77 86 65 32 19 29 25 38 33 83 81 5 62 73 93 56 47 69 26 48 37 80 90 95 98 75 96 23 43 35 17 2 7 11 51 10 92 71 9 59 6 68 12 8 76 31 42 18 24 16 1 52 46 4 30 79 78 50 36 58 82 54 85 39 40 64 41 22 20 0 34 66 87 13 15 84 91 57 14 21 74 28 70 89 88 55 44 67 72 99 45 63 61 49 53 3 60 97 
TEST 29 ARG:35 8 92 50 90 15 12 32 27 91 55 23 83 26 98 34 40 51 69 75 76 43 44 2 79 78 13 9 59 60 97 48 88 64 6 38 80 94 72 42 82 33 61 54 10 56 0 47 66 30 67 70 18 31 39 41 45 29 49 28 14 81 95 77 19 25 89 71 73 36 74 87 62 24 96 1 68 4 86 7 3 85 93 52 5 22 84 11 17 20 65 21 37 99 63 53 46 16 58 57 
TEST 30 ARG:90 63 51 29 24 39 33 50 66 94 16 65 83 53 17 57 38 80 96 43 82 36 7 15 99 20 88 14 13 74 56 49 9 10 52 70 93 27 81 4 58 21 41 72 89 64 97 62 61 77 23 47 0 46 3 19 11 12 60 44 34 28 37 75 71 76 78 92 54 25 45 73 5 68 40 85 91 35 69 67 48 1 32 30 8 18 22 31 98 84 87 2 95 55 26 79 6 86 59 42 
TEST 31 ARG:46 24 65 7 63 56 15 70 73 77 89 61 52 11 22 39 90 86 93 10 20 6 80 55 31 12 72 2 16 84 88 51 75 58 25 27 4 26 83 8 37 44 57 54 97 0 28 49 17 91 94 38 96 92 79 32 95 98 18 64 53 85 3 81 69 76 62 66 1 23 43 14 35 41 71 59 42 47 68 74 13 60 34 9 40 36 99 33 87 67 30 21 50 5 48 29 82 19 45 78 
TEST 32 ARG:31 70 10 87 81 43 23 49 98 39 78 14 69 91 0 15 38 94 18 17 57 48 13 47 90 2 20 11 42 1 21 77 27 60 65 9 36 58 86 46 66 30 79 51 96 68 45 37 28 75 59 33 74 93 52 85 6 44 61 84 54 82 5 53 50 71 3 19 64 67 29 12 73 56 4 25 92 26 63 76 55 32 89 7 34 24 95 35 72 41 62 40 99 16 97 80 83 8 88 22 
TEST 33 ARG:95 61 82 65 57 22 98 55 54 36 53 46 84 6 2 34 33 45 28 78 77 97 75 21 7 40 5 69 64 38 51 37 94 16 89 10 60 79 8 41 23 58 4 80 87 66 59 29 43 92 13 49 76 86 81 72 90 26 30 15 19 85 42 1 96 68 27 44 9 56 0 74 93 39 48 24 70 14 88 99 31 50 11 62 20 35 17 73 47 91 32 71 18 3 83 52 25 63 67 12 
TEST 34 ARG:94 20 69 67 29 87 41 15 92 38 51 61 24 68 70 77 58 7 53 96 65 49 16 21 42 91 26 76 83 46 88 55 54 25 56 12 45 99 47 97 85 64 95 30 17 43 74 23 82 14 63 8 6 44 98 9 59 62 89 5 57 50 19 72 84 33 52 93 2 13 28 79 18 4 40 75 86 36 78 48 27 3 32 31 0 10 37 73 34 1 39 81 80 60 22 90 11 66 71 35 
TEST 35 ARG:16 99 25 23 37 96 57 20 88 8 76 82 0 95 2 44 52 60 55 72 59 65 6 53 45 73 15 71 87 91 29 48 83 81 63 58 10 56 86 41 62 27 40 75 31 90 68 46 13 98 30 94 69 17 38 50 92 70 84 3 54 39 36 85 93 18 14 26 42 77 61 79 43 9 80 1 51 34 35 32 24 12 49 4 64 21 47 11 7 33 66 5 78 74 28 22 67 97 89 19 
TEST 36 ARG:65 31 21 58 36 92 48 94 13 63 61 28 27 24 83 69 4 77 91 52 20 89 75 25 87 41 35 40 71 43 39 81 19 5 74 50 1 29 80 30 72 99 98 84 10 95 0 9 12 96 82 60 93 2 18 78 86 70 46 8 42 55 37 17 76 47 97 7 51 56 22 23 57 68 3 33 53 54 26 32 34 44 67 38 88 14 73 49 62 66 59 90 15 79 16 45 85 6 11 64 
TEST 37 ARG:27 4 45 34 61 9 51 11 62 8 29 65 25 74 1 76 52 30 95 69 53 98 38 10 83 18 35 20 56 70 84 87 47 59 40 72 81 66 0 94 36 12 48 75 78 88 68 96 79 46 31 99 41 58 24 93 19 39 2 43 6 22 80 92 90 89 42 91 50 60 3 71 23 17 73 49 37 15 67 21 64 77 63 54 55 28 33 97 5 16 82 85 14 26 32 13 57 7 44 86 
TEST 38 ARG:91 71 42 1 13 30 3 53 14 22 11 7 45 92 89 93 19 48 32 2 87 86 20 5 0 29 16 24 17 90 33 83 41 82 55 60 80 94 18 12 96 27 97 26 6 78 31 25 79 59 62 69 4 47 66 75 9 44 81 10 50 46 34 77 64 35 56 99 72 52 70 85 98 43 40 74 84 28 67 73 49 15 65 8 36 88 54 57 51 63 21 23 39 68 61 95 38 37 76 58 
TEST 39 ARG:17 62 15 89 11 45 92 60 21 58 28 41 59 97 27 85 70 36 74 24 38 29 64 93 12 39 77 67 66 47 37 4 98 55 19 79 90 68 32 63 25 43 94 71 75 53 49 46 20 73 14 2 18 65 87 10 23 35 82 9 56 22 83 7 26 96 13 30 80 95 6 1 54 99 16 8 50 69 0 61 81 48 40 31 91 5 44 51 52 34 42 88 72 57 78 76 3 84 86 33 
TEST 40 ARG:45 86 93 94 17 99 40 61 3 50 14 57 16 80 92 48 23 55 12 67 35 13 20 42 76 54 84 27 37 64 71 38 88 83 53 91 82 62 60 1 36 21 39 2 97 96 28 34 25 19 31 66 9 43 78 87 74 49 85 81 47 29 24 41 56 58 5 6 72 73 10 4 32 15 59 30 63 95 33 0 7 79 89 98 69 26 46 44 18 70 11 68 22 77 65 8 75 52 90 51 
TEST 41 ARG:25 89 5 36 98 96 22 71 54 33 20 27 74 31 64 50 19 4 40 8 11 38 53 3 47 94 70 78 66 6 61 14 16 2 62 68 42 32 79 95 48 67 9 41 90 85 55 80 49 10 60 56 63 28 51 0 45 86 26 87 29 18 88 81 46 84 39 12 97 21 73 43 75 91 44 15 76 23 34 17 92 7 99 65 72 59 77 83 1 37 13 24 58 57 93 35 82 69 52 30 
TEST 42 ARG:40 77 95 34 51 3 41 79 28 12 99 19 4 93 2 16 94 7 86 97 6 60 15 26 22 8 52 42 74 45 57 54 5 89 78 66 33 65 88 61 96 30 58 37 39 11 50 24 53 21 10 84 73 81 68 23 62 36 83 80 9 82 75 17 14 64 49 98 25 13 92 38 27 18 72 90 85 1 76 46 31 43 91 59 55 56 32 70 35 47 63 44 0 67 87 71 48 69 20 29 
TEST 43 ARG:7 54 4 52 93 97 10 13 80 40 96 22 75 31 69 33 9 86 11 58 85 50 44 42 41 78 91 2 48 0 37 66 92 99 90 81 17 89 28 63 77 72 30 61 56 49 29 62 15 68 98 3 84 34 39 65 57 20 87 71 67 73 53 95 14 27 16 70 45 94 32 74 21 35 12 60 79 88 36 38 25 51 19 18 23 59 55 26 46 24 83 76 8 5 1 43 47 82 64 6 
TEST 44 ARG:83 42 95 49 92 61 17 18 24 25 31 67 53 35 14 41 20 94 47 75 64 38 62 93 76 98 13 70 21 88 78 87 51 86 48 3 99 9 72 29 60 71 2 30 1 97 90 50 56 32 69 33 57 52 82 80 91 66 46 68 37 73 81 40 36 63 77 39 0 27 19 89 4 34 15 10 16 22 23 43 5 28 55 85 96 65 11 54 8 44 59 6 45 12 58 84 74 7 79 26 
TEST 45 ARG:74 26 56 30 84 63 76 43 1 36 3 48 45 71 70 7 59 64 98 57 81 11 5 42 73 35 86 67 31 96 40 27 9 91 78 49 75 20 61 77 37 13 22 16 94 72 15 62 60 8 90 2 65 99 95 18 68 79 46 85 41 33 83 51 93 50 52 19 32 58 54 44 87 34 21 4 6 23 38 24 88 29 53 14 55 28 82 10 17 12 97 80 89 47 25 39 0 66 69 92 
TEST 46 ARG:85 9 33 26 42 93 17 44 13 74 23 5 29 22 81 31 68 54 15 21 91 49 6 70 19 28 90 92 82 69 53 14 34 76 84 41 72 55 99 27 3 11 1 62 18 79 38 83 98 47 66 64 51 46 96 77 39 73 45 4 78 63 48 87 2 88 75 56 52 58 7 97 35 24 86 67 30 61 37 71 57 0 40 16 10 32 65 50 25 8 89 43 12 94 20 59 80 60 36 95 
TEST 47 ARG:72 67 82 45 75 63 1 80 49 68 4 38 39 10 66 20 33 46 84 57 11 60 17 64 32 92 3 69 40 86 96 26 79 98 36 35 44 81 7 25 59 91 51 88 28 94 14 61 93 19 27 15 21 34 71 29 16 97 54 48 99 37 23 43 50 9 53 76 70 73 47 8 41 24 65 2 77 56 52 83 30 31 58 95 6 22 5 18 78 62 85 87 13 89 90 74 42 55 0 12 
TEST 48 ARG:52 99 37 79 70 97 80 60 53 46 93 88 77 15 35 89 36 16 48 23 32 0 4 86 61 33 9 1 69 8 13 30 24 75 57 63 54 17 47 38 14 67 11 20 31 45 29 95 94 74 25 2 65 71 72 27 82 76 7 91 55 43 96 56 84 26 64 51 44 50 6 21 85 49 81 78 73 39 41 10 83 62 68 58 19 66 22 59 87 34 90 5 40 18 12 42 98 92 3 28 
TEST 49 ARG:61 71 48 54 52 34 31 88 27 49 69 73 19 99 83 5 56 89 11 72 32 64 75 28 86 4 25 81 95 36 40 35 98 90 30 51 9 80 17 50 78 77 87 14 45 26 59 3 66 12 92 29 39 63 37 6 24 43 70 58 60 41 1 93 0 13 47 2 57 55 74 76 79 96 62 15 18 97 91 65 22 44 38 16 7 46 94 10 21 53 85 84 82 67 68 23 20 8 33 42 
TEST 50 ARG:32 96 56 19 57 60 81 13 26 53 73 1 14 55 29 59 42 98 5 88 12 67 95 50 63 41 44 68 39 65 4 69 47 66 71 72 58 16 35 18 94 25 38 8 10 20 80 97 84 6 17 45 49 89 30 52 86 31 91 74 62 76 79 93 99 9 64 77 0 61 28 78 83 54 36 92 85 37 23 24 40 22 48 87 75 2 46 7 33 51 34 3 90 27 82 11 21 15 43 70 
TEST 51 ARG:86 32 51 84 2 58 78 42 30 75 64 26 98 0 89 65 33 62 40 73 1 39 91 22 56 55 47 43 23 68 88 59 82 72 12 92 69 13 25 21 52 3 17 7 67 97 46 83 87 10 90 99 29 9 96 31 70 80 85 11 48 45 49 16 63 28 93 76 8 79 6 60 50 35 94 61 95 15 74 57 66 24 41 81 53 44 4 5 27 77 71 14 20 54 34 18 19 36 37 38 
TEST 52 ARG:99 61 29 93 59 38 41 67 71 7 42 92 84 23 49 14 34 57 97 8 0 62 85 60 65 94 43 22 69 50 90 70 18 80 76 30 64 28 27 45 16 33 36 56 3 88 35 6 96 89 53 32 39 73 26 5 87 98 95 77 81 51 72 74 48 19 54 9 47 78 83 31 10 25 63 20 46 79 21 82 68 75 11 66 37 24 44 58 4 15 17 40 52 13 1 55 2 86 12 91 
TEST 53 ARG:66 70 82 21 16 10 39 49 37 89 26 11 24 65 54 34 57 1 17 74 90 29 22 9 3 43 79 55 93 52 25 67 84 35 41 2 45 46 60 33 23 12 27 73 50 48 7 42 8 14 36 72 38 32 40 75 59 13 83 63 56 85 47 78 5 51 88 0 71 15 28 99 64 92 31 91 95 53 6 96 18 20 81 97 44 77 98 76 69 58 68 87 86 61 19 30 4 94 62 80 
TEST 54 ARG:85 51 23 81 29 41 33 3 72 56 55 49 89 31 92 73 66 11 67 58 80 50 5 79 43 7 96 9 98 37 26 0 94 21 99 22 24 38 32 2 4 10 13 83 8 88 84 30 61 71 19 46 68 82 86 87 54 69 18 6 16 27 70 75 60 78 39 28 59 64 62 76 74 65 53 36 15 48 95 14 35 77 1 52 90 97 63 47 91 17 12 93 45 20 42 25 57 44 40 34 
TEST 55 ARG:4 67 49 19 5 10 74 29 44 7 71 42 51 53 66 41 72 43 33 27 26 31 45 77 88 60 39 70 13 96 55 8 2 84 92 16 58 12 48 24 21 73 99 64 61 17 36 32 14 81 80 98 87 0 63 91 57 46 69 68 76 95 11 78 30 94 28 82 50 34 9 6 1 83 85 93 38 79 97 23 47 52 18 35 90 89 56 3 20 65 86 22 75 25 59 37 40 62 54 15 
TEST 56 ARG:35 8 17 29 87 62 52 0 18 13 24 16 58 92 78 31 21 41 65 10 53 45 80 60 55 15 91 77 51 9 72 74 83 34 40 85 39 3 73 82 71 26 30 79 43 93 90 19 68 89 27 95 76 88 98 5 42 7 97 99 37 54 1 84 4 94 28 44 57 64 12 49 23 96 33 63 47 38 56 70 20 32 59 2 81 25 46 36 75 66 61 14 86 69 22 50 48 11 67 6 
TEST 57 ARG:1 65 18 12 99 21 45 56 84 29 83 76 47 90 80 37 44 94 98 24 79 43 23 7 89 73 3 77 27 61 42 9 36 6 39 92 32 49 22 16 70 30 5 4 31 71 82 85 52 86 51 59 28 58 93 55 87 14 96 88 63 54 19 57 35 17 62 95 10 2 97 68 50 74 8 69 81 33 40 75 48 11 26 64 25 0 13 67 38 78 34 46 60 91 15 41 66 20 72 53 
TEST 58 ARG:75 80 44 82 10 23 26 74 40 67 24 32 49 2 88 69 99 22 31 72 60 34 27 59 89 38 0 48 29 46 35 11 6 63 56 61 87 21 98 73 81 85 5 58 93 30 25 36 83 53 33 16 54 97 19 13 20 14 17 76 96 65 52 57 7 95 94 77 43 68 62 66 4 41 1 78 3 9 90 8 55 50 86 28 39 18 51 12 71 84 91 92 47 70 79 37 15 45 64 42 
TEST 59 ARG:13 45 11 89 60 39 15 33 71 94 21 29 95 16 67 72 0 57 51 12 59 61 56 82 27 3 55 63 26 90 28 32 1 7 73 36 92 8 77 64 97 10 5 75 99 79 52 4 19 14 46 38 40 47 96 9 78 2 58 22 68 30 54 20 24 66 6 37 91 62 42 76 41 49 81 85 53 80 35 98 74 25 70 48 87 83 65 43 44 88 18 69 84 50 17 34 86 23 93 31 
TEST 60 ARG:10 65 74 84 38 26 99 8 88 62 92 66 77 43 15 30 93 67 68 96 18 57 59 31 1 80 23 13 24 0 7 49 11 75 45 78 3 89 22 70 12 2 53 58 86 16 27 91 21 94 32 79 28 69 73 85 60 42 34 47 50 37 39 95 72 14 52 71 36 35 19 48 81 41 20 4 56 90 29 82 55 61 25 33 40 97 64 51 83 5 98 46 9 17 63 6 87 44 54 76 
TEST 61 ARG:66 18 48 13 24 32 11 60 64 38 53 86 45 39 55 61 80 23 89 73 92 10 41 79 36 43 75 88 93 76 21 95 12 83 56 49 91 72 77 70 99 68 57 52 29 82 59 78 85 67 74 19 4 98 33 94 3 34 40 15 54 37 26 5 7 20 31 69 14 6 51 28 2 81 71 25 27 16 44 1 8 90 35 47 65 46 22 97 58 84 42 50 9 30 0 17 87 96 63 62 
TEST 62 ARG:42 84 47 35 85 19 44 89 75 78 30 76 21 0 24 3 86 31 5 6 8 49 57 28 43 72 18 56 7 60 50 59 98 26 11 29 64 33 36 38 87 99 95 45 68 90 81 34 12 82 77 2 94 23 65 32 58 20 4 37 39 55 67 22 1 73 15 17 53 52 91 41 51 71 40 88 93 96 80 16 74 66 46 62 69 25 27 54 61 79 48 97 9 14 13 83 70 92 10 63 
TEST 63 ARG:20 57 72 24 26 5 3 14 59 89 16 42 19 71 94 2 25 78 15 91 37 70 28 4 34 8 48 10 22 68 27 64 29 18 61 76 6 53 95 9 79 69 58 40 49 11 35 23 13 84 88 98 17 83 85 33 54 97 32 1 41 38 7 30 46 62 93 65 80 66 51 81 12 47 43 56 63 96 50 77 99 36 0 86 39 55 60 90 82 67 31 75 74 73 44 92 45 52 87 21 
TEST 64 ARG:29 12 32 43 51 72 80 19 60 55 98 6 18 34 26 7 3 92 76 95 49 75 27 4 20 71 16 10 81 86 88 96 70 33 28 57 47 69 65 48 99 78 89 63 56 68 54 39 94 42 24 83 45 91 14 2 97 8 23 85 59 52 46 67 50 44 11 41 53 82 38 35 73 0 22 93 25 90 17 5 30 84 66 61 79 37 31 62 77 36 13 87 9 58 74 64 40 1 15 21 
TEST 65 ARG:63 65 94 59 83 73 68 45 61 87 37 93 20 4 95 19 43 88 89 22 0 77 48 9 6 58 21 32 71 51 79 7 69 8 42 82 26 40 96 97 13 39 62 76 23 56 49 91 24 41 28 84 57 78 75 86 2 31 90 67 15 16 34 46 64 60 27 53 35 85 81 25 11 52 70 92 29 1 66 80 5 3 44 74 36 55 18 47 30 38 12 10 99 50 33 98 17 72 54 14 
TEST 66 ARG:3 98 46 93 18 91 20 32 7 59 6 47 31 67 1 97 57 70 75 28 25 9 64 41 58 4 45 13 90 34 43 17 37 60 78 39 61 10 82 81 55 21 26 16 68 87 14 35 74 5 42 62 94 22 38 84 92 89 99 12 83 2 79 44 24 36 48 56 49 30 33 69 53 77 8 71 96 52 73 54 0 63 95 11 29 40 19 85 50 15 66 86 27 72 80 51 76 23 65 88 
TEST 67 ARG:32 20 30 17 26 54 87 93 58 8 21 70 90 71 10 16 12 76 80 52 27 82 42 81 28 4 9 14 33 38 64 0 66 36 59 86 96 97 62 55 95 56 89 49 40 46 37 6 83 98 34 60 73 2 99 51 39 13 15 67 44 43 74 31 45 3 7 88 69 61 75 92 29 53 35 91 41 94 25 1 72 77 68 79 23 78 11 18 48 19 50 47 24 57 65 85 84 63 5 22 
TEST 68 ARG:94 59 10 0 80 11 18 63 2 36 70 96 48 78 40 92 51 81 16 52 50 77 43 35 89 20 53 24 82 67 25 15 60 97 41 58 5 86 56 79 90 75 71 66 28 42 23 33 85 72 14 93 62 29 54 88 31 17 44 84 22 19 12 46 8 95 73 99 69 49 68 38 7 61 45 64 76 13 98 26 34 47 21 37 30 32 3 9 57 1 55 74 65 27 91 4 39 83 87 6 
TEST 69 ARG:57 29 37 85 16 88 71 1 96 56 74 86 7 22 60 10 79 20 23 33 32 58 91 98 61 84 24 12 11 64 53 45 44 31 99 8 72 48 68 67 59 0 42 73 90 40 75 25 93 28 15 27 19 51 54 49 65 14 94 21 26 41 46 36 13 81 34 69 4 52 43 35 55 5 80 17 18 77 50 97 39 30 83 89 82 6 9 3 92 70 95 63 38 62 87 78 2 47 76 66 
TEST 70 ARG:34 50 89 42 83 90 66 47 61 98 58 51 12 7 52 53 87 27 30 19 16 40 0 70 2 41 92 33 86 99 15 35 11 6 32 74 37 96 80 97 55 62 10 82 17 63 18 85 29 79 28 56 59 69 20 13 72 67 94 9 75 84 45 64 26 38 71 91 93 68 60 25 46 3 78 49 31 54 95 21 73 44 57 48 39 4 81 76 8 43 77 24 88 36 1 14 65 5 23 22 
TEST 71 ARG:47 69 95 97 48 21 30 60 31 38 96 34 73 8 46 84 88 51 44 82 39 76 14 92 9 85 26 63 22 86 17 66 81 40 91 32 0 18 67 20 28 50 11 29 55 37 1 87 62 53 54 3 93 16 58 49 36 12 90 61 65 71 79 43 15 70 2 74 78 98 5 89 4 75 13 41 80 45 57 10 35 99 25 56 72 59 6 64 27 7 77 94 42 52 24 68 19 33 83 23 
TEST 72 ARG:40 30 9 22 93 81 8 85 72 84 46 1 83 39 47 91 42 24 18 0 45 3 52 6 79 67 15 37 69 63 66 31 10 61 19 70 36 49 57 33 34 29 56 28 78 99 97 58 64 53 38 86 75 98 43 65 89 87 17 51 77 5 23 2 26 92 27 82 71 50 59 7 14 55 13 20 62 88 76 80 12 11 54 68 4 96 74 60 44 21 94 95 41 32 16 73 90 35 48 25 
TEST 73 ARG:79 61 11 98 67 25 12 6 75 37 23 64 91 86 41 15 29 57 85 0 17 46 68 52 43 65 44 88 92 78 42 94 33 87 21 3 76 45 47 14 27 89 70 32 31 39 69 34 66 2 38 77 16 84 18 96 7 93 95 82 35 10 62 8 28 63 22 53 74 19 55 71 90 80 20 56 72 59 30 1 54 4 26 83 5 60 50 36 40 73 49 48 58 24 81 99 97 51 9 13 
TEST 74 ARG:24 69 90 72 0 35 74 78 32 20 97 1 43 41 12 28 70 68 42 64 88 14 80 92 71 10 95 25 22 23 98 87 31 55 76 33 56 81 66 53 50 27 62 49 73 52 59 77 84 17 21 45 29 3 54 7 40 5 51 60 39 44 13 67 9 26 89 96 57 19 11 46 65 47 85 38 18 8 48 30 99 82 15 79 86 83 36 91 61 63 34 2 16 75 93 58 94 37 4 6 
TEST 75 ARG:74 7 42 50 60 40 39 77 99 67 56 93 8 43 44 59 88 96 78 62 71 35 57 61 30 41 18 53 68 69 37 11 81 9 87 5 31 63 91 3 95 20 54 72 25 1 33 79 12 28 80 34 21 84 2 26 89 22 65 86 36 51 92 16 27 32 90 75 38 85 10 52 66 0 76 46 98 49 48 4 70 29 45 19 15 64 17 73 82 94 6 24 13 47 58 55 97 23 83 14 
TEST 76 ARG:4 94 90 9 78 57 25 99 55 22 0 43 62 69 66 67 83 48 1 30 3 12 89 11 37 98 93 26 33 60 17 97 5 18 54 64 14 59 44 47 24 95 91 61 42 56 28 20 92 87 80 86 19 77 58 31 41 52 70 35 6 73 49 27 53 46 45 79 21 81 13 29 84 85 7 51 72 50 2 34 76 63 8 23 16 38 15 36 32 68 82 88 74 75 40 10 65 71 39 96 
TEST 77 ARG:43 14 5 55 63 99 59 88 91 7 66 37 57 74 48 12 21 51 96 32 92 16 18 61 20 67 86 6 17 25 73 0 28 42 65 40 58 46 11 23 64 76 53 41 50 10 68 72 93 38 4 2 33 83 26 80 89 77 47 71 98 39 84 22 82 27 35 94 87 81 56 70 45 52 29 54 3 79 15 95 75 44 31 97 60 34 24 49 30 78 85 69 19 90 13 36 9 8 1 62 
TEST 78 ARG:53 1 79 63 49 46 45 40 62 86 9 0 20 52 91 69 57 41 44 61 15 11 89 32 17 71 80 34 26 12 3 37 85 22 92 14 84 50 6 74 75 2 43 54 68 66 81 5 13 65 24 10 27 96 72 30 93 35 70 77 48 76 90 23 94 8 51 38 31 7 33 97 83 19 67 95 55 56 82 4 16 42 58 28 29 98 21 88 87 18 73 59 99 64 78 47 36 60 25 39 
TEST 79 ARG:64 49 2 38 47 60 25 99 56 59 70 90 55 82 28 51 16 39 69 36 89 72 57 27 15 48 34 37 3 44 63 58 45 13 97 9 96 54 12 31 40 65 77 11 30 18 84 78 67 79 19 17 33 66 81 42 4 6 50 1 83 71 0 41 10 76 94 86 73 85 74 87 23 46 75 95 98 43 8 52 7 21 29 88 20 32 91 14 93 80 61 68 5 26 22 53 35 62 24 92 
TEST 80 ARG:39 15 45 63 28 21 84 9 58 16 53 60 51 42 95 22 88 31 77 52 61 4 14 54 93 12 90 62 67 47 48 64 18 57 19 98 10 38 30 83 68 89 8 26 37 13 96 80 43 6 1 74 69 70 20 40 7 35 41 24 46 92 99 56 3 17 87 59 79 73 49 50 97 27 32 94 72 66 29 85 75 55 5 65 0 76 34 86 33 78 36 82 11 71 44 23 2 81 25 91 
TEST 81 ARG:69 25 71 84 50 79 30 40 23 75 97 57 33 46 8 63 72 19 13 87 59 92 89 56 5 85 29 32 26 18 51 21 16 91 35 64 94 48 22 11 83 78 73 17 34 47 62 55 61 36 3 37 41 4 88 42 54 96 65 70 45 49 82 53 77 12 6 24 68 76 1 58 52 44 86 0 15 7 98 14 27 31 60 43 38 99 90 93 2 66 95 10 81 67 20 80 74 28 39 9 
TEST 82 ARG:60 31 89 79 83 87 1 29 81 17 54 51 80 5 46 97 48 68 22 58 7 37 24 28 76 85 90 3 50 4 64 15 52 34 59 25 84 63 95 47 65 0 71 26 77 91 49 18 86 44 69 33 30 10 35 14 13 43 45 73 42 27 23 9 2 70 19 99 82 78 38 8 55 6 67 98 12 57 93 32 88 56 92 11 66 94 96 21 41 16 61 74 72 20 53 62 75 36 39 40 
TEST 83 ARG:20 0 72 89 51 22 30 78 53 12 15 81 60 61 54 69 1 49 99 8 59 17 3 21 33 41 98 32 9 91 57 42 13 62 24 75 37 5 87 44 31 93 68 80 84 25 48 77 94 45 18 19 35 67 73 46 23 92 34 64 2 83 90 27 79 55 36 52 63 16 28 88 70 10 43 29 40 86 74 4 82 14 65 95 85 76 97 39 96 56 26 6 38 50 71 7 58 47 66 11 
TEST 84 ARG:64 66 51 24 15 50 39 65 18 60 67 57 32 77 7 16 94 14 2 74 13 71 68 62 38 56 91 99 10 75 47 85 63 33 59 98 86 45 22 19 83 44 48 70 78 34 40 90 73 52 41 27 43 72 58 25 17 21 97 30 3 0 20 82 92 95 87 9 96 69 54 80 5 81 4 6 1 31 42 53 76 28 35 79 11 8 37 55 23 29 89 88 84 46 26 93 36 49 61 12 
TEST 85 ARG:17 13 1 14 9 89 83 48 61 29 99 88 37 95 96 78 45 49 8 73 66 40 31 12 25 11 23 34 86 27 85 16 80 70 84 21 59 81 5 90 24 35 30 63 97 68 56 3 10 52 54 18 4 87 74 46 57 50 65 0 55 28 76 64 98 94 75 91 60 20 44 6 72 92 47 93 7 19 39 43 41 2 22 15 62 69 53 82 71 36 58 32 67 79 77 51 42 26 33 38 
TEST 86 ARG:64 61 73 93 91 78 89 26 11 87 24 70 63 81 28 55 7 12 47 94 38 35 51 30 58 15 82 88 50 8 6 39 84 46 62 37 42 56 13 60 77 19 67 65 25 23 16 29 44 97 14 21 75 59 36 41 86 98 4 32 72 69 18 1 80 71 17 76 68 22 95 2 43 85 92 74 54 49 40 0 45 52 34 79 31 53 57 5 66 20 9 33 90 10 48 27 83 3 96 99 
TEST 87 ARG:66 52 2 80 8 46 85 64 12 98 99 11 59 78 17 24 38 15 77 92 54 97 87 60 47 48 42 95 40 94 20 69 93 53 25 81 84 39 82 89 0 3 41 61 34 29 5 10 43 18 73 90 50 28 74 65 56 7 88 32 96 49 44 13 62 71 79 57 22 76 91 16 83 75 58 55 36 23 6 63 26 51 67 9 86 68 1 27 30 35 21 72 70 14 31 4 45 19 33 37 
TEST 88 ARG:66 52 61 73 3 5 14 94 56 98 32 22 10 87 82 43 53 90 9 50 46 2 4 20 40 69 45 78 16 60 12 79 83 97 48 88 49 28 55 68 11 36 81 37 86 57 18 99 23 33 6 39 92 24 80 64 19 15 58 95 41 74 34 93 75 27 25 47 91 21 1 62 63 7 31 35 38 70 29 67 65 96 54 42 77 44 89 76 17 59 30 13 71 84 51 0 85 8 72 26 
TEST 89 ARG:66 29 82 12 93 83 27 91 95 34 21 79 15 84 18 80 1 68 22 30 59 85 47 31 92 37 77 9 97 69 38 4 33 96 67 57 52 74 19 20 54 64 51 44 88 0 35 90 7 26 86 2 99 43 32 11 6 5 45 58 8 61 10 24 65 13 72 46 25 70 23 36 62 14 55 3 60 49 78 89 53 28 42 48 81 56 63 76 16 73 50 41 75 17 40 87 98 71 94 39 
TEST 90 ARG:69 6 75 61 10 44 94 41 15 13 73 2 28 22 59 77 48 4 95 19 30 0 68 82 79 60 29 67 20 92 33 76 62 56 80 74 52 12 16 88 14 72 26 89 64 54 98 49 34 93 86 55 70 42 66 81 97 3 51 23 45 63 90 31 37 17 71 9 53 7 47 32 87 40 57 96 85 25 39 46 24 38 11 50 99 58 8 65 1 91 36 5 78 84 35 83 43 21 18 27 
TEST 91 ARG:88 53 38 51 55 73 79 90 22 63 39 34 45 27 9 98 49 50 68 66 61 31 56 86 76 93 11 1 3 6 72 30 65 62 33 35 4 0 71 8 87 20 59 24 17 36 41 91 12 78 96 54 40 64 13 75 19 52 46 37 80 5 21 69 58 83 74 7 32 60 2 81 48 92 97 77 57 28 43 70 14 23 67 85 47 15 26 84 16 94 18 89 29 95 42 44 82 99 25 10 
TEST 92 ARG:35 78 72 87 90 94 28 66 13 55 59 22 10 42 71 50 62 73 43 61 79 31 85 17 36 4 23 18 25 95 82 45 97 77 20 15 48 27 30 37 57 64 7 84 83 44 96 80 8 3 32 60 38 93 47 1 58 98 88 49 33 0 63 29 89 6 14 2 92 67 81 39 21 12 53 99 52 41 11 74 56 24 26 69 91 40 65 70 46 76 34 5 16 54 75 9 86 51 68 19 
TEST 93 ARG:34 68 31 49 11 61 8 65 26 74 63 33 24 43 27 40 37 19 30 77 67 50 92 20 10 95 75 98 81 22 73 54 53 85 82 94 0 1 18 32 29 69 7 9 70 64 62 93 57 5 17 88 71 42 84 16 66 59 87 21 78 96 2 36 86 3 25 89 76 58 72 83 55 51 99 39 47 80 97 44 60 15 79 45 52 35 38 23 13 48 4 41 90 6 12 91 56 14 28 46 
TEST 94 ARG:90 30 27 39 88 21 55 84 74 65 91 62 47 43 32 92 98 61 5 97 72 82 85 34 31 12 95 73 42 41 50 37 81 28 8 86 57 6 35 36 89 56 63 69 11 94 67 49 15 14 4 19 2 52 46 66 25 16 99 77 24 93 53 75 59 9 0 58 79 18 51 64 13 60 76 22 68 87 1 44 20 38 17 29 10 96 26 78 54 71 48 45 40 23 70 80 7 33 3 83 
TEST 95 ARG:46 99 35 64 53 4 42 2 40 92 41 97 25 7 30 83 82 24 65 49 26 86 54 98 27 57 85 79 61 55 43 78 12 94 29 95 48 88 58 14 9 8 89 38 31 87 32 68 70 76 36 6 47 77 13 62 15 91 18 5 72 3 69 28 74 19 50 80 56 44 34 67 21 17 59 93 96 90 1 71 23 81 11 66 45 33 51 10 20 52 60 16 75 84 39 0 37 22 73 63 
TEST 96 ARG:26 33 56 87 38 47 94 66 55 44 91 35 67 90 19 43 48 69 71 97 11 74 12 41 6 52 25 3 54 82 63 53 84 32 2 49 68 76 22 59 72 31 61 15 62 96 17 81 83 29 99 20 42 64 60 14 1 80 40 85 28 0 88 7 95 10 39 75 16 46 57 77 30 21 92 34 27 93 89 9 24 86 65 50 18 37 79 51 8 4 70 73 78 36 13 58 45 98 5 23 
TEST 97 ARG:53 26 50 59 46 76 12 7 64 71 10 34 33 75 96 72 47 4 90 58 63 54 92 95 8 89 79 38 85 2 15 27 77 60 73 84 69 94 5 29 55 91 66 51 43 23 48 45 61 17 65 42 0 82 35 32 22 44 80 30 19 83 68 97 52 31 21 87 6 9 39 57 18 1 11 86 70 88 78 13 37 24 98 3 49 14 74 93 62 20 99 16 28 40 81 36 56 25 41 67 
TEST 98 ARG:88 20 66 4 18 22 12 98 16 1 67 29 56 55 43 96 86 95 6 21 71 72 40 7 89 35 94 14 30 62 33 15 44 39 13 25 8 57 31 68 49 36 17 93 0 38 45 61 90 65 37 2 51 48 10 52 69 32 9 78 28 3 59 99 58 42 97 47 26 63 24 34 60 41 5 80 50 23 79 82 83 73 46 84 81 27 87 70 92 76 11 74 91 53 54 85 19 75 77 64 
TEST 99 ARG:80 14 19 23 93 88 18 58 81 72 31 10 39 29 91 26 21 7 77 61 50 38 46 96 41 17 27 34 28 40 22 69 92 90 85 51 64 9 83 65 54 59 20 30 47 4 79 75 1 57 6 71 44 48 73 53 82 3 84 78 49 42 94 55 56 86 95 36 32 66 60 15 11 25 33 37 68 97 70 87 45 74 62 12 8 67 43 16 2 24 35 98 0 99 13 5 89 63 76 52 
TEST 100 ARG:87 85 83 75 95 42 60 37 82 3 81 54 10 45 98 22 28 23 5 79 53 78 33 19 38 30 63 90 88 58 35 32 17 94 12 66 46 6 76 40 71 50 7 99 39 8 74 96 43 62 2 29 49 31 89 13 91 56 34 27 41 65 86 69 93 11 21 16 51 48 70 1 97 26 59 20 55 18 67 52 36 44 15 77 92 24 84 73 14 4 9 61 80 68 72 47 0 25 57 64 
TEST 101 ARG:7 72 4 80 14 83 46 54 52 6 21 40 66 77 88 42 17 18 29 79 95 36 90 64 0 24 48 5 8 23 94 67 96 13 33 99 41 87 38 37 25 3 50 31 68 61 49 91 56 12 81 93 35 69 55 85 51 65 60 47 82 59 16 11 92 32 45 73 74 62 75 43 9 76 71 34 1 39 44 22 20 2 30 26 70 57 19 27 63 28 84 98 89 86 58 97 15 78 10 53 
TEST 102 ARG:66 99 95 62 74 97 78 89 54 86 2 65 43 42 84 50 26 70 6 91 3 48 75 24 32 73 17 20 56 92 98 58 82 8 68 5 38 41 33 81 55 13 34 25 67 46 96 27 51 87 4 57 72 0 15 28 60 61 59 19 12 79 9 40 31 23 35 18 29 1 45 47 85 69 37 83 36 14 77 88 30 71 22 44 53 10 39 21 76 11 7 16 80 63 49 52 90 93 94 64 
TEST 103 ARG:29 39 84 64 93 32 37 26 87 76 66 16 69 45 98 6 50 15 30 85 38 44 27 80 9 53 1 24 56 22 13 96 40 25 49 61 17 79 70 35 10 33 95 97 94 81 90 8 65 58 41 12 0 67 75 72 18 28 60 4 86 63 47 36 83 43 78 82 42 91 46 21 71 3 34 14 68 59 88 74 48 7 99 52 5 55 57 89 73 54 77 23 19 31 51 2 62 11 92 20 
TEST 104 ARG:33 0 18 31 4 41 26 43 52 9 55 98 69 62 34 40 71 85 13 12 37 99 14 49 24 44 45 22 51 6 7 3 78 97 57 47 84 82 8 92 50 96 89 74 59 72 91 67 35 81 58 94 15 54 20 48 90 27 38 25 73 65 28 42 68 56 21 86 79 66 63 53 2 87 17 77 88 23 75 70 10 29 60 39 11 36 1 83 76 61 30 93 16 64 95 32 46 80 19 5 
TEST 105 ARG:43 62 79 13 39 97 16 82 41 98 8 6 91 69 31 55 76 63 85 52 44 78 66 72 84 40 59 15 48 73 21 20 64 51 80 25 60 74 68 26 29 92 87 22 38 35 89 77 54 70 5 53 2 1 4 95 46 75 9 36 86 99 3 81 50 0 7 10 90 56 94 61 65 47 32 27 19 83 18 24 93 12 14 88 11 96 71 49 30 58 34 17 45 37 42 28 67 23 57 33 
TEST 106 ARG:46 71 72 27 50 51 29 75 64 70 63 11 14 3 62 42 25 24 66 6 18 19 94 0 1 59 28 78 5 77 7 55 47 41 86 69 88 36 45 57 73 85 21 52 84 2 82 20 17 22 15 44 53 67 23 12 65 91 98 89 31 48 26 56 34 92 54 9 37 97 76 58 60 95 8 74 4 40 43 93 99 68 38 90 13 61 32 33 49 79 35 96 80 83 10 87 81 39 30 16 
TEST 107 ARG:10 90 64 77 3 56 59 84 68 67 71 9 73 20 38 41 96 95 44 43 65 25 81 22 26 82 99 30 5 51 32 14 23 47 21 46 37 0 49 62 40 92 31 94 93 52 91 50 58 42 35 4 76 88 86 34 6 33 54 53 69 66 75 83 70 48 28 74 16 17 12 24 18 27 97 1 78 89 36 60 45 55 11 63 80 98 87 15 2 8 85 72 57 79 29 13 19 7 39 61 
TEST 108 ARG:5 97 23 64 98 70 77 95 40 38 86 33 75 51 6 54 14 15 67 60 55 32 18 10 63 68 12 96 90 89 79 47 36 56 83 85 57 62 93 43 29 39 72 24 88 65 1 17 46 48 13 8 78 28 37 0 74 59 16 22 50 66 42 4 84 45 30 81 71 73 11 25 7 35 27 26 91 21 69 80 44 53 20 2 58 34 82 31 49 61 92 99 87 41 76 3 52 94 19 9 
TEST 109 ARG:50 40 65 34 38 26 15 76 41 42 89 29 35 24 21 22 1 49 64 56 85 69 33 79 51 5 99 74 91 98 47 94 71 9 44 12 97 52 93 84 55 53 39 73 0 63 8 4 61 45 90 16 92 80 78 2 59 75 36 62 82 48 58 13 3 54 7 43 11 72 19 18 14 96 86 66 88 83 37 60 31 32 77 87 20 30 68 6 81 17 95 46 67 25 70 27 10 23 28 57 
TEST 110 ARG:43 41 80 38 14 63 66 9 51 94 42 16 67 97 99 78 24 53 0 84 30 3 34 36 48 18 52 21 11 61 22 37 50 60 33 19 83 95 70 5 2 77 46 79 35 32 57 55 93 59 15 49 88 12 73 31 44 82 10 26 68 86 90 20 62 40 45 72 56 71 1 85 27 81 23 29 87 91 92 7 65 6 75 8 89 28 98 76 17 54 69 4 96 47 39 74 58 64 25 13 
TEST 111 ARG:89 25 36 10 11 50 99 74 83 58 7 91 72 84 95 12 93 76 97 28 29 4 80 44 9 69 79 62 23 46 94 42 51 43 56 82 35 70 33 22 14 57 6 71 47 66 60 86 34 53 65 49 24 59 15 32 75 87 67 20 41 17 13 8 63 3 39 88 21 16 5 55 77 2 0 81 96 92 18 90 73 45 30 1 98 78 64 68 27 52 61 37 48 19 38 54 31 40 26 85 
TEST 112 ARG:54 24 47 9 64 58 56 35 90 76 37 92 79 28 75 16 1 70 38 8 20 26 11 27 89 29 4 12 10 85 40 83 66 46 97 22 42 62 91 59 39 43 36 80 93 98 32 13 15 41 68 65 57 69 77 48 51 34 88 45 5 25 96 2 7 18 55 52 78 99 94 6 67 33 87 82 81 17 74 84 86 73 44 53 14 61 3 71 21 23 30 63 0 31 72 49 50 19 60 95 
TEST 113 ARG:21 40 29 33 92 99 7 5 71 1 56 46 61 66 64 75 32 11 79 45 55 41 25 3 62 14 47 70 86 63 82 52 43 68 42 18 34 30 89 8 27 23 22 85 6 9 39 24 12 60 10 91 0 50 2 94 36 77 20 16 51 48 38 54 84 26 93 80 49 53 28 78 44 57 35 72 90 17 4 83 37 74 13 15 19 58 59 73 67 31 65 97 98 76 81 88 69 95 87 96 
TEST 114 ARG:92 17 67 46 82 56 96 3 73 77 0 78 26 16 70 88 23 20 94 52 45 28 8 31 60 63 7 99 87 75 98 91 71 30 54 66 27 57 64 83 55 48 80 21 14 36 22 68 39 9 34 93 76 32 89 19 49 47 40 10 15 5 11 38 97 44 85 81 74 62 1 18 42 59 43 90 4 37 69 24 65 33 50 86 51 29 58 84 53 13 2 95 6 12 72 25 35 79 41 61 
TEST 115 ARG:6 56 8 26 52 33 64 75 41 35 78 17 58 95 23 92 1 22 11 69 84 12 62 42 50 99 66 24 65 9 40 37 83 91 96 90 13 20 19 93 85 29 25 27 80 15 74 21 67 97 81 76 48 88 77 71 10 32 72 31 87 18 82 63 16 53 54 98 2 14 28 47 45 44 38 49 68 61 30 73 39 3 34 59 43 55 86 89 94 7 57 60 36 51 0 4 70 5 46 79 
TEST 116 ARG:11 52 79 12 88 36 51 71 60 41 22 43 16 42 90 73 89 10 29 72 58 76 64 55 82 98 95 68 18 87 67 70 19 44 93 62 34 15 57 35 40 96 1 33 37 6 30 61 66 9 47 97 53 20 3 24 94 48 91 4 78 85 23 84 7 63 25 54 49 17 50 32 74 80 21 77 2 8 56 81 27 38 14 92 65 39 69 75 26 86 59 99 45 31 83 28 0 13 5 46 
TEST 117 ARG:71 54 96 29 76 86 5 11 68 22 31 17 52 61 67 63 98 60 87 35 82 66 75 93 64 24 16 79 59 80 49 46 4 72 62 34 21 37 70 32 83 42 74 15 14 6 65 3 26 44 13 36 73 55 19 78 2 89 99 97 27 41 95 40 51 94 28 58 10 91 47 38 39 92 56 12 8 53 7 33 88 0 1 90 50 18 9 48 85 25 43 77 30 69 84 57 45 81 23 20 
TEST 118 ARG:89 84 94 43 2 12 17 70 98 68 1 37 35 22 55 24 19 20 56 23 62 69 60 25 53 64 46 78 99 95 39 38 79 9 31 44 26 87 8 13 63 30 11 48 28 92 81 58 34 49 77 59 15 3 32 40 85 90 76 80 74 47 50 61 93 52 6 57 16 51 67 97 83 45 33 41 7 91 21 72 54 0 5 27 29 82 4 36 10 75 14 71 86 65 66 73 88 42 18 96 
TEST 119 ARG:29 84 85 40 24 61 52 44 87 51 22 67 14 32 19 25 74 66 26 58 70 97 63 8 65 78 47 46 3 43 30 15 33 10 5 93 17 94 55 60 31 96 4 89 37 41 72 12 38 88 20 92 98 81 45 64 18 91 1 99 73 53 23 77 16 34 11 95 57 68 82 21 79 86 13 6 2 90 0 36 83 80 71 42 76 59 49 9 50 28 48 54 62 56 7 75 39 35 69 27 
TEST 120 ARG:4 89 51 90 98 75 57 13 65 26 38 35 9 31 97 55 83 81 5 15 54 7 67 52 84 56 69 8 48 33 12 76 23 60 58 80 49 2 11 27 36 59 85 10 14 40 28 46 3 41 91 66 43 64 96 70 18 29 22 74 6 78 24 20 44 61 37 79 50 45 53 95 63 77 86 30 19 94 87 47 34 21 1 39 42 25 72 99 92 71 68 88 93 0 73 17 82 32 62 16 
TEST 121 ARG:6 90 35 54 88 48 69 52 72 62 97 9 22 77 78 66 16 17 38 76 0 28 51 25 70 45 53 39 12 47 31 42 67 85 29 79 10 37 7 68 65 56 33 26 60 23 84 27 63 13 20 36 21 5 46 93 40 96 14 81 1 32 55 91 94 50 30 18 57 4 80 98 43 87 15 61 74 49 82 73 92 44 19 95 83 86 99 2 8 59 34 3 64 89 24 58 11 41 75 71 
TEST 122 ARG:48 36 69 61 37 42 38 84 79 95 90 51 4 13 66 17 65 60 80 7 31 85 63 47 18 46 15 54 71 81 97 67 21 68 8 59 98 94 11 70 45 78 33 64 25 27 40 5 50 89 24 9 19 76 92 32 99 74 52 87 96 82 2 53 93 34 77 22 29 91 0 35 43 14 3 58 44 49 62 1 86 56 23 75 12 57 73 39 88 72 30 41 16 10 6 83 20 55 26 28 
TEST 123 ARG:26 6 19 13 36 46 38 98 9 89 17 71 68 84 50 67 28 39 15 57 27 85 86 76 37 2 18 23 34 12 58 7 78 24 33 10 11 99 97 75 43 83 25 40 56 91 69 82 42 66 35 52 90 8 61 14 77 3 47 45 53 0 16 32 51 65 62 21 87 49 29 73 94 63 44 54 31 5 55 48 95 92 4 80 1 22 72 64 79 30 88 81 96 70 59 74 93 41 20 60 
TEST 124 ARG:25 53 67 2 92 80 88 34 40 62 30 18 14 63 31 48 81 51 59 23 54 93 87 46 16 69 39 45 29 47 19 85 77 97 66 68 94 90 44 1 84 13 43 35 33 27 41 8 58 24 49 61 83 50 65 38 96 60 42 74 98 91 3 15 26 75 89 17 82 6 78 55 9 79 72 10 86 0 71 20 56 52 21 7 28 70 12 99 36 73 76 11 22 32 4 5 37 64 95 57 
TEST 125 ARG:42 93 50 59 86 77 15 99 63 16 65 58 78 18 79 24 75 1 34 56 61 6 14 85 54 12 94 70 52 64 2 72 89 73 68 44 47 49 82 84 23 28 45 55 88 30 51 95 87 71 36 98 80 7 46 27 43 33 37 48 91 19 67 4 57 21 25 35 39 31 96 22 97 11 90 29 13 17 32 9 92 8 41 69 40 74 38 53 26 66 62 83 60 10 3 76 20 5 0 81 
TEST 126 ARG:97 44 85 46 25 12 13 43 2 27 96 83 34 77 90 88 99 6 60 11 15 58 40 73 67 28 26 19 9 71 23 21 8 30 51 10 64 82 4 47 70 56 31 5 53 75 91 65 94 79 37 33 87 57 41 16 39 54 45 32 62 35 59 89 49 38 61 92 17 98 74 68 24 42 86 1 69 66 0 18 93 76 80 3 29 78 7 81 55 84 63 36 48 72 50 14 22 95 52 20 
TEST 127 ARG:66 45 58 3 51 84 0 19 29 25 76 99 52 14 1 26 79 28 59 50 77 20 96 6 90 68 80 85 81 17 4 94 53 23 21 36 74 95 43 39 98 93 42 16 82 47 11 69 27 7 31 72 33 60 54 89 34 49 92 15 88 48 12 13 9 67 46 30 35 65 63 70 37 91 2 57 41 24 97 78 8 83 73 62 38 87 56 44 71 18 55 64 32 61 5 10 86 22 75 40 
TEST 128 ARG:86 77 35 40 89 79 48 21 27 74 8 19 52 9 0 11 4 17 39 53 63 26 44 34 41 43 10 3 66 58 61 64 96 20 84 82 70 65 49 78 98 97 25 36 92 95 94 71 56 85 59 73 54 13 31 81 5 67 38 16 12 7 62 22 2 33 69 18 68 45 29 93 42 23 51 46 57 76 90 47 15 87 1 83 50 14 80 55 99 75 30 24 72 88 37 6 60 28 32 91 
TEST 129 ARG:51 76 74 26 70 60 10 30 20 87 93 96 77 23 24 73 90 56 49 39 86 43 18 4 11 68 37 89 79 29 22 21 34 35 54 78 80 82 55 6 97 62 53 66 28 48 1 46 45 64 0 69 36 19 57 52 98 75 5 31 99 25 85 67 3 83 47 41 58 81 84 9 61 13 16 91 65 94 40 2 27 92 72 38 50 33 44 71 63 14 88 42 12 17 95 8 15 7 32 59 
TEST 130 ARG:29 65 34 33 31 61 84 75 71 83 27 96 44 55 18 26 92 56 14 42 12 90 10 98 57 82 89 52 60 87 7 35 63 16 88 73 70 49 97 43 11 17 41 99 50 93 37 2 74 51 53 19 24 25 23 38 91 48 1 78 59 36 67 32 8 58 94 79 86 54 64 85 77 30 66 68 69 62 80 13 46 9 47 20 45 81 4 5 0 22 28 3 95 6 39 15 72 76 40 21 
TEST 131 ARG:57 34 27 62 86 60 77 94 90 89 84 87 51 74 83 75 20 59 44 47 2 55 16 49 1 64 43 30 28 41 22 76 26 42 46 13 15 68 92 69 98 11 82 36 24 80 25 40 96 52 97 0 3 72 70 4 17 38 65 29 21 79 50 6 14 18 67 73 66 33 71 91 5 45 23 85 35 12 95 99 9 39 8 37 61 88 19 53 7 78 93 63 56 32 58 31 48 81 10 54 
TEST 132 ARG:89 54 27 91 60 59 75 21 53 13 87 78 10 47 33 41 4 39 46 29 70 3 67 45 77 95 92 80 5 58 98 8 32 97 76 68 84 2 88 72 50 9 63 73 43 61 24 93 38 42 49 65 56 28 19 22 6 81 51 34 48 18 79 82 15 94 7 1 44 25 69 0 74 35 57 85 52 55 14 86 99 20 31 83 30 12 64 16 17 62 11 71 26 96 36 90 23 37 66 40 
TEST 133 ARG:22 37 85 61 1 18 64 50 46 16 80 95 28 44 79 67 17 57 24 55 81 51 42 91 13 8 5 9 77 53 70 84 75 25 69 89 14 56 33 68 3 30 47 74 4 23 26 96 58 60 35 29 20 93 87 21 0 82 66 39 98 71 52 97 99 12 19 73 45 90 38 32 27 2 92 6 65 62 86 31 7 11 94 49 76 83 59 36 34 15 54 43 63 72 48 41 10 88 40 78 
TEST 134 ARG:12 49 85 71 86 21 0 25 39 46 67 32 77 40 59 96 57 95 82 14 5 98 26 18 47 1 72 53 97 42 38 9 31 91 68 87 60 2 74 34 48 81 43 7 4 30 58 76 93 36 70 3 75 78 88 61 62 63 50 90 66 89 80 35 84 17 92 8 52 20 13 41 16 28 27 79 19 99 6 65 83 44 29 24 51 69 73 22 54 10 33 55 45 94 23 15 11 37 56 64 
TEST 135 ARG:81 37 55 11 29 86 43 74 95 40 98 47 46 77 62 33 92 4 69 88 51 13 8 70 65 79 75 61 32 78 26 64 53 38 19 39 83 36 60 20 30 16 21 56 41 25 76 99 45 91 96 17 57 68 22 42 7 0 6 72 85 90 34 23 1 89 2 54 15 35 59 49 66 5 73 24 71 58 67 94 87 80 10 50 93 84 31 9 28 48 14 44 3 63 27 12 82 18 97 52 
TEST 136 ARG:48 80 37 41 23 38 46 33 45 9 75 17 61 87 54 52 64 18 55 19 67 15 2 83 92 32 60 27 13 96 0 82 20 10 51 69 59 43 98 99 14 8 95 90 39 91 44 94 88 21 78 81 89 63 29 42 25 85 7 36 86 30 66 57 62 31 28 35 3 53 5 76 74 22 26 58 4 65 56 12 24 11 77 97 73 79 6 68 71 93 70 84 16 49 72 47 34 1 50 40 
TEST 137 ARG:23 1 94 25 74 93 47 53 95 6 71 20 97 3 72 26 9 66 56 44 18 14 5 99 21 82 45 0 24 85 58 49 19 90 88 89 27 83 75 67 70 64 52 84 57 8 87 86 31 39 59 28 12 30 76 46 55 98 92 7 35 62 17 68 73 10 41 33 61 2 42 40 79 11 65 54 15 34 51 91 69 36 96 38 32 37 77 29 4 80 60 13 43 48 50 63 78 81 22 16 
TEST 138 ARG:59 4 97 72 77 66 21 1 42 67 78 18 48 26 69 45 19 93 6 95 58 60 65 87 51 84 13 41 17 61 53 10 62 33 34 12 3 75 2 85 40 57 47 80 81 88 99 8 24 76 31 73 15 0 68 90 37 30 79 52 7 25 55 22 71 14 56 36 23 28 54 70 89 94 43 83 86 5 98 92 32 91 16 49 82 39 20 63 38 11 96 74 64 29 50 35 9 46 27 44 
TEST 139 ARG:32 69 83 57 50 8 94 36 23 81 56 22 45 4 64 15 76 84 42 3 19 1 97 91 13 77 89 54 7 79 73 71 10 87 62 82 2 0 51 99 14 31 6 41 93 28 55 85 88 68 70 48 74 63 37 65 16 53 78 34 11 25 27 17 39 5 90 33 86 80 60 9 40 98 96 66 26 52 95 43 59 46 20 24 72 92 21 38 29 75 49 12 47 61 35 44 18 67 30 58 
TEST 140 ARG:35 38 42 86 41 17 13 51 7 26 61 73 64 19 44 65 80 37 54 50 34 98 84 72 85 10 55 12 66 5 45 49 99 29 52 58 67 14 88 96 92 21 22 46 87 93 11 32 4 39 69 0 48 74 60 31 25 30 28 76 43 23 6 9 3 95 77 82 1 59 36 91 71 40 2 68 94 33 24 62 75 20 83 81 90 56 70 57 18 16 27 63 47 8 15 78 97 89 79 53 
TEST 141 ARG:73 34 48 13 59 22 86 27 7 3 41 69 65 19 14 5 78 95 12 26 53 72 9 23 98 1 74 75 8 18 21 66 36 92 77 35 24 85 31 10 91 55 33 6 42 76 37 99 2 81 52 16 58 61 17 28 57 45 56 49 43 20 50 94 96 54 51 60 11 47 32 38 30 82 0 40 4 15 89 97 44 83 79 67 25 46 63 84 88 64 62 87 68 71 80 70 93 29 39 90 
TEST 142 ARG:60 21 29 40 13 85 66 53 4 41 43 99 84 0 47 49 25 73 12 39 90 93 83 80 18 10 42 62 1 75 23 74 64 58 52 70 2 5 55 89 34 3 86 77 72 37 46 17 45 7 44 63 31 94 15 56 38 59 27 78 6 16 54 98 95 61 11 30 68 71 8 26 67 35 69 20 28 51 24 36 87 81 19 91 48 57 9 22 65 96 79 88 32 76 50 14 82 97 92 33 
TEST 143 ARG:38 68 97 27 44 43 30 41 73 40 0 81 96 63 5 58 10 70 47 21 74 49 80 6 31 94 60 45 53 18 89 64 17 13 33 99 3 54 98 75 4 37 56 83 93 19 61 59 2 26 66 78 8 46 84 51 12 88 9 76 91 77 20 7 39 1 82 90 15 50 25 28 52 72 71 32 35 29 14 11 23 36 16 55 65 62 24 85 69 22 92 48 95 67 87 79 57 42 34 86 
TEST 144 ARG:70 59 14 28 25 92 69 52 48 6 77 18 90 66 10 63 76 9 20 17 1 73 11 81 16 88 93 64 15 8 24 68 49 89 36 26 65 2 12 19 71 47 95 98 74 30 55 13 82 96 75 43 29 83 31 46 60 53 91 32 56 4 94 35 58 61 45 21 72 44 87 54 39 51 85 7 5 97 22 84 27 42 57 50 0 78 34 99 67 23 37 33 38 40 3 41 79 86 80 62 
TEST 145 ARG:72 42 10 57 90 48 22 69 29 94 82 81 1 86 46 32 38 27 30 39 88 50 19 15 26 7 41 31 44 52 20 75 18 2 54 45 3 76 40 95 83 9 56 5 64 6 34 28 55 73 65 0 21 17 51 68 93 25 35 79 77 14 59 11 92 67 80 97 13 96 47 4 71 74 61 37 60 24 33 62 12 91 89 70 87 78 84 43 58 66 23 36 63 49 53 98 85 99 8 16 
TEST 146 ARG:82 31 6 64 3 75 60 86 13 49 59 35 24 42 56 95 2 15 51 47 53 55 12 52 80 61 36 81 22 58 17 96 68 54 0 66 38 57 90 26 99 69 29 25 85 8 27 94 71 72 46 48 93 43 78 74 79 20 18 19 4 84 28 5 87 91 16 40 39 7 10 44 11 67 50 33 9 37 23 88 32 45 63 92 77 62 30 89 65 21 14 98 1 76 83 41 34 97 70 73 
TEST 147 ARG:50 32 62 54 51 28 53 95 67 33 80 13 22 7 97 65 93 45 6 96 77 63 12 46 99 44 14 26 72 0 64 42 61 2 78 20 60 35 91 8 76 92 10 21 1 19 43 86 90 52 57 48 74 4 84 15 66 11 38 68 70 55 85 79 25 29 5 81 23 16 82 56 87 24 83 49 69 94 98 34 58 17 36 30 71 73 37 47 75 88 39 3 41 18 89 40 27 9 59 31 
TEST 148 ARG:40 12 48 58 53 41 9 5 70 22 81 37 7 98 91 11 79 67 75 26 20 87 90 63 42 24 85 16 93 95 17 55 52 99 96 61 15 8 97 69 2 6 65 73 60 39 49 32 64 84 54 46 10 0 62 29 33 92 57 80 45 68 94 35 82 56 86 72 89 47 30 38 21 83 71 14 59 66 25 13 27 28 4 31 88 77 19 51 34 1 3 18 74 43 50 36 44 23 76 78 
TEST 149 ARG:27 83 14 37 40 65 73 10 69 28 6 48 35 72 0 15 85 45 57 1 63 92 52 13 93 97 54 60 75 67 39 32 79 34 91 25 59 96 89 62 33 2 80 76 71 98 29 50 49 44 78 74 87 51 64 26 31 18 90 94 77 22 70 17 55 38 30 5 23 16 56 88 82 11 86 42 24 3 68 84 95 19 4 7 21 41 66 61 36 99 12 43 9 20 81 58 53 47 8 46 
TEST 150 ARG:19 6 93 83 77 91 10 40 8 74 16 72 59 51 4 36 5 28 68 7 54 31 2 35 27 66 9 11 33 49 23 84 21 70 92 60 82 25 96 45 12 39 62 75 0 81 30 94 69 63 55 48 57 3 29 53 24 97 13 22 1 65 86 87 44 42 32 90 64 43 56 37 61 79 34 50 17 78 38 18 58 46 15 41 95 98 85 89 20 80 47 52 99 71 14 67 76 73 26 88 
TEST 151 ARG:63 84 47 78 52 45 67 97 86 9 76 39 83 22 59 70 24 64 46 87 91 38 93 75 96 40 32 27 7 2 0 98 35 31 99 41 88 57 66 71 69 8 5 56 42 90 85 10 61 94 6 15 3 29 11 26 54 13 73 81 77 43 62 36 53 92 19 4 30 79 55 44 21 16 12 60 37 74 14 65 68 18 72 95 49 58 51 50 82 25 1 80 23 20 17 28 48 89 34 33 
TEST 152 ARG:97 86 83 59 74 56 39 69 92 10 96 45 62 16 42 79 80 26 88 94 46 13 21 36 2 3 43 1 64 41 82 8 81 37 71 18 75 89 19 40 66 76 33 61 73 4 77 22 20 57 0 11 93 12 30 14 63 32 24 85 52 38 17 58 68 67 23 7 6 48 78 35 9 84 49 60 98 87 31 50 70 90 54 95 34 91 15 51 65 55 99 27 5 28 25 47 72 53 44 29 
TEST 153 ARG:57 24 60 33 15 38 1 53 40 11 62 20 6 50 23 14 96 75 21 36 72 78 27 52 39 7 89 86 32 95 76 56 84 87 98 46 26 16 18 74 49 58 77 31 83 19 35 30 25 10 13 88 70 82 61 97 63 99 41 79 66 71 47 45 8 64 29 43 9 48 0 2 22 90 54 94 92 67 65 81 28 80 17 73 42 37 93 5 4 85 91 3 34 51 12 68 59 55 69 44 
TEST 154 ARG:56 20 18 82 74 41 3 97 54 25 6 11 69 96 46 77 32 29 16 67 30 63 88 7 50 26 59 83 27 58 68 19 47 71 13 92 60 36 62 31 52 91 57 99 37 51 75 66 1 65 93 85 17 23 39 87 79 53 42 89 72 48 5 9 81 4 40 98 10 84 61 73 21 35 49 14 78 86 70 24 64 22 76 80 34 15 90 45 8 44 43 28 94 38 2 33 0 95 55 12 
TEST 155 ARG:38 67 69 36 46 4 41 53 7 5 0 95 54 26 80 3 22 82 2 14 34 62 60 58 1 75 13 74 65 98 21 35 66 12 44 57 47 70 45 78 77 27 96 61 25 92 91 40 85 37 18 43 23 86 59 11 87 84 32 8 39 73 48 16 51 76 89 81 71 64 93 63 24 79 19 6 55 90 20 33 30 68 28 42 56 15 88 52 50 83 49 17 29 10 31 99 97 9 94 72 
TEST 156 ARG:73 89 12 20 57 94 3 95 9 71 55 61 59 27 6 43 65 49 69 17 82 81 54 26 4 51 64 48 62 86 11 34 99 63 67 31 78 25 56 41 37 33 83 38 24 80 46 5 23 40 75 15 72 7 16 58 88 85 77 76 60 32 96 53 87 14 84 93 18 42 98 68 1 66 28 30 13 50 0 45 22 21 91 29 19 97 10 44 8 47 79 90 52 74 36 35 92 70 2 39 
TEST 157 ARG:40 46 73 42 18 66 90 39 65 81 76 57 69 60 59 99 7 63 36 20 77 79 14 52 47 32 45 83 9 2 12 87 58 62 34 70 89 50 80 8 53 3 78 22 75 13 44 43 67 25 31 55 97 41 27 38 84 29 28 35 23 15 96 4 64 19 30 95 92 74 48 82 26 11 93 68 61 24 33 86 37 88 71 54 0 85 16 72 6 56 49 51 17 98 91 5 94 10 21 1 
TEST 158 ARG:56 75 29 28 77 63 97 6 93 19 78 70 3 38 32 91 53 76 27 9 23 4 1 5 57 48 51 20 17 52 84 25 66 10 39 90 30 54 96 80 45 34 95 0 92 58 24 42 35 8 61 62 55 46 71 94 85 2 31 14 50 59 67 26 73 7 21 44 47 18 36 99 87 86 83 37 49 68 69 65 89 41 40 12 60 98 22 11 74 82 88 79 33 43 13 72 15 81 16 64 
TEST 159 ARG:36 62 73 57 11 9 17 30 46 95 37 59 2 51 80 18 89 15 96 86 66 47 54 45 24 67 34 98 38 23 44 68 4 99 49 75 85 50 74 1 22 81 26 8 7 28 58 61 5 27 92 64 88 77 78 83 40 6 48 87 52 16 14 97 41 69 65 91 84 20 76 56 71 0 94 53 93 70 10 72 63 39 60 31 43 13 32 79 3 21 55 35 82 29 19 25 42 33 90 12 
TEST 160 ARG:27 91 75 72 98 80 59 29 78 62 90 28 73 9 92 43 95 0 15 57 79 1 10 8 4 26 85 11 68 76 34 82 63 81 96 7 71 99 67 42 24 61 20 33 50 12 30 66 60 55 97 22 6 18 70 48 23 37 47 53 2 51 41 77 89 40 5 86 46 54 17 87 58 39 49 38 56 19 3 69 74 94 44 16 36 83 25 64 84 45 93 31 35 21 65 14 52 88 32 13 
TEST 161 ARG:37 64 11 36 55 22 53 35 15 14 43 1 18 67 63 27 85 50 60 30 94 45 57 96 81 89 9 72 3 20 73 91 12 68 52 75 54 25 33 87 28 8 69 17 10 59 82 95 13 58 26 41 76 39 98 92 38 29 24 70 51 56 4 77 42 49 66 44 90 16 61 34 93 88 80 65 78 84 99 31 47 7 62 40 23 86 2 32 19 6 21 97 48 5 79 83 74 0 46 71 
TEST 162 ARG:80 33 72 28 9 32 8 49 67 52 99 45 78 47 13 63 17 85 3 39 64 95 86 57 76 10 5 88 79 96 40 89 60 74 61 77 19 83 44 24 62 87 66 22 0 25 55 73 42 27 48 82 93 23 81 51 4 50 31 35 26 12 65 16 6 36 59 98 2 53 11 71 20 75 92 29 37 54 15 41 94 58 34 90 68 70 43 38 84 69 21 7 14 18 91 30 1 46 97 56 
TEST 163 ARG:0 23 5 6 84 42 37 14 88 59 7 99 92 56 81 57 97 70 21 77 91 15 43 96 50 76 1 85 8 68 41 27 98 44 20 94 54 4 60 35 13 11 10 2 93 64 58 78 34 24 89 32 65 39 19 52 18 71 90 31 51 55 40 72 28 16 29 69 33 26 83 95 74 47 22 46 3 66 80 30 48 53 62 61 87 49 45 63 79 67 86 17 25 75 12 82 9 38 36 73 
TEST 164 ARG:54 78 16 42 65 80 25 44 23 18 74 27 26 48 97 77 88 7 72 55 82 56 83 51 0 76 75 12 98 59 1 57 50 66 81 30 21 36 14 90 29 63 52 17 86 60 13 49 8 10 89 73 68 38 33 45 91 84 6 79 22 2 70 40 53 61 93 15 9 32 94 69 85 47 11 39 67 37 3 28 24 4 20 58 43 62 99 96 95 92 64 34 71 35 31 19 5 41 46 87 
TEST 165 ARG:9 79 84 35 16 71 29 91 41 77 50 18 19 38 51 85 33 1 59 6 22 32 98 83 72 78 24 26 81 49 37 10 0 97 23 61 25 54 28 30 57 17 76 96 93 36 13 73 53 95 34 12 47 58 94 8 87 44 86 69 31 20 62 15 89 21 66 65 7 39 99 46 40 52 11 3 75 64 60 14 63 43 48 88 90 56 5 82 70 67 74 80 45 2 4 68 42 55 27 92 
TEST 166 ARG:29 84 28 45 58 73 27 34 5 33 93 51 74 38 87 15 11 4 67 83 65 82 70 39 36 81 49 47 55 24 10 75 3 54 6 16 94 97 72 13 25 69 85 30 64 56 61 53 96 18 59 31 19 99 14 79 68 26 77 86 88 92 41 90 40 1 32 46 7 91 2 42 57 23 71 35 21 17 8 20 44 62 89 52 50 78 60 0 98 66 22 76 48 9 80 95 43 63 12 37 
TEST 167 ARG:82 89 2 92 76 91 69 30 42 86 61 35 16 56 33 65 36 12 18 70 99 97 45 55 43 88 4 22 28 57 44 80 75 47 37 26 24 40 1 78 5 17 10 8 95 19 77 53 67 62 46 60 6 87 84 59 52 9 41 72 23 98 68 63 21 31 49 64 20 14 66 73 0 58 15 83 11 90 74 94 7 71 48 25 34 50 3 13 32 27 93 79 38 96 81 51 85 54 39 29 
TEST 168 ARG:84 72 2 78 46 44 53 67 61 35 91 48 62 6 42 54 65 19 5 7 22 28 38 11 8 1 4 15 41 43 47 31 58 95 39 51 85 75 71 77 36 82 20 0 23 30 97 92 29 69 24 96 52 73 14 26 80 94 88 76 32 68 50 89 74 16 90 17 25 66 27 13 98 34 81 37 10 9 40 87 21 33 83 45 3 70 93 57 60 86 64 59 56 49 55 18 79 12 99 63 
TEST 169 ARG:41 49 56 53 15 48 3 27 10 28 21 19 51 97 26 50 29 40 74 73 12 88 84 31 64 61 46 13 59 34 16 4 94 87 14 33 67 32 23 30 92 93 1 89 18 86 85 11 54 39 63 95 24 5 55 71 7 22 0 6 42 44 82 83 43 37 17 75 99 72 57 9 80 52 2 69 20 98 35 47 8 81 45 62 76 58 68 79 77 25 78 38 70 65 90 60 36 91 96 66 
TEST 170 ARG:41 92 28 12 29 2 44 58 8 63 66 14 49 10 34 3 61 6 42 54 7 47 9 5 19 59 48 90 80 46 74 78 91 17 87 95 85 20 75 56 89 30 77 52 64 94 43 25 39 26 86 38 76 36 62 15 96 50 32 69 81 65 88 99 53 71 68 73 93 60 16 13 21 27 82 1 33 24 51 31 97 0 55 11 72 84 35 70 67 98 18 37 40 57 45 22 83 23 4 79 
TEST 171 ARG:33 79 34 37 87 59 52 45 23 32 31 71 43 48 66 4 25 68 84 49 95 10 70 75 18 56 88 51 30 58 93 63 89 2 11 12 40 65 74 80 7 94 60 15 97 83 64 6 19 69 28 3 13 90 5 99 1 91 22 14 57 85 78 46 35 55 38 61 47 82 42 21 76 39 29 50 54 9 16 96 44 8 24 53 86 27 20 17 67 73 62 0 36 26 41 81 92 72 77 98 
TEST 172 ARG:25 4 35 52 36 11 61 19 8 70 69 72 29 76 74 55 62 80 26 23 43 87 77 34 46 71 30 32 53 38 0 17 16 10 97 14 82 24 37 84 78 48 21 12 96 94 86 92 68 6 58 15 47 1 18 98 42 45 79 91 7 40 20 65 85 5 63 95 31 33 99 9 13 50 44 90 57 41 67 89 51 66 81 39 27 3 83 59 93 56 64 88 2 22 75 54 49 60 28 73 
TEST 173 ARG:53 99 97 56 43 87 29 51 93 46 65 17 61 40 64 44 19 8 58 26 89 84 85 60 6 30 14 16 31 10 34 70 86 37 63 7 36 71 27 91 25 52 15 82 48 83 92 23 96 5 80 81 98 2 57 54 75 66 79 88 74 55 49 67 39 95 73 90 42 22 78 47 41 4 11 59 62 3 38 20 33 50 45 69 68 77 1 76 24 72 35 12 0 28 18 94 32 21 13 9 
TEST 174 ARG:80 76 18 70 50 39 8 32 48 57 84 27 73 19 58 44 88 46 98 26 10 36 79 33 17 51 14 43 13 7 0 42 67 97 68 81 54 52 25 85 74 60 20 41 53 95 75 93 83 89 87 47 38 4 12 6 72 21 62 11 56 78 94 5 82 71 35 45 91 29 9 65 69 30 55 99 61 37 34 2 31 1 66 77 92 86 63 3 49 28 90 24 96 40 22 15 59 64 23 16 
TEST 175 ARG:56 63 75 68 49 44 12 91 57 72 87 96 92 90 67 47 22 51 79 58 62 48 88 18 54 39 53 4 37 9 84 16 15 71 40 46 65 25 89 24 70 35 7 29 6 19 45 80 83 60 42 86 69 30 97 59 13 0 2 27 5 98 61 74 26 82 55 1 50 93 3 31 73 36 81 38 32 28 8 11 34 17 95 99 33 66 20 85 76 14 64 23 10 77 41 21 52 43 78 94 
TEST 176 ARG:37 2 64 25 61 16 17 78 63 65 41 22 60 92 76 7 54 18 57 75 73 66 27 11 0 68 42 32 93 26 91 79 81 96 98 62 20 3 88 28 45 15 52 55 67 77 34 21 4 35 82 72 58 40 74 46 70 5 99 39 6 9 1 89 47 94 50 10 85 80 86 83 95 48 69 30 12 49 38 90 59 19 36 97 13 29 84 24 14 43 23 56 53 87 44 8 33 51 31 71 
TEST 177 ARG:97 19 81 99 77 3 13 7 72 75 60 20 98 79 33 6 30 76 2 15 22 23 25 95 54 83 66 55 69 88 26 84 74 90 44 24 8 85 39 40 62 73 0 51 11 9 47 27 46 4 94 34 92 50 52 17 41 58 38 42 71 29 36 89 64 14 61 43 70 87 78 53 48 63 18 96 57 45 82 56 91 35 21 1 5 16 49 31 37 65 59 80 86 67 32 93 12 68 28 10 
TEST 178 ARG:46 91 32 38 48 58 40 82 75 19 86 83 16 80 2 17 73 44 62 34 12 15 78 56 55 97 52 57 30 42 28 47 51 33 7 76 94 99 49 61 37 9 65 35 27 4 50 39 5 14 88 68 45 95 1 10 67 18 70 59 31 96 36 26 53 11 21 81 71 6 64 89 98 60 84 63 85 25 22 8 23 24 77 90 66 29 79 54 0 41 43 13 69 72 93 3 92 74 20 87 
TEST 179 ARG:62 88 32 94 97 11 98 70 13 36 35 46 71 75 80 19 60 3 40 95 90 41 53 77 55 33 26 10 37 56 0 28 16 84 23 74 76 25 15 91 64 59 78 2 54 63 79 24 31 49 96 43 57 1 39 82 12 99 6 14 58 5 30 61 92 45 8 89 83 50 20 18 48 21 38 42 86 34 65 51 47 87 27 7 29 81 9 44 85 17 67 72 73 22 66 69 68 93 4 52 
TEST 180 ARG:58 44 84 4 98 29 63 88 86 13 2 9 83 66 17 24 53 54 57 76 68 60 62 8 32 75 41 47 15 50 36 97 45 19 85 51 78 49 25 0 1 37 5 61 90 14 11 33 38 72 70 28 10 21 77 73 20 40 99 71 16 43 93 79 69 89 27 3 67 92 6 26 94 52 12 48 65 96 81 23 59 31 30 87 56 7 46 42 34 64 39 35 82 74 55 22 80 18 95 91 
TEST 181 ARG:53 43 85 17 0 50 77 65 63 29 42 87 66 46 41 6 5 73 47 71 68 62 7 76 39 31 99 15 55 70 30 27 40 81 13 2 1 21 20 86 56 22 48 89 79 97 64 36 4 91 34 51 94 32 37 84 82 19 78 8 44 26 67 10 11 33 52 18 12 57 23 24 90 59 75 72 14 58 88 38 96 35 60 54 83 93 98 69 45 25 61 92 95 16 80 3 9 74 49 28 
TEST 182 ARG:89 29 70 31 94 0 81 13 34 85 58 56 43 57 42 17 61 28 54 60 74 24 63 78 8 51 32 88 67 19 15 47 99 92 97 83 49 80 52 41 45 79 12 86 44 10 75 14 73 35 26 65 48 2 33 20 64 6 46 98 71 30 38 5 91 90 93 37 53 87 36 1 11 27 16 66 21 25 22 68 72 7 39 40 18 3 95 69 23 62 50 96 59 84 55 82 9 77 76 4 
TEST 183 ARG:86 14 78 35 75 44 64 10 40 1 13 31 24 51 98 56 9 96 50 47 82 7 34 66 58 18 38 85 89 19 42 97 90 70 36 37 61 81 39 11 21 95 60 12 43 93 33 27 74 28 62 77 2 49 23 45 15 52 5 87 73 53 57 88 6 92 55 79 67 84 22 48 69 72 63 65 91 68 3 25 26 83 59 32 80 20 41 71 16 46 8 76 94 17 99 0 29 54 30 4 
TEST 184 ARG:95 3 98 30 23 62 59 0 71 44 80 84 68 25 41 53 4 21 15 51 11 82 60 8 6 46 94 54 20 24 36 5 79 18 17 16 45 65 43 61 89 14 27 29 66 57 40 63 49 72 33 90 13 58 50 28 55 39 12 34 2 91 22 9 96 85 70 97 75 32 77 99 78 56 88 76 86 74 92 87 37 81 73 83 19 47 69 52 35 1 42 38 7 48 31 93 64 10 67 26 
TEST 185 ARG:27 71 54 24 16 99 45 8 15 28 84 97 17 2 40 51 22 12 11 33 70 60 73 9 31 66 64 83 63 59 86 67 91 37 80 32 79 76 6 0 93 38 36 46 77 87 50 21 25 18 30 14 82 90 65 58 23 29 7 61 10 20 94 4 39 78 89 53 72 96 41 5 35 68 56 74 1 13 42 98 47 75 81 48 92 52 69 19 26 95 55 62 43 34 44 85 3 88 57 49 
TEST 186 ARG:75 71 70 68 36 79 98 38 2 82 35 60 96 10 32 84 94 89 86 81 65 40 73 67 54 85 52 6 25 92 1 51 43 34 21 27 63 87 50 13 41 49 53 42 72 11 16 91 59 15 64 44 76 93 88 17 28 3 14 30 90 47 29 19 80 12 62 18 46 37 66 31 77 48 39 20 8 5 22 78 95 83 4 7 99 61 69 56 0 45 23 55 57 74 24 33 58 9 26 97 
TEST 187 ARG:99 15 36 83 81 89 98 67 93 48 26 25 23 63 24 53 49 84 44 57 76 80 54 85 30 86 18 0 8 73 11 95 69 79 29 61 97 88 96 71 94 77 58 50 20 7 72 16 22 12 68 14 66 39 33 43 55 52 17 21 32 87 46 38 42 35 78 40 10 90 6 92 13 3 9 34 27 70 91 82 41 37 4 19 1 5 31 74 60 75 51 2 47 56 62 64 45 65 59 28 
TEST 188 ARG:42 50 12 2 34 30 27 53 85 98 23 39 56 69 1 67 6 55 41 46 99 96 7 90 63 5 43 91 9 44 3 59 25 17 88 16 36 58 73 52 65 94 83 54 32 22 93 66 28 82 8 21 84 57 20 74 81 49 75 35 26 61 71 38 97 40 95 0 64 10 24 19 13 89 14 62 76 80 15 86 45 78 87 18 70 51 68 33 31 47 60 79 92 72 29 48 4 77 11 37 
TEST 189 ARG:84 64 59 21 31 85 54 0 56 49 4 1 20 57 19 36 70 55 87 29 60 65 33 10 34 24 38 16 11 23 2 95 51 14 47 96 44 3 41 66 77 98 39 61 45 74 89 42 9 32 93 35 58 62 15 75 26 69 83 86 6 82 13 79 91 92 63 81 25 99 18 50 5 17 28 94 73 8 71 90 78 52 40 80 7 48 76 53 27 68 37 72 46 67 22 12 97 88 30 43 
TEST 190 ARG:39 52 95 65 21 99 40 77 55 20 24 91 43 30 53 6 76 47 42 58 3 48 12 34 54 26 83 32 22 72 87 71 41 96 25 4 46 85 57 0 56 2 82 5 50 70 17 44 29 61 49 73 23 90 60 1 78 10 11 62 35 79 13 19 27 9 97 89 80 84 81 51 68 66 94 75 16 14 93 8 38 7 64 28 33 37 92 63 36 31 69 67 15 45 74 86 88 59 18 98 
TEST 191 ARG:39 66 80 26 50 16 46 6 36 64 97 45 69 32 86 25 43 73 89 93 63 82 12 13 98 49 19 52 38 77 7 47 95 88 30 67 2 29 94 18 20 61 53 99 24 40 81 56 85 8 59 4 70 28 71 91 42 22 51 84 0 15 78 57 92 58 1 65 60 55 10 83 37 17 27 68 62 87 41 76 34 9 75 74 31 3 35 5 11 54 72 79 96 23 14 90 48 44 33 21 
TEST 192 ARG:49 50 8 87 34 59 29 4 86 53 40 66 90 72 64 37 81 91 97 20 18 35 30 6 79 82 23 0 74 76 3 1 22 70 54 39 11 99 15 25 21 42 16 17 98 95 41 96 24 28 67 61 5 88 51 7 10 13 94 75 80 48 60 47 2 45 27 92 78 89 85 83 52 36 12 44 77 84 14 26 19 93 31 33 68 55 43 56 71 46 73 65 38 9 57 69 62 58 63 32 
TEST 193 ARG:69 82 33 11 64 30 18 99 76 24 96 73 48 61 55 27 63 13 6 84 88 7 95 12 0 68 75 16 98 78 46 92 66 89 85 83 17 37 52 14 4 58 29 70 31 22 43 38 79 39 36 26 71 19 93 3 20 65 80 51 97 90 54 91 44 72 81 74 59 2 34 42 5 10 35 28 8 53 77 86 45 23 40 41 15 32 21 60 87 47 9 67 62 57 56 50 25 94 1 49 
TEST 194 ARG:11 80 74 23 99 43 65 5 85 48 50 26 77 6 49 37 89 7 38 73 8 9 71 34 32 62 95 40 45 30 46 10 33 52 24 76 88 59 41 35 87 75 15 3 13 1 72 20 93 97 42 60 17 2 58 68 56 90 22 91 94 82 92 28 79 21 70 83 31 57 53 64 0 12 29 25 67 19 86 96 55 36 16 14 66 18 98 81 39 51 69 78 4 84 47 63 54 27 44 61 
TEST 195 ARG:0 48 73 17 7 44 47 14 12 57 64 54 66 19 25 79 55 74 75 28 38 2 26 58 42 88 91 13 92 90 18 1 78 5 41 87 68 40 59 62 3 36 76 21 35 6 98 51 10 70 27 32 34 16 37 4 50 29 67 69 30 11 96 83 22 63 81 33 23 24 56 95 15 80 8 97 31 86 46 53 43 45 99 52 20 39 49 89 94 71 93 61 82 72 9 60 85 65 77 84 
TEST 196 ARG:83 52 78 34 89 49 86 45 47 48 13 74 16 77 18 87 92 12 10 75 7 70 97 1 59 9 63 91 3 67 85 71 55 53 50 56 73 46 36 35 0 24 58 44 72 29 31 57 20 99 94 30 21 22 60 61 14 25 42 95 68 64 28 27 17 96 37 93 81 33 84 26 2 4 88 79 40 39 69 62 65 54 43 66 19 15 80 32 98 90 41 76 6 51 5 8 23 38 82 11 
TEST 197 ARG:27 9 58 45 60 87 11 57 15 35 10 89 76 36 41 80 90 75 46 65 17 55 22 32 8 70 68 85 14 74 48 59 13 24 92 34 81 97 99 28 16 23 37 6 91 19 2 26 50 86 18 33 78 96 43 53 64 67 12 77 83 88 42 56 61 49 38 82 5 20 31 29 93 39 44 1 94 54 79 84 72 71 25 47 52 21 7 98 66 62 4 40 69 73 3 95 63 51 0 30 
TEST 198 ARG:95 43 87 21 89 13 97 20 18 51 70 98 5 0 54 31 65 49 24 32 83 38 39 36 7 92 1 57 94 60 85 75 64 28 56 33 50 66 12 2 47 44 67 35 62 76 74 42 79 86 19 25 22 14 52 63 9 29 72 71 3 4 58 27 45 88 11 16 17 8 73 37 23 82 48 55 6 96 40 15 90 93 80 81 10 84 26 61 46 77 41 91 68 30 78 34 59 99 53 69 
TEST 199 ARG:86 85 2 84 94 73 79 92 89 71 45 56 8 44 88 22 74 26 18 53 12 98 81 19 32 47 10 68 58 11 77 62 60 42 65 1 34 35 48 24 93 16 72 52 23 27 61 20 31 54 70 75 4 95 29 59 99 87 78 80 91 66 33 46 90 37 55 25 39 69 0 63 67 40 28 15 57 5 83 36 38 21 14 17 64 9 41 50 51 97 96 49 30 3 43 76 6 13 82 7 
TEST 200 ARG:86 24 69 99 37 93 21 74 72 85 60 57 22 43 26 88 5 81 50 77 71 6 28 29 79 92 40 0 34 30 56 2 39 73 35 54 51 8 59 63 7 18 14 36 98 12 25 61 62 87 89 44 27 33 84 32 95 94 65 38 19 66 23 67 16 53 78 52 10 96 42 20 15 3 48 45 55 46 13 11 58 17 41 90 83 91 80 76 1 75 9 70 47 4 97 64 82 49 68 31 
TEST 201 ARG:73 41 23 53 44 87 50 97 19 31 80 4 46 39 47 81 70 57 32 20 84 69 38 75 10 33 61 78 24 58 86 91 67 71 18 9 68 13 54 36 29 96 37 43 34 63 79 49 48 30 64 40 2 8 11 17 15 82 65 0 94 6 99 12 56 21 55 3 1 88 51 7 77 60 93 95 28 45 35 89 83 5 52 85 16 42 66 62 27 59 76 22 74 26 98 92 90 25 14 72 
Multiple size <= 500
TEST 1 ARG:-222 70 -180 -102 -9 89 229 228 -140 234 141 171 193 -41 157 23 -156 -13 -133 -30 137 -243 102 -46 66 58 142 -138 25 88 112 191 -179 39 22 227 -114 -4 -191 113 -6 2 232 -205 198 -163 -23 -203 -159 -215 -137 -5 -162 -211 -58 -204 -34 30 182 -141 -230 114 -86 40 -168 149 -24 109 52 203 -167 -108 218 68 86 -67 -125 -55 -116 -64 226 152 219 -146 -119 48 79 159 67 -150 -182 -76 236 -185 208 31 132 108 125 -121 -100 170 -32 -184 197 -157 -177 124 -128 164 59 15 -190 -74 -197 -31 26 -72 -15 145 177 -38 -105 213 21 -174 38 119 162 -106 101 -194 -148 -234 221 243 45 143 -110 -85 -223 -229 -10 -247 -169 -2 -40 -201 158 -78 -50 211 28 56 77 -132 -135 53 172 169 43 -200 -181 168 57 121 156 41 -212 -161 147 201 126 72 42 -56 -47 83 -104 111 -144 10 80 248 0 -175 87 27 115 -69 194 127 -186 100 120 215 209 -120 -60 131 173 -171 24 81 231 -75 -145 216 189 217 -103 -52 -107 -129 75 -195 -3 179 140 -97 91 -91 74 -42 -95 60 225 -153 -142 204 -155 -210 -90 4 -122 167 -136 -80 51 -92 -233 6 54 222 -235 29 205 90 62 -192 -62 -220 -68 -39 154 245 199 -196 146 -245 230 166 -160 212 46 61 -33 -84 85 -27 64 -54 -239 163 -178 93 -18 -170 47 155 -21 110 -51 116 -83 -242 134 244 -11 -117 -238 -219 -249 97 -20 -172 207 -7 -149 5 -183 165 -19 -158 224 -113 122 151 -81 63 12 -48 106 -228 16 105 -237 235 1 148 -87 -118 -1 55 -189 -227 210 9 192 107 -111 36 -26 -66 -154 -22 187 129 -43 -217 -198 -12 -79 195 -147 -231 -214 -98 133 -241 -96 178 -213 -209 -115 35 71 188 98 -127 -101 14 202 -187 -226 -44 -202 -14 33 -236 246 -250 -244 -53 96 65 139 -35 249 200 -221 184 34 206 128 242 20 99 220 50 161 223 239 135 237 18 -29 190 150 32 13 136 -63 176 -151 92 -176 153 -112 -134 -208 -89 -173 -164 -28 19 -152 -130 37 78 241 -166 76 49 183 175 84 103 117 17 123 -71 247 44 240 -88 -207 -8 -94 -218 -126 130 196 11 7 -123 95 -70 69 -232 3 -59 -131 8 -73 -143 -165 -17 -57 118 185 82 186 -225 -77 -199 214 -36 233 -109 -216 238 -82 -188 -49 -206 160 -37 -16 94 181 -61 -248 -240 138 -25 -45 -65 104 73 144 -246 180 -99 -224 -139 -124 174 -193 -93 
TEST 2 ARG:-6 88 -20 76 6 20 -178 -201 -36 178 -124 -123 -98 53 -21 -45 0 -244 -68 134 -246 11 -11 24 -55 -51 -218 223 197 -152 148 -22 -180 -145 -233 -156 48 14 -118 -227 211 141 167 224 -130 152 -230 -245 46 118 98 -74 135 12 -139 145 -85 -196 -167 101 216 212 -190 248 61 109 -64 91 -61 204 -213 -160 -82 -24 51 116 173 177 82 -104 162 -34 -78 66 -247 -188 -25 207 31 -81 117 -114 69 -9 84 -220 50 -73 -105 -129 119 228 188 -93 -10 -159 213 -224 102 -101 -198 -175 -217 -166 23 -26 -185 -135 122 -183 -5 -236 18 44 -231 -90 29 -92 136 89 -131 -248 -32 124 71 -189 -59 90 -222 -71 -27 217 227 236 -80 -223 -7 -249 229 -8 151 -238 15 75 226 -106 -148 -171 35 19 -209 153 -57 -172 25 -242 -207 149 72 183 -108 -12 -143 144 97 73 201 247 -153 -243 160 106 174 200 78 -54 96 175 198 114 -60 -65 59 249 -23 41 68 -127 58 16 187 232 9 126 110 -214 155 246 210 139 -97 30 95 -63 -186 115 -18 -239 219 26 -122 113 -100 168 -158 -111 -149 143 92 165 38 -163 55 -154 -109 -15 -113 94 176 10 -16 -50 -52 77 111 -47 138 -157 164 242 -31 -225 -202 -29 5 -30 163 -193 -199 185 243 45 -165 218 13 199 -19 -161 154 21 87 -91 33 180 105 60 -1 -203 64 -102 -179 36 208 -142 -250 -232 -241 70 142 -234 28 -53 205 86 -62 2 74 4 37 -212 -126 -151 194 -99 206 -240 -3 -219 85 233 -13 34 -70 -33 54 146 -110 -168 156 -84 245 39 -181 181 -35 158 -67 62 239 -210 -103 99 -136 169 -215 130 -72 -116 43 214 -192 -58 -112 -221 -2 125 27 93 -169 -146 121 67 52 -137 42 -83 -211 196 -206 -28 221 -204 -115 -228 -134 -89 202 -132 -138 3 -125 -119 -76 189 -117 -133 -194 244 128 -77 -40 22 56 -75 -141 40 81 -155 231 -37 112 -226 132 -121 -197 -56 159 166 -43 190 -177 237 161 234 -191 -147 -200 157 -128 -216 -176 83 -79 -164 140 -94 108 -107 -48 203 -49 -205 209 170 57 -4 -120 -38 -208 104 215 79 -46 80 -66 -184 192 -96 127 225 -187 230 193 -150 -95 129 -87 -39 186 1 220 179 171 100 -182 -44 184 7 8 -17 195 133 222 107 -174 120 63 240 172 235 147 238 -140 241 17 -144 49 -41 -69 137 -195 32 -173 -229 -235 182 -86 -237 -88 -170 150 -14 131 103 -162 47 191 123 65 -42 
TEST 3 ARG:99 -19 -182 58 -119 9 -181 30 -130 -162 172 -173 -158 -227 -240 186 -122 -35 44 -172 -153 -157 202 46 -143 155 -214 -68 131 -10 139 72 200 34 91 117 239 -244 51 85 -236 -74 25 248 169 1 -45 19 -135 180 241 -197 -168 208 -192 -17 -160 -64 -87 115 230 184 -151 -137 98 166 -205 206 -152 -8 -85 179 -241 146 124 -46 249 210 229 222 -5 -203 147 21 -133 -86 -131 -6 10 -238 -204 -198 -185 140 135 -178 142 28 -171 90 -208 100 219 -115 -147 93 -195 77 -92 -40 -183 47 177 -123 -202 -142 183 61 -217 -21 -210 125 -20 203 242 22 -186 187 4 -116 223 114 -243 -63 33 -234 214 -127 -51 -3 -125 2 -56 158 92 120 40 -188 199 -28 -170 73 -166 161 -216 94 221 31 -105 -41 170 63 123 3 80 78 -73 -107 -58 32 -89 175 15 -91 18 195 -4 -25 181 156 -148 236 173 -50 8 217 -209 65 -94 -47 144 49 -36 151 192 -110 165 69 -15 -126 -230 163 -18 116 96 39 133 213 104 -156 -193 -184 132 26 27 110 -54 84 235 -136 12 23 107 -9 -2 243 238 -118 129 -93 -112 -221 5 121 111 -76 -218 -175 -128 -196 -53 6 43 -190 16 67 143 57 -102 247 152 -117 -200 -211 0 -26 -101 -219 -48 -191 59 29 -16 -237 -90 76 157 -145 7 149 232 -154 -67 -159 -59 -81 209 -231 -103 244 -60 160 218 119 11 -194 188 -149 -43 -129 -224 -31 70 -176 -44 102 233 -163 37 14 88 -164 -24 -77 -96 -95 -179 204 -38 168 55 174 -108 138 148 48 -52 24 -83 196 -121 35 113 207 246 -71 -27 -11 -247 -139 -199 20 95 -78 -206 -75 62 -114 -98 53 45 -99 -138 118 -246 -232 -62 54 -113 167 234 -33 -167 220 -88 240 201 82 -14 225 50 231 106 -7 36 -228 -144 13 -165 145 226 127 -65 -174 237 190 -187 178 38 66 -106 -70 41 193 -189 86 216 97 -215 164 -161 -79 64 194 105 83 -42 -146 198 -233 162 -23 -225 112 79 -226 -80 -97 -242 -250 60 -61 -72 128 153 -222 176 -37 -239 -49 150 74 -248 -32 -69 -124 227 75 -223 -109 -220 224 103 159 17 134 -22 68 141 212 -177 182 -207 -100 109 -29 191 -120 122 228 -249 154 -155 -104 89 42 -66 101 -111 -82 -30 -12 -245 215 197 -180 -140 245 -39 52 87 130 -13 136 71 126 -84 -169 171 56 -55 -229 -150 185 -212 205 211 189 -34 -57 137 81 -134 -132 -1 -213 -141 -201 -235 108 
TEST 4 ARG:-127 82 -167 101 -241 169 232 149 -111 -22 142 89 133 150 126 -239 248 55 120 -39 -170 242 -199 1 198 -154 -37 -16 -147 221 6 62 189 -228 -145 -56 -169 50 115 -183 167 9 -5 -249 19 16 -29 -119 -148 -185 208 212 143 86 -198 243 -205 -102 33 131 188 93 -220 -184 -157 197 116 52 247 -142 -105 -244 20 -51 159 -121 69 238 -83 -19 -8 31 -125 43 130 170 -89 193 190 -60 99 -65 -27 121 -115 -230 136 162 -163 -62 95 -229 8 78 -182 2 163 61 -43 -195 -234 28 226 -217 194 -139 14 -177 140 73 -151 74 -196 -88 233 160 231 164 42 235 -9 -187 -97 103 -123 -245 -179 67 -236 125 216 -94 178 119 65 156 -113 66 -214 77 241 220 63 195 244 -67 -189 53 37 207 -175 223 92 218 -190 10 47 -136 13 -232 123 -104 21 210 -131 -162 4 35 -101 114 -93 184 40 -222 205 152 -25 234 -176 104 222 79 100 -204 -225 147 41 108 -32 124 -11 215 173 -106 183 30 -40 -240 202 -2 -227 -23 174 -53 -212 15 -181 -210 -54 192 153 -174 -208 -59 -99 32 -95 -78 97 -55 -49 -20 -135 -50 -126 18 -61 59 224 -24 -18 176 -250 27 -209 3 -76 206 -143 -178 117 -6 227 -152 134 -44 -17 -81 107 0 112 81 -235 -10 -31 -238 166 219 -191 56 129 141 228 -66 -112 185 -68 -28 -130 -173 -103 68 -172 -82 -33 -118 -77 172 38 214 -200 36 137 -64 237 158 -79 -159 -165 -160 -109 122 -15 12 -132 138 225 91 -141 17 58 151 -46 229 75 -117 132 -96 106 87 -219 -211 -36 -206 110 -243 11 -12 161 145 -63 -69 -247 186 -158 -3 83 -171 -21 180 230 -138 -242 88 -207 84 -194 245 -193 111 -74 -80 45 -201 -98 -215 -197 179 5 -52 -120 181 -144 57 175 236 -38 -91 -41 171 146 -216 168 201 96 155 -161 29 -218 200 196 -84 -137 -26 -231 -1 -48 199 213 -124 -107 -146 127 80 -213 -90 -233 177 -140 -34 24 -134 -47 -57 70 -226 54 -87 48 102 -75 157 72 98 39 -203 182 128 25 -42 144 -73 -100 154 44 -13 -153 -92 60 -129 204 249 148 -122 -116 -155 240 105 -202 -7 -186 -246 90 49 -45 51 -85 -149 23 -221 -128 -71 -237 76 239 26 118 7 187 -30 -14 246 64 -4 -110 -58 34 -180 191 -133 139 -166 -86 203 -224 -156 -108 71 -150 -35 209 -72 85 22 94 -188 -168 46 -164 135 -223 217 -114 109 -192 113 -70 165 211 -248 
TEST 5 ARG:237 25 -92 -246 175 -28 136 -106 -243 -171 -231 248 232 -20 206 189 -118 -64 203 211 241 -94 104 -151 -250 171 205 -248 174 -14 115 102 -223 20 -213 -124 133 -93 -247 -244 42 -76 107 118 -219 -178 54 11 -235 -72 188 160 73 58 -137 165 -168 131 49 114 231 -90 242 45 97 106 89 199 -207 -240 197 240 101 62 111 103 70 32 48 -181 -229 228 -170 152 -13 -48 172 -9 187 90 180 117 134 4 38 201 92 -44 80 26 -49 212 -221 -200 19 -82 88 -17 129 148 -163 -70 -11 -172 112 -143 -205 75 50 -197 8 -204 74 219 -214 -121 -237 -110 -149 -156 200 -174 -166 -2 146 -175 161 -50 -42 57 105 -47 -108 214 -80 -69 -147 -217 -128 159 163 -220 -33 -135 176 -52 -142 56 -71 51 -87 -196 -63 -180 150 -117 130 -38 29 -239 110 -189 -41 162 -15 -144 -233 181 -190 27 55 -75 224 85 235 -10 218 -126 -60 -81 -88 -169 -58 213 -136 -68 221 -112 -182 -211 230 -86 -91 -157 96 63 245 -225 -54 68 220 -210 238 15 -201 61 -152 -102 222 -12 31 141 249 -167 -184 -104 -230 34 236 -43 234 -25 53 132 -162 -6 119 91 100 127 137 -127 9 82 -236 -40 167 154 227 10 149 -24 -77 -66 35 -97 12 246 116 94 -59 -73 18 191 -79 140 229 -141 -202 93 -132 -138 -107 71 153 0 -125 247 -103 -185 120 -150 -51 139 207 -8 186 81 87 -224 -27 -61 72 -56 122 -30 -146 -242 -131 -165 -36 -187 -153 -160 170 6 -85 -34 -32 -148 79 44 -1 193 59 -35 69 -55 239 173 108 125 -114 223 -111 -5 182 190 -226 -232 -161 -31 5 -176 -134 84 -123 -209 -154 -206 204 157 -115 -39 216 109 244 198 113 209 -37 -46 147 52 -249 -57 -53 184 77 168 166 -95 7 225 39 -45 -19 21 142 -21 -26 185 135 24 169 124 156 177 -99 -101 -139 -140 67 -179 66 76 17 -4 -193 -191 -84 -122 -98 23 14 -155 -23 183 -129 43 -208 95 202 22 36 -198 -164 -7 47 -203 233 210 196 98 -133 -145 99 217 128 83 78 121 178 195 -183 -212 -67 30 1 16 158 151 -105 60 2 -3 -173 13 192 -199 -227 -215 123 -89 164 -130 33 -216 86 179 155 -158 215 144 -241 -113 126 -29 37 -245 -228 -74 28 -192 -18 -116 -159 64 145 138 -96 -119 -188 226 -62 65 -222 -234 -218 -65 -109 143 -194 194 -16 208 -78 46 -238 -100 40 -120 41 -83 3 243 -186 -22 -177 -195 
TEST 6 ARG:-47 7 99 199 167 -110 -161 -20 -26 -169 1 61 195 -102 198 213 209 141 131 -46 29 124 -226 33 66 -79 -113 135 -85 25 247 -16 -247 9 243 -59 153 -171 96 231 149 202 127 26 -32 -168 -87 -37 95 -131 -21 -43 228 109 113 221 -58 -115 238 -219 152 -27 207 -5 48 -48 69 -197 67 191 -41 -92 106 -57 -67 233 -191 93 -190 -178 235 -80 -180 -134 187 160 201 -2 -103 -185 -123 -1 -29 -128 157 -118 81 68 70 -89 46 -53 -149 -223 -194 -156 -50 -203 79 82 19 -44 -250 10 63 24 -54 240 211 101 175 182 242 -170 -76 -137 -14 210 248 181 226 -141 -60 -173 -90 -62 -215 17 -129 -78 136 55 179 -237 -130 -23 -146 45 22 125 -94 -192 -186 32 220 -208 85 36 -243 -222 -195 180 -19 206 -232 -184 232 35 71 216 151 -153 174 150 105 -84 5 249 83 77 164 -121 130 -4 134 -51 -49 -143 -157 34 138 123 92 43 159 217 -83 234 -36 -93 112 229 -17 53 -244 52 -112 237 -202 -82 117 208 -3 -106 -39 -7 -187 44 -152 178 -193 204 -213 -116 -25 -210 -221 -151 97 215 50 -52 -74 64 90 98 172 169 -133 162 59 28 -224 144 145 200 212 -120 -18 -248 -63 -241 -142 120 -65 -211 58 -126 137 193 -132 168 -245 -220 132 -228 205 -159 186 56 -107 214 197 16 -204 89 -55 158 156 51 75 -12 -33 8 18 184 -70 -125 73 -24 -177 31 -240 194 -111 230 -40 203 76 119 110 -30 219 108 -238 -176 15 246 222 -147 -138 111 176 87 -139 165 188 -148 107 -182 -66 -144 -201 -35 -196 -34 115 -198 -188 37 20 128 -95 185 114 -8 189 -117 -108 155 161 190 -165 47 -216 2 -77 65 -214 54 -236 -218 142 -45 91 12 -207 -13 30 -99 49 -172 -28 72 -242 171 -75 -246 122 -81 103 244 148 146 118 -234 -175 -227 -140 166 241 -31 -206 223 -6 225 224 -11 27 -86 227 121 -68 -249 38 -119 -183 -124 57 -71 -162 21 -189 -150 -91 -174 -10 177 -164 -179 -15 -97 196 147 -114 154 239 183 88 -38 78 -64 100 -217 -9 -109 -209 11 -61 -56 -145 -136 -181 -122 192 102 60 -98 -160 86 41 -135 -235 143 -73 -155 -205 6 163 42 -239 -212 84 129 -200 -158 245 -105 236 14 104 -154 173 -167 218 -233 -230 0 -163 -72 170 -225 -127 40 23 94 116 -166 -104 80 126 -96 -101 -229 4 133 62 -69 -231 39 -199 140 3 -100 -22 -42 13 74 139 -88 
TEST 7 ARG:-2 -214 93 -47 -127 249 171 -206 -67 84 -81 233 86 176 -78 138 221 191 -178 83 6 -226 16 -123 -8 145 120 44 -29 -20 192 210 -68 18 24 -117 121 97 -120 -181 131 198 11 -142 223 -132 -12 122 73 247 -76 146 -160 76 143 64 -18 123 -209 150 -151 124 -59 -128 -32 -162 139 -186 -80 -150 202 71 -177 -135 -176 203 -115 -171 -121 43 219 -242 41 -96 -141 228 149 -210 -88 225 235 -152 218 54 8 32 214 -197 -95 -163 -66 -25 -55 -199 -250 181 -179 245 -221 -52 163 -118 81 -224 94 -200 141 -15 -50 237 -148 -102 102 80 166 -42 207 -100 -139 116 -170 244 -72 242 200 65 -44 -187 -238 3 -213 -169 110 169 128 -145 -244 152 40 -53 159 -125 -112 236 -14 22 -137 60 156 78 -174 -149 135 -41 20 -11 89 -91 213 70 132 82 -173 -30 50 61 -167 160 -40 194 -69 -93 -35 -241 -195 119 -89 215 230 -157 -133 -56 -108 -23 -87 -143 170 -204 -192 127 185 39 29 189 -230 -1 -215 52 -164 -144 -49 -21 103 195 246 -207 -45 -168 -245 -198 -27 -184 107 -126 111 10 -109 -218 -237 232 -28 -129 -105 -111 137 226 -73 182 216 -7 178 158 184 -188 -85 204 46 129 -146 -17 -235 136 99 42 -37 -10 -61 -202 -216 240 -110 -203 33 17 -86 -130 -239 49 168 69 -65 167 201 -19 38 -161 55 -5 -107 -225 7 162 109 5 -77 -240 -97 211 -194 -234 -6 26 -70 -63 164 57 72 148 66 227 -158 58 222 21 175 -153 -33 77 144 179 -13 -138 12 -196 87 -9 -243 -122 -134 -92 224 -114 -205 104 67 -220 -98 2 234 -236 -233 28 -232 -211 125 -147 92 1 -46 -84 -217 -82 -201 142 155 19 140 112 -227 229 75 -101 -154 209 239 96 248 113 45 193 0 -54 177 -71 -228 206 -156 -62 36 157 115 -31 85 -22 -74 -124 172 130 -99 106 -79 -193 -219 161 174 -119 -36 15 91 -183 -182 231 108 208 30 -4 47 -48 -106 220 -185 63 243 217 -58 190 241 -24 -189 -249 151 -175 -90 -159 -190 -180 196 51 -16 180 59 35 173 117 -34 101 -60 34 212 -248 95 186 13 126 133 -103 -3 -26 -51 100 197 154 27 -43 -191 98 68 118 -208 88 -165 37 -212 -116 -39 -229 53 9 134 79 -172 25 -131 165 114 -166 153 -136 183 -83 187 23 -94 -223 -75 -64 238 205 -155 -222 -247 74 -104 105 -57 -113 -140 -38 -231 -246 90 188 62 199 48 31 14 56 4 147 
TEST 8 ARG:-213 -87 -190 -127 -246 103 -42 230 108 -112 -66 -217 78 56 240 -21 28 -238 113 -84 76 -117 212 206 217 190 213 -98 -55 -184 -165 -7 -40 38 74 0 158 58 -182 -61 198 4 116 235 214 -146 62 -225 -167 -102 200 -168 -44 -189 210 -157 -208 -175 219 152 -141 -119 -147 -8 -116 -154 201 -201 129 81 -230 -202 241 169 -221 177 59 -248 3 -249 -172 160 133 -205 117 -111 -15 54 -38 86 -52 -113 -85 -239 -145 -58 -139 47 83 -215 -105 -151 141 41 -121 70 238 136 211 42 89 -91 -10 174 227 -12 237 77 88 -83 -59 -135 93 204 208 -17 -97 155 -95 32 153 220 203 124 92 225 -89 115 -16 -25 -186 -22 148 -244 84 -101 -227 -150 -86 -33 244 118 -70 -107 131 -200 30 142 -37 175 2 -148 143 216 -131 -48 -211 123 -192 226 -129 180 -100 -30 -11 199 -49 159 -216 119 -247 -46 170 167 121 -19 -106 -231 128 248 -108 114 -137 -155 35 -125 21 145 -180 202 249 -80 13 -134 122 -88 -81 224 69 10 132 232 -123 -57 183 -130 43 -188 -206 8 25 -34 -27 144 -5 -243 -65 19 196 -77 29 94 18 -6 60 -63 229 -20 -162 97 -69 -53 12 207 6 138 36 -72 -143 178 215 -160 189 -166 -43 154 193 176 130 109 221 194 107 231 -224 -207 147 -179 -132 140 5 -14 -241 106 -233 -24 -28 -199 -163 192 146 -90 33 71 65 -232 184 181 -47 7 48 -236 -240 -136 209 -242 -60 67 53 171 -138 -1 73 82 188 37 -158 95 -198 -114 -13 179 105 -196 100 -32 11 -45 -214 -23 -171 -92 247 -250 -75 110 -122 233 -110 46 -99 -39 -197 -64 -169 17 -159 -71 -203 -120 149 -187 -142 40 -183 -109 90 -237 -204 -174 -79 61 165 50 102 166 111 112 -194 45 -212 -235 15 80 197 -29 150 -82 91 -218 96 -209 34 139 44 186 218 -222 125 -220 104 182 101 31 -96 -78 79 -93 185 222 228 -193 -126 -74 -2 -50 -153 137 236 -133 156 24 57 -177 -229 126 -219 191 51 98 -210 26 -9 -18 -35 -178 205 -104 52 27 -223 16 -191 223 -176 -164 -41 -26 242 72 162 85 187 234 -94 75 -152 -124 157 -36 246 -181 49 163 239 14 -156 66 -3 -51 99 135 -228 -73 -185 -118 -103 -144 -56 151 -128 87 -62 63 9 -54 -31 -234 -173 173 243 -4 172 -68 -161 245 195 161 164 -170 -76 1 120 23 -245 134 168 20 22 39 127 -226 -195 64 -67 -149 68 -115 -140 55 
TEST 9 ARG:249 -93 248 -29 43 -168 -231 -148 -167 198 118 -82 -155 235 241 -32 -207 -139 93 19 -157 -208 -219 239 157 126 -95 -234 -147 199 127 128 117 -162 -60 -108 -202 -201 -136 42 -150 69 -22 -64 -35 -238 167 -26 29 5 -66 -88 -59 148 -237 -27 -223 -193 171 -34 -79 -1 -217 -200 52 -96 60 -128 -134 -176 -109 -169 94 40 247 216 205 -50 -244 96 200 122 236 -33 95 226 132 24 188 137 -84 101 -112 177 -218 72 100 211 9 -183 228 -124 161 -194 -19 46 108 -45 -247 -175 -63 106 47 -69 -58 -5 218 -233 14 -220 -222 -240 -41 -12 -48 55 26 219 225 -28 65 -226 -13 -81 -228 25 -246 220 153 238 -188 176 115 1 21 244 62 -248 -73 45 39 181 -151 74 -83 88 -179 -165 121 -57 143 -229 -197 27 237 23 -94 124 -44 -204 -206 151 160 -123 230 233 -138 -75 131 150 -170 -87 -181 174 -227 -61 -10 84 -104 186 68 11 133 54 -154 -144 34 138 -89 51 4 92 -62 111 155 -187 -68 -2 154 -192 -152 17 -80 -173 97 -158 -184 139 110 -103 -159 178 -36 214 232 245 194 -224 75 158 -11 147 -189 41 -85 -37 -70 49 145 76 113 59 63 134 32 -77 103 231 142 -156 -210 -164 -43 152 222 -111 -221 180 -137 33 -40 -56 30 -21 105 163 -51 67 -113 227 209 -190 149 -212 85 -25 -116 -117 86 -126 38 221 -18 81 162 185 193 37 -161 13 35 83 90 -30 141 195 201 172 15 -142 192 -133 -236 -235 -249 -42 -67 -245 -110 99 -14 -107 36 98 -54 -195 73 0 -23 91 57 179 -17 -98 -203 20 191 217 -49 -141 -115 -149 64 107 112 -153 -86 -105 -121 223 168 203 -171 165 -239 -106 31 -241 53 -53 -129 144 140 -8 -214 -31 234 -172 -122 -178 50 129 215 77 -4 224 -90 170 7 -160 109 -185 206 -39 -92 58 -119 123 -52 16 116 70 173 213 -47 -166 166 66 -198 -209 -100 207 -97 56 10 187 28 135 -199 -230 6 190 -7 -118 -65 119 -191 -211 -225 243 -15 -120 -127 80 18 8 204 -74 -6 82 87 -135 146 -242 202 2 229 -20 240 125 -91 159 208 -24 89 -177 -182 -101 120 -145 -146 61 -131 -16 -215 -55 48 71 130 156 104 -102 -130 -180 78 -99 -250 12 169 182 -216 183 -132 -46 -125 -174 184 242 -140 114 210 -213 164 44 -163 102 136 -76 175 -196 -3 -72 -71 197 -78 22 79 -38 3 196 189 -9 246 212 -186 -243 -143 -114 -205 -232 
TEST 10 ARG:-102 187 185 -89 29 186 50 109 -32 183 243 -184 -239 80 -39 18 -223 52 164 -173 -214 91 176 2 -54 -104 12 142 -12 -14 -138 171 -95 144 224 78 179 221 36 -209 -241 135 56 -205 -115 175 100 134 -33 6 -120 37 -26 126 -158 -140 -168 70 197 -23 -116 -16 65 -17 21 69 -85 147 115 -193 -148 -237 111 4 240 232 -86 82 -114 246 -6 239 -3 -28 -47 -18 -221 16 150 -131 66 -194 67 -216 -45 -31 64 236 146 212 -222 -67 15 8 -141 188 -228 -236 167 75 201 -143 228 57 63 -1 -235 -52 -19 -230 102 163 -180 242 -49 -169 -167 -245 149 83 -179 189 7 160 30 105 -187 -38 220 -42 210 28 51 -161 116 114 184 73 -64 43 124 222 -5 86 26 3 112 -9 55 -72 25 32 104 215 -229 -11 -247 -250 119 85 -101 174 -188 72 96 40 41 -83 -25 154 -82 -157 98 -74 152 42 -147 22 -124 207 139 159 -133 209 59 -62 54 -233 219 -224 -111 -183 -170 -234 -172 169 71 -156 235 -198 -50 172 -186 34 156 208 -46 -99 -76 -146 -110 94 -163 -113 -181 13 -24 -219 216 33 10 202 -242 -93 -154 121 -60 158 199 125 -75 190 -69 -40 -155 -106 -215 223 193 211 -196 225 133 -244 194 -202 -15 -128 53 58 151 -151 38 -90 101 -153 137 17 -58 -84 97 47 -37 -57 161 31 170 -100 -44 -20 165 -59 -10 -109 -171 48 -51 -63 204 191 140 11 217 44 128 -105 143 -125 238 192 -174 155 -79 103 -231 -177 248 84 205 -30 -123 -178 -137 127 173 -71 108 -107 -122 20 -189 244 49 233 -92 195 -142 -97 180 214 -226 -87 -149 -73 -206 -53 245 89 -227 113 -29 27 39 198 -134 -130 -121 68 -175 -240 181 77 88 -8 -80 -197 93 -132 -248 196 -103 -88 -232 131 -225 206 106 -2 95 92 130 247 153 226 110 177 213 122 117 -55 141 14 -160 62 99 148 -81 -201 76 -191 -117 -162 -190 74 -119 120 -65 -112 -91 -182 -96 -195 237 -176 -136 138 200 162 -217 229 5 107 -4 23 -66 230 168 136 -199 -249 -77 241 182 -159 -118 203 1 -243 -220 -21 87 -200 -246 123 -36 -61 -68 157 -126 79 -135 -238 -150 -166 -203 129 -22 227 -27 -211 35 -185 61 -13 -48 234 -144 -139 218 249 81 -213 -41 -35 145 -108 -218 -152 -145 24 -94 -192 -78 -210 118 132 -212 9 178 -129 -127 -165 46 -43 90 231 45 -34 -204 -7 -208 166 -164 0 -207 60 -98 -70 -56 19 
TEST 11 ARG:-15 132 -66 81 48 -236 -176 -20 153 -208 71 -72 -205 192 -133 -32 39 -79 124 140 -148 11 -46 56 209 166 -117 -74 242 141 -178 163 247 -160 -130 136 -97 -27 23 -250 234 15 -52 -226 -51 28 -96 118 243 -184 180 -199 26 -177 138 -218 123 -78 211 30 7 194 228 -4 -55 50 -186 -180 -25 146 -124 83 12 -167 -216 82 -201 101 -158 160 -159 -155 -195 66 -247 -1 -24 -137 -144 60 112 128 139 -110 193 -233 210 -14 -131 22 186 72 182 -194 204 179 122 -89 -241 29 -9 -225 -112 85 -193 -139 235 190 131 1 -121 205 114 96 149 47 46 -68 100 -142 40 -94 45 -165 216 -115 246 -104 147 3 -43 -87 248 -57 108 191 -234 -105 -107 14 195 -26 -154 -54 158 241 58 -122 -34 176 74 -84 -242 76 -3 -108 154 110 157 -204 -50 159 -228 27 -188 -10 84 156 244 -192 8 19 -150 -16 -153 238 -213 62 249 102 -181 -169 126 -106 212 -65 206 207 219 -109 31 200 -203 -156 -220 -28 -126 -152 -227 -92 187 -248 78 95 -102 -53 73 -90 -238 -145 -187 -162 -13 215 232 -88 69 103 130 214 -101 43 89 185 -166 -202 224 9 168 91 -58 67 80 -173 237 151 2 -39 113 10 -99 -114 -83 -172 -22 -217 -120 -33 -161 227 178 115 -211 116 -123 -141 -71 63 -127 -157 20 -222 97 125 -60 34 245 119 129 -237 52 177 -113 -221 105 -93 -214 -125 68 -80 -231 -190 70 197 134 144 94 -140 152 -21 -35 25 -132 202 -175 -77 117 -7 -61 -174 -249 221 -23 51 164 183 143 -149 203 79 49 -59 -75 -210 -246 -209 196 222 -229 -44 220 24 184 18 92 107 -185 -191 -196 236 -147 225 -244 229 161 -11 -143 201 -135 -98 188 -37 37 13 -207 150 -48 -2 162 104 -164 133 -212 87 32 -134 199 -111 226 42 36 135 77 -197 44 189 -170 -64 155 -200 41 -179 145 -67 -198 -30 -163 -240 -235 169 -6 -138 -95 -189 55 -12 230 240 -239 -206 120 -245 173 -103 6 90 65 218 -100 -18 -36 54 93 61 17 4 -8 213 -168 21 -151 -76 -223 -243 -73 38 121 -119 -171 111 137 -40 -81 -182 106 -136 16 -19 98 127 75 142 198 -82 223 208 -45 99 -128 171 5 167 -5 57 165 -118 -224 170 172 -31 174 233 -215 181 88 -56 -146 -17 0 -219 -69 -29 239 109 -70 -47 -63 -183 148 35 -232 -91 175 -42 33 231 -49 86 -62 -116 -85 217 -129 53 -230 -86 64 -38 59 -41 
TEST 12 ARG:235 4 187 -71 8 -151 48 100 165 13 -133 166 -22 -169 6 -60 -63 -75 -249 -130 186 -65 -177 -68 248 113 215 -166 -14 34 -120 -66 -96 223 149 -250 -2 201 -231 -69 247 137 -121 -85 -11 103 -53 209 -168 -129 -42 -79 -214 141 64 198 153 133 -17 -45 -197 110 -226 83 92 -27 47 143 111 -90 1 62 -153 -57 -136 -108 229 -148 225 204 -93 157 214 -116 -175 183 53 -91 -24 7 160 -244 -47 127 238 -52 17 45 70 -202 177 -113 145 -48 162 19 132 -32 179 146 2 112 237 120 -67 25 184 140 124 126 55 -194 182 -117 80 -198 -215 195 -83 -4 26 87 101 -87 144 -6 -183 154 205 18 -73 -172 -235 46 234 -181 -218 -210 -139 217 210 -193 115 -211 106 156 -138 -123 -206 -208 -238 122 -170 71 105 86 32 -40 79 -8 -104 -205 -243 -39 192 52 236 240 -162 -38 -118 -36 -115 148 -97 84 -185 152 -43 -101 -105 -99 -112 -240 56 129 -182 231 228 139 -70 -88 -165 -247 -220 -228 -195 -76 159 -159 -119 43 -137 180 220 -15 213 245 169 -161 233 -102 117 -230 -223 175 10 -86 -20 -9 -41 -143 202 176 194 -191 -23 -125 203 171 -62 -227 244 191 -44 116 27 -77 208 89 -82 107 38 -158 -184 178 243 24 -46 81 -150 190 -35 11 -187 -178 69 -140 241 -1 77 21 142 102 -81 31 16 57 -84 44 -144 54 -80 -156 65 75 199 -29 193 -7 93 -26 218 23 -225 170 76 20 -95 -3 163 41 -37 -98 -56 -237 -10 90 130 108 -246 -173 151 -229 -124 85 -176 216 -107 -201 150 39 -200 119 12 -21 135 -212 -157 28 -131 -72 173 -188 -94 74 -51 118 -141 121 -106 -12 -128 219 -114 -50 -146 168 40 30 -222 212 72 -18 37 -155 -127 -186 -179 96 -204 167 181 -64 -180 -16 58 42 -196 9 3 -199 73 -163 66 246 -221 155 -31 51 -241 -142 97 -54 -100 36 -160 -78 15 60 0 29 104 59 -55 -209 98 207 -111 -233 158 230 -59 -58 188 -149 82 -135 138 -5 -167 -19 -110 -109 -207 67 -164 5 14 50 227 -236 196 -242 -147 95 147 -224 221 249 -126 88 134 -34 35 242 99 91 -192 -13 49 136 226 -145 224 -154 174 -203 -152 131 128 211 78 -171 200 68 161 -219 -103 232 -189 197 33 -25 -174 -217 109 -49 239 61 125 -134 63 -248 -61 -232 -216 94 -245 -122 123 222 -28 -74 -89 206 -239 -30 185 -92 -234 -190 22 -132 189 114 172 -213 -33 164 
TEST 13 ARG:-157 109 -139 -41 -47 -211 -165 94 -64 -82 -108 -20 -125 186 150 -87 133 -46 -228 -60 166 -202 -178 215 -201 -18 -119 -22 185 42 -62 114 -225 -231 247 -215 -115 38 -141 -114 54 20 238 -17 207 -128 -218 19 -13 80 -96 -159 -120 -147 90 91 -137 182 66 122 194 -79 221 184 121 168 -246 -56 -195 -229 128 110 187 33 16 -123 18 -86 134 95 132 102 75 -106 -196 112 61 5 -184 -227 105 -221 -122 214 -204 -34 93 14 -66 13 139 2 177 -24 -200 23 -74 -102 -205 -220 -190 223 199 158 -155 59 -244 146 -153 -26 -187 -132 209 -146 -131 -158 45 22 -192 -21 101 -145 245 159 26 -84 165 11 92 191 211 -245 113 -93 -121 -4 53 -168 -186 -28 -103 234 -8 -38 -247 -80 181 -36 -224 58 -2 -242 44 -11 202 200 -52 -53 -85 87 -40 -109 -162 40 41 -193 226 55 89 149 86 198 34 -6 -210 212 142 27 -152 -90 -143 -101 220 49 -91 -180 137 -68 36 73 154 -73 -226 69 -219 236 -44 -92 239 -32 127 -1 224 -116 -199 -98 -156 -189 217 10 -149 25 6 195 -95 103 241 -185 35 -67 227 -63 -14 172 108 145 70 -182 -58 -29 15 -217 205 243 84 167 155 233 161 96 246 106 -140 -191 124 213 169 98 156 83 189 -72 43 -234 -233 -54 47 -89 111 175 -176 196 135 117 -35 -213 232 -42 148 123 230 -129 240 -112 21 -117 -78 237 -88 131 -240 24 -163 -154 -99 -208 32 -222 -65 -70 -174 88 160 -124 52 164 67 64 197 17 -107 249 141 201 48 208 222 -61 9 -164 46 218 126 63 -45 -239 120 204 248 -173 231 -203 -113 -250 -172 60 -83 125 85 129 -169 74 162 -55 57 3 77 206 -25 -238 -105 -177 -167 138 176 -3 170 81 -48 136 99 -198 118 8 -151 -33 4 -110 79 -81 39 0 104 -148 144 -207 65 225 -230 147 7 119 -243 -135 -50 107 171 -39 -130 -197 -144 143 -194 37 50 -175 183 190 -59 -9 180 -142 82 -160 -138 -94 -75 -19 -69 -57 151 228 116 -71 -37 174 115 -77 -5 29 203 -30 130 -7 -241 -133 -127 -10 -51 173 -150 12 235 78 -171 188 -31 -100 -181 -111 -206 -232 -136 -209 -170 -118 -236 -126 -166 76 72 -212 62 210 193 219 153 28 163 -179 -235 244 30 -16 97 -223 1 71 68 -97 -134 -43 -214 152 -161 140 157 216 31 179 -12 -183 -216 -104 -76 -49 -15 242 -249 51 -248 -237 -188 229 -23 56 178 192 -27 100 
TEST 14 ARG:185 -9 192 -150 178 41 62 -95 128 97 84 195 -3 176 103 81 93 162 -167 -24 223 47 -18 -43 168 -213 -76 70 59 209 -163 228 -132 164 -145 -137 -236 190 96 125 51 -10 -237 -91 163 238 -39 -155 225 137 -242 -117 201 -120 104 220 -159 -201 -214 18 -194 113 210 33 -17 152 232 -146 123 -222 114 -16 -233 25 29 129 85 22 134 -151 71 187 6 -12 216 5 -182 108 247 -60 121 53 11 -122 135 -72 -1 -164 -131 32 -198 242 214 230 204 -90 -140 -106 202 188 -41 -127 -179 55 -186 130 52 -202 205 215 186 177 -206 -220 88 231 248 181 111 100 -48 148 -25 -11 63 150 196 105 -129 3 237 46 -44 127 102 203 119 65 144 -75 -226 -229 -244 -36 -27 -47 -20 -19 -204 -69 -2 -231 -185 -81 -66 160 -195 67 -200 69 221 34 87 -119 -139 -246 191 218 -149 -172 36 167 -232 208 -85 -108 -147 -56 64 -51 8 122 -217 -196 74 -80 26 131 -28 199 -128 -59 -133 -5 -63 -38 24 7 56 19 89 -58 -115 94 -158 1 -7 42 139 -35 -223 -199 136 234 194 -126 -107 -113 -86 -13 217 0 -71 -250 -205 -190 27 -23 68 16 77 -8 -116 -239 60 182 -165 -53 80 -74 -83 -82 14 -187 -162 45 -188 106 158 -247 -65 21 -6 143 124 -34 -50 76 75 23 39 133 166 -73 40 110 82 -211 44 -153 173 -96 246 -243 -45 9 141 43 219 -183 -68 79 233 -228 -124 227 31 -22 189 -93 -235 -88 -245 240 90 155 15 109 -54 -109 -112 244 -32 142 -156 4 -178 -224 13 -98 226 -170 -181 50 -230 101 -208 -125 10 -143 17 54 -97 212 2 149 35 172 146 48 -89 159 -121 -184 -142 229 -212 -176 -218 95 236 38 161 -52 117 138 112 -15 171 245 211 -161 145 -209 140 222 -144 157 175 -31 193 -26 -138 -160 -102 184 12 -110 197 132 -177 -154 -40 -67 -168 -169 -227 98 -189 -79 -30 -105 99 -84 30 -21 -64 200 -238 -225 118 241 -33 174 57 -148 243 -100 198 -192 153 -216 -134 28 -77 206 -103 -135 -62 58 -49 -173 -157 -46 -234 -249 78 -207 249 -111 165 -14 -114 -4 -92 -166 -248 179 180 -94 -193 154 183 -78 -61 120 -215 -175 -87 20 -118 -191 107 37 -203 -104 213 -99 -219 66 -210 116 -70 126 83 156 86 115 170 -42 -240 -136 151 -241 -123 -37 -55 61 -180 -141 92 49 73 147 235 169 -29 207 -221 -57 -152 224 -101 -130 91 -174 72 239 -171 -197 
TEST 15 ARG:103 161 -95 -157 -104 243 249 -27 223 -90 -219 26 -14 -171 72 138 79 -126 42 -55 206 39 -187 -96 -118 96 -168 -120 217 80 -121 -202 -133 137 135 92 211 -140 151 -117 104 -237 -220 -13 51 1 -99 55 -108 -73 -239 -214 116 152 131 121 -119 -209 36 -135 -61 18 -151 195 0 197 -1 209 13 199 -178 -29 60 62 -169 -51 -11 210 108 -218 -4 184 33 22 -152 227 -94 -238 143 207 -122 -215 132 191 16 -97 -149 -210 -212 61 -213 -150 -160 74 88 139 48 -112 57 -78 21 247 -12 128 -183 30 -143 -16 175 150 -105 124 187 230 -180 85 -139 65 -41 -161 -83 125 49 43 44 117 11 12 -182 -32 -9 -101 216 -162 -68 -226 2 -167 -203 -81 -193 -57 -49 8 -124 -10 83 -20 -5 -190 -195 -15 -235 52 245 58 -145 -54 -222 -206 -199 101 226 236 19 -166 -103 -127 95 -245 -100 172 -79 -86 160 -249 -192 94 -248 81 142 111 -67 158 17 -30 77 181 179 -42 -225 35 140 166 -46 -39 -244 188 -142 220 -26 63 -50 194 20 38 102 233 -207 169 174 56 9 -148 219 3 203 -69 148 -114 149 110 -71 4 -216 -28 186 -186 234 163 244 27 -23 222 -132 193 -146 -53 -52 164 -144 99 -246 84 -63 87 -201 -25 -236 -88 -197 -109 -31 -173 -170 28 -131 5 -18 75 -181 -156 -224 25 201 182 -172 154 -22 -6 168 -116 -82 -200 118 47 -233 144 -110 -163 126 78 100 -211 34 106 237 -19 -136 105 -80 -115 173 114 -177 -66 228 -184 218 202 167 -174 -198 -44 -38 -106 -91 107 -194 145 -228 -179 241 -76 -77 -64 -196 -153 -247 -231 -208 212 -205 29 232 238 -123 231 155 141 -59 -158 93 204 -164 -189 -250 -84 -188 213 -159 -2 -113 -87 -138 73 -62 133 -155 70 -8 45 122 198 98 76 -65 -56 -92 -129 6 221 -48 69 -125 -154 66 224 -175 97 -47 -36 196 -70 -241 -240 53 147 159 -7 -134 146 112 -98 242 229 68 41 192 14 -176 185 113 31 46 248 -229 -21 176 -93 -43 134 225 -45 215 -243 71 -128 208 54 127 -74 -227 136 89 90 170 -147 -165 -33 115 -60 15 -75 129 183 -85 59 120 177 67 130 82 -185 10 -191 178 -223 91 -40 123 189 -35 50 157 156 -37 -58 205 -232 -17 23 240 -141 190 -107 -242 119 -89 -111 -130 214 -34 -3 239 162 -234 7 165 40 86 153 -102 246 200 -230 -72 171 -24 -137 -221 24 -217 64 180 -204 37 32 109 235 
TEST 16 ARG:74 7 39 -229 94 -189 230 -85 -224 -148 232 -43 -140 233 -57 -69 -71 -34 194 100 -108 -106 54 26 235 130 -7 -247 180 170 -55 212 237 -176 174 227 -64 -116 127 218 167 -66 142 -124 -199 -90 222 172 87 215 -117 -182 137 5 35 177 -163 75 220 102 132 176 206 -15 -208 61 -185 -72 -203 -61 175 65 195 -115 96 -42 224 -37 69 153 144 152 -104 64 -40 189 -205 198 23 71 -179 -83 162 6 -238 90 -241 89 -206 19 -135 -22 205 -100 -24 -18 135 -184 -51 183 247 -212 -177 131 -234 -145 -91 -75 -223 -119 49 67 -56 -174 81 122 149 242 -150 -20 -80 210 77 245 -215 -41 56 -134 -110 133 -125 11 62 191 13 -133 -165 -48 12 160 196 -233 -63 53 148 229 40 -54 43 -228 -103 200 24 168 -250 -157 239 -161 -186 166 -127 136 18 -121 106 199 -28 63 -49 151 231 -201 -188 -173 -96 -130 88 -192 68 155 -109 -210 25 -138 52 150 211 72 -131 -126 204 223 38 -3 -213 -216 -170 -191 179 -147 114 97 181 185 50 44 -239 91 -178 -164 -21 -111 78 -35 36 -200 -158 161 -97 140 116 47 -60 -123 -1 -156 82 -120 58 228 27 -46 -70 -197 104 249 -59 -193 -128 -45 -214 48 -202 -84 101 -235 85 146 -194 134 118 59 95 244 -132 -222 -217 -102 -141 98 80 -114 208 -167 -155 -11 -94 -9 216 -226 22 -95 -175 3 -160 -230 139 -169 -98 120 -4 -92 -221 -209 -146 84 -183 -16 -5 112 201 173 178 9 1 -87 154 -112 46 143 10 -101 -73 -129 -149 246 234 129 111 4 83 -195 -67 -232 209 -36 226 -168 126 -248 157 33 -240 41 202 238 -62 207 -105 -159 241 109 -245 -151 107 -47 121 -13 -93 105 214 145 186 -118 225 164 20 -153 193 128 -53 -136 -8 -58 221 -99 187 -74 -38 236 -154 108 29 203 -220 -219 217 123 -77 16 -10 -30 -139 -32 -33 31 -19 -227 -17 -243 -6 -65 -237 213 -196 -52 -144 8 103 45 76 57 -12 -231 -14 188 14 73 -26 2 -122 -29 0 -107 115 21 182 -31 -81 -86 -50 -137 66 171 -246 -180 37 32 110 51 117 55 -204 -27 -88 -76 86 -171 -162 141 119 -190 -89 243 -152 -23 -242 124 99 165 156 113 147 93 197 138 184 -25 15 240 42 169 190 -249 158 34 17 -211 -218 192 -225 -39 159 -142 -244 -143 28 -44 -236 -2 163 30 92 -207 79 -82 248 219 -181 -78 -166 -198 -68 -79 125 -113 -172 70 60 -187 
TEST 17 ARG:-110 4 134 35 -190 -20 55 217 -231 235 131 -78 -238 -79 -226 88 115 143 -96 -155 56 -95 133 222 -25 -196 123 -171 -111 -91 24 128 -88 -90 54 109 -33 157 63 27 -109 107 -92 -225 176 -39 -206 -146 189 -185 -150 8 85 -153 236 52 -112 229 -149 62 92 -69 246 9 -166 -218 -115 -198 225 19 -137 33 -15 122 163 -250 -104 -93 200 -126 -219 171 50 57 -220 -124 -3 17 162 -242 -178 138 -248 99 210 -56 -105 -227 185 -172 -77 100 47 193 -239 101 -102 23 121 -52 21 -53 12 -67 -130 231 -134 78 58 -162 -210 199 -65 11 136 -44 70 -32 161 -173 10 -48 181 83 242 -145 53 223 97 111 -160 112 -205 144 214 -66 59 248 238 155 -55 -123 -38 76 154 -237 -176 152 -191 -154 184 -175 -142 -147 125 16 -75 177 74 26 -84 -216 -203 -22 -58 39 -140 -14 118 -121 178 -222 -139 -101 -148 38 -182 -57 207 150 172 -249 -200 48 -103 94 240 146 102 -120 168 105 -12 80 -136 132 96 120 -215 -169 -106 103 -179 13 211 61 -26 31 -118 -116 -107 -72 -122 -234 6 113 43 -76 -24 -99 156 69 34 -50 -217 175 -17 -157 45 -131 66 -170 28 191 -143 75 -73 127 -228 93 219 166 174 22 -164 -42 -7 203 110 -202 224 -23 98 42 -98 37 -151 142 -187 -19 141 -141 18 137 -9 49 -119 51 -74 213 -144 243 202 -209 212 108 -28 -224 -207 90 -108 239 -168 -230 233 -125 197 -229 167 86 153 0 230 -34 194 -37 151 209 -133 226 -18 -184 -161 -201 -100 89 145 -183 114 -241 -6 -8 40 72 -89 20 -212 -1 -158 -181 -192 179 -211 249 77 -54 -11 -246 -177 -197 -60 -135 160 -244 192 -41 65 135 -51 -27 68 -36 221 -247 64 -186 -85 241 -61 -117 124 220 -204 -213 -159 164 237 126 1 -35 46 149 79 -31 -21 -82 -127 -223 -13 186 -132 117 129 116 73 -114 -62 198 -70 245 -221 -71 32 -45 159 195 -68 -29 30 173 -86 -199 247 205 -40 71 7 67 -63 -194 -43 169 91 -46 232 170 -236 -138 182 -189 147 -128 -83 -214 158 208 -49 183 190 -245 180 -30 -240 228 -235 -167 -243 -81 -94 104 95 187 -5 -4 87 -188 -156 5 81 -16 -208 44 -195 15 218 2 188 -165 36 -59 216 215 -47 234 14 140 -10 -97 84 201 60 139 204 119 25 130 -87 -2 227 -129 -163 -64 -113 -152 196 3 165 82 41 106 -233 29 -174 244 206 -180 -80 -232 148 -193 
TEST 18 ARG:-73 232 -75 174 -239 3 -240 -137 234 -216 -117 -199 -249 126 -27 160 -110 -30 -187 142 242 -246 198 -150 148 -82 48 -141 62 99 249 42 -12 -167 -67 26 -48 134 22 226 -90 -17 120 17 189 235 89 -243 -245 138 -135 121 -47 -128 75 35 -165 -41 2 37 -179 4 159 -189 -238 -206 65 86 73 207 158 -196 25 217 -25 -160 96 -87 181 47 -129 -205 -60 -233 -94 161 -152 166 -112 -127 -36 224 -133 152 -242 -212 212 71 173 -203 -229 -44 246 171 -193 184 -172 -186 -68 78 -159 -143 -154 45 51 -70 -8 83 -92 91 125 223 63 124 94 92 243 170 -132 106 182 95 119 137 -140 24 188 -142 76 -108 -32 15 150 -223 -101 236 141 -134 -228 -5 -89 -197 -204 -185 169 183 53 135 -74 -46 216 -184 -166 93 -230 21 191 118 -71 98 27 -21 81 -171 -190 -214 14 115 133 54 -78 -217 -26 13 -136 -168 -102 -222 108 -54 176 162 -188 -14 57 -247 177 40 12 122 90 -76 206 -97 -72 31 194 -207 131 112 -111 11 69 -77 114 192 39 -211 -170 205 -208 34 -183 105 52 59 46 -121 87 -16 -96 -191 -201 240 88 149 -33 -50 82 -4 213 41 241 145 -34 8 163 128 210 -164 -151 -227 -69 201 197 -7 100 -119 244 -57 -181 30 -100 -55 209 113 29 -145 109 50 200 -220 -99 74 132 -18 -3 -195 208 -161 222 -175 66 -114 227 102 -61 136 -225 58 -139 -130 225 -182 -231 -86 187 229 -113 -215 127 178 -194 61 -52 -49 -146 -156 84 -131 204 107 -169 -6 -210 -66 -118 -232 155 -91 -202 -138 -80 80 1 185 -13 -15 67 -226 220 247 248 179 -200 -40 79 -192 -85 -24 167 117 64 -1 146 -84 97 77 -79 214 -124 -177 10 139 0 -173 -109 -22 -122 -98 199 -234 -95 111 18 36 230 238 186 203 -224 -120 196 -123 -198 143 55 -248 -106 144 239 -37 193 -126 175 130 211 -103 151 -221 231 116 7 -51 6 123 221 -235 -31 56 -38 -19 -11 -42 -116 245 -213 -163 202 -39 -35 32 -178 104 233 -149 9 68 -153 180 -62 -236 101 165 -148 164 -104 72 -105 -23 70 -9 60 16 -29 85 38 -10 -88 -162 103 156 -64 129 219 -59 -43 -237 33 -219 -83 -144 -63 28 -244 -241 140 -157 49 -115 -107 -174 44 -176 228 23 215 -93 154 -56 -209 -147 -180 190 -58 110 -158 195 147 -28 -20 157 -53 168 20 237 172 -155 -218 -125 218 153 -2 -81 -250 -65 19 -45 5 43 
TEST 19 ARG:36 -166 -121 44 31 149 65 9 153 -108 139 -192 -188 -167 -46 120 -197 -13 -179 -193 38 227 -162 8 211 234 -117 93 175 -51 -214 -219 248 -153 -26 -209 -149 -60 -32 161 158 126 104 -65 25 246 96 -22 -147 127 40 -223 217 -203 121 102 80 -124 72 -78 -221 205 -212 223 -39 231 91 159 212 -77 -29 -47 220 169 30 -215 200 22 -160 -245 183 -237 -11 194 -69 -151 -102 191 79 -118 -52 -233 134 193 116 189 13 129 -206 -184 -241 199 -66 71 -189 27 14 216 -139 -136 -87 -106 240 167 -85 -234 11 142 -54 119 -146 -53 26 177 160 144 -222 -42 103 47 -49 60 145 -72 -213 -198 112 -123 -244 -43 -130 -182 106 -48 57 171 -173 163 -64 166 -186 -243 196 -104 -187 53 -246 110 -226 -12 -9 -116 -161 152 -155 18 28 186 6 111 245 -88 85 100 0 202 -199 -205 19 -28 239 151 -16 48 -114 -82 -1 243 -86 -128 170 114 -242 3 94 -154 228 165 -158 5 -35 -30 -44 4 21 -129 143 213 -119 64 88 210 95 -113 -27 236 -218 -240 -140 15 -20 -163 -232 -156 -115 187 164 16 -152 242 -98 204 -68 29 -120 225 -220 -171 -57 -208 55 249 247 -169 67 206 -37 -250 221 113 -175 138 -230 148 219 1 -91 226 -36 39 83 -165 78 -122 179 -8 82 -90 -56 -134 -89 197 -109 -210 -19 -248 -196 -100 -164 -195 -229 -200 -59 -138 -227 20 -75 101 -224 162 192 115 -225 207 -247 92 -2 135 45 35 -201 -93 77 -127 232 -249 10 -76 90 146 233 188 181 -33 -143 -61 -73 -194 150 -4 117 -6 -10 -125 195 -172 -235 230 208 73 185 -231 66 -217 130 244 43 174 209 97 -41 68 7 -178 125 123 180 -18 -107 -191 235 229 224 -135 2 -183 -23 190 62 -170 184 131 147 33 222 214 -94 50 52 241 63 -70 168 -111 32 109 74 -131 238 133 81 12 107 -97 -101 -211 -24 -71 172 76 49 17 -95 -3 124 -92 -137 -168 -190 -80 87 176 155 -62 -159 215 -202 -216 237 -15 58 132 -84 -207 -181 -239 98 -180 -40 -17 37 178 84 105 -74 -204 51 157 99 59 -236 34 -81 86 23 -99 -176 -132 -50 -14 69 203 -174 128 70 -148 -157 -31 201 -55 141 -103 173 118 -105 -25 -185 -79 -126 122 -177 154 -142 182 108 -145 218 -58 56 -83 41 198 -63 -34 -141 -67 156 -238 -228 136 -144 -38 -112 75 46 -21 42 137 140 -7 -150 -96 61 -5 89 -133 24 54 -45 -110 
TEST 20 ARG:135 218 -51 -199 -119 199 -248 83 158 -224 -52 -233 -232 -70 195 -38 63 -101 -231 54 37 49 174 -34 73 90 -194 147 34 19 -211 41 94 -60 -217 -102 24 113 -238 -172 97 101 241 144 225 138 95 74 -53 -115 -4 68 -198 -176 238 70 223 -170 27 203 -190 53 -100 -246 32 -140 127 -46 -177 230 177 132 -27 -3 -110 35 221 -31 216 109 -247 -182 -213 -37 -139 -25 178 167 207 -67 29 -208 213 239 -57 -226 125 -210 -42 126 193 -54 149 21 -218 -204 243 -63 -207 110 79 224 17 -155 64 220 0 84 -48 -94 -121 -147 237 131 156 186 184 212 148 -197 137 -122 150 160 -164 -24 -82 -148 -77 -243 152 2 -129 -1 -181 75 222 108 249 209 93 153 -187 -141 -84 -144 133 -175 -111 -157 69 -95 96 -221 50 14 89 240 -132 -165 204 -138 -216 129 105 205 -154 55 -114 248 -117 12 166 42 13 -8 169 -127 -163 -191 191 176 76 6 -222 226 -171 -145 -179 -15 72 7 -23 -159 -167 -227 202 -107 229 245 183 227 -35 219 157 162 161 159 30 -205 134 -162 136 210 -192 246 -160 -68 -235 247 -200 118 -93 142 -237 -86 -225 214 -98 1 -203 -20 171 -124 -196 130 11 5 182 -150 154 60 -89 -58 9 -36 -50 234 -136 -7 -186 233 4 -250 124 66 103 23 -131 -209 211 -185 155 91 -87 -83 85 -130 47 -183 -120 217 -112 -193 -81 39 -116 107 10 146 99 -61 242 185 15 -72 -133 175 -97 189 -152 116 -244 102 -103 -88 -249 59 26 33 -123 -118 -10 -143 200 -30 61 -66 82 31 28 -113 -174 57 -184 3 145 206 -18 -40 181 -78 -241 -12 187 192 36 120 122 -62 -240 22 -104 -80 151 -149 46 87 123 143 -6 141 40 88 139 -41 114 -74 92 -49 -214 228 44 -151 -109 98 198 43 81 -33 -11 -91 -5 -21 -201 -106 106 -128 -9 170 67 -137 -75 208 18 -220 -236 140 45 -2 117 115 16 -65 -230 -17 215 231 -69 -146 -173 -73 -161 -245 86 172 -43 -90 173 -188 20 -158 163 62 -125 -239 194 119 -76 164 -39 112 -13 196 -169 121 -56 -215 -178 25 -180 -242 -71 -153 -108 -105 -134 -202 168 -219 -126 52 -32 -229 48 165 -44 235 -55 8 77 232 -92 236 -64 51 -85 188 65 38 71 244 -47 180 -212 179 128 201 -79 -228 -59 190 -156 -135 58 100 -195 -22 -45 -96 -28 -189 -19 78 111 -234 -206 197 -166 -29 -26 -99 -223 56 80 -168 -14 104 -142 -16 
TEST 21 ARG:-29 60 -240 -54 87 -213 -122 175 -151 143 -81 181 43 -28 174 -229 185 -136 226 84 -155 -247 238 -223 -101 34 -144 132 -75 166 -68 -8 194 -174 -86 -231 -226 -146 -212 186 -72 131 -222 112 -159 227 -158 204 138 -207 147 17 -206 -37 -132 3 129 -4 118 135 56 58 -218 -241 110 -64 -129 -202 -245 -17 228 45 167 212 -187 -182 222 -232 229 59 8 90 46 -172 -233 -154 -59 244 208 -9 179 -52 -178 152 134 -210 -239 -117 -100 47 -1 -84 142 -58 -179 -99 -189 68 160 -219 -90 218 124 -139 -248 -66 235 205 221 -98 -39 231 150 -110 -108 149 28 -74 7 -153 -102 157 242 -91 69 101 140 195 -12 -80 173 -20 219 183 -34 15 184 -55 119 -140 -200 11 -175 20 36 49 -85 -77 156 -114 -176 -106 -2 182 -16 -163 76 -126 -45 -111 -25 44 -141 -177 176 65 125 190 -42 4 -235 120 126 -168 -13 123 196 19 161 -123 -171 -183 -193 74 13 93 -237 -143 -48 5 39 77 82 -170 -36 64 177 209 104 -24 -242 -234 25 9 88 154 53 27 -197 -169 -148 95 29 -228 -162 -196 31 -89 247 -185 -211 86 -38 -137 -92 -243 -60 -198 83 -250 -204 187 62 202 -133 -131 85 2 236 241 -199 139 171 -180 72 178 -238 -186 -109 -82 168 191 50 100 106 92 51 -192 54 122 -119 6 99 200 -152 246 114 192 133 -145 42 165 -105 81 -236 233 10 214 -3 210 -46 172 -10 248 -14 -47 113 -195 75 -127 239 240 144 41 -214 -115 22 55 -41 -208 73 -33 -71 26 -83 -56 -244 -69 -249 -87 -53 224 137 -150 245 97 189 -88 -93 -227 -118 111 71 -40 162 -224 -216 78 243 -120 -164 -220 215 -147 109 66 155 234 207 127 -161 -156 37 153 -181 -205 52 -203 23 -188 -19 170 98 -94 33 -23 -43 67 -21 -70 38 136 -103 201 16 -49 220 18 193 -15 -138 -50 -57 121 -124 -209 -113 0 80 -149 159 128 199 197 115 163 216 -67 -112 217 117 70 211 -128 -184 -65 -6 -51 -76 -165 32 -73 -78 223 -173 -27 -97 230 -190 -125 188 -130 -230 -194 48 61 -5 107 -61 169 14 -32 57 -201 96 249 -104 30 63 158 -22 24 108 -95 -135 -166 12 -44 237 225 -7 -96 -107 -26 151 79 198 -31 -157 -11 -121 141 91 89 -191 206 21 -217 -30 164 -215 -35 116 -225 180 -167 40 -246 -79 130 -134 -142 1 -160 -18 145 -62 94 -63 148 146 35 103 -221 232 102 105 203 -116 213 
TEST 22 ARG:-179 -71 197 14 5 -148 -177 87 -81 123 -180 136 -223 -86 -189 130 193 -212 104 83 -35 164 222 -157 207 -5 25 -145 239 115 -18 -187 120 208 37 -146 146 -48 133 119 34 11 -39 -231 -152 32 -47 59 94 -7 -153 -115 -42 -221 -110 -246 97 -59 112 -247 -208 234 -213 -45 -3 -242 184 99 228 -165 78 -25 -243 -8 15 71 50 -161 -132 41 -206 -237 152 245 200 52 -232 116 176 218 189 134 227 194 -16 -169 111 -77 132 -191 20 -10 -130 -30 -159 214 182 225 -207 238 145 -27 30 159 -67 47 -188 -15 149 10 249 -138 -195 -93 -227 88 -94 53 -99 -74 -204 135 46 173 -19 -151 66 -107 219 170 -178 -201 153 246 192 109 84 128 -158 44 241 231 -24 -12 240 68 147 -136 74 -167 -163 -217 67 168 76 57 -183 -155 -125 -78 221 -29 169 38 137 186 -14 -192 61 -95 156 -91 -34 167 151 106 -112 -219 -33 -4 -222 210 -236 -87 185 -226 -41 242 233 248 92 -11 154 86 -104 174 177 31 -135 95 -51 -13 180 98 -53 -68 13 -186 -170 26 -143 0 -122 -190 183 125 -229 -31 -162 -32 -114 33 -36 -82 190 202 -126 28 55 63 -160 17 -2 -131 56 -28 -54 100 144 -40 -69 127 -97 -106 16 213 9 142 -240 195 235 -73 223 -49 199 140 58 157 6 139 -244 -235 131 -173 -52 209 124 191 -141 -194 206 62 96 -98 244 45 -17 65 69 -203 118 -121 -142 -20 129 188 4 -44 212 -6 -117 236 -60 113 -220 49 -65 224 42 -248 -209 205 -181 -218 150 48 -79 163 -172 215 160 105 -43 91 -149 39 75 -9 155 29 -150 101 -147 -144 162 -96 -196 148 178 -119 203 -215 -103 -182 81 198 196 217 232 138 243 -128 -225 247 -88 -216 -234 -124 -108 -176 77 110 201 -123 -84 -50 -105 204 -80 121 73 -171 24 -66 -230 -200 216 -21 80 -250 93 -156 -90 -164 -109 -214 102 85 165 -174 -118 -233 237 -198 -61 -63 -197 43 8 229 126 -70 -166 -154 -38 -100 -175 19 82 -57 -111 -37 7 -64 40 -137 12 187 2 108 -133 -129 181 -238 -102 90 21 226 -116 103 117 18 211 -101 -249 -168 70 79 -85 72 -113 -199 -193 51 -140 -245 54 -127 -139 -1 1 -120 -22 36 -184 107 -92 166 -83 60 -23 175 -75 171 220 -202 -228 -241 -26 3 22 -58 -55 35 179 -210 -239 27 23 -72 -46 -76 -185 141 -211 -56 230 -134 64 143 172 -89 -205 89 161 114 -224 122 158 -62 
TEST 23 ARG:-205 157 116 -143 -8 144 -69 -221 68 -128 27 22 -90 178 -41 -239 213 226 97 -216 -243 39 107 58 -136 180 61 -88 207 195 -131 -233 -206 -58 169 -27 -28 -65 -217 -123 -142 141 106 -75 -44 -1 158 119 201 -208 -249 -62 -80 95 -70 134 -56 -199 227 155 -182 154 6 -135 -64 140 123 137 185 37 -116 -201 115 193 -129 -11 -171 64 -166 51 -224 67 69 -110 -98 214 221 -180 246 -200 47 239 -238 136 -113 -213 128 -52 -211 208 86 26 -187 83 -164 206 203 81 33 187 46 -227 -32 24 -192 -16 -102 -134 -35 -242 -203 -94 216 -43 238 52 205 -141 161 -159 125 -172 -104 -26 -55 -140 76 53 126 7 -173 4 234 110 -191 240 223 -6 -145 63 -89 -130 212 150 42 96 -245 -59 -38 -60 -198 -212 211 -175 -190 79 164 54 -82 -174 215 5 -214 -86 -194 -158 -25 -185 142 87 -48 36 -210 194 130 -229 199 8 -18 -196 190 -122 15 198 12 98 -53 -232 229 -92 -96 -17 179 -57 29 0 -219 -79 -127 -40 43 -248 148 -19 85 93 20 152 -202 224 241 -121 184 -167 120 -13 -240 77 -95 72 156 -22 166 145 1 -112 -235 103 92 3 111 -225 -31 168 -209 -87 165 104 16 196 -160 -218 71 -236 91 247 231 124 62 17 -207 146 163 122 59 49 -12 151 -126 -137 -111 -61 -103 21 -124 182 173 75 -204 -34 -29 -133 -150 32 -114 -119 -67 -73 -91 197 232 56 -138 90 -170 45 105 70 -241 186 -84 -115 -120 -149 30 118 -169 209 -222 -226 117 -197 171 210 -188 121 -181 -51 -147 -109 -46 109 225 202 41 14 -132 235 44 -30 139 237 -37 48 -168 233 177 192 -76 -117 19 -148 219 -250 -247 249 191 -107 230 100 -45 -39 138 -223 108 -237 -24 -178 -23 135 18 -146 9 74 -9 -118 -101 112 -81 -189 -7 28 -108 228 131 57 -14 149 82 -154 -63 2 10 50 -74 -78 159 -2 35 176 55 -85 236 66 244 -193 -49 167 -215 -139 220 153 -220 222 127 -97 80 -125 200 242 -177 -186 -10 -4 -105 101 162 -155 -83 133 -151 189 172 -246 25 -228 243 160 -161 13 188 99 -36 183 73 132 174 113 40 -100 78 204 -77 114 248 -66 175 -21 31 -5 94 147 217 89 -179 170 -230 143 -163 -156 88 -47 -176 181 -42 -244 65 60 -162 -231 102 -15 -3 -50 -93 -144 129 11 -234 -20 218 245 -54 -72 -165 -68 -195 34 -106 -152 38 23 -153 -183 -157 -33 84 -71 -184 -99 
TEST 24 ARG:128 190 237 71 228 -144 -82 16 -202 149 118 155 68 54 -228 -29 159 182 18 189 170 -189 4 66 -56 -180 -246 -74 -243 -249 -88 -224 138 239 -113 -58 -24 227 -223 220 45 -110 124 -33 218 80 -169 23 31 -12 231 -179 58 -46 184 -186 126 -147 -159 112 -8 -235 216 205 91 -138 122 234 -40 156 140 12 -118 -43 37 -231 -175 86 175 117 -26 191 169 72 -121 -142 -53 -141 -164 221 129 -185 24 235 132 185 176 76 -109 223 -181 148 -234 -115 77 -51 -25 -64 -89 -107 99 150 -66 173 -31 104 -50 180 -54 -34 13 -200 -135 -178 88 166 127 90 238 -155 246 -2 -153 136 -57 51 120 15 -222 -16 -81 -177 -116 171 44 2 199 -127 146 -213 -170 -117 -205 -20 -21 79 -97 93 38 -3 -80 105 152 70 214 -86 -139 -172 35 -171 -7 48 158 26 3 -108 -69 167 -23 108 -167 5 134 119 219 -15 151 6 -120 -67 111 85 -146 63 -78 -129 -128 -106 -122 -94 -206 -143 212 -137 -5 125 89 -96 163 -103 -184 55 -176 -9 -216 -62 11 -114 -42 -244 142 174 -215 241 209 139 206 84 -149 179 131 56 -194 -140 -100 39 233 36 -199 197 -22 116 226 -136 83 -191 -73 -219 -70 213 137 25 -4 200 -105 -236 -209 43 64 195 123 -151 20 -239 -48 -211 -183 -28 225 61 -207 -39 161 -188 -124 115 57 106 -245 -99 208 -119 8 -225 210 130 -190 -168 -38 -71 186 -83 -158 245 243 73 -201 178 -55 -102 248 194 187 -154 50 78 -84 82 240 -112 42 41 96 113 157 -193 -32 114 196 110 160 188 192 87 -77 181 242 -87 -63 133 164 -196 153 19 154 -47 -157 168 244 -52 -192 -59 232 -45 101 -130 -123 198 -237 141 -85 81 224 100 -197 -111 -162 -101 -241 9 -218 135 -165 52 -204 -240 -238 -152 -72 49 -217 -133 -27 102 147 -1 -18 201 -242 -92 46 -125 -93 -226 -161 47 -41 -160 -91 32 -36 17 53 103 -250 28 21 95 230 7 -203 40 172 -65 193 98 67 222 -13 -126 -221 -76 62 29 -208 -220 145 -95 -198 202 165 -145 -247 69 -49 -79 65 162 236 -132 75 107 183 -104 -35 -233 -187 229 -11 204 97 22 -229 217 249 1 177 -166 10 -30 -230 -214 -212 -195 -156 -90 -174 -37 -163 -19 -232 60 -131 -61 207 -44 -248 14 -17 -134 -182 143 109 92 27 -14 -150 121 247 30 59 -210 211 34 94 -148 -227 -6 0 215 33 -68 74 -75 203 -98 144 -60 -10 -173 
TEST 25 ARG:-13 -147 -49 248 239 34 66 -222 222 229 125 107 241 202 215 -85 -28 138 -62 244 -187 75 -173 -182 -60 -99 -29 -143 -145 12 -159 -165 14 -163 -67 2 -104 90 122 -36 134 242 -192 96 -126 -71 -233 -42 168 -77 247 200 182 -136 35 135 -11 111 186 -229 76 -250 -204 173 57 -39 -227 -18 -141 -140 -112 18 -221 78 -41 -176 -92 -116 -14 -244 -144 -183 128 -199 -86 180 -93 245 15 151 221 235 -134 -127 1 231 129 183 192 31 156 -128 -2 -177 210 -95 52 158 80 203 -214 -113 -124 224 -160 -34 -37 -148 -200 58 246 -161 68 225 -234 155 -219 -172 60 83 -6 112 -57 101 205 174 -246 45 -203 -132 228 -58 97 -129 -83 197 -12 5 171 21 -40 44 -53 50 42 36 54 -24 -237 -23 150 87 71 -108 -245 -9 0 119 142 11 -149 -96 -4 136 -120 217 -55 -210 109 238 124 178 -180 -50 -16 -186 204 10 100 123 -230 -175 -74 164 -150 -8 115 -33 160 227 -151 -217 -94 -242 -243 -135 114 -89 7 201 234 41 195 -65 53 -68 37 69 47 154 -133 -59 -97 -73 -3 153 249 -98 144 -157 -70 -249 48 169 -81 212 -170 188 22 -152 176 -38 108 -164 -154 163 -174 19 232 116 -240 189 -26 145 -123 230 32 187 -72 -118 56 85 -167 190 -218 105 126 120 23 194 -139 172 -198 137 -248 209 -153 -162 131 30 240 206 211 157 -44 102 -117 149 -193 196 -35 -156 216 -185 177 237 -215 -211 -142 -122 -90 -137 233 -109 59 104 133 -220 -48 -75 208 25 -239 -31 73 13 219 -131 117 -84 130 20 -195 -20 61 -125 -166 -5 -102 110 82 -80 -241 -119 26 -179 -56 -115 -107 161 -189 77 -17 81 17 -110 -207 55 27 -51 99 40 162 106 -27 -21 -205 152 213 218 86 -235 199 64 -25 148 9 -190 -82 3 39 -63 -146 -103 139 146 147 6 -236 46 184 -111 -188 140 127 -224 -45 -171 -52 207 103 -91 141 -46 -196 -197 16 -158 -178 67 236 -206 43 -76 198 181 -22 121 -226 -10 -225 8 -201 193 51 -64 -216 -114 70 95 -79 -231 -54 179 113 -208 -19 74 -121 -202 -47 170 -1 62 -30 93 -100 -43 -223 29 65 -247 -88 89 -228 -155 159 -168 72 167 -69 33 166 -130 -209 191 -169 132 -138 -181 28 -61 4 91 -238 -101 84 -15 79 214 94 223 226 -194 98 -66 165 -87 24 -213 -191 -78 -184 118 175 -7 88 -212 -106 220 49 243 -32 92 38 63 -232 185 143 -105 
TEST 26 ARG:-51 -61 -181 -15 9 -66 -73 -94 46 145 -34 -106 -186 17 110 -249 69 248 243 14 -133 87 33 61 51 -127 -122 -79 202 233 154 -183 149 -145 -91 -120 176 173 203 -157 75 168 -180 -90 2 -226 -59 31 119 -136 137 -74 47 -210 -128 128 162 240 -227 245 -81 230 12 133 68 -146 -17 139 -237 1 35 249 63 238 214 181 48 183 -225 158 193 205 204 135 -40 237 -87 -150 -37 -118 -86 -28 -194 -203 -45 86 100 -202 32 185 196 -29 -174 24 -1 152 105 112 -97 -78 -108 -2 -215 73 159 -72 38 -24 -160 -16 5 -229 -31 -162 -178 71 -208 155 180 88 25 -33 221 -8 89 -11 -151 179 -214 186 217 163 -245 78 -129 -9 215 92 166 57 -175 -250 29 8 -223 246 -41 220 177 212 -19 227 -204 84 191 -170 -54 229 -38 -116 34 -42 -233 45 27 -135 206 -177 -200 167 161 184 -39 40 -206 -209 -43 -179 116 -56 -110 148 -107 -205 -149 -163 108 -184 -63 -212 26 42 -172 10 122 121 -10 211 242 192 -185 178 147 236 -27 244 15 -76 -232 -171 174 -99 199 -198 -69 56 -32 247 156 3 58 -111 65 82 19 125 106 -161 136 144 -5 -228 53 -197 -234 -64 -80 60 -167 -84 -201 -219 -199 -187 232 113 -220 -112 -6 -173 -44 -23 103 172 70 -68 -142 -147 -193 41 -189 171 -182 20 85 -52 -104 -14 -55 231 -36 -159 -93 195 -96 -140 -141 -243 165 126 -113 -65 -166 228 -71 -98 -20 -21 -143 -196 120 226 194 94 -216 115 79 187 -156 -144 -126 -224 -230 6 104 -192 -176 209 -92 -114 -191 -95 23 -195 -239 -236 -244 -222 213 99 30 -130 55 50 -119 -58 -47 -132 175 -165 -35 216 -25 -240 -155 160 -238 -18 -60 -154 218 -152 -49 80 52 190 189 102 -246 -105 118 153 127 -221 -57 -218 0 101 109 200 44 208 13 -100 151 -67 239 97 72 93 -50 117 76 -158 -121 -242 -247 -13 16 170 -88 124 28 -241 43 129 134 -115 -164 54 62 -168 235 -124 157 -211 241 225 -77 49 7 182 -131 37 -70 234 -139 4 143 197 -75 -101 96 91 -89 -83 223 95 -62 -82 164 -169 83 59 -231 -102 207 77 81 111 -117 -134 -137 141 21 98 210 219 -148 142 169 36 74 130 222 -217 123 -22 -48 -7 224 67 64 -109 114 -26 18 -46 66 -138 132 39 198 -4 107 -235 -213 -248 90 -125 11 -30 -103 -53 138 22 -123 150 131 -3 -85 -207 -190 188 -153 201 140 -188 146 -12 
TEST 27 ARG:188 -240 66 -32 107 34 -92 25 4 -141 186 -203 -26 109 42 47 -113 -136 -29 -196 -65 46 223 201 37 134 -208 -114 -70 41 169 -218 124 197 161 106 219 249 -17 -249 -192 -9 136 -165 131 103 -132 -99 -225 206 -220 171 68 -71 -20 -44 -174 53 181 -55 133 35 184 216 -3 9 82 14 198 155 -14 81 -216 -189 -105 -164 24 -63 168 -85 -144 -133 -239 242 126 -134 -217 8 -21 -245 -153 114 -173 -95 228 -219 -138 71 21 -170 -119 -160 -111 -157 69 -200 163 -58 83 -146 39 211 -13 13 90 -69 -104 -103 193 158 -80 -167 183 156 213 205 -131 63 -125 76 236 146 -116 244 118 217 240 -175 -39 95 54 30 130 -181 -110 -187 -126 102 17 97 -50 192 96 -30 -90 -37 111 -98 128 191 -140 70 -130 -145 73 -176 175 112 -108 62 -137 -106 -46 -94 -154 86 -84 -247 -178 195 -194 119 162 -115 -248 246 -43 -215 167 127 -34 57 204 172 -11 -147 -61 189 -237 185 214 22 196 151 -72 -36 -8 -73 -190 104 -185 -244 64 -59 235 -31 78 -47 50 -250 222 -16 182 79 15 -127 -232 101 91 174 -79 88 -228 -93 -242 -161 221 -121 55 -162 203 -148 -191 -49 231 -101 -83 159 -75 230 176 44 160 148 1 -7 220 -139 247 116 -231 74 -198 141 -151 190 48 237 45 135 -76 194 -54 -123 -205 -142 26 40 -163 72 -88 -180 -224 -122 -156 59 -2 -235 -183 -209 -22 19 122 -18 11 38 -129 132 -238 200 143 16 5 165 -33 -184 -102 -171 -226 7 210 239 -38 36 -56 -128 -40 -177 153 -25 -221 -62 -5 -57 140 31 58 179 208 -74 -100 -91 166 77 226 -227 52 142 -207 -152 67 -135 -186 212 -234 89 -197 157 -48 -77 113 -10 -82 -68 -155 -51 215 6 51 123 115 170 -195 147 -199 -19 225 144 129 -150 110 173 -118 60 218 18 154 -52 -182 150 -86 -28 -67 43 -42 -243 -87 -204 61 75 149 105 29 87 -120 -211 -230 -60 -143 125 -246 177 209 234 -236 23 238 -1 -169 -223 28 93 178 -202 3 80 -96 139 -229 121 -81 -159 229 -124 0 180 -12 100 108 -23 -35 56 -4 49 207 164 -107 84 -24 -66 92 245 241 152 232 -109 -214 20 -206 27 -64 98 -179 -166 138 -97 -222 -27 85 -149 -15 202 12 145 227 10 224 248 -233 32 99 -45 187 243 2 33 117 233 65 -117 -188 -212 -193 94 -210 -6 -201 120 -241 -213 -112 -78 -158 -89 199 137 -41 -53 -168 -172 
TEST 28 ARG:232 -217 -46 138 183 173 -61 -45 -167 174 -109 -28 72 187 148 113 83 75 -185 -8 246 -112 -23 136 188 8 -98 -84 -210 -216 43 -219 66 144 57 -11 24 96 21 -110 151 101 152 153 244 44 -196 38 -14 -181 15 -10 -87 108 142 -38 -40 -5 -190 -180 223 141 -192 -42 18 -78 -100 -169 -249 185 -191 -240 118 177 -132 -189 -199 60 -64 201 -16 -225 -47 -203 41 176 -221 179 -205 214 169 23 -44 242 -1 220 247 -154 82 110 -224 -105 47 -162 161 -137 219 -36 -3 -238 -128 130 175 204 186 -75 224 122 240 238 97 -142 70 132 -119 192 -37 -20 133 55 222 168 7 -246 236 79 5 -194 225 63 4 -188 71 -107 -125 -101 -126 -233 -48 -228 145 208 -171 50 -32 -207 215 45 -234 -22 105 -124 -184 155 149 -15 13 156 25 16 181 166 207 117 -6 36 -111 164 -90 -81 -73 239 106 56 -114 -172 0 -67 -182 -79 74 -250 19 -215 -50 -77 -208 -163 -193 -204 233 -102 -74 162 81 -118 241 17 -148 119 58 -60 -59 -117 100 -186 -151 125 213 -35 209 147 -138 99 -25 -155 -57 157 103 54 126 140 -135 59 245 134 200 62 -226 -54 -68 29 -2 -230 -82 -63 32 -179 191 53 -140 -202 -176 -197 154 121 -170 -13 14 -157 -241 -145 -130 123 -115 -97 131 -120 -94 37 203 160 180 77 -218 -229 -211 94 217 112 -9 -146 3 12 65 -150 -123 -143 33 -139 -173 -156 120 -147 -152 196 -141 84 111 190 -127 89 -164 -183 -242 -222 -26 -129 -160 -168 -209 163 -223 -29 172 -206 229 234 137 -243 -149 -165 -103 35 -133 -70 -17 2 158 139 115 -58 228 42 -198 165 -232 68 193 -166 -159 20 206 34 211 93 -49 198 61 -34 -51 -227 -239 -247 -200 -213 171 52 -177 -195 -30 212 90 -244 -236 -136 243 202 88 -71 197 49 -158 249 -62 -41 40 -212 218 -53 67 -88 230 -248 184 143 1 114 -93 135 -31 104 73 -65 10 69 11 86 128 170 -201 -95 28 182 46 -161 -134 -33 -122 -12 -55 -89 231 210 -104 -83 129 116 27 30 48 -108 -175 -91 -76 91 76 -106 216 -245 195 107 -113 64 -86 -178 92 -66 -237 6 -21 248 -174 85 167 -92 189 -39 78 -4 -43 98 205 194 -7 -214 -144 87 226 -116 -18 -52 80 95 -131 -99 -85 -69 102 150 -80 146 -220 -231 31 39 127 9 -121 -235 124 -27 -153 199 159 -96 221 22 -72 235 51 178 227 -187 -19 109 26 -56 237 -24 
TEST 29 ARG:-40 -33 9 75 -244 -158 -201 71 177 -111 -66 8 161 204 61 90 77 145 72 -119 36 195 123 -218 215 -192 -168 160 234 229 -14 -185 130 -8 -177 -13 7 126 5 151 112 6 -109 249 235 -160 24 100 240 -167 -24 -134 -100 225 -181 96 -9 -129 211 220 -189 107 -156 -70 -78 -21 185 10 165 131 -139 -242 184 186 154 182 30 -97 13 -238 -104 -240 -48 114 146 -113 -211 -236 147 31 -83 174 105 -154 -226 -130 158 -248 -95 -174 21 89 200 -172 203 -126 104 -247 -220 -149 -18 95 -228 -197 -94 -216 55 47 23 227 -140 -195 -20 -98 -43 57 -182 173 62 167 -57 -229 102 -31 -11 -141 91 -44 94 189 -186 20 -46 -59 111 116 210 221 103 -99 -145 153 -166 222 -6 -106 133 -187 -41 -77 -15 -23 41 -60 -115 138 -227 -67 -235 99 -82 -207 63 120 141 -30 74 -206 -133 -124 226 25 239 139 181 -246 149 -161 -193 236 -90 219 67 -64 -223 -245 199 124 -74 -91 129 -131 26 -45 -105 -237 -39 52 -148 -29 87 33 -69 101 -198 28 -47 12 142 11 65 46 -116 122 -75 207 172 -112 -224 -117 -213 -63 -135 -56 -51 117 170 241 -132 -110 233 223 201 -204 -196 -123 -125 92 213 -65 83 230 -199 68 49 -173 -87 39 -61 106 -176 137 27 0 155 35 86 73 66 -84 -165 110 -184 247 238 -55 -25 -155 109 214 -217 248 205 -183 -137 38 231 -164 54 128 -79 -38 237 115 -93 212 15 113 -7 76 246 32 -249 -19 217 97 -58 216 -86 64 -169 70 -118 22 -157 69 224 -54 -22 -194 157 -214 -144 190 164 -71 45 -230 -163 16 245 196 -212 -239 193 -209 144 171 -171 -188 -85 -250 -143 -202 183 -1 -122 -49 187 40 156 -127 180 -37 -16 -225 -10 50 134 188 -4 -233 -121 -180 -234 218 178 159 81 44 197 -215 243 136 -179 -68 60 194 127 -208 -92 -175 -200 -232 -52 56 242 -243 19 135 208 34 -26 -151 -107 -190 169 -162 232 -241 -103 -35 -81 -36 -80 -146 -153 -27 -191 -50 78 -2 -114 152 93 150 118 58 -219 -12 -108 202 121 14 -222 2 -221 228 -3 168 -5 51 -203 79 179 -89 -17 -62 85 119 -147 125 -53 -152 -128 59 244 -32 209 84 82 -72 -102 -42 -231 -96 -142 162 -120 29 53 37 1 -170 175 166 -28 -150 88 43 206 80 -136 132 -88 143 148 -73 3 191 163 -138 198 4 108 18 -210 17 98 48 -178 -34 140 -205 -101 176 42 192 -159 -76 
TEST 30 ARG:-121 61 -198 -130 -1 -192 -140 41 85 -191 -223 -14 -33 -134 213 -22 187 -24 57 -81 -132 126 -83 -119 129 -211 166 -30 -113 135 68 -189 220 121 -67 146 88 108 -17 242 128 -231 -90 71 226 137 80 -203 -31 89 91 -241 -151 3 -159 5 24 -71 227 -171 125 18 -68 -177 -136 -239 132 -6 -46 -141 -32 231 204 -7 -197 193 143 -232 -128 149 190 66 56 -146 59 -63 -225 -66 -228 216 -234 -96 191 -208 7 -237 -124 171 182 -183 -175 31 172 70 -155 96 -100 -143 -145 -107 -54 -201 -73 98 -87 -118 55 -36 -39 241 32 183 214 178 -196 201 -79 -205 21 74 109 -182 -69 79 10 152 -75 -150 219 -114 145 30 95 -9 -217 54 -25 -38 186 -157 -222 -233 131 67 -240 -138 233 -179 -76 53 75 207 124 -59 217 -238 -91 154 -180 -122 -213 139 -56 116 44 -26 -94 195 -224 39 64 155 11 -99 -188 224 -62 -86 -199 20 -185 51 -19 -3 249 194 -178 -195 -89 247 -194 167 -127 78 165 148 87 205 164 222 15 -2 -74 -156 114 147 -246 9 206 8 -221 25 -174 -158 -202 144 -110 244 -144 97 -164 -111 84 -193 215 46 58 -72 -170 112 239 0 -106 -247 113 133 134 17 232 -216 -149 -147 42 -65 122 72 157 141 -220 150 -173 198 14 92 234 -236 2 -242 -64 -21 -16 -20 -27 142 -214 -245 120 -162 176 -160 185 188 -60 107 240 -139 -70 238 94 163 -92 -227 -152 196 192 -88 100 -112 -85 99 37 -133 -84 -137 229 -212 -102 -35 -116 -184 76 12 209 -47 -115 36 -104 199 28 189 211 173 -123 -187 -163 -18 -117 65 138 -61 -37 103 -105 -10 140 -226 225 -77 86 -172 -215 175 153 -4 156 50 -229 115 -125 -168 -29 177 -207 -250 -48 110 -82 -219 -148 47 -45 -13 151 118 -80 -78 -204 168 22 38 -23 -186 -129 -200 60 -161 -15 184 160 -120 237 73 -176 33 13 158 19 -235 197 -40 -142 -206 63 90 101 -166 77 248 119 48 -42 -5 181 221 -58 -49 235 34 69 -28 230 29 105 -12 246 -165 218 202 -51 -11 159 -218 -154 179 -44 27 -98 200 49 -50 82 228 93 -167 -169 170 111 174 -210 -135 169 16 -181 -209 -95 106 -97 245 -34 -8 -131 -190 81 212 43 -57 210 -41 136 130 180 161 102 243 117 104 45 26 4 -43 52 -249 -53 6 -248 236 -109 -243 -244 83 208 -230 162 -153 1 -101 -103 127 203 23 -52 40 -126 -93 223 62 -108 35 -55 123 
TEST 31 ARG:-125 90 -39 22 -20 98 105 78 99 47 38 159 -162 -144 -90 204 -116 -212 69 -50 -17 -91 134 -29 223 -85 4 -183 -129 -166 -112 156 -119 -151 122 215 -142 104 41 -158 -188 235 -51 67 -36 72 115 -57 -215 -198 116 -201 -44 82 106 -72 92 -54 157 206 -110 -97 164 -88 -120 148 -67 -34 -61 -81 160 -55 31 222 -165 -181 101 7 13 -16 146 -6 214 -160 29 37 177 -118 -9 242 -195 -139 168 -173 -138 -4 -2 -223 15 52 -241 24 130 189 -66 -217 246 -8 236 -117 -99 18 -15 -171 -40 8 240 54 -163 -153 125 -5 -207 234 175 191 103 20 40 229 -176 169 133 199 -56 137 -199 224 94 100 5 -159 -149 -242 -230 -229 -43 -143 -184 -83 -140 46 -65 61 66 -216 241 149 74 35 243 182 -98 -92 230 -219 -109 80 176 65 209 -37 59 -233 86 -232 43 -224 53 -244 147 -41 102 -205 205 -21 -243 213 -161 186 -194 127 -247 -42 48 110 -248 -123 -211 10 -46 9 -111 -152 -33 185 -228 -204 1 248 207 -101 -107 -126 -206 11 -82 228 75 227 83 -234 239 23 -145 -59 -124 210 162 225 -240 77 79 180 208 -11 -121 -135 -87 232 174 -246 -13 -63 188 87 39 -210 -84 27 -106 28 -249 -32 63 -167 6 144 -164 172 245 219 55 179 -127 -196 -137 167 84 -31 81 -237 -187 -170 119 97 17 -96 171 -157 -93 -178 -179 -10 111 194 -58 33 -12 -14 -70 49 170 -131 -174 -108 -141 -53 196 58 -103 12 114 -30 238 -168 184 -35 138 50 -225 -26 117 173 73 121 91 218 217 -3 153 -189 183 -94 211 212 -136 203 -102 -227 139 202 -236 163 -193 -172 -182 -95 -130 25 126 -1 192 -100 30 44 -221 -169 124 -45 -235 -74 -28 152 -239 89 2 -78 32 -62 -180 -48 143 165 247 45 136 -150 -203 141 -222 -104 -71 -38 -133 151 135 -113 237 -191 249 -115 71 -25 201 -245 166 60 197 56 36 26 187 -73 -208 34 -75 -226 -86 51 -122 -231 88 231 226 -155 -79 233 -200 3 132 109 181 112 -154 -177 -213 14 150 -209 -18 -64 221 140 96 -23 19 -186 -22 -105 -156 142 -89 70 -27 -24 64 244 118 123 -197 -214 62 107 216 -132 -218 -80 178 193 -60 76 128 -68 85 145 -238 -19 21 95 -250 -76 -134 -77 -192 195 -190 200 16 190 108 -220 -202 -185 -69 -146 113 161 158 -7 154 198 129 -175 220 -49 -147 93 -47 42 68 131 0 -128 57 -148 155 -52 -114 120 
TEST 32 ARG:-180 10 -76 238 -247 199 46 -39 -3 -17 124 -246 -188 -182 -83 -195 -44 -157 -103 -220 -240 133 83 -199 -245 -130 -152 -153 156 138 20 -229 114 -145 -169 115 57 241 -77 203 180 -10 77 194 172 -112 45 182 -33 247 201 66 21 -210 -243 -140 -228 -141 -2 -203 186 -110 162 117 111 80 154 51 -114 -160 -136 -223 -133 16 22 75 -200 64 43 -163 193 28 12 38 219 -117 76 13 -15 -233 134 -69 -118 119 197 71 -96 209 -129 -249 -242 -185 -108 -201 19 -187 246 -148 240 242 87 155 14 -9 223 -94 93 -4 -189 72 100 -215 -90 -221 243 6 176 -138 -248 -127 96 128 41 58 -50 -230 -207 191 59 -178 225 210 86 18 -104 78 181 -22 -250 9 -92 160 44 24 -29 142 -155 -238 -151 -177 69 -25 -122 -43 -93 -165 -172 -58 91 226 -61 98 123 -97 0 32 165 145 -102 204 131 -68 218 29 149 202 -113 235 -184 85 -8 -226 -111 37 -126 -232 -101 -183 5 -106 50 -135 -175 39 -109 40 47 153 245 73 95 -170 168 214 -23 147 -171 -35 -26 -154 122 62 166 -19 -119 63 -143 -41 -86 173 132 -190 -5 -80 187 -217 -47 -191 -150 -131 -100 -34 -51 -71 -31 -164 -125 -75 -99 -36 -89 175 -70 65 -211 169 -139 -134 36 -237 17 -24 -166 116 109 221 -213 27 -40 81 -227 31 -63 -121 -239 -6 -57 8 190 33 84 -16 208 -158 104 110 144 -208 82 126 222 55 -13 -52 -32 35 224 -88 -159 183 249 30 -192 141 207 164 188 -79 -161 205 236 -216 101 -234 60 4 56 -116 129 -204 158 148 -222 -85 15 -78 121 -241 108 140 7 -173 196 157 42 68 -27 99 -156 107 88 -11 229 -107 -45 61 184 -174 152 -214 -81 3 112 244 11 174 171 232 -46 -235 -168 -198 -206 200 -186 150 -42 -115 -218 159 -224 -197 248 216 -132 34 178 54 -98 146 -72 -176 192 -128 23 206 228 120 -48 102 185 -53 -147 177 -87 -95 198 -73 -202 -67 -209 -21 49 105 227 -20 97 170 -54 -60 -28 -236 -64 -66 -49 -18 -105 -84 -123 -179 213 1 -219 52 113 -193 161 239 -7 70 -167 -181 -55 74 25 139 -12 -1 -144 -74 233 151 -137 94 -59 125 26 -194 -120 -212 92 -149 -30 179 90 -65 53 135 215 195 143 -56 67 -225 -142 48 118 -244 217 230 212 130 -231 136 -82 -37 137 167 -62 -196 189 237 -14 2 234 -162 211 106 220 127 103 163 -38 89 231 79 -205 -146 -124 -91 
TEST 33 ARG:209 -182 -131 172 -33 -165 118 -135 -121 40 -3 -210 64 -78 72 -7 139 -250 232 -79 137 -50 10 66 30 34 119 98 -9 -21 9 168 106 22 76 -41 184 238 154 -227 -84 -192 171 -204 -94 -155 37 -235 97 169 117 -139 -189 13 233 -25 -116 146 -43 95 -57 35 248 -245 -29 124 -144 -86 50 -145 -97 223 -170 177 69 249 28 -160 -60 88 -146 -209 170 -110 90 245 51 33 -239 180 173 -38 -46 174 5 160 175 55 127 15 -220 -134 176 129 246 -196 -45 199 29 -23 -186 192 151 70 -105 84 -81 132 144 227 -167 99 218 -11 181 -178 147 -168 159 214 113 39 -197 -72 -19 -248 -35 -229 219 -61 92 3 59 -225 -66 112 -237 155 53 8 83 -156 62 -190 -47 -115 42 54 -203 -166 -202 -211 1 -100 19 0 -147 -130 -188 41 -133 -128 -205 -184 120 4 63 -24 -161 56 -65 -67 -191 -179 131 -198 201 -63 25 211 133 -228 -231 -230 -30 16 -212 -31 18 140 220 164 -129 247 -8 -154 104 -32 -95 111 217 -162 196 -59 -226 -10 -171 -102 105 -142 231 -216 121 79 -153 188 24 135 86 -13 65 -14 -199 89 143 -112 17 32 -246 -90 149 46 -56 96 -181 187 158 -180 161 43 -37 61 -244 123 -101 185 -118 44 234 -114 -124 148 183 52 -194 -193 -34 228 -93 204 -28 -174 -77 213 -169 75 134 -152 102 -85 -82 58 -213 100 -119 212 -232 156 -241 -80 142 23 -69 -236 109 93 -44 -75 208 78 -158 226 103 -233 -20 -177 6 -52 162 -219 -39 71 -157 -159 193 -16 -143 222 -183 60 91 165 -98 191 -87 -242 77 229 -151 189 225 36 182 -36 -5 26 136 167 -88 206 152 -163 -4 -123 94 236 -68 -49 67 210 -74 -137 -18 -217 -55 150 -96 -15 -17 57 74 -222 157 -138 -27 197 -214 207 -26 -48 115 215 -104 114 47 87 116 -141 27 -12 -200 -71 -42 7 -111 138 -83 -150 108 68 -64 31 243 -1 48 -108 -240 130 -126 -106 -70 230 125 -243 -107 -99 -172 -176 -120 122 -175 242 45 -122 198 -223 -234 190 -109 239 11 49 82 80 81 145 194 85 -173 235 -148 -164 101 14 -92 -117 178 179 224 -221 -76 20 -207 153 -62 186 -103 110 38 237 -53 163 -238 21 -136 244 -195 221 -206 -249 240 -132 12 216 -125 -201 166 -73 2 126 -40 202 -2 -91 -22 205 203 -113 107 -224 195 -208 -215 -140 -58 -247 200 -51 -89 -185 -54 73 128 241 -6 -187 -149 -127 141 -218 
TEST 34 ARG:-118 34 -200 220 -234 -187 -81 -69 -117 -178 140 59 20 231 215 -141 83 -226 -63 -249 55 -250 -76 128 214 -11 47 -101 63 -217 -183 224 -33 167 -66 -72 -37 -180 49 107 192 -97 -39 -47 97 -220 99 127 -84 -221 -129 125 -188 244 37 -198 -240 240 198 71 -87 -61 -245 -9 126 -218 199 -163 -131 -70 -216 116 -146 -150 -175 -145 100 24 -116 221 15 95 165 -51 -23 141 -143 -186 161 80 -196 31 -138 60 -194 -214 -65 -74 133 69 149 112 38 6 187 -31 -237 243 154 -5 77 -91 -236 -122 -167 58 70 102 203 -93 -21 -104 223 119 -172 14 -90 213 -60 184 45 89 -45 94 -159 152 54 33 -164 2 10 -19 176 -98 -189 237 181 -171 195 162 241 -243 168 -176 -215 130 23 106 174 -29 -185 50 -6 -222 5 -241 92 177 90 151 -147 -205 218 -206 186 211 164 153 66 -79 -204 175 180 -244 -57 -211 -80 13 -49 -34 -191 -202 120 48 201 85 159 147 188 -184 -64 -166 197 -179 -46 138 113 247 118 -158 -59 8 62 68 190 194 -168 109 -224 -157 239 61 51 0 -212 242 -248 -246 -105 117 230 -50 -17 19 204 200 -53 30 -142 -209 129 -192 -162 -208 202 57 -137 246 -71 -133 -77 173 -161 7 142 96 3 -152 -213 -89 -219 -100 -40 110 -27 -128 93 -55 114 -170 -229 103 -123 124 208 -67 -113 -151 121 -78 -115 232 156 27 -201 -119 193 183 88 144 -68 216 72 -125 56 -155 158 65 87 64 78 -144 -114 -132 111 81 -230 52 -197 17 43 131 -173 207 210 -247 -227 226 179 -130 206 157 76 235 86 -42 -232 41 238 148 191 -28 -239 -103 -149 -73 -136 53 -3 143 -83 -54 -181 12 172 82 9 -44 233 36 178 29 163 -20 -165 189 75 91 -207 67 -107 -52 -8 137 98 105 84 -195 74 -120 -182 -235 228 -124 -2 1 248 -174 -225 -231 21 -126 -140 -86 -228 160 -110 4 46 -121 171 185 -41 -24 -134 -92 -85 135 249 -15 -30 -156 79 -106 -233 -95 -10 170 18 122 25 -96 35 -43 169 139 -18 32 245 28 -154 182 -190 -169 -160 227 225 166 -242 217 -4 -193 -22 -102 -203 145 -94 -75 -35 -1 236 -210 -12 -13 -25 146 -153 -56 101 -14 -26 -99 -32 108 -135 -223 -62 104 40 -148 -127 123 155 -36 -82 222 196 -177 234 209 132 219 42 -109 22 -238 212 -48 229 73 -139 44 -16 -199 -108 26 -112 134 136 -7 205 39 16 -38 150 -88 -58 115 11 -111 
TEST 35 ARG:143 -113 -151 234 32 124 -64 -133 212 52 15 193 225 -30 87 -125 93 -139 110 -4 31 238 -174 69 -7 22 -123 -190 240 -228 -248 168 -35 -8 80 -201 70 91 -195 4 119 -58 174 -40 196 -43 -52 35 -38 247 -97 -169 -184 236 122 57 224 186 13 -138 153 127 241 245 75 244 -116 235 145 -65 -105 -73 -156 38 -205 204 -242 -51 -241 -41 -121 -168 -142 67 -54 78 63 214 -33 -159 16 118 89 -98 135 -80 -216 41 180 173 99 -66 205 195 72 139 149 158 -172 -249 -180 -72 101 220 -181 -49 144 -186 -129 179 -229 197 183 -31 231 47 -237 -88 -150 -86 156 39 -44 -162 -95 66 -178 191 165 134 177 -17 -222 1 -6 -208 -143 -128 18 62 -3 -239 226 49 167 103 -114 -32 -203 218 150 -189 117 -131 14 -218 81 -26 -207 -36 128 222 -243 -192 -100 -245 51 130 -227 -179 -221 100 189 -59 -27 171 187 61 -214 113 166 -34 -12 -21 19 73 -200 -232 152 227 -194 -210 146 -45 178 208 213 160 237 137 27 151 -209 21 -111 172 -132 -93 -23 76 211 -250 219 -102 239 -47 -152 -136 -127 -158 123 -104 -42 -84 -60 125 126 188 5 36 17 -215 -68 -74 -55 -134 -147 -153 -219 42 228 -202 83 46 207 -69 40 43 -211 142 -119 -87 -11 154 77 -109 24 -197 105 -196 -238 192 25 -62 88 54 -120 242 -91 116 -29 169 -122 85 -166 -154 108 249 -96 -83 8 -61 -18 -176 -224 60 132 -240 -235 133 11 -22 -76 -118 97 -163 -103 -141 98 68 -115 34 129 9 -149 53 -137 -160 -144 71 243 95 -199 -185 -182 -28 194 10 -175 115 141 65 -234 -225 221 30 -37 55 246 26 -107 223 217 -213 120 -24 56 45 -99 28 -187 203 233 79 -244 -167 59 111 104 -220 -92 -57 -246 7 94 2 157 209 58 0 210 -164 -206 23 107 -1 -161 185 -231 -85 -177 -112 -16 12 206 -126 -19 -67 3 -155 -146 74 -140 -77 -191 215 50 248 232 -212 -173 175 -71 -70 -50 -223 -226 136 -10 -56 163 37 48 181 84 230 -247 131 121 -171 176 44 -193 -236 182 -13 -53 -108 138 -82 -14 202 216 -39 147 229 -89 -124 164 -15 -79 190 200 -230 112 -101 -48 -117 198 -145 64 -204 -81 -217 -75 -25 -165 -78 -148 148 -90 -188 155 -94 -198 170 -170 201 90 -5 -106 29 -135 106 -9 6 -110 102 159 -20 161 86 -157 20 -183 33 -233 140 96 -63 -46 -130 184 114 109 162 82 -2 92 199 
TEST 36 ARG:98 -159 189 75 -99 54 -74 100 241 132 -123 13 -112 -16 -62 147 -7 -192 125 -157 -37 -137 85 -56 -231 -33 -144 -209 246 -125 5 -108 33 -158 4 81 247 200 60 -175 -220 47 -145 201 -13 49 44 -148 197 104 -196 144 108 -31 226 -114 -63 176 -19 -121 175 146 -138 91 240 244 205 -60 -139 2 141 122 -49 -240 -103 126 57 58 52 51 123 -146 -91 -71 222 -188 -72 -43 -78 36 213 -233 116 -225 156 14 -169 7 90 231 -69 248 -168 -200 161 155 -76 -237 -36 245 -246 -221 86 -232 -190 234 -181 169 11 -101 135 216 -98 172 -116 228 174 235 -133 -29 69 -186 153 223 182 -132 -55 -111 23 107 -217 16 76 -242 -135 83 78 -187 219 87 -41 150 10 -228 -12 221 190 -54 -93 -156 -134 46 43 -14 149 -94 194 -249 -107 -122 -205 185 187 154 140 198 -45 127 225 64 -10 -241 32 217 -106 112 71 -2 -179 -210 139 1 138 40 188 232 42 -177 148 181 30 -182 142 -226 206 170 -118 -150 26 -18 66 -211 192 63 168 -195 -88 163 -96 120 184 38 242 -90 -189 -166 29 74 -130 233 -26 -67 131 88 179 -92 211 -4 -30 -97 -147 214 -201 -5 -8 -136 -82 -35 165 -218 -87 19 -109 -202 151 218 -163 -126 220 -151 93 -162 -89 208 115 -173 111 -68 82 -95 59 -70 89 103 -142 -214 8 -117 102 -160 -204 99 202 -184 34 -57 -102 119 -140 -128 -219 207 191 212 160 -15 -149 -234 101 -165 -131 -58 -17 210 -152 9 -83 50 97 -236 -208 209 17 -171 129 45 167 -185 -75 237 65 37 -227 178 -34 236 48 -113 77 133 28 -40 249 238 -21 229 -216 73 -239 162 239 -66 41 -206 -80 117 -235 137 173 79 -230 -105 20 118 -213 -24 -59 -115 -52 39 -153 -141 -100 94 -170 70 -215 -22 -183 -167 55 -143 92 152 -154 -244 224 -51 -11 84 -28 145 -194 -32 -199 0 105 -223 124 -155 -250 22 110 61 203 18 130 35 -86 -247 -127 -27 15 136 -174 -104 -243 -9 -224 6 164 -212 -3 -245 21 143 -161 -124 53 199 -20 -79 -198 -120 159 -222 -180 -1 114 72 180 113 215 158 27 -50 -119 121 -53 183 3 177 -238 -38 -64 -197 -61 196 134 24 -23 -25 -85 -84 -46 -203 -81 -178 -176 186 -44 -77 171 243 166 -164 -110 109 195 -193 12 -47 -248 96 193 67 56 -229 -129 31 -39 -191 25 80 128 -6 95 -65 106 227 230 204 -172 -42 68 -48 62 157 -207 -73 
TEST 37 ARG:-191 220 -21 -66 -225 122 245 247 214 126 -201 -2 159 7 145 -114 4 142 -55 -134 -212 -113 73 -71 211 37 110 34 171 -81 123 28 -118 210 43 227 72 -136 22 46 -158 -172 118 -144 131 12 242 -196 29 140 -192 215 106 236 40 9 120 17 -3 -122 232 144 81 82 3 -190 -145 -84 217 177 -68 -17 8 -176 -213 -215 -205 5 -163 -173 -30 105 222 33 128 30 -104 80 -148 -182 -146 132 -67 -177 -150 -178 -155 -164 -220 -189 146 63 -153 115 243 -61 -41 -9 -137 174 -139 -183 -222 -120 -65 -237 166 -232 60 -54 -184 -221 -229 23 155 -95 -111 -82 44 -233 124 156 47 237 -132 183 86 52 -135 -124 -109 -243 51 -10 172 170 117 -8 229 77 -24 -238 -247 130 -160 -23 223 -197 134 191 -75 -116 -195 -77 238 20 1 -156 133 -119 -59 -130 -226 -208 198 -28 -131 201 101 -127 -74 16 25 90 -36 6 32 -42 200 31 -102 -242 -157 -140 -96 -52 -64 239 36 -40 -32 -199 95 -39 116 94 249 -224 -209 190 205 -58 -228 204 -129 -179 71 0 53 -100 -203 248 -88 26 221 -80 -13 187 157 85 228 -241 -180 -194 169 -25 109 -14 -170 24 181 49 48 -161 -35 154 151 167 -216 186 -218 -11 83 246 -126 164 -50 -162 224 -105 -142 -90 89 56 234 -76 91 230 -31 147 -154 76 103 -83 -240 15 182 65 233 -187 -249 -231 78 -57 66 -230 -89 67 165 -69 135 -235 -70 2 -98 -206 -99 -93 -47 -165 62 -5 87 -22 194 42 119 -53 163 203 -185 -152 -33 178 -44 -15 58 98 13 176 102 -133 -141 -7 -79 -227 111 193 57 158 -1 -168 113 139 -97 -151 127 199 59 152 -248 68 -49 -112 -188 -169 11 -37 149 99 137 -20 212 -149 -103 -186 -234 141 -239 -214 -174 162 197 -193 -175 -200 61 69 218 97 39 93 -108 -18 41 -45 84 -207 226 -204 -29 -43 108 -60 -219 -115 -245 75 206 -110 14 74 185 153 -46 -125 -236 -167 -171 100 27 18 -91 235 195 189 -19 225 -211 -12 -48 -106 207 244 19 -202 -101 35 219 -107 -78 -63 -94 96 107 92 -147 54 180 50 -138 -6 179 -26 150 208 125 -250 104 -181 209 213 136 202 -217 112 160 -85 -143 88 -159 114 -56 196 -210 175 45 -51 192 -72 -4 -246 -166 -121 -34 138 21 241 -73 231 -123 184 55 216 173 38 -38 -92 -223 -117 161 168 -27 -198 -128 64 -244 240 121 188 -86 79 -87 148 -16 10 129 70 -62 143 
TEST 38 ARG:-134 -140 147 206 -184 -73 72 -51 117 232 0 22 110 237 -244 -220 95 -203 55 58 151 62 -236 -100 -109 -6 -8 46 177 -181 -193 1 184 -204 156 -19 233 77 -60 198 48 -27 -30 32 -188 -159 -205 -7 243 -75 23 -194 183 -238 34 57 -120 -218 -135 106 -249 105 109 -41 -76 47 -88 -25 -85 -46 2 104 219 -164 -55 -119 178 9 165 37 76 -158 -202 157 194 91 112 -66 79 142 222 -98 -102 -212 121 44 68 -4 -224 129 -137 240 -24 -81 -225 33 209 -241 123 -165 -232 236 -89 -128 111 -245 163 19 -21 52 246 -176 31 -94 -56 -34 -28 100 71 141 166 12 74 -231 -35 -129 172 115 -126 102 -111 -116 -151 241 145 -148 185 140 107 -97 -178 -99 -248 -200 -5 134 -44 -136 212 180 118 -101 221 -138 224 -207 169 39 113 -160 -74 -153 -169 137 125 -223 -108 -83 -87 -237 193 210 168 139 66 -14 -107 -146 -104 -139 223 15 154 138 -92 -17 13 -112 92 -182 231 207 29 78 80 -229 43 -186 173 11 -206 171 -171 -32 -13 227 -170 -163 42 191 86 83 -31 81 45 -142 174 -110 -156 197 -11 -180 -190 -215 -213 101 -243 99 153 -211 -61 -168 61 -53 97 -198 -144 244 8 -191 -175 189 249 10 67 49 -10 -166 89 18 -16 199 -68 214 239 -82 14 -133 -227 -155 27 -177 215 -162 -23 234 -123 -217 82 60 -115 -96 -222 -78 135 -29 7 -91 201 -208 -36 98 -131 63 -152 -239 -77 167 -57 40 208 182 -9 -42 51 -149 200 5 -39 93 -145 235 69 -185 150 -122 -47 211 -69 88 -1 -22 -43 50 -3 -62 -37 187 188 -114 21 205 -226 -15 -84 245 -192 -199 -71 242 53 -246 -242 216 230 -141 36 -216 -179 116 17 -106 195 85 -118 41 203 148 -58 202 26 59 84 136 181 54 162 217 146 -221 -230 -64 -52 -150 -54 -157 -183 -234 143 228 -161 192 -247 152 -18 161 176 225 144 149 4 122 -233 120 87 128 -125 -127 24 3 56 -113 175 -132 108 -95 -250 -143 127 -105 -210 -20 204 190 -48 -65 133 -187 159 170 247 -195 238 -173 -219 248 -67 -240 132 73 -63 -235 -72 38 -228 196 -103 -80 226 -45 96 6 -196 -121 94 186 119 -50 -154 179 -174 -33 213 25 -26 -86 -117 -147 30 -172 -40 35 164 20 218 -197 160 -2 -124 -12 -79 -130 -209 130 114 64 124 -70 -59 103 155 229 -49 220 70 126 -189 -90 -38 16 131 28 158 -214 75 65 -201 -93 -167 90 
TEST 39 ARG:101 175 -36 -26 -230 29 -190 61 -183 -96 -115 77 -179 -151 -150 121 7 -23 -216 -55 -196 -49 -136 -209 -181 -176 54 66 104 108 12 231 9 190 102 223 -38 112 119 -67 -135 148 28 21 -161 141 31 192 -249 87 88 217 -28 -201 107 19 -50 184 -7 75 125 229 -54 6 149 126 -213 171 110 183 221 -138 40 230 203 26 -87 24 -188 46 -109 -40 152 115 226 140 -229 240 -250 -25 42 -101 161 -107 8 -65 -156 -24 -187 -39 -76 -51 94 18 -1 182 -119 91 65 -110 43 -134 -217 206 -123 3 -189 -197 200 -57 -218 -46 225 -13 -168 -175 241 68 14 -225 -146 17 -238 -102 187 236 -100 186 194 -232 -80 -212 -173 -88 216 249 -89 -98 -104 138 -164 -73 165 155 -15 147 -160 97 113 -95 -234 -130 41 -22 150 -47 195 63 -3 -243 232 -162 157 76 -52 -90 245 32 -247 11 96 212 233 -42 16 -233 -140 159 -9 -236 -62 50 -59 -224 52 -169 189 -48 -77 237 1 114 -211 -37 -172 176 -105 131 -171 238 82 -78 -214 -239 73 -204 -207 137 -94 -21 -149 204 -33 235 144 -159 -131 -31 -203 -72 123 166 92 -30 180 -74 2 -237 59 34 93 -5 -58 -177 -32 -43 228 -125 -240 -220 -166 106 58 -86 -17 -215 -112 95 -11 154 -75 158 -223 210 -186 151 38 -81 205 181 105 -128 213 -198 234 -178 -103 72 -85 173 -200 99 10 239 83 135 -132 160 220 -153 81 60 -69 -120 -14 -91 -68 215 -121 164 -163 209 188 -222 22 4 199 -113 -114 23 -118 191 15 122 145 247 -137 -219 -71 -45 -19 -126 244 133 196 111 -148 -60 86 25 142 -167 -144 47 -111 57 70 -147 -157 -206 -170 -124 177 64 139 -79 27 78 89 -184 -4 -8 20 -64 -6 -127 13 246 127 100 162 -10 -199 45 -83 178 90 132 -191 248 44 -56 -210 -61 168 30 69 -246 51 198 -139 -202 -108 214 39 84 -63 33 -185 153 -158 163 103 35 -142 -248 -152 -226 -182 -35 -129 79 202 -241 -70 -97 136 -93 -245 -165 -244 -92 129 5 53 -141 -193 -106 134 -227 36 109 71 -143 227 -221 -117 -18 -180 218 -12 116 -44 -228 170 208 117 -208 242 -174 -154 -84 -99 -133 243 201 156 179 -194 193 130 -192 -34 37 49 -195 -41 -231 -66 185 98 0 -155 207 -82 74 85 118 167 80 -16 -145 56 174 143 120 55 169 211 146 -53 -122 67 172 62 -20 -235 -29 -2 -242 -27 -205 128 197 48 219 -116 224 124 222 
TEST 40 ARG:-234 77 90 84 28 42 -50 177 231 -225 -73 -46 -40 2 -34 72 97 -112 -194 -235 87 83 -130 -212 -48 -35 -241 192 -211 -162 -179 -219 8 -156 -37 216 155 50 -71 -183 238 -77 -163 226 -116 141 -22 -16 172 -104 208 223 25 -247 -189 -165 -240 -170 -236 121 22 219 -185 -228 -206 37 154 56 -119 144 -217 53 -176 195 117 196 78 247 4 -224 112 1 -51 -142 3 -168 -199 175 -107 199 45 6 221 130 -214 212 -1 -239 -2 -220 114 -79 -90 206 118 -17 -80 194 38 -157 122 -54 233 115 -210 123 -153 16 -221 222 32 -182 -138 133 -164 215 202 -72 -25 -63 81 23 -232 -75 207 -175 -12 9 143 21 136 -178 -66 108 -244 134 -36 -86 30 -11 18 -23 -65 17 -39 48 190 211 20 -83 15 -69 176 224 -180 -93 105 -5 227 -78 148 -95 201 171 -98 -229 7 189 -87 244 246 178 96 -92 209 75 -49 -32 -137 168 -41 89 156 243 -94 -133 66 -198 -30 -9 151 -203 52 -190 -144 63 35 -186 -238 -231 -59 -167 235 -4 -141 55 46 -158 182 116 -143 234 135 174 124 -201 245 232 -222 248 166 187 26 -145 10 51 159 180 -134 218 -191 183 99 -55 -200 76 -135 -6 230 0 -197 145 27 -113 -128 150 165 -52 -58 203 198 -114 -81 -111 241 -192 129 -160 -136 162 -147 14 -97 106 -28 -96 -68 -14 181 153 -184 -115 -233 173 93 31 -105 -102 64 229 205 -243 65 -149 -218 44 -89 146 -82 95 -45 -42 -100 -120 -53 -62 88 -21 -101 -131 61 164 -20 225 -126 128 70 -172 92 -106 228 -67 -132 101 132 71 -109 163 -84 59 -74 158 -33 -7 94 -47 -159 103 67 36 98 79 -216 -70 -230 160 -57 -246 -154 142 152 239 -103 47 91 111 -177 80 -121 126 -204 -85 200 85 -18 169 167 -127 131 170 184 -207 58 -215 186 242 -31 104 191 149 -29 -181 210 197 217 214 82 240 -150 107 12 -64 -13 60 43 33 213 -146 -24 86 -161 204 13 68 54 249 -91 19 -151 -10 -250 236 -108 -169 -61 161 24 127 119 140 41 -123 -187 -248 137 113 -139 -117 -129 -173 147 40 -245 179 -19 -166 -88 -125 -124 -44 -171 109 34 220 11 -226 29 -227 110 237 -38 -249 62 138 5 102 120 -188 73 -8 -208 49 -56 -205 -43 -99 139 100 -209 -202 -122 -3 125 -140 -242 -26 185 -196 -237 -60 -148 -27 69 -223 -110 -15 39 -152 193 157 -213 -118 74 188 -174 57 -193 -155 -76 -195 
TEST 41 ARG:55 192 -206 -181 -150 243 193 159 104 146 86 -196 -51 -146 195 -161 18 -158 8 149 -26 154 -8 -135 -156 -93 -248 -228 34 110 -153 -200 126 24 -69 -90 -24 123 -28 -78 -192 147 -177 36 -163 -128 -91 -194 -140 -157 -155 -43 231 142 -215 28 -237 -171 47 -173 58 -106 200 -165 -12 101 -18 14 -189 212 205 230 76 173 216 -201 -202 -41 210 48 -187 84 166 -105 134 80 10 -214 221 -162 -121 -143 -117 177 -113 188 125 153 -57 -224 150 -83 -232 247 5 7 41 -112 -53 -216 131 242 -97 -31 69 144 182 180 25 -9 32 -172 -14 -76 -49 2 186 -88 -236 -13 -27 155 -141 22 -73 4 -235 122 -80 -184 -109 50 46 239 133 -130 20 26 138 -55 -179 -38 184 -100 -5 233 -164 -22 -169 -79 -139 156 114 219 135 199 -193 214 206 -62 246 -85 -77 145 158 151 68 -75 67 -208 -204 235 -84 113 -87 -125 -1 64 208 -19 229 79 -152 124 -198 98 -213 -114 -32 -15 -104 -144 -60 87 105 174 91 -67 226 49 107 -126 97 -132 169 -58 -124 -151 -94 -54 -240 -120 -223 74 -81 240 129 -33 -108 120 -61 -249 -167 -107 40 -195 29 -138 -59 77 137 -207 -247 83 -56 -45 99 -4 -123 201 31 198 -218 39 204 -159 53 -44 157 -137 -7 30 178 -63 -242 -230 -20 102 -229 -243 223 118 -231 -222 -102 217 70 -29 109 -131 115 -74 -68 141 106 -183 -23 -122 160 35 21 128 111 -21 143 -178 108 -116 -65 -66 234 72 196 152 197 11 112 -103 170 -239 -188 -175 71 38 -197 161 140 117 -191 163 42 227 57 -225 -129 121 -176 148 179 27 92 15 17 -64 65 228 -148 211 -82 -42 85 93 213 237 207 -118 187 244 209 -52 236 96 202 -221 164 -11 224 -233 12 -168 185 100 -212 171 218 190 -211 -154 -30 81 136 -174 59 56 33 -119 -99 52 175 61 0 130 -190 191 -217 181 -70 9 168 248 -40 -34 -234 -115 6 -17 -180 90 241 51 -127 232 194 3 -220 -245 -244 -36 132 -160 -2 19 -35 -3 215 -133 165 225 -142 54 1 -186 88 -39 23 162 -199 -111 -250 116 -149 103 222 -72 -92 245 -48 172 82 -6 119 -96 -136 -210 78 43 167 -203 37 139 127 -166 -209 -227 44 203 63 183 -145 60 189 -50 -205 -185 -219 -95 75 -226 16 238 -98 -86 -238 66 -182 249 -37 -170 89 176 -89 -71 -25 -10 -47 -241 -246 62 13 95 73 -110 94 220 -46 -134 45 -147 -101 -16 
TEST 42 ARG:-218 110 204 -6 111 -86 -78 -226 -104 98 232 -209 -235 -3 -83 142 -50 166 -162 -142 -194 -41 93 -40 -97 -11 52 -211 59 -147 -179 -39 195 34 -137 -17 180 -37 184 129 -46 199 -183 75 224 -233 -23 121 101 -106 -123 155 -175 -224 43 234 -182 119 70 205 -188 73 241 238 174 -119 153 -164 33 165 -24 225 164 9 106 247 163 -56 228 60 -31 186 179 -13 -176 -153 113 236 117 -246 -134 202 -108 116 230 -121 -12 31 20 147 -43 140 152 -9 231 29 108 -243 105 6 -101 125 130 -157 15 -241 169 78 -184 214 -21 74 120 91 2 151 14 71 -10 -135 139 -114 -166 41 61 -124 -126 99 -169 243 211 160 -227 56 -146 -180 196 -92 -223 -200 62 -36 245 -130 -190 -66 -117 89 132 28 -27 -207 200 -4 -87 -163 -213 -55 -150 146 206 107 -240 207 -167 -102 -48 -22 -249 178 -250 -15 176 149 -107 87 208 66 -221 -206 -140 -44 84 -174 -139 135 150 242 -160 -19 40 198 -47 49 248 -136 -189 80 58 -238 72 50 -79 -216 194 -113 83 -215 -145 -100 -151 159 -90 -158 22 239 122 161 118 -28 -173 215 -242 -219 -225 -65 -112 177 -178 136 229 -231 -239 48 -217 -214 203 -20 5 -91 197 -73 246 -70 -80 227 -138 -1 94 76 114 13 244 -144 32 145 -181 18 -154 154 -110 -186 144 -105 47 38 219 17 92 -159 -187 -93 210 141 216 -202 -193 81 30 -26 86 -234 -149 167 -156 -229 237 -61 -58 10 -75 -132 240 79 124 -203 -232 90 25 -18 7 23 8 45 235 201 -84 217 -133 67 24 -170 69 -152 -247 64 85 -54 143 -120 36 97 -155 170 -212 42 21 -141 55 104 -96 -116 218 -129 -196 -25 -14 102 51 35 -185 168 128 -67 -195 -109 -103 11 -95 -98 -16 -208 -172 115 -128 -125 -115 172 -62 -244 185 -201 192 -60 -51 -72 96 126 -228 157 -230 148 -38 249 -63 -35 -53 223 182 175 0 -76 -64 138 -118 -34 88 -45 -197 4 -222 162 -74 209 16 65 -82 -168 -191 3 103 233 82 181 -88 -33 -59 -81 -42 -198 39 188 -204 -165 -2 -30 -177 134 173 -7 109 -68 26 112 63 -127 -71 -148 46 -205 -89 37 -245 222 187 -131 19 44 137 213 -8 -94 -32 193 -111 127 131 12 77 54 53 -236 -122 -143 212 -248 57 158 95 171 -77 123 156 190 -171 189 -192 100 -220 -57 27 -5 -199 133 221 -99 -49 191 -210 220 68 -237 -52 -161 -69 -85 226 -29 1 183 
TEST 43 ARG:-57 -131 -7 -117 -241 -215 218 133 86 -63 197 -31 202 -107 -138 29 168 232 156 227 -90 203 -16 180 167 151 135 -81 243 116 229 235 -40 -135 -231 -103 -165 157 -72 16 -180 -87 96 98 -189 106 113 182 -67 204 220 128 187 -28 27 56 189 195 -151 242 -61 102 -150 101 54 179 23 147 240 -101 -133 -181 42 -78 -66 -89 1 53 -114 120 -246 37 -58 -53 97 -10 -209 185 161 13 -1 -105 -166 139 -17 198 -46 -155 -14 199 141 -249 192 12 -192 215 152 7 -119 90 -214 114 -248 -71 -2 149 -100 -77 206 -26 125 -200 11 -227 -222 129 -18 10 -159 21 -96 -45 -62 239 -162 130 -235 -82 44 165 -183 58 140 -205 -22 -70 -129 -176 -160 -237 249 38 -186 216 119 -113 226 228 -75 39 181 -208 126 -112 0 170 158 26 169 92 -73 -21 190 18 -137 -111 -41 -93 163 -94 -147 -44 -8 -38 142 -204 51 160 -136 88 -84 110 -203 -121 17 -27 211 -35 -79 -190 -238 -161 146 164 -228 162 144 230 -223 -3 65 223 14 234 -47 100 28 -221 -226 238 43 75 -144 79 131 -178 -187 221 47 115 34 -11 173 241 36 -48 210 201 -12 178 -234 -232 -23 -169 -42 -128 -225 -230 176 -83 -182 219 159 77 45 -54 183 244 -175 -193 -245 84 -247 -98 69 236 76 -149 -242 143 -170 -108 105 -29 5 225 104 19 63 -55 -145 -34 3 245 -36 -4 -43 -99 -74 -211 32 -206 57 214 174 150 123 171 24 -148 93 52 -50 200 -33 109 186 -179 247 85 89 213 82 33 -236 -213 -154 107 91 -51 78 193 -174 -13 -118 -65 196 205 -239 -173 -6 25 62 49 -158 -177 -120 -80 -167 -218 -142 -240 153 -52 -32 136 -116 -143 -37 -109 -196 31 70 -168 -134 -139 66 -19 6 60 -195 74 61 -198 -210 233 -153 -243 71 -60 194 -132 4 175 145 246 -115 95 155 80 -20 -141 9 46 -197 -25 208 237 127 -250 217 -124 -88 -171 -220 -69 -194 -207 55 -30 99 112 -185 -106 35 -122 -184 166 209 -97 -130 64 -95 67 134 -64 118 137 20 -164 30 224 22 41 72 -56 -219 -39 -85 -146 184 68 -202 154 15 -9 59 -233 -92 188 -5 -126 -76 -191 138 -86 -104 40 -224 -125 -212 121 132 -24 48 -163 87 -157 124 -156 -217 -102 -59 111 -15 -140 -216 148 8 2 -188 -152 73 103 108 -49 -244 -199 -229 -68 83 -127 248 -123 172 -110 -172 231 222 207 117 122 191 -201 94 212 177 50 -91 81 
TEST 44 ARG:35 208 -11 14 -159 -43 -182 -37 114 -72 235 230 -146 -35 -122 -93 80 -15 -47 -158 -174 -191 -211 199 -30 244 10 162 -71 214 42 21 -56 57 56 225 -102 97 27 -230 -20 -152 -99 43 64 -112 129 50 25 94 115 -42 109 -34 12 -75 231 -74 -155 -124 89 92 168 174 128 116 160 -130 16 -17 188 137 133 -97 77 -148 220 78 239 -205 -204 152 -157 -95 6 -231 -96 118 -149 150 -46 165 219 54 95 -126 -58 37 102 -195 -238 55 -8 -154 -218 167 205 -118 96 233 -83 67 -98 18 -69 63 216 -250 207 75 203 166 -32 103 157 215 -216 -207 -7 -156 -162 159 171 20 69 73 -242 178 179 60 4 -222 -127 124 -40 99 196 48 -214 52 61 -175 90 34 11 175 -137 -181 22 -91 36 -141 -136 -225 -68 -167 189 26 49 -235 -100 -223 170 98 -229 -160 -199 -53 58 -67 247 -169 -94 -38 19 -115 -226 68 -228 -21 221 -106 -151 -110 -245 15 -219 245 -170 -59 -139 212 228 -134 9 -240 -78 -150 -247 107 -187 120 -76 -65 -36 -133 -61 -64 -77 127 121 164 -116 -103 82 131 194 158 -241 79 139 -189 81 76 -49 163 100 200 -234 -45 -27 -144 119 -113 -206 132 -16 110 213 -208 74 236 -168 -128 211 -131 -50 -114 -2 62 -239 135 140 31 -132 -244 105 -140 -6 201 1 -232 -10 -135 -44 -188 -109 -220 149 -236 85 71 -194 -145 -161 136 197 209 -120 -107 -55 -193 -221 142 238 -5 243 242 -9 145 38 -85 248 234 -60 -79 -86 -248 180 -52 -90 -173 -63 195 93 155 -12 176 88 237 122 39 17 -89 202 -14 210 -165 -163 185 -172 117 -185 -180 187 169 -25 -81 111 222 51 241 161 191 -31 83 -143 -209 -105 0 -196 181 -212 112 -197 101 84 24 151 156 -233 -1 108 23 -178 -186 -249 -121 -22 13 -57 232 -203 -190 41 -26 -19 246 -184 -213 184 86 173 28 -192 -227 47 -200 -177 -48 59 -166 141 -101 183 186 229 -111 46 -66 134 -4 -62 126 147 104 249 44 -13 -243 -129 -87 -29 66 8 224 -23 -179 -84 -73 91 -108 190 177 -92 -33 -147 138 182 -183 -24 -202 -125 -164 218 29 240 5 206 -224 33 130 143 -142 -18 193 -215 217 223 -201 -104 -117 144 123 154 72 146 198 204 113 -82 53 87 192 -39 7 70 -41 -88 -217 -171 -153 -210 -123 40 172 106 -237 -51 -176 -28 148 2 -138 65 32 226 45 -80 -54 -3 -70 227 -119 30 125 3 -246 -198 153 
TEST 45 ARG:0 19 113 -35 -183 68 28 -48 -50 193 110 -196 -149 -26 201 54 -130 88 -81 -7 -76 -105 -233 93 -174 -218 -165 -122 -120 71 -104 -6 -57 59 -132 198 8 165 170 -136 -236 -194 225 142 -146 -137 81 -9 195 -69 -206 -154 -15 -201 -112 -92 2 210 177 -211 107 128 237 214 16 -5 180 32 -111 45 -142 -224 104 -97 13 -22 29 79 -214 122 -20 -121 -67 -179 -163 222 227 -144 160 124 -46 -202 168 -123 -228 -117 -189 -139 50 53 -86 -37 139 -45 17 -102 -243 76 69 -85 -59 203 20 202 -82 82 -17 -208 22 219 -198 -229 -180 -221 150 114 10 132 91 -10 63 119 -172 -71 -158 131 -129 92 -115 194 3 58 109 -223 -131 -43 -247 -153 157 243 -110 166 61 224 -53 23 -161 -220 197 11 60 -210 -28 117 9 140 -159 -188 -250 -109 -148 67 100 -64 30 -47 248 -60 21 240 200 232 -216 207 -177 -200 -209 -101 182 -190 223 43 33 -164 25 121 -156 217 12 -42 -181 -89 -222 239 127 199 -160 98 -84 151 -162 130 -237 96 209 136 -106 74 171 -126 196 14 -88 87 80 -93 147 126 103 56 65 86 -3 161 -225 135 178 -141 -41 -19 -96 -70 -195 -87 189 -186 215 -33 46 -178 123 176 66 216 137 -61 84 -107 236 -157 -13 7 167 -52 234 -29 41 -187 187 -32 90 154 24 75 -249 221 42 62 141 -219 111 192 -169 181 -226 -234 -58 242 -74 116 -12 -68 -14 102 78 -91 83 152 15 -167 229 -118 -55 -63 -49 44 51 115 -248 94 -191 -65 -90 172 -95 18 -83 -1 -36 246 -11 212 134 184 -124 -168 226 48 1 -24 -215 -152 55 36 118 -232 129 27 40 -8 158 -127 -99 -133 -23 95 156 -25 -176 -4 144 138 162 89 -217 148 26 -230 -31 -184 211 85 -78 6 -114 37 183 38 -185 164 73 -246 218 -2 72 -166 -119 -66 -147 133 -155 -205 -38 -116 -192 101 70 57 -213 -79 -103 206 -138 -227 163 105 -203 -21 -16 106 -143 -98 -199 153 179 204 -193 145 97 -113 244 188 159 186 34 235 175 31 -40 -73 4 -34 -244 230 -171 -242 241 -30 77 5 173 -56 -75 149 -170 -27 208 247 238 -94 108 146 47 -44 -212 -72 -135 143 -140 233 52 190 174 -197 -151 -235 125 228 -54 191 -145 -204 112 213 -51 231 -18 205 -100 99 39 -173 -239 64 49 -150 -182 120 -245 -238 249 -231 169 -240 -39 -80 245 185 -108 -77 220 -62 -175 -207 -128 -134 155 -125 -241 35 
TEST 46 ARG:-11 -178 165 133 89 134 -89 -189 17 -139 114 -27 67 -34 -222 120 -243 -249 93 -65 25 -57 112 26 -208 124 92 -239 -135 66 70 8 88 -102 125 -229 91 200 -224 81 -39 103 -244 -115 159 -18 -76 -46 -82 -78 161 221 -236 203 126 220 -169 236 170 31 -213 142 173 -84 -173 248 156 20 176 241 -16 111 27 -187 157 55 193 63 -183 -241 216 175 90 151 153 -202 -66 244 -118 -68 179 158 232 11 -179 -33 218 152 -146 184 148 -22 119 -9 -44 -175 -63 49 -41 231 13 -129 246 76 -37 209 -160 98 22 -246 -237 182 178 -25 78 -127 201 160 -206 43 -150 -73 217 -54 -69 -204 -81 35 -52 56 117 210 -216 69 57 190 -79 136 18 -158 235 118 -75 72 -85 -171 -53 214 129 234 16 -205 -162 -2 -194 -250 6 -176 144 -219 48 -103 107 -6 -83 95 -92 51 -161 68 -105 127 -62 -14 -101 239 113 85 -58 -191 -192 86 -100 -245 79 225 -220 -154 -50 -74 194 -116 -40 -231 132 -215 -170 -77 -104 -42 149 46 186 167 -153 -107 1 -132 215 -43 138 -121 122 101 7 -142 -110 104 -200 -48 -185 123 109 94 -120 -20 -3 -97 -136 -35 74 -240 -226 240 -230 -117 -233 -114 -217 -124 -30 -247 -51 -29 0 223 -94 -149 -167 -122 -23 219 140 -163 233 -111 199 105 213 197 -134 150 -130 -19 -144 -60 -119 -4 -197 87 168 -61 247 141 -186 243 -47 -38 84 -109 -180 -190 -64 30 115 155 106 -235 -7 39 -88 198 130 38 110 139 166 -98 -10 -218 -140 -17 24 -87 77 61 164 242 -196 -133 -227 -71 174 -212 -148 -5 -1 -211 121 137 108 -15 21 -45 -70 2 205 -165 -172 188 -152 82 -177 42 65 -12 75 32 195 -159 -137 154 -26 -188 -28 33 -214 -225 -221 52 4 3 59 -199 -59 -223 44 183 -207 -13 -209 54 -36 -234 -168 -238 -141 -184 -49 -32 -86 -131 -91 -248 29 -138 -182 206 97 40 187 143 116 211 10 100 34 192 -112 60 41 -156 28 12 -157 14 -203 -95 -123 -55 189 -80 15 224 -99 196 -151 185 73 -210 172 191 36 -201 -90 169 -128 222 207 -195 208 -96 -242 -106 202 19 -228 23 45 145 -67 -93 237 83 -108 -21 181 163 238 249 -174 80 230 245 47 50 212 131 -143 37 9 -181 -31 -125 62 -155 58 -126 5 -147 -198 -145 71 99 -113 64 177 226 229 -193 227 102 -72 96 -24 204 228 171 147 -8 -56 135 -232 53 -164 180 -166 128 146 162 
TEST 47 ARG:148 -58 197 249 28 -131 236 -88 71 175 -35 65 -109 40 -169 -127 161 111 -8 72 -192 -124 -242 -184 -228 19 -116 -34 77 -217 -45 79 -14 -21 125 -123 -36 -53 91 -30 -204 149 88 -230 -218 -42 -155 116 -90 -62 208 -5 81 -175 181 -113 231 -213 122 49 -83 69 -235 136 -227 -216 123 -172 172 14 68 115 -145 -38 242 202 59 166 188 93 165 179 203 50 -94 41 105 128 -135 -75 -150 -183 143 -27 -200 -148 12 142 25 37 -226 99 -111 -78 -167 -210 -249 -81 -22 -205 -33 129 -130 -237 46 -2 -241 48 -149 63 57 -181 -195 -244 -223 43 -10 33 -89 -126 -71 248 -132 150 185 7 -212 146 243 -85 -51 35 141 -240 -86 -236 103 42 32 106 52 119 55 -32 27 -170 155 180 -188 183 6 -144 20 -76 -234 -96 153 157 95 47 -52 224 -20 -160 45 -214 201 -118 -194 163 177 39 193 -93 0 -67 -79 -129 200 -165 226 215 -142 4 -1 -82 234 218 235 171 114 87 -102 62 102 -246 -232 -222 97 -225 64 -121 -112 -224 -74 9 160 240 239 24 -31 16 -159 -55 190 -13 246 -64 127 -65 -209 15 -239 206 26 167 131 -114 104 227 34 -108 228 -107 152 237 -91 -100 -189 219 247 229 -46 221 -43 -92 -147 -243 -163 61 220 -164 -141 31 -199 186 -73 -197 209 182 -56 -117 -128 -134 121 -60 162 -115 138 133 -29 -40 -24 144 147 -101 -247 85 54 195 96 107 214 36 -208 100 -176 117 -156 -206 120 140 198 -182 213 -103 199 30 -136 -248 75 23 -133 -180 21 -198 -161 -143 -39 108 -3 -152 -174 168 -162 38 -80 -68 66 -151 -122 2 53 80 -87 -41 130 -177 86 -166 145 158 -146 -119 29 -63 -173 78 113 -106 -168 -211 189 -233 217 225 124 210 112 13 174 -202 -28 170 -23 139 -238 10 110 -250 3 -185 -221 -37 51 212 -105 -139 -77 74 -186 11 -110 82 245 67 -44 164 194 89 134 1 -48 83 196 137 -84 101 -171 241 151 126 -11 -50 238 17 222 60 -137 159 176 135 178 -219 -120 211 8 70 76 56 -69 223 154 44 -231 -179 -220 -17 90 207 58 216 -97 -138 -158 -47 73 -98 -54 -153 118 -7 18 -140 98 -66 -190 191 204 -154 109 -12 -125 -4 -201 173 -9 -207 -18 -61 -157 169 -196 192 -203 -15 -57 -99 156 -178 -191 84 92 94 244 -229 -70 -16 -245 205 -215 22 -26 233 -187 230 -59 -104 -49 132 5 -19 232 -193 -72 187 184 -25 -6 -95 
TEST 48 ARG:80 -192 220 142 65 178 18 -146 66 -155 85 227 -134 171 -37 217 -244 -78 236 -233 59 197 -52 -16 -97 74 -143 119 143 92 -75 248 17 11 150 -238 -210 -115 81 -189 19 45 -234 76 164 -140 244 -158 -113 184 -121 195 -59 -53 -156 200 99 215 72 -118 41 -33 -68 -98 202 28 -93 127 -23 160 238 -85 -218 7 203 31 -90 -203 56 176 -212 229 211 -50 -73 -96 -94 240 135 -26 115 207 121 102 23 -152 -142 190 218 129 -111 15 -141 151 39 54 -70 213 84 149 170 235 -249 16 24 156 -106 -171 -124 212 34 -79 -160 188 70 -241 165 -92 27 79 -162 -151 88 -123 -14 100 -188 182 -84 -144 10 -21 -217 -226 -167 -34 -76 107 -131 -133 -191 230 -126 50 -194 75 -185 -2 -211 -184 -86 -60 -102 -145 -176 172 234 -199 30 219 175 -108 140 1 -166 64 -64 186 -5 60 231 20 63 32 -232 -182 -7 123 -169 249 104 -236 137 -112 2 -149 -91 111 82 -206 -100 91 -88 43 37 116 -216 -74 223 174 -99 177 -109 147 -164 167 46 -13 -224 179 118 8 -24 -239 -168 47 206 -41 205 130 -32 192 -83 187 26 89 -183 -82 117 68 110 -27 36 29 -87 -172 22 44 241 48 97 -46 125 38 146 -48 -95 -227 -247 214 -8 159 -11 228 222 243 163 -47 -136 -35 -147 101 -248 -202 154 -45 90 -127 221 -77 9 -175 -20 -240 -39 96 224 -190 -174 -204 158 180 -103 73 -137 161 -29 -135 -49 -229 -81 -10 246 168 83 145 166 -205 -231 -101 78 -125 49 -107 -105 -207 -19 -65 -1 -219 -222 -198 -154 -138 208 -116 -223 233 -180 -114 51 106 -208 -228 -221 112 105 -178 196 148 226 173 183 -193 40 55 6 -40 86 245 122 114 -71 181 -179 21 -159 -56 133 -55 -63 -31 -139 113 169 -150 209 -214 -6 247 -80 -12 87 4 201 155 199 52 98 -58 94 -250 -22 -42 -187 189 -61 -201 -28 -237 -38 108 242 -43 71 -209 -18 -157 191 -67 103 120 -104 -153 -235 -122 -132 -4 25 35 -72 -15 14 -62 -148 -54 237 -128 95 -17 131 -170 162 53 232 193 61 33 -181 -165 -161 -9 132 -117 58 -186 -213 144 185 -66 -220 204 124 -51 42 67 157 3 13 -200 198 134 -69 109 126 -246 225 -110 69 -130 -120 -197 -243 -225 139 -30 62 -3 -215 57 141 -195 152 -57 -196 216 239 12 -242 -119 5 93 128 138 -25 210 -230 136 0 -129 -44 153 -173 -163 -89 194 -245 77 -177 -36 
TEST 49 ARG:-193 73 -63 -53 79 -20 17 235 -69 243 155 14 110 34 41 116 231 91 173 -184 26 225 -106 192 133 -156 -240 -55 65 -15 -209 197 38 148 62 161 -227 -62 -108 -162 -38 9 6 95 168 -85 -30 -5 228 220 31 -109 153 125 -175 -26 188 137 80 -93 3 -23 -6 0 -230 54 -82 55 107 -125 191 -115 37 5 -4 105 -16 -205 92 -226 -204 -195 50 -186 138 232 -37 -91 -7 -235 115 -137 -107 -141 -113 -75 103 -129 219 -164 245 76 242 86 119 -29 -176 -87 -182 179 78 132 81 -166 106 88 205 180 149 214 229 218 111 -181 204 -51 117 46 -122 112 202 234 193 -154 97 201 189 -2 -1 -238 109 198 25 -236 -165 -95 -67 -127 -250 203 -189 196 -247 208 -25 -174 -3 210 -124 159 -56 32 -90 -215 -243 130 -78 -86 100 248 57 223 -208 4 -27 -150 -100 135 8 35 12 122 120 21 -19 -143 186 87 185 -65 -168 -199 -172 -119 7 -245 215 -146 -133 -152 152 166 71 -12 -84 77 -144 -80 123 13 -73 66 -47 249 -131 177 -126 -97 -145 29 -206 -158 22 -33 74 -17 -233 167 -72 -187 -169 182 -155 -151 164 114 163 246 -34 -83 142 -248 -180 -225 147 -42 -200 -197 -31 -76 -121 -249 -68 -218 -220 -246 108 -135 -147 -102 172 -118 140 190 181 146 -222 247 -103 -228 -59 33 160 36 244 -70 -244 216 -58 -89 94 -24 -105 141 49 211 -79 93 128 -167 -123 -188 157 -22 113 -41 -128 2 227 101 170 -163 -210 39 233 -196 239 -242 60 -157 -14 63 -198 144 44 10 -116 -183 156 1 230 -214 -134 -96 51 -178 -237 75 -88 -224 150 127 -136 -223 11 212 121 84 70 -191 240 68 175 194 213 237 -192 -11 -153 -71 69 174 -173 -112 -160 -231 -77 226 -216 45 -35 83 -10 -114 40 217 -104 171 176 -229 236 19 -201 -39 -61 -60 102 -92 18 143 -221 -130 165 -117 96 47 15 -74 -159 206 85 -170 -52 -203 -110 221 224 -217 -43 -207 -211 16 -138 -239 184 -57 -139 23 98 24 136 -179 -54 53 -171 -18 238 56 99 -101 199 -219 -232 -149 -40 -177 -132 48 -13 -45 134 -81 -111 30 89 -46 -36 -190 58 145 158 195 20 -213 126 28 -44 -98 -212 -64 118 -140 -142 131 -9 64 -8 72 -120 67 207 222 -28 -241 -99 43 61 209 59 -202 178 200 183 -234 27 241 -32 -49 139 169 -21 82 42 -148 -66 187 151 -94 -185 -48 -161 162 154 104 124 -50 -194 52 129 90 
TEST 50 ARG:-39 -219 -70 151 -193 -69 -51 -26 110 174 -144 -153 192 -242 177 1 150 -11 -12 -232 -146 120 -15 31 206 124 172 72 -89 128 49 115 -187 212 100 236 -212 68 -76 -73 -1 196 -18 -48 -211 -10 -77 -86 -226 -220 -118 -213 91 48 -104 42 132 -197 -59 131 -47 9 204 -32 201 -172 127 -54 -229 -179 14 245 141 -136 243 -125 -43 -143 -63 -167 -248 -154 -230 -194 2 -133 -13 29 94 -102 -189 -88 -201 224 -221 -19 227 215 -196 66 98 -246 76 -199 -224 -218 101 122 -139 -238 117 194 34 53 63 -132 51 -168 -181 -7 -137 -93 -204 -50 -202 93 238 -79 -200 -9 165 -131 -149 231 87 229 -35 -152 -160 -85 147 -249 57 230 28 235 8 -37 108 -134 -75 -74 27 84 184 -23 61 47 11 -141 83 173 200 50 129 -22 -60 -80 -140 149 154 126 55 74 21 -24 -216 210 82 95 -119 3 -158 -208 -215 156 45 -87 -103 -52 -5 70 218 18 109 30 35 -36 193 217 -155 33 -235 222 -245 -177 146 -8 242 78 232 -115 67 85 -98 180 -209 111 -96 183 -148 187 189 73 -16 41 107 -41 -138 247 249 145 -105 157 240 -233 -173 -166 17 -240 -4 -123 -151 81 -113 106 169 -237 -124 -42 -239 228 -129 211 148 203 164 43 -84 162 159 -174 -17 114 178 197 104 19 71 -150 -223 140 -241 -78 -145 89 207 -40 -122 65 -112 202 134 5 188 216 121 185 22 158 58 125 -92 -225 -107 -6 102 -20 -72 118 -195 167 -55 -62 225 -100 -182 -203 -205 -116 0 -95 248 205 -28 77 97 -247 -109 105 135 16 15 -210 -31 6 -231 -176 -30 -25 143 161 -65 103 13 175 7 39 116 -161 219 186 -61 -56 239 -110 -156 -175 -192 -106 -121 59 -234 136 10 171 99 -185 144 -171 -178 80 214 226 -188 75 12 -184 179 26 -83 -66 234 52 142 -159 -82 96 -222 -64 138 -191 -67 -117 90 -114 64 -207 237 -2 160 -34 32 220 -162 -3 195 54 -165 4 -128 36 168 170 119 69 166 133 -94 182 -227 208 -198 40 86 79 112 155 213 152 -190 44 244 -29 23 25 46 -97 198 -180 -45 -57 -186 -243 153 -14 233 -126 -169 223 -135 88 -21 -217 -38 246 -49 -81 24 -164 -183 20 92 -163 -170 123 -27 113 38 -46 176 181 -244 62 -68 -147 -101 -206 -130 -58 -44 -157 -71 -99 -90 -33 -250 -53 -108 56 241 -236 -111 139 163 221 209 -127 -120 199 -91 60 191 -142 130 37 137 190 -214 -228 
TEST 51 ARG:137 -137 -77 -130 -139 -226 -144 214 -171 107 86 -197 -17 67 100 63 -208 -15 -220 27 -141 181 -105 -241 249 -2 121 162 -205 221 -10 199 -57 65 -122 -188 -215 -167 24 82 200 -223 16 -37 -145 37 -103 156 -175 103 228 -185 -170 -143 110 178 197 -18 53 236 244 187 71 118 158 61 109 176 -237 -110 -93 233 229 202 -72 -33 58 -109 85 6 190 186 217 60 36 21 -53 234 5 -23 34 195 -225 13 125 81 174 -79 105 -46 -62 -248 -81 -204 157 -207 -233 -50 43 -8 -165 -70 235 -54 -149 -142 -214 -154 -250 0 22 47 159 78 188 -153 -222 -234 45 -164 248 -230 4 -216 28 -150 -99 10 -160 -249 -191 25 -87 -128 208 51 72 76 -34 -22 87 90 150 -134 29 -31 2 32 -210 113 -26 -3 -243 -245 -193 163 129 230 -16 -67 142 207 17 -113 204 35 148 -52 -49 117 52 33 141 -102 -123 167 -227 -29 -66 241 194 -68 -20 -88 59 -116 -178 146 -6 184 26 -236 114 56 -187 -107 -35 -152 -180 168 -198 -201 -94 -43 98 -69 151 102 143 213 104 -172 84 135 222 161 147 210 224 -112 75 -173 -126 144 -108 -32 -242 -92 -163 -63 -21 153 -162 88 -129 226 -39 219 79 -101 124 -64 -135 -95 -51 140 -25 134 182 -148 97 237 209 173 239 8 -19 -194 -189 212 -247 80 175 247 -120 41 -100 191 31 -78 77 189 -4 -217 -158 106 123 227 -203 131 -131 -133 -61 216 -91 116 -24 223 -151 23 171 -127 203 -75 -73 -238 -84 -209 -174 240 -161 165 -114 -240 -132 -199 94 99 152 -36 -200 -235 -186 160 108 30 180 68 -140 -38 49 164 -106 -136 62 -42 -58 183 69 242 -159 231 136 57 -179 -239 42 -169 119 -5 101 -219 20 155 127 -11 -59 -14 225 14 170 -147 -115 -97 73 -190 19 -41 111 112 -96 -83 96 48 92 83 -206 -146 -74 15 -231 -232 91 66 -124 -28 -40 -104 -9 115 95 -47 -117 89 126 64 -138 154 -44 70 -202 12 93 128 220 -48 138 132 -181 -246 -218 -90 -118 -183 -121 -221 -125 192 193 211 -45 -80 246 218 -213 -27 -7 -182 -155 38 50 46 40 -192 145 130 -119 172 -177 -82 243 -196 7 74 -168 -211 139 -89 133 196 -244 -98 44 177 -65 206 201 55 232 245 -212 -55 -157 238 9 122 -195 1 -111 -1 -71 179 3 -76 -228 -30 166 -85 185 -56 39 120 -176 -166 -12 -60 -229 198 54 -224 205 11 -13 -156 169 -184 149 18 215 -86 
TEST 52 ARG:-75 21 132 -49 -34 -54 156 -38 -182 -148 -61 49 -212 -59 -167 -132 -113 -143 -193 52 201 248 18 -178 -141 -249 -236 172 -229 13 29 118 -63 -7 204 -157 47 126 22 -22 199 -177 -241 28 9 -218 243 -83 -221 160 -226 -98 226 138 73 174 222 207 -160 -151 -95 202 -37 164 -112 31 232 26 51 37 -214 136 -40 58 -220 66 54 171 2 50 -124 166 4 162 -65 82 -198 221 87 -26 112 229 188 189 233 -1 120 27 231 -72 110 -24 93 -100 -93 -196 -115 161 -64 -184 104 245 -175 220 -105 103 -209 48 -30 147 -12 46 170 -88 -32 12 -180 96 32 157 227 -62 237 -224 -27 -91 85 102 -189 -28 -179 -213 -14 -190 -147 193 217 -39 -166 153 -68 63 -50 -9 -25 -33 165 -238 -45 -111 95 -247 213 182 97 -158 137 41 -174 -135 225 241 -186 133 154 -127 7 -239 -240 -207 115 219 64 35 -117 139 -55 -228 -187 92 -215 -154 -162 -129 119 -8 6 -153 -192 94 -219 42 -144 79 -246 -21 203 -103 148 17 -70 -126 76 30 228 -41 140 -10 191 -107 134 60 123 -20 -211 14 128 -19 -222 1 19 186 10 -102 -231 -159 210 -90 34 146 -5 -237 -84 184 -101 246 242 122 24 141 71 -44 -171 116 -191 -77 74 216 158 99 -106 -47 -18 -233 224 36 163 -230 -200 8 33 -125 43 65 100 -173 211 244 -161 -104 111 -81 -181 5 -108 -164 -97 75 -118 -206 -74 178 -202 -149 11 200 -15 -210 -195 55 -165 -227 183 16 192 190 218 151 -123 101 145 88 67 -87 -172 -217 195 15 125 -109 81 -194 -134 -46 39 -188 68 -156 38 -23 -163 -6 236 98 -29 173 -201 -114 149 -69 84 152 -96 -225 -155 144 89 -71 -245 -76 -2 -80 72 185 61 208 -185 -73 70 109 -142 -56 169 -78 -89 53 215 107 -79 155 -86 69 91 113 142 -223 -137 -31 238 175 20 187 -116 -130 239 -82 -121 -176 57 -146 44 -131 59 -57 -110 78 131 -150 -208 206 -199 -94 -67 -119 -145 230 -204 90 -248 -99 -120 -66 105 62 -205 -51 -85 -197 -13 194 135 -242 129 168 106 -60 197 205 -168 223 40 -232 -152 -235 -122 114 176 -139 179 56 167 83 159 23 249 143 130 -133 80 -35 -52 0 124 -128 -136 234 86 -234 -36 198 -17 196 209 108 25 -183 235 -16 180 -58 247 -138 150 -244 -3 121 -140 240 3 -43 77 -203 181 -170 -250 -92 -216 127 177 117 214 -42 45 -11 -53 -169 -4 -243 212 -48 
TEST 53 ARG:-106 46 -21 -57 157 112 100 172 -151 -194 67 53 -215 195 -122 -78 242 -20 166 237 -69 -46 -49 94 -56 -231 151 -93 98 200 -38 -206 116 31 83 -101 -55 50 170 215 66 212 18 208 -126 28 149 -131 120 56 -124 -229 -201 164 -139 207 152 175 -37 146 117 165 -44 187 -62 25 -219 -77 -150 -58 -128 192 169 15 57 -114 -247 -132 191 99 167 238 -202 -244 -94 -4 -51 -17 -142 109 202 -1 71 -86 -170 -182 -213 204 194 -203 48 13 228 206 96 24 240 -164 -224 -225 75 104 125 156 -7 -156 232 29 -70 -42 -130 8 -116 216 239 -235 249 30 189 -216 133 -61 198 -32 54 -161 63 -133 -89 105 160 -111 213 244 -50 -90 -96 39 79 144 -92 199 134 -13 147 33 65 222 92 -31 -24 -48 119 -211 188 70 -234 88 73 -75 -243 -103 -171 118 245 224 91 154 -222 235 19 82 -105 -230 -144 -60 -121 -228 -218 -180 -223 150 3 110 -52 -113 -143 -26 -186 -110 -169 111 52 -193 -141 -207 -91 -178 -240 217 55 4 114 -129 179 233 246 5 196 -65 -16 26 -237 7 158 43 -184 95 -197 -25 121 159 -120 -241 35 230 -28 -238 106 -138 -83 243 -125 2 84 -174 229 -54 136 -9 -87 74 -95 0 140 113 16 93 -136 -2 -41 1 190 -115 -160 153 -158 -140 -208 10 -189 -135 -242 107 78 -73 47 60 101 23 6 223 -165 -53 174 -149 141 -3 -64 -59 183 -154 115 197 132 -36 77 -100 -245 -104 -163 -18 -200 68 -137 -185 72 138 58 64 130 -97 184 123 185 11 -153 236 -214 44 89 161 -10 124 59 -6 126 -188 41 36 128 12 -43 -40 -107 139 -227 -66 -29 80 45 20 -167 103 61 -145 22 62 -72 193 -81 -118 -23 155 -147 -117 -198 -205 42 127 -22 -79 -84 -134 -109 49 37 122 -67 129 -226 247 -183 -166 -112 226 -127 182 -221 181 218 -217 -195 -34 69 97 173 85 -220 14 -187 38 -68 -246 203 162 -11 -172 205 -85 -123 209 86 211 225 -8 231 -82 -179 -212 234 90 -71 219 -191 214 -5 -177 27 201 -232 178 -210 180 -204 -45 -99 -88 81 -14 -209 -249 220 142 145 -63 -175 -102 227 168 163 -250 -146 -157 -168 51 -108 135 21 148 137 -199 32 131 76 177 -98 -30 -159 -19 -181 221 -76 87 -248 17 -155 -12 -239 248 -119 -173 -148 171 108 210 -236 -35 -176 34 186 -192 176 9 -47 -80 -152 -196 40 -74 -39 102 -27 -15 -33 143 241 -162 -233 -190 
TEST 54 ARG:146 119 -30 -18 165 95 -169 -69 41 -151 159 228 -202 -234 175 -235 57 91 -42 -181 86 193 -175 112 -106 -31 -109 -236 129 -160 -187 -168 -184 204 -108 -104 183 222 -119 161 218 87 -5 -239 117 27 -14 35 -156 -186 75 -166 229 -221 -65 -77 124 169 -101 -173 114 -68 -230 181 -223 173 3 -45 -62 81 -157 -203 149 -54 2 -158 -35 115 30 125 -10 152 -67 15 47 -93 -23 -7 69 224 138 139 23 67 -89 -219 196 -185 -81 26 -74 195 -176 -117 -72 -162 245 93 -9 -240 -61 227 -40 219 54 8 -125 89 -16 162 104 14 106 105 -6 -34 147 5 -115 -126 -128 -130 -199 216 -1 194 -222 182 131 -242 -216 -192 102 90 80 158 88 -96 -134 -226 -244 -140 -112 -201 -17 96 -114 61 -46 246 11 -85 232 -183 48 -123 -86 51 85 113 -149 143 -27 -182 206 116 -170 214 -217 -145 -132 0 -248 71 -138 153 36 -167 -191 49 -59 4 -102 -135 -88 156 52 10 166 -26 -100 -136 -154 -210 6 -21 -247 233 84 235 -107 33 42 -73 172 -246 44 -76 -215 -47 188 -49 215 144 234 -237 20 223 28 211 -180 -80 -177 109 178 32 92 -164 244 -172 213 50 -152 212 -209 65 -19 97 -245 185 63 -82 247 29 221 237 226 176 -159 -127 -161 -238 -139 157 58 -204 64 122 -150 38 -24 -56 240 -228 203 103 -113 -71 -13 -99 -121 72 199 13 -118 -105 31 98 -229 60 -143 25 164 -39 1 243 -3 154 225 55 -206 -4 167 141 -8 94 108 -211 201 -36 -44 -218 -29 99 -50 187 17 230 170 160 190 186 7 -66 -20 -155 -207 -63 -197 189 -214 -95 -137 62 217 -78 -75 140 168 79 191 177 231 -249 208 45 -141 -38 -122 110 209 -188 -178 248 150 -146 -194 -220 -189 -58 -124 74 -116 -84 101 -241 -225 78 -144 107 205 -90 136 -195 174 -224 -48 -163 -52 -87 134 -79 -43 197 -70 202 -103 132 34 -51 210 -147 43 -2 40 39 56 -15 70 -57 155 82 66 19 -53 -12 -111 -231 -92 -11 -250 145 24 77 59 -64 73 200 9 137 236 -120 18 53 184 -196 -131 12 -208 -200 111 142 249 171 -94 192 -133 180 37 -25 133 46 198 -165 -193 -97 -129 -171 -91 16 -205 128 130 -41 -232 -153 163 -174 151 -110 83 76 -37 179 -233 -213 -198 -32 -60 -98 220 -190 135 -55 118 -142 -28 -148 207 121 22 -179 -22 148 238 127 21 241 -243 123 -33 242 -83 68 100 126 -212 239 -227 120 
TEST 55 ARG:87 35 -159 176 67 -65 139 102 90 114 -195 159 126 141 244 150 -77 -235 47 179 70 -211 181 -150 -11 204 11 -7 218 39 109 -42 -35 -123 -208 -31 -178 -97 202 -197 -124 -239 -20 238 129 138 -241 171 -183 106 -167 151 37 -110 -87 36 -152 -96 -192 162 -224 -161 -106 -63 88 -80 94 -185 -181 191 130 -134 116 -64 165 209 -26 -78 -126 7 -32 -121 189 -105 -129 23 12 -5 -79 216 44 229 207 31 -242 -10 119 46 -221 -172 86 -130 13 1 74 -84 -186 148 240 -203 169 63 103 -228 143 153 -127 -217 -245 -57 111 -173 -23 249 -81 -89 -24 172 117 -205 -180 -199 182 19 232 -102 -165 85 84 -191 -240 -194 -112 -60 9 225 -236 40 80 24 0 59 140 245 -70 230 -118 -230 50 227 -201 105 -175 149 -86 156 -137 206 205 -198 213 -204 241 28 134 -16 -233 -91 234 145 221 -21 -29 -19 223 100 -202 51 -215 68 -168 48 57 73 122 -162 -145 108 89 110 -138 -146 -247 -82 217 -45 161 -250 195 226 -43 69 198 -103 -17 -40 -68 -48 -136 97 -222 175 166 98 183 38 246 123 -163 18 49 62 -55 53 144 -225 163 -226 -92 -174 61 -170 187 -95 29 104 5 -176 -232 -119 -141 173 56 -116 199 219 121 -187 -1 -115 185 -243 236 64 -83 17 112 -149 -67 224 -6 -237 118 -109 243 -122 -209 215 34 196 -229 -99 -111 -212 -88 180 -8 60 -101 -213 242 -36 -227 -184 128 -3 15 95 -131 21 96 197 75 -166 137 -61 -200 -85 146 26 72 58 127 3 -144 164 -69 193 125 -50 -34 22 -218 -216 -117 154 -189 160 157 -38 -104 93 -164 113 -139 91 -30 27 -190 66 -160 10 -93 20 -234 65 155 135 -107 -188 158 -53 211 -71 200 82 -66 45 -44 174 -98 -27 -171 167 -22 168 43 -151 239 131 52 -193 -155 184 228 78 -12 41 2 115 -128 83 -62 -49 -177 -179 -114 14 -76 -169 247 -210 -142 -154 186 -113 -54 208 -73 107 -238 -58 -39 55 -47 -94 77 -148 32 -13 8 132 124 81 192 -206 -18 -196 -37 237 -248 248 133 -90 -220 190 -156 -33 -100 231 -143 -182 76 -51 170 -28 -9 203 -244 -153 220 201 147 -52 25 -207 -223 142 178 120 222 -120 -219 33 42 235 -140 188 -133 136 152 210 -157 6 -249 -147 -158 101 -25 -2 233 -125 16 -74 -41 -246 -231 214 99 4 -108 -75 212 54 -132 30 92 -46 -59 79 71 -56 -15 -135 177 -214 -72 -14 194 -4 
TEST 56 ARG:82 176 86 197 143 -118 -239 -123 -154 223 115 -207 10 -210 -159 50 216 33 244 80 74 224 171 -137 -216 117 221 200 -129 57 207 -169 100 -28 -242 199 -52 -221 127 -158 -27 -153 46 167 85 -26 -226 247 -35 191 -136 154 156 23 -209 243 -146 155 -73 -101 73 -243 246 212 -250 214 -167 -214 205 -176 237 48 30 61 -141 -94 -156 -230 -96 -17 -55 17 -29 -70 -11 -105 -246 174 -234 -125 8 87 -19 -112 -84 152 44 -113 105 -201 3 -86 179 -220 54 -196 -192 66 92 -233 60 75 34 -97 -205 31 137 -149 -104 181 88 126 -164 -142 -238 32 -202 9 -180 -130 -109 203 142 141 131 4 -139 -197 -198 102 89 235 -68 -212 146 -211 -72 -32 -5 -18 -98 -110 47 29 -116 204 -185 -25 145 192 157 78 153 -4 40 -71 175 83 209 -135 -204 120 140 228 -128 -206 68 -160 -124 -49 -66 -184 133 104 -93 96 6 -232 19 -99 49 81 165 -150 -7 116 22 -194 -75 172 125 173 103 -193 108 58 150 177 178 -157 37 12 -190 122 -40 132 -166 -8 -240 36 -152 16 110 230 -12 -241 -225 124 -103 225 144 -121 109 91 53 101 26 -2 -37 119 184 -42 -77 -244 -177 -45 185 219 -248 -9 -107 166 206 67 -87 -203 -89 -189 14 128 -182 69 -1 -3 -120 -85 20 -106 43 201 195 183 70 -14 -162 -47 79 -195 -236 186 180 -102 123 189 -41 220 -179 -188 -13 -64 27 -22 -228 -63 229 248 -15 38 -46 -92 111 222 -144 202 95 107 -43 215 -208 -181 -131 -79 21 -174 194 -114 -147 -187 -231 198 -165 139 -155 52 196 11 -170 56 114 -143 -21 130 -168 -132 -51 7 -30 182 39 5 -186 -24 -119 -122 -200 2 134 -249 94 -33 129 -178 239 -38 -126 236 211 162 213 169 41 170 -90 190 59 245 113 226 51 18 -235 -31 -34 -69 -245 -217 -58 241 -224 227 208 160 249 -95 -91 64 -67 242 -80 -134 1 -10 -65 112 65 -81 45 -76 93 35 193 -223 -218 -199 -183 -215 -53 -108 151 218 -44 168 -36 158 15 28 118 24 42 90 106 72 234 -74 -88 217 13 -16 25 -115 62 149 -191 0 84 -62 136 -222 -117 -127 -20 -148 -213 -175 -60 238 -23 -172 161 -111 163 138 -227 -229 77 -78 99 -59 210 -237 -151 -83 -39 -163 -171 -133 -54 187 -161 164 55 -140 233 63 135 97 -138 -100 -50 188 -145 71 76 232 231 240 121 -82 -247 148 -48 -6 98 -219 -173 147 -57 159 -56 -61 
TEST 57 ARG:240 -248 159 92 -209 127 -81 131 122 115 -247 100 -171 -172 36 -157 -231 189 220 24 237 -215 235 38 76 73 -198 -191 -126 219 -196 78 216 -5 -105 -224 204 155 -79 171 -250 -86 126 -220 -187 157 -236 1 164 123 -75 175 -98 -49 -85 -23 -167 -205 -90 -136 72 101 -7 141 191 -173 -165 -12 -16 -28 -14 65 85 -180 -104 197 -185 -162 -154 105 209 203 -96 -239 -129 -74 -144 75 138 -17 -112 -238 12 -95 17 107 -216 -203 34 207 -145 -31 184 -45 -240 -119 10 165 208 -3 236 -227 94 -217 154 213 129 45 81 -25 168 106 -182 -72 -150 -181 18 248 63 70 -80 -122 166 -37 -159 74 -188 142 -175 -71 58 163 -137 -73 -135 229 -19 225 -2 -116 16 -108 199 -39 231 59 -11 158 -113 -125 7 -160 169 55 29 227 139 190 -213 93 21 145 -228 32 -183 116 -34 44 214 -161 -244 -194 226 186 54 37 8 -226 104 50 -58 -232 102 -218 -35 125 -210 -94 -89 108 -143 223 -133 136 89 15 -156 5 194 -44 243 -184 6 -53 -212 -230 230 11 147 86 -214 -243 20 -102 110 146 -124 -151 84 -62 -115 -146 -120 -97 -38 80 40 211 -29 -83 -117 232 2 -106 -27 -52 -43 241 -141 112 96 -55 222 -60 242 198 -139 -223 -178 -138 -41 -111 200 239 -109 71 -193 -93 -134 -64 61 -197 114 -69 56 218 62 170 -110 103 192 -66 23 205 -206 -189 -48 53 39 193 64 -87 201 -179 0 -33 28 -158 109 196 121 -18 99 -6 -13 160 -127 83 -208 130 -47 -199 -140 111 27 60 19 -202 172 210 183 143 -123 -82 133 66 -148 91 162 124 -169 -246 -10 -118 -225 181 -68 179 -63 -235 185 233 -65 -91 -221 98 178 46 35 176 134 -234 119 -30 228 188 244 97 79 151 -50 148 238 -163 249 -142 -70 -9 43 -46 118 -211 -121 67 152 88 -168 -42 -54 77 51 90 217 -61 25 135 52 -200 22 -99 -107 14 -174 -26 -78 -237 -20 33 -222 167 224 -132 -170 13 -88 -114 246 68 -177 144 174 234 -245 49 82 137 -40 41 -166 30 -1 -76 -57 117 -59 -149 -24 -147 -100 -103 -22 31 -101 -130 -21 48 -190 -201 26 161 -195 120 -249 215 -77 -152 -51 69 4 156 -56 177 3 -4 47 128 140 87 180 -32 -207 247 9 -186 150 -219 -36 187 -242 149 113 -176 -155 -128 -204 -192 -229 57 202 206 -92 -233 -153 -8 221 182 173 -164 -67 -131 245 132 195 42 -241 153 95 212 -15 -84 
TEST 58 ARG:-207 130 -160 24 45 -223 60 117 29 189 120 47 -128 -166 30 -82 -191 -62 -71 57 109 80 53 -57 -30 -100 -13 132 209 2 84 1 154 -32 -233 161 49 135 143 205 105 243 -203 -25 149 138 101 -143 -230 28 -250 -195 21 -119 23 -92 -138 -217 172 -237 212 211 -130 -96 5 171 -180 134 -89 -192 -127 -136 42 -202 -149 82 55 -218 -80 -69 -91 234 -185 -88 -17 127 -141 147 85 -236 52 62 43 -24 -219 33 175 -242 114 123 207 -78 -226 126 -70 89 150 -147 -77 -210 -228 -224 78 81 184 -173 160 18 196 187 -95 227 -61 221 215 113 176 131 181 145 -66 -45 -19 -103 -26 -156 214 148 -9 77 -158 -5 174 71 -38 97 79 -34 202 -183 191 17 119 36 188 163 104 183 169 137 -206 91 -43 247 -232 -47 168 -221 35 -145 48 65 -73 -39 223 -1 142 -7 31 12 219 -14 165 226 -177 39 44 125 -168 -227 190 107 83 -249 -209 178 -48 240 -150 -46 -214 103 -8 -68 -189 239 25 -28 232 66 156 -244 -139 20 99 -99 58 245 -50 75 -83 -212 241 -205 237 -216 -116 -181 124 -231 -60 222 -75 -198 -93 -115 -208 -87 180 -84 61 -54 -4 -12 -52 87 69 -56 -65 54 96 -118 4 -247 151 -220 102 -42 70 50 -35 -81 216 27 -67 -72 -36 -170 242 197 -106 -229 -11 -3 -134 93 228 6 157 244 153 108 19 -215 159 106 -22 -213 16 204 38 -146 94 122 -18 -199 -27 -111 88 -246 179 73 -140 173 -76 -10 248 63 -234 100 203 -44 -201 249 -178 -98 -108 -64 -157 -113 -41 229 -129 -155 185 -40 76 72 -31 -126 235 162 -148 -179 208 182 26 213 210 206 -172 111 -109 -190 155 170 -222 -55 217 7 -225 -184 -90 -122 11 13 -23 -117 -135 -124 146 -101 192 144 -197 -167 -175 -187 198 -241 -85 -159 41 -112 166 -132 -238 -110 133 -51 -193 201 -49 -245 10 -161 56 -123 121 -53 -79 -107 -104 141 90 128 -102 -196 225 46 -176 9 118 115 -169 -59 -74 98 -162 -58 -153 -137 34 -163 -105 0 -154 -16 -171 230 15 67 95 -20 158 86 32 199 59 -144 -235 136 14 -133 177 37 -37 195 -15 -120 -204 193 -97 -152 -186 110 224 -248 -188 -200 139 -94 -6 152 -211 -151 194 167 -174 51 22 186 -121 64 -63 164 -182 -194 -131 -29 3 -2 238 218 -164 -243 200 116 231 -125 112 -239 233 236 220 129 -33 246 68 40 8 74 -240 140 -165 -21 -86 -142 -114 92 
TEST 59 ARG:211 180 230 -140 184 -5 -166 -224 -151 18 -143 -172 -245 -208 -122 -176 -228 -80 -77 -33 242 -54 138 49 66 -45 143 -194 131 -120 128 192 -123 -124 141 -186 -78 27 -114 -170 -242 -1 -8 -214 159 -118 -188 -141 126 -85 -189 13 203 -6 -210 122 -168 -132 -158 120 136 212 -187 150 115 -38 -36 -87 111 85 -88 -60 23 30 -27 121 207 -67 -130 1 -162 65 88 182 110 -47 -232 61 74 -183 248 -94 -99 -119 -236 232 190 173 42 118 -9 -167 -163 -234 -57 188 228 -135 220 137 63 2 78 237 219 -69 -34 198 3 -223 -220 149 -156 178 -229 -246 -125 -79 -75 -211 -192 236 -239 108 -105 -117 50 -196 -137 -185 -39 135 199 -218 8 -203 -91 185 172 -44 -86 -139 -28 -104 225 54 -23 -55 -165 -13 170 -171 -42 217 19 71 -154 -243 -240 37 72 148 -93 -173 165 -73 243 -238 34 -248 -164 15 -198 -128 194 163 104 44 -10 239 -217 -63 76 -64 -49 231 222 -46 38 11 -150 161 -247 114 133 -147 229 -74 -12 6 105 -249 -72 -161 -209 158 -152 -66 -109 79 -101 28 209 35 -90 191 -76 168 235 21 204 17 59 5 45 94 -225 14 -29 -53 -31 127 -195 241 215 -145 89 -100 -200 -62 -59 -204 -52 -126 202 -215 167 226 206 -230 -160 -14 112 208 -206 -115 95 31 181 -226 -197 -96 16 -98 176 -108 56 -231 -106 -15 -65 81 -58 175 119 -131 227 -121 246 97 213 -207 46 200 -127 -7 83 -111 189 100 164 -37 224 92 -212 55 117 113 218 -182 -70 -159 68 210 -221 -61 -219 -174 -84 91 -32 -216 134 -175 70 -48 58 155 196 106 87 197 12 -95 -180 234 -148 75 186 -26 166 0 147 52 25 214 -144 -129 -227 -213 -82 36 -22 -205 -97 -11 102 -116 -21 -24 139 -2 249 -169 -113 47 32 205 101 -233 146 40 216 -17 247 84 201 179 171 152 -178 -83 154 24 144 109 124 240 60 86 193 195 -177 187 -133 -190 123 -138 20 -155 -20 -51 -89 22 80 -103 73 103 -136 -16 -134 10 157 -3 145 7 -50 -157 -201 93 132 -68 -153 174 53 -149 26 -25 -40 -56 223 69 98 183 77 156 -244 29 4 245 -43 142 -71 116 233 -142 -81 177 82 57 -41 -199 169 130 238 -235 -4 -193 -18 -92 244 160 9 -191 125 67 -181 -237 -250 -146 43 41 -107 107 -179 99 -222 -184 151 -35 221 129 96 48 -202 -110 162 -241 -102 51 62 -30 39 90 -112 64 140 -19 153 33 
TEST 60 ARG:-89 -14 -165 -91 -59 -38 -20 82 -212 -172 -196 40 -66 -43 174 15 -236 236 22 -152 64 2 66 -243 -189 20 -79 86 201 49 126 230 52 -99 -64 105 194 -138 155 -160 36 -147 -118 198 55 217 -49 -174 -50 -234 -41 -214 6 -81 207 -12 -159 144 -140 178 -60 -78 170 146 118 -156 -100 -183 -1 -63 208 216 58 245 10 48 -71 117 -62 -103 180 93 -230 61 -142 227 -102 -98 -171 56 -150 116 46 232 -149 -108 162 -121 -56 179 108 -28 53 84 121 -127 -237 -221 -246 -111 -115 4 -92 -227 -24 8 29 -86 -197 -101 -240 -168 -233 -228 -146 -17 137 -106 187 -36 -180 215 102 158 234 -110 87 71 -25 222 -208 -82 -133 212 3 -151 -93 31 247 -166 -8 -175 -202 223 214 9 -241 -123 -218 -128 -54 153 -224 -58 242 231 95 21 -6 -53 220 -18 -113 -153 -154 128 44 133 -119 237 -5 139 32 -29 154 68 122 -30 -2 -181 -239 -46 -74 151 -141 -198 27 -216 -11 -26 -84 7 -33 -52 -65 -170 150 -229 -35 -195 188 23 1 -231 37 127 -145 -210 -88 -61 -120 -34 169 -162 101 142 -223 -67 50 -104 248 -47 145 -39 85 100 97 109 175 125 90 -72 138 -130 38 47 33 -40 -77 163 78 14 45 -124 249 152 106 -95 -184 5 225 161 -204 156 99 -117 72 149 62 218 132 -213 -125 -185 189 -19 199 -126 -4 -232 -143 -209 -194 12 246 -235 115 -167 229 -45 -173 191 26 211 -85 147 -73 -13 -219 59 243 -215 -164 -32 91 238 -163 30 213 -15 -80 -107 -177 -90 -249 -9 -68 42 -44 172 140 94 -37 63 -187 -31 159 135 233 110 -157 195 -75 -134 81 79 119 -245 157 -248 203 -192 -188 76 112 -201 -144 136 141 19 -238 -179 35 -96 70 75 67 123 107 -203 -182 -42 182 -16 -122 -200 -112 -105 143 -27 134 11 164 -55 176 -57 98 202 160 80 226 166 -186 -247 219 210 -21 177 -3 171 -190 -155 39 240 88 196 -161 57 -148 241 -217 83 239 -158 74 -199 73 -137 -244 -135 244 -83 235 28 221 -48 204 -76 124 206 224 -22 173 130 -114 165 192 183 -51 -10 -87 -132 -94 0 -109 25 185 111 34 193 89 -23 184 18 190 -191 16 -97 -169 -205 96 -206 104 -250 43 228 -222 -211 65 120 -129 -178 -226 -70 103 77 113 131 17 197 -220 -131 -176 51 148 24 92 -207 200 -139 -193 -242 167 181 114 209 168 129 -116 41 69 186 13 -69 -225 54 205 -136 -7 60 
TEST 61 ARG:49 53 -154 98 -93 -47 194 37 -229 101 -99 -143 -240 -167 181 241 182 184 -200 137 195 -221 -139 74 125 -196 -164 73 32 -109 159 -129 -141 72 -74 78 -133 -78 -58 158 -100 86 84 -213 67 -96 -51 -126 -214 62 206 193 -178 -87 -201 142 -150 33 200 -102 186 185 -46 -62 249 -216 -77 13 -42 232 -79 24 -10 -56 225 -67 -222 -41 149 -199 192 -43 -137 242 148 -95 -147 222 114 63 76 -44 -218 66 28 -50 35 -3 83 -119 -140 81 90 -103 -230 -38 27 50 -13 -128 -160 -177 -14 91 -134 -73 204 80 -9 -135 -33 -151 95 178 17 133 -176 -16 170 -63 -39 152 -117 -112 -8 198 109 48 -132 211 96 -145 -184 205 11 54 -232 139 -29 226 163 213 -52 4 -170 -70 180 168 25 -85 -138 12 -157 223 64 147 115 30 -71 209 146 118 123 -131 112 31 154 97 113 245 40 201 243 -185 -204 141 -235 160 236 235 119 135 38 77 2 -65 -11 244 -76 203 79 -61 -241 153 58 229 127 -115 240 -98 55 -28 162 150 -197 -210 -231 43 -180 -91 -217 -246 -32 224 -245 8 70 -172 177 -192 -23 171 60 165 -107 208 -25 -22 47 -183 106 -188 173 44 -208 -18 -35 143 196 -83 124 -82 -94 -111 212 -110 -179 176 -2 248 52 247 -146 122 -189 161 -219 -203 -7 34 16 71 -122 -4 69 -169 46 -19 -158 175 -124 234 220 20 3 65 -34 -116 -106 129 -30 -48 9 -27 -202 134 -92 -69 82 -49 -244 88 -181 -21 -59 -68 215 -17 -12 190 138 183 188 87 -118 166 121 -182 -156 -165 237 -37 -75 -187 -212 -104 214 132 207 136 131 51 172 -168 45 -163 -36 -223 92 -15 -84 18 -54 145 -144 -215 -31 26 -88 -249 140 107 -248 117 -233 14 -190 110 -206 -66 157 -105 41 -227 -26 239 -57 -5 130 -234 -159 -207 -24 15 217 -64 -136 151 75 -114 -120 210 68 -45 5 -193 164 -153 231 174 -1 -166 104 169 -142 7 -228 -225 -237 23 246 -72 -239 105 36 -80 -198 19 -6 -155 -174 61 108 -81 126 -224 187 22 155 -209 -20 111 57 -127 128 21 -121 -123 -173 94 42 156 189 102 -195 -191 -250 -86 197 10 -60 1 -186 202 -211 -220 -236 -175 -162 89 228 -148 103 -194 85 227 -53 -113 191 -108 100 6 218 -152 199 221 -40 -90 216 -130 29 -97 230 99 219 144 -149 -161 -89 -238 39 -243 0 238 233 56 120 59 -226 116 -242 179 -171 -205 -125 -247 -55 167 93 -101 
TEST 62 ARG:-160 -98 237 -113 51 112 25 243 -230 -175 217 231 -216 -128 -218 -122 -145 -164 200 154 130 -200 -192 39 -74 235 45 -37 -191 245 -42 69 -207 208 54 19 -7 230 140 6 -179 139 -58 -190 10 -202 -60 -102 88 14 129 -241 -205 93 -69 17 -195 -226 -151 120 -114 240 -225 -6 -18 118 -92 71 65 -219 -105 -100 -184 -94 142 58 86 -31 195 24 94 -247 -177 -116 145 228 185 117 -19 -158 77 2 238 -170 -34 59 -245 -136 192 -242 12 -67 134 50 155 80 224 44 96 150 -152 49 73 158 -43 159 122 205 -12 -210 91 160 146 -40 246 -229 63 -25 22 -214 213 202 -168 -139 61 180 56 149 -131 189 20 247 -28 162 -193 64 -77 -96 70 179 -118 7 -91 210 -55 -27 -221 -222 103 125 -181 172 -246 -16 -142 -52 106 244 98 209 89 8 123 -112 92 151 -169 204 221 85 57 87 110 136 36 -59 -49 -108 207 173 -228 -125 -81 -99 183 -119 -209 13 -123 131 -163 27 -147 82 -89 -84 -213 -176 -38 206 -101 197 -211 -62 222 -88 169 116 16 214 41 -232 -250 166 211 1 -53 -45 -71 -227 218 -10 -231 115 -156 -70 -249 31 186 196 -32 171 48 212 -162 -183 -188 -117 234 198 -199 219 163 -82 -235 -174 -110 47 161 -46 239 191 -63 -85 216 175 220 95 -127 152 -50 -182 -134 3 143 -126 190 -21 107 242 -120 -198 -201 -155 -61 184 -212 -17 9 -171 -138 203 -86 199 35 -72 4 -208 -36 -13 248 -236 236 -33 62 52 148 -157 232 -14 -233 -204 -166 37 -106 225 233 -243 -165 -130 -244 38 -15 -140 -79 -65 18 -154 141 132 108 -206 170 32 -129 249 133 100 -124 29 -1 -173 -150 137 -153 21 128 -35 42 75 227 135 -107 -137 -159 97 -172 -66 121 176 101 -196 72 167 -148 11 194 124 -146 104 -64 -237 188 -248 83 157 -48 66 -11 -185 -9 -215 127 223 -135 -93 119 -167 -109 23 -104 -95 -90 226 177 -20 -187 -103 -2 164 -121 -161 15 -111 182 76 181 26 111 -5 -23 109 -26 40 126 -57 -180 34 147 -234 -141 -76 5 -189 67 -73 -143 -239 -217 174 -4 156 84 138 165 -22 74 46 193 -87 114 -3 33 -39 -8 241 30 -224 -54 -132 229 68 -80 81 -41 -115 -220 -68 60 -194 113 -83 187 0 79 -186 -97 43 78 153 -75 -133 -24 -47 28 55 102 178 144 -240 201 -44 90 -203 -30 -223 -178 -56 -78 -238 53 168 215 99 -144 105 -149 -197 -51 -29 
TEST 63 ARG:-216 110 -183 -70 -136 -77 126 62 226 -217 -88 146 -224 154 2 -89 -147 34 -185 -142 -67 167 -141 -64 -97 52 -3 -82 -58 92 121 55 28 234 209 63 46 -211 -149 6 68 -121 -227 -139 19 100 -192 -144 -166 -44 113 -194 -18 104 -65 -53 35 130 208 48 57 -11 20 -4 -12 66 8 -68 -124 99 -158 -127 -26 -43 -56 77 230 191 -187 -107 139 -29 145 7 -132 -186 182 203 114 181 116 168 9 205 -173 196 -201 -131 -81 64 38 204 -225 -182 202 -79 133 -155 231 -244 -76 24 107 60 -7 84 70 -230 4 33 40 -234 -240 212 128 178 47 -199 170 -23 -228 124 -248 -150 -108 -37 160 -90 152 -207 -129 -17 -236 123 -122 65 228 -112 -179 -98 -78 183 -66 134 -176 93 -110 50 214 -154 69 -172 246 15 30 -35 198 -237 239 17 31 -243 -145 -113 233 0 -233 73 115 -232 -242 -241 32 186 -162 -50 -168 164 83 -205 166 -171 54 -148 -197 -100 108 -61 193 232 14 -21 86 -152 185 189 -235 90 -126 169 -69 23 -87 -115 74 -170 75 165 -15 -109 -5 -226 36 218 25 -48 195 -6 -25 163 -51 56 12 -75 94 79 150 -123 117 -116 -137 -60 243 -178 -250 229 -175 187 26 -49 177 222 -105 -99 162 -195 216 200 223 81 -39 67 -118 -157 138 -42 111 -220 172 176 141 85 43 88 -143 215 197 248 190 159 -146 120 -133 -41 102 175 80 131 -249 -188 148 -55 -83 -190 -177 -210 -119 -140 -10 -208 42 -219 -181 37 144 22 -80 1 -72 109 -156 -33 -245 97 -174 -120 87 227 -2 -13 -59 -14 -16 156 217 -40 91 -203 49 -54 44 220 13 -93 59 16 11 -130 10 72 -164 -92 -180 -45 27 -247 -73 5 -246 143 -106 -28 89 -189 161 -209 -1 206 -212 207 -135 147 -71 135 127 -231 76 140 -160 -63 -86 194 -191 -74 -91 -213 -114 236 225 -32 21 51 -134 -198 -57 95 112 249 18 -125 -52 142 213 -128 235 118 105 -36 -222 179 -85 -223 -101 -214 180 -163 -161 101 -151 61 -62 -229 201 -204 224 -34 158 153 -238 -111 240 -206 41 3 -165 119 129 245 -215 -46 173 -117 -169 96 -20 174 39 -218 103 247 155 -24 199 125 132 -138 -193 122 -30 82 98 -38 -184 53 -19 149 -96 -102 -104 -94 45 221 184 211 -9 -196 -159 71 238 -221 242 -47 137 157 29 188 151 244 -103 -22 237 58 -153 210 241 -27 -84 -95 192 -31 -200 78 219 -202 -8 -167 106 171 136 -239 
TEST 64 ARG:73 -248 -90 221 11 -190 76 116 -27 77 36 15 -177 -180 108 -17 -15 -107 109 -119 117 99 -34 219 6 -143 38 139 -182 -8 -227 -104 147 -206 150 -148 110 241 155 -101 -214 -178 70 -83 -205 -160 81 211 -126 -106 -81 -133 -225 -36 5 13 -135 -52 234 -169 -142 133 -112 19 153 152 136 40 225 98 -45 -130 -125 -116 -67 -239 -161 224 -42 -183 -118 199 -195 145 39 161 160 238 -234 207 -201 -35 -22 143 26 -159 167 -18 179 243 240 163 120 115 49 -233 -13 -158 -91 25 -66 80 10 -207 0 -108 205 87 -185 -37 41 -197 -76 -192 -149 229 231 -229 -165 -136 186 131 236 24 111 -137 -98 170 85 86 -153 20 -167 -226 83 -211 220 -164 -69 -5 168 148 132 -80 193 140 -71 72 -68 -193 -29 -209 -64 239 67 -203 -85 208 16 217 -73 245 43 -14 82 88 -51 78 -128 53 -120 9 173 -150 -152 -55 196 23 -170 104 -117 33 -240 92 -162 175 -140 58 218 55 32 27 7 227 233 44 -58 -184 28 -78 -147 237 178 235 -65 -174 181 102 -105 -127 -79 -154 154 119 246 75 -144 112 -92 -20 -72 -40 -109 215 42 176 210 -217 137 129 -163 8 -57 171 -87 89 -49 -228 -139 56 62 216 -10 113 -110 105 107 -243 -9 -204 -4 194 126 54 51 -146 -176 -30 -145 -166 128 -89 -46 -47 -235 84 -82 35 206 18 197 -103 -59 157 -28 183 -172 185 248 189 -179 242 -221 -96 -11 -39 222 201 -238 -242 -53 -189 -212 -7 141 188 -173 48 159 195 180 101 -156 -31 177 230 149 -6 93 -222 -121 -100 -60 162 -94 -84 29 -250 -88 -237 -131 122 -32 -241 244 4 -16 -236 -218 -219 192 -141 156 65 198 -3 118 223 59 -33 -95 249 138 203 -231 96 212 226 -77 151 -186 -99 -244 146 68 -246 66 125 -194 124 57 61 209 -132 -220 -181 -188 91 204 90 -200 214 -157 -115 121 -223 -208 -12 182 -215 247 134 200 -62 -113 127 -245 -25 -230 21 135 -213 213 -249 -199 158 31 103 -171 -175 -216 -44 45 -75 165 -129 2 -187 46 106 -134 3 -38 -247 228 232 -86 -123 12 64 -48 -198 -43 97 202 17 -54 100 63 22 -63 -19 187 166 -168 -224 -50 -196 114 69 -41 -102 -202 94 -61 -114 79 -56 -232 -191 -21 1 30 47 130 191 -2 50 142 144 95 -93 164 52 -111 -26 74 190 -155 123 174 71 184 -122 -124 -24 -74 -138 -151 172 60 -210 34 169 14 -1 -97 -23 -70 37 
TEST 65 ARG:90 205 -156 -238 11 89 -246 196 -54 -145 222 -249 -76 7 56 41 -214 118 8 -14 -65 -53 6 -120 2 -18 -110 -171 -198 17 -87 -183 -6 -179 126 60 138 85 240 12 102 195 -168 98 211 -5 109 114 25 192 10 177 -211 161 -45 168 71 9 64 -44 91 170 104 93 -49 -175 66 80 -170 -159 -99 27 -199 249 -213 219 -66 -160 248 -158 175 88 83 26 -81 203 -234 77 -230 1 154 -240 -149 120 -124 167 -181 42 142 180 -117 187 -51 -187 -223 -217 -41 -239 -151 176 202 194 -196 122 -55 172 -123 106 128 -131 243 107 237 148 -15 -228 -167 131 -4 204 45 -229 -166 -32 209 -192 -243 -3 171 213 218 -17 103 -62 -29 -8 95 -112 40 -201 23 139 215 31 44 61 -98 231 -105 220 -70 242 30 208 -184 -205 163 65 -233 -155 99 92 -189 -80 -21 -85 -137 153 79 -107 -67 59 189 -220 226 245 15 -52 -224 54 206 29 -138 -250 230 -208 -31 -241 149 -40 193 -163 -139 -56 227 229 178 -102 -176 134 -248 124 -180 36 225 228 162 63 -173 53 -16 147 -118 123 -172 4 -83 -169 -38 34 125 -161 111 186 62 43 -78 143 -186 159 135 -43 216 223 -164 48 -209 181 108 101 86 -10 -61 -235 28 -202 -144 -96 -19 -231 -57 -101 94 -23 52 97 160 76 96 -177 -58 -74 -125 214 100 -100 110 -162 -129 188 132 -59 22 -33 112 -150 -194 -47 32 169 81 182 191 -108 -72 156 -219 -39 -147 -130 -244 -191 130 -141 246 -42 179 18 -86 -103 -218 -212 129 113 -11 -82 -142 233 -27 75 70 234 -204 151 -225 -79 -195 236 217 183 105 -22 -1 -73 -12 244 87 -94 -63 166 190 35 57 -206 -242 -37 47 -91 -134 -132 -148 -46 -106 200 197 199 121 224 5 49 68 46 67 13 38 37 -193 -35 21 55 -165 247 210 127 -135 -245 -146 -210 -36 -247 58 -95 141 -216 235 117 84 -207 207 -50 198 24 212 -237 -97 173 -174 -7 -77 -75 3 -178 -13 -227 115 -68 119 116 157 158 -140 -236 145 -185 -197 -114 51 137 165 -2 -109 20 -34 -111 -84 -92 -30 241 -126 -143 -200 -226 232 -182 39 -116 74 -122 164 221 69 -215 155 146 16 33 -136 -28 201 -20 -232 -24 73 78 72 -128 238 -115 50 -222 133 -190 -25 -9 184 140 0 -188 -221 152 82 -133 -26 -89 -60 -154 239 -104 -127 -71 150 -113 174 -152 -48 136 -88 -203 -153 -121 -64 -69 14 19 -157 -119 144 -93 -90 185 
TEST 66 ARG:-199 232 86 207 -58 -117 108 135 221 94 236 182 -164 -193 240 7 32 -208 -147 219 33 -44 154 10 -69 -38 -25 208 105 211 30 -196 29 72 46 -111 -46 -212 204 173 -223 -184 -175 180 -87 93 -138 -189 165 -59 -90 41 -8 133 128 -10 -171 -43 -143 -216 238 14 242 -36 -102 -74 205 51 -106 -95 -5 -24 233 -79 -105 137 -86 109 -236 -81 244 -169 21 -132 -56 -134 -176 25 79 243 57 -243 -139 215 -6 198 183 37 203 132 -209 -204 -49 -144 193 97 -207 227 78 -146 212 188 1 75 -173 -239 159 2 216 60 -161 -215 35 124 -172 -20 202 222 77 176 88 -94 -57 96 -163 -155 -148 -77 175 -152 -47 -51 -237 -45 140 -194 113 210 189 155 -187 13 -71 145 -98 -120 4 168 -170 98 -125 139 42 106 136 -201 -68 -31 52 -119 169 -244 -23 -128 -122 84 -234 -206 -89 167 138 -131 -35 -126 -141 -245 89 -73 228 -135 53 -186 126 191 -118 73 -241 237 68 158 66 -41 -104 230 -217 -15 -168 -18 125 -145 82 -220 47 -84 -110 3 196 241 -150 164 -197 -88 -232 110 -4 -72 44 81 114 -182 31 -101 83 -93 179 -249 245 160 -70 43 -174 -203 -34 -166 76 -210 -17 -78 149 -2 141 235 172 -55 187 -156 40 36 92 -32 152 111 -116 194 171 231 200 104 130 119 -67 -114 -178 -226 -181 -129 71 234 16 48 101 -162 -22 26 -238 -227 186 178 -183 -222 -99 -65 -97 170 -127 226 144 163 -191 134 -109 229 157 23 115 64 100 -30 -91 214 -62 -121 0 -83 118 70 49 74 120 -214 -149 246 -213 153 116 -229 112 248 62 143 121 -177 38 18 -158 123 184 39 50 63 117 -248 -75 5 -9 69 17 24 177 6 -14 -185 -85 -228 -140 55 -19 -42 195 45 -64 19 -142 -153 -198 56 8 90 -112 -167 -136 9 91 199 201 -179 -66 -53 122 -242 213 -16 -96 -130 -151 87 -92 -231 -154 -39 -200 209 162 -205 95 102 -50 147 -108 -221 218 161 146 -21 59 -100 -48 -115 -157 -133 217 197 -250 65 -107 -159 -11 99 -13 142 174 148 58 249 85 -7 206 192 -240 11 127 -113 27 -165 -230 -235 22 -246 -233 -202 -192 -219 -3 80 -123 -12 -218 -54 131 -76 -63 -137 107 223 166 -247 -37 -124 103 225 -180 150 -1 247 224 -160 185 -225 151 -195 -80 220 190 129 -82 -224 28 15 -190 61 -40 -29 54 -211 -27 -28 -33 -52 67 156 34 181 -61 -60 -103 -26 239 12 -188 20 
TEST 67 ARG:-77 211 41 -49 210 24 -127 -46 21 51 -11 139 -249 3 -168 125 -224 112 -177 209 -138 138 220 -217 184 -118 -201 144 151 -24 -220 102 -178 -142 -86 35 -133 -15 194 -211 -244 248 94 6 -45 -71 237 -102 128 -151 -187 -169 -186 -29 -79 130 57 -216 -70 -159 -170 -84 -100 116 -131 -123 -34 -52 202 68 -181 -39 97 129 -7 169 216 -162 -80 -161 10 -17 -205 -150 -176 88 193 213 -16 71 18 -183 49 172 -122 134 -136 98 -89 25 177 222 -2 201 86 -78 105 -19 -97 -146 -195 191 -234 44 -124 -135 87 9 133 175 -108 -125 -22 -74 -242 131 -235 23 147 -213 -237 -66 31 -223 -81 -240 121 218 -14 -75 -36 91 -130 227 81 -191 100 -182 -6 -225 -171 -188 108 146 96 79 -206 -163 -50 117 29 163 168 -23 226 -189 42 223 195 132 207 186 58 -87 232 -53 221 -110 101 -153 46 149 -21 -55 -148 -227 240 -63 -73 -141 5 140 -104 2 -218 -212 -28 -143 -90 -101 152 150 -180 114 239 -94 -200 208 -132 -199 217 -67 225 235 -5 162 -40 166 -172 -92 11 238 123 -1 119 -175 -13 -202 -82 -98 -72 -64 143 -232 -134 -31 -113 84 188 245 55 -160 -137 173 59 219 224 103 82 -165 -60 63 -145 54 50 -179 -126 182 244 37 61 243 89 66 196 -120 30 15 189 -83 -99 -18 38 -246 -26 -149 83 45 -68 -117 204 77 52 -25 228 122 -119 180 -219 -44 -111 48 -167 -114 -61 56 206 7 249 74 205 76 197 -47 0 1 -204 179 -12 215 22 62 -27 -207 -96 -157 -128 -129 4 -192 214 -245 -210 111 -107 229 -215 40 109 185 65 155 198 -4 -38 95 -230 -58 -158 -8 85 -37 -62 115 -247 190 -152 -105 -32 26 28 234 -196 -185 32 159 -51 -147 -238 -155 156 -139 -91 -54 -76 -203 178 236 19 -140 145 -214 231 73 -222 -243 80 170 -229 53 167 14 27 -10 160 120 -69 107 247 -42 -154 -164 242 192 118 99 230 13 12 -85 174 -48 203 161 157 -30 124 -33 -184 110 -93 -208 36 212 -248 -144 72 127 -57 43 39 -233 176 92 -121 -236 -226 136 17 106 -166 -197 -43 187 104 181 -103 -239 135 200 69 -106 8 183 -190 -115 158 -173 70 -231 246 142 16 -59 165 -209 141 33 -88 113 64 93 -41 -194 153 -109 -9 148 -198 233 -65 78 34 -241 241 75 -20 47 -174 60 -250 171 -228 67 90 -35 137 -3 -116 199 164 154 -193 -95 20 -112 -221 -156 126 -56 
TEST 68 ARG:-93 -245 32 -56 184 244 -131 157 51 -79 65 -33 78 240 147 -147 148 162 128 -179 -21 -1 57 169 229 11 -86 -165 124 109 -181 99 -27 -197 -73 150 -238 46 -242 153 -216 -78 66 -38 -41 108 77 -203 122 142 214 10 171 -68 -159 -149 -121 231 45 43 -90 -40 -114 -11 246 195 -57 144 -113 -189 7 190 -214 -161 16 193 54 42 -241 243 76 -4 -212 -98 -65 -182 -39 -134 110 179 235 1 -225 208 225 120 -84 -191 -196 -105 129 137 -30 218 -240 64 74 -14 -7 105 -194 100 116 130 -20 -208 159 -201 198 -63 -154 -230 -135 41 181 -174 241 -76 -142 -28 156 24 -126 151 -185 -12 -183 40 220 14 -89 -170 -144 -218 22 248 -16 118 219 222 176 209 -59 -244 239 -52 -94 -146 -119 -25 12 26 -184 -158 -221 -24 232 -80 86 164 5 -60 -198 107 70 -155 85 4 173 17 2 -250 29 168 52 -145 72 -92 188 -215 -231 131 -247 20 -36 -17 145 -239 25 92 187 -88 234 -138 69 27 -180 155 -157 163 -48 -10 -6 33 127 67 226 35 23 114 -108 60 135 149 -128 228 221 123 3 154 6 -249 -246 -42 -109 56 -227 186 -166 -124 -55 80 -164 194 -152 -228 -168 238 -202 75 -217 -137 -160 -248 50 197 115 146 -117 203 -26 196 83 68 -148 37 62 119 -8 -54 58 13 -125 -29 -127 -130 207 61 -132 -23 249 -111 -167 63 106 117 31 -207 -46 47 223 -35 59 165 -123 102 -220 -2 -213 -211 140 -44 87 -71 28 224 -153 55 185 98 9 -91 -139 236 216 -205 18 -15 -120 170 200 -243 199 -172 -178 113 91 90 138 -83 210 -18 217 -70 134 -37 160 -87 126 167 201 -3 -82 0 192 21 -199 -187 -43 -223 -34 48 88 -5 -49 -171 -195 143 -209 136 -210 152 104 -141 -19 -229 180 -222 -13 -77 125 -96 -61 -99 -235 -72 39 -192 -97 -188 -133 -69 -50 94 -95 -47 -9 49 82 -200 30 206 -110 158 -173 161 -237 -104 -58 101 213 215 177 -190 -85 -204 96 81 -67 -175 -115 -116 34 233 -224 -140 -32 -102 245 73 8 -143 -176 111 205 -64 19 -233 95 -150 178 139 121 -112 -219 -118 112 191 -177 211 -75 133 -51 93 172 79 174 -162 175 -62 -106 15 204 84 183 103 -206 212 242 -107 237 36 132 -186 -234 227 -163 -101 44 -236 -53 97 166 53 -74 -136 89 -66 -151 141 -169 247 -31 -81 230 -129 -103 71 -22 189 -122 202 -100 38 -45 -232 -226 182 -193 -156 
TEST 69 ARG:-29 105 112 73 -177 128 -27 -120 226 -144 194 100 16 -228 -165 -159 -86 218 150 178 48 55 125 -4 242 45 248 213 -16 30 -222 -103 21 -114 216 198 -81 -70 247 54 182 69 99 -198 -110 -209 228 -109 59 63 131 -236 -20 17 155 244 -174 237 119 -42 161 -115 -217 -53 -221 -68 -127 90 -197 98 230 137 -232 239 -47 121 -166 -63 -181 -90 -107 -60 -108 -152 193 -129 232 44 -229 -56 174 -204 -71 110 -248 1 200 -104 -66 103 -64 211 -247 240 -85 202 -210 80 11 -69 -138 243 146 66 -83 -208 56 -213 168 135 -186 78 -84 147 -121 -99 -182 -136 35 -203 -147 -157 -67 -61 -212 -49 205 -19 157 -118 0 208 192 -113 -78 40 33 -76 76 -15 143 -24 -178 -189 -146 189 -57 -227 58 173 145 -231 148 246 -125 158 169 111 144 -226 116 156 23 18 -233 -180 2 108 -148 -74 57 -52 -155 196 -167 20 106 -48 -23 -35 -112 -145 -17 235 227 -211 28 -242 113 67 -143 234 241 -214 81 65 -41 29 -30 -237 -238 -199 -50 27 -151 -173 52 71 -5 -225 -219 36 -161 -134 231 77 139 -175 -196 -18 -12 -65 -184 212 101 176 122 37 233 74 -38 -95 132 -160 88 -150 210 -194 186 188 15 -31 159 -97 181 -250 -140 -149 -87 13 31 6 -162 114 -192 -2 152 34 -8 -1 -93 -82 -141 -201 120 249 -223 127 75 -164 115 -100 -46 -205 12 -200 -224 180 -34 199 151 -246 -111 -244 3 154 -153 187 170 -130 95 -40 -72 207 -21 -77 19 167 10 -191 -88 -193 22 -170 245 203 -75 -116 -176 -135 60 61 -235 104 -154 -89 14 206 -80 -25 -216 129 201 83 229 -102 138 -156 -230 -137 -241 -123 -128 -55 8 53 24 -10 50 87 107 -172 -101 -26 -169 109 -43 102 -139 162 -245 -11 219 -243 133 -122 89 179 -218 -158 164 82 140 32 118 217 153 -91 225 215 220 -94 -105 172 -183 190 51 93 43 221 -124 -39 -3 -32 -187 185 92 -54 123 191 -195 -51 175 -163 126 149 70 -106 -207 160 -28 97 -132 86 -79 165 117 49 -13 142 163 -215 171 184 -206 183 62 -22 79 -6 -7 134 -96 -185 -171 -98 7 -239 238 42 94 -188 130 -202 -119 41 -14 -45 72 -36 -133 236 -58 -9 204 39 124 -220 85 -62 209 91 223 -131 -117 177 -240 47 214 26 195 84 64 -59 224 -44 -33 222 166 96 -73 -142 -92 -234 46 9 -249 25 -126 4 38 141 -179 -168 -190 68 5 -37 197 136 
TEST 70 ARG:167 90 237 -215 24 92 144 -185 105 61 -35 -198 148 84 125 239 215 -78 -244 10 -74 25 -90 7 -206 -208 -70 110 21 30 -40 135 -111 -48 34 -134 -242 205 241 -59 164 26 198 -29 2 227 28 -136 4 -25 -164 -146 -15 88 -60 181 100 -17 -217 57 179 174 -193 188 -143 133 72 17 69 94 -186 -196 -184 -243 -228 -54 32 211 234 -47 -64 -103 140 231 175 -214 210 13 156 98 -194 -220 -213 -41 209 -199 -30 -155 20 -128 9 56 -135 149 229 141 -229 117 191 122 183 107 23 233 -201 -5 -151 -7 -28 116 -49 169 -108 -106 -190 -140 19 -139 -156 -165 27 -10 -216 -1 -102 -69 -3 126 59 -119 -227 143 -66 -167 152 207 136 67 -26 219 -200 223 -13 -145 5 142 64 -109 185 -101 235 55 -209 -148 -161 -43 132 112 -125 -85 104 77 -142 -95 -94 -188 214 -79 82 -118 168 3 42 -150 -99 244 -237 35 171 106 66 -76 121 38 226 -55 -97 -230 71 -192 -98 -117 182 -56 -129 -211 -191 -241 78 -154 224 -202 83 218 150 70 -210 161 111 -16 65 221 129 -225 163 242 127 -58 165 -204 -115 -72 -173 203 -91 -107 173 -224 -23 -133 119 -18 39 -235 194 -219 166 -232 -114 -57 139 -159 87 162 73 -169 -197 108 -100 -42 -75 63 37 18 43 -31 -120 130 238 137 118 -182 -233 -63 36 190 -162 60 -6 89 201 -222 -231 -14 196 -174 81 225 128 11 74 -153 -68 53 95 217 131 -137 -236 80 -124 -179 180 248 186 45 -53 -65 -104 -168 145 124 -178 86 177 109 115 -147 -183 192 -250 -189 -20 31 -212 0 245 -177 -131 8 193 46 -61 -221 -38 50 -88 49 -2 47 153 -152 -249 172 -21 178 212 -93 40 -84 -77 15 -8 151 -82 -9 232 240 189 -160 -32 48 -248 243 -157 -39 195 -4 134 -163 76 -223 -37 -92 -121 199 -36 -218 79 -116 236 155 -87 6 202 96 -110 -81 220 184 123 -180 113 -19 -50 22 -86 -113 -181 99 147 -149 146 -126 93 -203 33 75 -52 68 -245 213 249 -226 -127 -207 -246 154 -33 246 208 -166 114 51 -172 -247 -187 58 120 228 -24 97 91 -34 159 -22 -51 222 -67 -205 -27 -46 206 197 230 -158 158 -62 -175 -144 -73 -80 -132 -12 12 -240 -105 -239 -123 200 -141 103 62 -71 176 -130 247 29 -122 85 14 170 -176 -83 -44 102 -45 157 16 -234 -112 187 -195 -11 -171 138 52 101 -138 54 -170 160 41 -238 44 -89 -96 204 216 1 
TEST 71 ARG:-163 -181 80 -206 -165 -3 -71 28 -107 221 -121 -249 103 -126 -102 117 -190 61 -105 -38 -88 -34 60 -120 199 -237 -176 -244 -119 212 220 171 174 107 42 23 232 211 228 -101 -137 173 -10 -59 -80 119 -97 87 12 -117 -86 -82 -11 -81 133 -213 106 -112 229 25 64 -124 114 235 -164 1 158 0 -152 -201 111 -9 44 -183 -95 -28 204 83 -140 -159 -96 -87 33 -2 -100 201 -76 -143 19 -141 -196 -20 223 -194 20 -70 -210 -33 -170 113 177 134 165 208 27 95 52 -245 124 -185 -50 -67 189 -93 36 -90 -48 -205 -166 -162 62 156 157 -1 -215 170 75 135 4 126 200 154 -243 -74 5 41 -198 -231 160 180 231 -230 24 -158 -139 248 -226 -197 -68 92 131 -104 145 -195 40 21 66 -234 -31 -49 -30 144 -227 198 188 112 53 183 -39 32 -150 -84 -228 130 -44 43 -98 -168 -187 175 74 -135 184 -14 190 35 -55 72 -52 -172 -69 108 147 115 -85 -128 84 -219 -169 -132 -125 93 142 -60 105 -217 -241 -207 230 224 -29 -16 -247 70 140 -204 -103 168 2 -62 148 159 31 169 138 -24 -18 -148 51 187 129 -26 206 79 120 127 -178 -111 29 191 78 -54 -22 -79 240 -209 244 -89 -180 -175 9 99 123 94 55 -236 243 91 63 -214 -229 -154 234 -110 233 146 121 -223 164 -193 110 -151 -130 203 -242 -174 132 218 -138 86 -188 -149 -37 -191 -173 210 -182 57 -6 -4 76 172 -127 -216 226 -200 -27 48 162 67 247 178 152 -144 -61 37 -156 -221 239 -122 241 141 -129 -212 -232 -53 -250 -51 -192 -23 209 227 50 136 -32 -161 219 186 13 -189 155 15 -43 207 196 -160 150 82 39 122 238 163 88 65 -145 -12 7 161 -123 -92 246 -8 137 47 -238 -25 179 -220 -65 -133 38 -63 217 215 -13 102 46 128 -40 116 192 -73 149 222 -72 194 -225 -218 -179 -109 -57 242 -58 -91 90 -106 -202 18 -235 -7 56 -66 213 -142 -99 -19 -167 -136 -21 49 151 236 -75 -134 -116 -118 -246 77 58 -114 -240 -239 237 -224 -46 197 -157 -64 -131 -208 -15 -94 118 45 -45 -147 166 125 -108 202 214 -222 11 98 59 176 71 30 6 -42 195 -171 -17 96 -155 -47 -35 167 245 -113 -153 185 -5 193 14 104 109 101 181 -203 68 -77 89 34 153 -184 73 3 -56 249 85 26 -233 -177 10 -83 8 54 -41 -199 -248 139 182 17 -211 -186 216 143 -78 97 -115 16 81 100 225 -36 22 205 69 -146 
TEST 72 ARG:35 -19 56 77 7 -250 148 201 213 -16 -166 -121 163 -150 84 -74 105 -105 1 171 -85 -67 232 183 -213 42 -24 -163 230 -93 47 129 -172 -59 -222 93 -226 -36 -190 246 -61 180 41 -26 9 174 -46 -220 -22 -15 -208 194 132 68 -72 -203 -23 32 -133 238 113 -243 193 155 -152 -83 214 231 -173 -48 184 -167 -42 63 247 48 -7 -73 -154 55 134 -111 116 -157 211 248 -71 -183 -6 2 -221 39 -139 74 159 98 -100 -127 117 154 -146 25 -1 209 -247 -181 -195 -14 170 -41 -136 29 -160 99 -219 18 242 58 -153 101 38 -124 40 -34 234 219 75 130 59 225 -62 -8 19 161 -119 -196 168 -244 179 -164 -87 229 -236 150 -230 15 199 115 -138 -214 31 205 44 118 -109 -180 196 -125 87 119 -94 -210 -148 79 235 65 -52 -224 203 -141 -240 0 78 -135 62 -95 28 -31 -200 50 220 -33 -197 -118 218 -106 162 149 34 69 -231 239 -161 -35 241 57 -216 172 90 26 152 136 147 -198 153 94 -37 97 -57 208 11 92 102 -159 -63 -29 22 -28 67 36 -32 -115 175 -204 188 -58 -194 -53 30 -132 108 103 -223 -76 198 -117 -233 -66 49 224 -96 137 -242 -175 -68 -215 -80 52 -147 156 -65 -77 -84 -102 -174 236 85 -179 222 -55 -205 169 60 -232 91 -144 -217 71 17 109 -162 14 -120 72 185 12 -238 210 200 -108 -54 160 215 -39 76 -192 192 127 -20 243 100 -142 -112 -116 121 165 -45 -107 66 131 191 -2 128 10 -193 227 -171 -69 46 178 -177 83 24 -206 -207 -78 228 -13 207 -114 -212 -170 237 13 -249 -44 -40 -17 -225 81 -49 -201 120 125 -10 88 80 95 -178 -98 -82 -151 146 217 -113 54 212 221 140 133 144 181 -130 223 -11 -88 3 -202 6 145 124 204 -25 -103 226 23 -70 -97 61 -50 -27 135 86 8 166 167 -229 -101 143 33 112 -89 -47 5 -245 82 -90 37 114 64 -43 -99 -129 53 -4 -64 70 -186 43 141 -38 110 104 21 245 73 126 -189 216 -60 -169 106 233 -228 -168 -110 249 -126 -185 -241 -156 -21 -199 176 -9 -218 -187 -176 189 -140 164 -56 -191 -131 51 138 142 -248 -184 190 -3 173 -122 202 -91 -92 151 27 240 158 177 -158 -75 -149 187 -134 197 89 -79 195 -104 -234 -239 -227 -237 182 157 107 -209 20 -12 -188 139 -123 -246 -143 -30 186 123 -128 -5 122 -137 -211 244 111 206 -51 -86 -235 96 -18 45 16 -155 4 -165 -81 -145 -182 
TEST 73 ARG:104 78 -85 197 -154 218 -150 -191 -4 192 -174 -139 72 -75 -32 -237 42 -240 -192 107 86 203 108 57 154 1 -33 -9 126 56 67 -96 96 -6 175 17 -20 246 -165 -31 -193 -143 210 -177 52 -147 -231 0 177 -103 19 171 128 60 -101 247 -115 -99 -160 144 26 -134 120 -100 -155 79 164 158 -126 3 61 15 -45 45 6 211 -43 173 -87 142 32 -248 229 -79 27 -37 -124 -152 -209 68 138 -109 111 -131 -84 -53 -40 224 -161 118 -102 -38 234 105 -197 -64 -16 165 70 132 -189 182 -67 225 -215 178 219 103 -123 -141 -224 -203 167 140 223 12 160 -198 244 193 -135 -172 242 -168 189 -36 -13 -104 59 -164 -62 -228 97 30 233 -127 -211 -220 65 16 36 -207 -129 -244 237 -233 51 95 23 170 -73 227 10 114 129 205 35 163 -180 -149 -182 121 148 -218 71 -136 -66 -18 -169 -72 46 134 209 93 131 -111 190 161 199 -14 -21 153 -130 -39 -239 55 -166 216 101 -51 -117 -188 -12 -122 230 -22 -107 -186 180 -17 -89 40 87 -41 -57 198 -225 -83 215 -187 -29 -42 135 231 -171 139 226 147 -157 -216 99 -116 -5 21 213 -23 -93 -46 -132 -110 -201 -50 -167 141 -121 83 92 -34 -94 -47 150 -112 -108 -230 37 -156 248 -222 -44 206 -208 -11 -140 152 -98 155 212 169 -213 -71 -86 75 -35 156 241 123 -242 146 -217 -30 133 -170 200 -183 245 220 -88 179 14 -113 -59 -61 -146 -190 -175 183 188 240 9 -95 -176 195 -178 -125 -234 110 221 53 50 -148 66 20 64 94 -74 74 127 -163 -199 185 -236 -80 41 -219 -235 -221 130 239 -2 43 -128 -65 -49 102 -58 125 -82 81 -138 -8 54 8 28 191 58 -55 -232 -1 -245 84 -247 176 117 -142 98 201 208 243 -179 -153 -249 109 -137 119 13 -158 -212 151 -120 -204 29 -162 -68 217 -81 -3 -205 116 80 24 22 149 47 249 -52 -76 -241 -202 -78 5 76 63 -181 202 -70 235 7 -159 -63 -114 137 85 -185 -19 -214 11 228 204 166 -48 -250 -77 77 145 31 -229 82 69 -210 112 207 122 113 4 -105 -223 -27 -133 -246 186 88 187 89 -243 -90 -145 -144 33 214 -238 236 49 172 -184 184 -54 -24 136 39 -91 162 -200 44 -97 2 -194 168 73 -92 62 90 -60 106 38 194 -227 -56 174 -25 -69 -106 18 115 100 91 -151 232 -195 238 -26 -226 -196 124 -206 157 159 143 -28 -7 48 -173 -15 222 181 25 -119 -10 34 196 -118 
TEST 74 ARG:-70 -125 116 -41 62 -107 147 -100 -79 226 159 5 227 -185 -117 58 228 -93 83 137 -225 201 -116 -50 -61 11 -211 168 15 -69 -83 182 -32 100 -127 67 -55 -59 215 160 -126 -248 207 176 13 -130 173 118 152 109 9 34 -218 45 -64 -60 170 -142 -221 -102 190 -27 -53 -119 -21 -78 114 -188 213 -98 151 172 247 71 -26 -170 -85 55 -192 -189 237 -138 -140 26 57 -1 245 -89 -74 21 -246 2 -169 -90 -190 -144 175 -226 -2 133 225 -216 -128 -179 142 81 -34 -164 92 -72 -22 17 231 95 121 14 33 -46 218 126 130 -81 36 -243 -136 -91 46 -215 -77 -71 199 -54 -217 -82 222 206 138 38 -120 -137 -239 -227 -214 79 108 -37 224 -230 183 82 154 -110 7 31 -73 122 -167 136 -161 -139 166 -30 90 243 -36 238 66 -186 47 93 29 141 -115 212 -151 210 -23 -157 204 157 230 -187 -87 -129 -10 127 -9 -88 -106 -150 -174 163 -162 -148 -203 -171 -25 205 61 -153 -51 -5 12 144 23 216 -141 -133 115 -166 -8 -228 -220 -163 -75 -118 211 223 -18 96 -209 48 -210 -84 -99 -31 219 -76 -14 -95 -47 35 -155 193 -229 186 -35 -202 -147 246 -123 -156 107 -63 -206 178 153 234 -42 162 124 16 8 181 73 -11 78 -12 -62 24 171 -121 72 -177 -208 209 208 -7 -224 -146 -48 -56 -3 103 64 -149 -80 3 -204 235 143 191 -57 -109 -231 -158 -168 -17 -20 -195 187 56 156 -39 214 150 164 -193 102 -19 -241 184 -160 -52 161 -244 -247 -114 202 244 -159 -105 63 91 -173 41 -154 -191 197 167 249 -94 188 86 -111 125 -145 111 -96 -124 -16 28 104 217 43 -40 -222 25 189 6 -242 -58 22 -29 128 155 239 53 -33 -198 131 0 241 68 -201 -245 -176 149 19 146 50 -108 -132 89 110 148 169 -38 221 123 -66 -205 113 69 198 101 196 -65 -178 -104 -184 -97 177 -213 233 220 -182 99 -194 18 180 117 -143 30 -232 87 -92 40 -67 -13 -44 -15 120 112 -112 -234 195 129 132 174 -180 -223 77 -199 -86 -250 105 -181 -134 -24 145 10 -172 232 84 98 -165 37 -122 -219 194 -183 -200 -235 229 185 -113 203 85 -238 27 200 140 74 88 -131 44 -152 -43 42 80 248 -101 -236 20 39 32 236 -233 -207 -212 -6 192 -103 60 240 52 134 94 139 179 97 -49 54 -240 70 65 59 242 76 51 4 -68 106 -175 49 165 -249 -196 -135 -45 135 -4 75 -28 1 -237 119 -197 158 
TEST 75 ARG:-26 89 -212 -189 -6 -9 84 179 -73 114 -101 -68 -199 -106 -221 145 -164 -197 176 -104 -122 111 61 39 136 231 249 109 -22 -120 -200 -155 19 8 14 85 228 -80 127 -121 31 -186 -12 -243 -35 51 -234 -98 190 -151 -39 154 -169 135 -117 243 180 21 29 63 140 -3 -149 -47 99 125 201 -231 9 59 34 -178 -54 -61 -2 178 16 -4 -173 139 92 126 144 102 208 -206 -217 -74 82 45 -233 213 24 2 -235 -90 181 -228 -18 -246 76 -131 -180 -171 242 -72 -82 -198 -41 -242 -32 -46 20 -141 -51 -126 112 -250 87 191 -174 -11 72 239 225 163 159 199 -153 -7 240 137 115 91 -24 -239 4 174 22 216 153 193 3 -194 -249 212 -143 -15 0 185 64 -227 -144 5 207 65 218 172 155 -23 120 230 187 -156 -191 -44 165 -136 -78 78 143 -114 162 -93 -99 184 -69 202 -210 -241 1 142 13 -225 -163 -230 -20 156 -79 198 -244 -5 -219 229 113 -94 -145 -245 237 -195 -247 -224 -95 -201 -111 -50 106 196 -48 38 -214 -83 209 53 204 -28 -135 -188 -13 6 -132 -107 197 27 175 224 -10 -64 -182 132 101 49 -63 11 -202 -236 97 73 128 -14 17 211 169 122 221 -181 -29 83 -118 -152 -116 90 206 232 -154 -167 56 182 58 123 -115 -97 160 -207 86 -8 -27 -193 -211 166 54 222 -216 -100 -33 -179 -110 36 -42 -84 171 -112 -161 26 -192 149 -159 -185 98 60 108 -162 88 152 177 -87 15 157 -49 248 -226 -130 -205 238 -172 -165 245 -127 -57 194 -75 -16 10 188 23 124 -86 -108 -88 69 -58 -148 28 -96 37 -229 35 -146 226 67 129 -177 81 95 -31 -92 -62 200 183 -19 47 -113 50 192 -248 130 147 104 227 -223 217 -203 167 -158 68 -129 158 -109 234 -34 7 -187 189 55 -213 246 -204 -157 236 -65 32 203 -85 57 -125 -150 -166 -56 77 40 233 93 -232 -36 -89 -184 -76 -170 205 -238 25 247 -190 -17 151 141 -142 134 62 18 -140 -43 12 186 -160 -124 118 94 71 -1 -103 -176 -45 -105 -37 -25 -183 103 -52 195 -40 -123 215 74 -168 220 -128 150 -237 52 -91 116 -70 -215 138 -133 214 44 43 -55 -222 107 -102 42 -66 121 133 -240 66 219 235 -147 -175 -59 117 146 -218 -71 -139 164 -138 96 -53 -81 75 170 -67 33 -30 210 70 148 244 -134 223 80 105 173 131 30 41 -38 79 -21 -137 -208 110 119 -220 241 -209 161 100 46 168 -119 -77 -196 48 -60 
TEST 76 ARG:49 175 52 -124 -182 178 -35 139 -205 -19 205 -242 -164 -203 -118 181 -108 7 -185 -117 164 -123 2 70 169 245 -189 -57 5 114 65 -129 -90 165 -238 -61 234 155 -100 79 -64 -198 -132 -201 -208 134 -180 -235 -190 -143 55 8 230 202 -121 212 -146 132 33 -2 -223 51 237 193 125 92 10 74 145 -204 171 228 4 -85 61 -40 189 38 180 105 25 -156 -120 35 -36 -99 243 -12 73 -152 95 102 203 153 -101 93 -217 -14 194 68 -240 -153 69 -66 -71 -41 -48 -159 -115 -219 14 116 87 -73 -43 -247 246 137 63 192 6 -249 177 -4 -177 209 112 -128 200 27 -38 -176 94 162 -74 109 206 -213 60 -8 160 -23 -139 21 218 -45 -34 190 -193 -84 -184 167 -49 -126 82 13 98 103 71 62 -25 -200 122 -137 -233 -125 43 -91 50 -154 54 -239 241 -9 -224 -210 -170 84 -191 123 163 115 -162 88 99 -72 151 -87 42 -51 -86 16 -160 85 128 -248 141 121 47 -114 -243 124 -148 -230 179 135 -212 136 130 46 -225 -131 -107 131 249 233 227 247 -102 40 242 -63 45 -175 -1 31 30 32 -59 -54 -67 -209 -145 -215 67 -250 -171 24 248 106 -96 -26 -234 -165 -167 -237 -155 220 -166 -174 -16 -37 184 195 166 219 48 -15 80 127 66 168 34 172 -20 214 96 159 150 161 76 223 183 1 41 -196 3 119 -3 -88 210 -42 -133 -172 173 -140 59 -21 -31 -29 113 110 53 199 -187 -151 -149 133 -22 -83 104 81 56 20 -98 208 -82 -183 12 -221 226 -106 -127 -179 86 39 -220 -241 -136 174 149 221 -50 58 -244 -112 -17 126 197 64 -69 -5 -227 -11 -89 -109 72 -214 -178 -158 232 198 -142 224 -92 -77 -236 -194 191 138 -81 -161 -104 -46 239 144 -116 118 108 -199 36 15 216 -33 111 -144 -173 26 -76 -246 -103 152 11 -27 -80 -202 187 -65 129 -47 -231 120 100 0 -52 236 -181 28 -110 -192 -94 157 -141 -245 170 176 -6 -226 -135 -216 201 -44 -13 143 154 -169 211 -58 -163 37 -95 244 238 217 78 -207 -195 -218 -10 91 -134 18 -24 77 240 -228 75 -157 146 57 -168 44 29 -93 -32 23 182 222 207 -28 -79 -7 -150 -232 -188 185 -147 -122 204 -55 188 9 156 -105 83 -53 -18 19 225 -206 142 -70 140 229 215 17 -39 -30 -138 147 -75 -111 -56 97 -222 -113 -60 89 -78 107 101 -186 -211 213 231 -197 -119 -62 -97 186 158 -68 117 148 -229 235 -130 90 196 22 
TEST 77 ARG:157 8 97 170 216 -33 -72 29 -207 145 120 22 -175 -210 18 -118 -243 -149 158 70 100 179 16 -166 -220 -144 -54 130 65 121 -133 -215 -136 207 -119 13 -41 -188 -221 -56 -234 -152 181 60 -130 173 -193 183 -105 -137 28 -244 211 -161 -146 131 -61 -81 -68 -29 56 227 186 -160 57 136 -157 49 38 128 89 -194 -241 -236 9 -71 -181 133 32 30 -246 -50 213 -78 -39 74 109 -162 -232 58 -19 -196 -11 -86 -124 199 55 -111 -216 204 104 249 72 -183 99 247 -48 -184 164 -238 87 -208 -67 -34 59 -2 191 -159 -138 127 110 -226 -28 160 208 205 -167 -27 142 224 -13 52 184 90 -7 -112 -140 -240 135 153 91 -180 -101 182 -83 12 -141 -223 -70 -45 172 132 -43 7 -228 -104 -227 -95 193 -177 234 143 -16 152 -135 169 -187 -22 -65 64 98 82 -189 -139 112 168 36 -231 -62 -115 -76 185 189 -192 -195 225 226 40 -155 -145 239 92 240 -147 -219 -203 229 -204 117 -171 122 86 11 10 -109 1 -249 134 78 206 21 215 -42 230 -206 -214 -6 -74 -21 24 106 47 101 102 3 39 237 -245 66 150 148 197 244 85 129 -44 -151 -174 116 -212 -4 -26 202 -125 -235 -31 33 -211 -213 140 -128 200 -88 -12 45 -1 63 -92 163 155 76 -20 -186 27 88 -97 20 -64 243 -126 -47 95 -91 -114 -103 -148 69 -108 -59 17 -178 -106 222 -120 -123 194 -5 111 177 -224 -173 -55 201 198 -77 0 195 -209 126 -32 -222 162 144 -79 54 212 -30 26 -250 -154 161 -10 139 -233 138 188 -96 -80 233 -116 174 114 42 231 223 51 -90 118 -129 151 -102 180 -37 -93 -165 6 -150 93 15 4 -23 -172 53 -205 196 5 -199 -40 -176 44 107 35 -169 220 -113 165 -38 -107 -229 19 -66 -185 -15 -179 77 -35 94 238 119 81 96 -168 -94 -242 75 -134 -230 -248 -98 248 73 171 23 46 -122 -239 -198 210 -100 -218 -170 31 175 -85 219 146 235 68 124 159 80 178 -3 228 -127 41 -225 62 176 137 34 -156 -25 -75 -82 61 37 -200 123 50 218 -131 154 209 147 -58 25 -182 -247 241 -63 84 -202 -52 -17 -201 -117 -87 -153 115 -84 -8 236 -57 2 -163 -49 -60 71 217 -217 -142 192 -9 113 -191 -164 166 -73 -197 -110 -158 -237 190 -18 -53 125 245 167 -99 187 43 83 232 141 79 156 -36 48 -46 149 -89 105 221 -121 -190 -132 -14 108 242 103 -24 -69 67 214 246 14 203 -51 -143 
TEST 78 ARG:-119 -125 -190 -65 -91 -172 -64 -137 -140 43 -79 -249 128 179 217 77 13 -38 119 244 -107 -149 195 -123 -2 198 212 -155 200 -85 37 57 -22 -236 70 -78 -212 10 42 49 176 191 -12 31 -176 124 27 41 6 112 219 -241 -33 -77 -142 39 9 -185 113 136 202 -75 126 -128 -168 249 73 -24 -200 -36 -92 122 -99 -156 187 36 65 108 170 -195 174 38 74 -48 129 165 178 -171 -169 -191 164 -58 -3 -132 -7 141 -165 34 -233 24 79 -218 -122 -175 92 159 -43 -250 5 22 -221 -229 83 -41 211 -116 -225 104 14 72 -210 -95 78 -134 140 -51 -90 -170 135 -201 -16 -235 66 -209 -193 -177 -248 -243 125 76 -202 -135 35 -82 -141 100 186 -244 48 -59 -129 52 -240 -13 -53 -167 117 235 -220 75 45 139 -110 -215 -208 0 153 25 -117 -206 -199 -70 -1 106 -10 -23 -198 -114 61 -239 21 225 32 -136 -197 67 154 -205 -217 -73 -109 -56 82 -182 -121 232 -223 -161 93 -214 -222 221 -192 102 -153 247 -19 -159 -96 -68 40 142 110 16 88 -20 63 -72 -8 196 131 -232 59 -164 87 -108 229 -98 -120 53 -88 146 -67 -166 210 246 130 89 111 181 -238 238 101 -188 -152 -237 -83 -226 80 85 185 230 -26 190 94 -174 116 226 -62 -131 -242 137 -69 223 -113 81 62 -15 -81 147 160 -124 240 96 -194 203 -34 1 -89 149 -103 90 -184 158 -145 -130 214 -39 4 -31 23 -247 -138 30 234 -246 -158 -80 208 -4 84 -111 -150 26 -17 -21 134 29 118 -163 -46 209 8 107 197 28 -18 68 -196 46 -30 199 -213 -9 -216 216 -63 -104 -57 47 121 -189 11 -211 -204 71 150 155 -101 -219 55 206 -37 -126 248 184 148 -86 231 227 -32 -71 151 163 -55 -148 204 -179 -127 -6 15 236 192 -151 114 7 171 -29 168 167 -84 201 157 161 20 243 -181 -234 218 172 245 -154 213 169 207 242 237 56 -139 3 -50 99 -187 2 233 -66 -224 -118 173 115 17 -100 -94 -183 -25 220 175 -47 -93 239 -203 69 18 95 123 -60 193 50 -54 180 138 182 105 -105 228 54 -228 162 -11 -76 -27 -97 -133 -61 103 188 -227 133 -115 144 60 19 145 189 12 -14 -28 -44 166 143 -146 -49 51 -143 -230 33 64 -207 -102 -42 156 -245 -147 -45 109 120 -231 -173 241 -106 -35 152 -180 -157 97 194 177 -112 222 132 91 86 58 -5 -160 -186 127 205 -162 183 -52 98 44 -178 -40 -74 -87 -144 215 224 
TEST 79 ARG:-202 -1 136 70 141 -70 57 149 138 4 164 -13 -130 -104 182 134 233 185 236 172 155 48 87 -26 -86 243 122 -8 -157 -125 104 1 73 -179 162 85 -164 -30 -15 22 -170 -81 -58 146 -47 69 -108 181 113 -173 -183 224 59 -116 173 -82 183 -114 240 105 37 -92 99 -163 -106 222 -181 -242 -174 8 0 245 9 -238 -76 127 -91 166 84 -124 -27 46 -178 -210 -201 52 161 102 -229 -160 212 -239 -31 54 -218 71 88 -168 -65 131 -151 -69 12 -241 49 235 215 -119 32 244 33 -87 234 -133 249 19 207 18 -152 -105 108 -94 -172 219 178 170 17 142 130 -216 -155 78 -42 177 -34 -128 206 53 125 -123 152 -135 -158 -48 168 -71 232 86 124 151 -41 237 137 -3 226 -117 184 81 -102 -24 -89 158 -232 126 67 -72 23 44 -43 43 -236 -29 15 -22 -64 205 76 -141 -153 210 -167 242 147 58 101 110 -126 -132 -107 153 3 213 7 6 5 -53 -244 -99 -4 -224 -205 -121 -62 74 187 225 -78 211 135 -115 196 21 133 -6 -144 -198 194 -28 139 192 -23 -39 56 -230 -227 248 -243 175 -100 -165 -161 167 107 -77 94 20 -180 209 39 -56 -235 220 -73 -186 191 200 -250 10 2 -122 -19 -88 -203 -166 64 176 75 -68 -46 -57 -35 63 -154 150 -40 -80 11 -149 -215 -21 179 230 -2 24 79 -176 -193 -136 106 174 -11 16 111 -109 157 -159 -25 100 208 -134 92 45 171 95 -112 201 -103 -33 -9 -61 229 -44 -228 241 199 -177 -226 -247 83 160 97 128 -90 195 26 143 238 120 -36 -129 -145 -67 -200 -199 221 -207 217 -83 35 -7 -63 -140 -143 -12 123 197 165 -196 204 216 80 190 -20 -245 -162 -195 14 -111 227 90 -185 -150 -113 -234 163 -120 -37 55 228 218 116 -32 -221 -208 -138 -190 148 -197 82 214 -96 -51 -93 -55 -49 -60 -139 -169 62 103 98 -233 121 51 -184 -209 -171 -85 223 -240 -52 239 72 -214 -231 30 144 -187 27 -204 118 -182 42 -223 -211 38 34 -192 -18 -66 -191 145 198 40 -249 -5 -84 -10 119 29 247 47 112 -188 25 159 -50 -127 -147 -97 60 169 115 -175 -237 -246 -219 140 41 96 109 -16 -38 -45 114 -222 -98 188 50 -142 154 93 -148 193 -95 31 246 61 -110 -213 91 89 129 66 -225 65 -220 -206 77 -189 -212 -137 156 -156 -248 28 -217 -146 -59 68 132 203 -79 -14 231 189 36 186 117 -75 -101 -17 13 -54 202 -74 -131 -118 180 -194 
TEST 80 ARG:13 -35 -154 -246 176 -191 -93 -242 94 -14 6 172 56 193 236 -55 87 -49 -164 226 177 218 55 240 54 -248 44 43 166 -100 217 -34 -72 -20 -178 -194 -177 230 -185 222 -29 67 -196 171 208 109 -136 10 -67 239 233 86 8 -241 4 -108 -44 61 -156 -222 129 197 -28 229 -174 -119 -111 -116 170 -40 15 -15 -151 -229 -137 79 -105 -118 228 -30 -212 -62 20 207 198 -11 68 144 189 -50 -39 168 -92 191 36 -5 106 -155 122 116 -113 -208 192 188 89 -193 -168 0 -166 28 -99 -235 -91 179 -173 237 23 139 -195 24 -183 93 164 130 238 126 -228 232 -1 -86 92 50 -133 45 143 -95 80 160 -4 82 -112 -160 234 -63 223 -130 194 -13 3 -203 -171 -47 178 -158 -227 128 185 120 -142 -209 -165 -135 98 35 -98 154 77 74 204 42 -80 -64 108 -199 -16 135 -247 -85 66 -102 242 7 -232 -167 165 -66 -23 9 -128 132 -88 -61 199 -201 -129 -89 -19 187 175 -244 145 -78 181 -240 205 -9 210 196 -202 -126 146 27 167 -239 2 247 -236 186 244 117 123 156 -223 -204 -200 63 -3 -234 -197 110 -190 -220 162 -21 -233 -17 -143 159 114 -71 -42 -41 -146 141 -53 38 -120 -96 -175 136 -188 73 41 -245 48 140 -176 -32 147 -210 75 -97 72 201 157 -187 -131 119 -8 -207 248 -226 -198 -172 -224 11 -38 29 -134 -153 81 85 -45 138 -184 -218 -144 -147 -250 124 158 -117 -52 -217 -132 213 51 -27 -69 219 -51 78 -114 -107 -57 134 163 65 118 -26 22 -145 52 169 49 -163 -70 111 -77 161 -221 -37 90 183 -24 -139 -206 -230 -141 103 17 -68 245 225 -225 -43 209 88 -243 243 -109 -149 -182 -83 231 -18 246 -157 -122 -7 -170 152 -94 5 53 34 96 150 -90 249 212 -152 -73 91 60 216 220 202 125 57 -101 -79 -159 101 121 62 -237 112 -82 -36 -60 180 21 148 47 190 -25 25 -192 70 97 64 -127 131 -48 -162 16 215 113 203 173 32 -125 -238 40 46 -180 14 19 -189 33 83 182 -231 30 -138 153 100 -121 -76 18 195 151 -12 -214 104 -181 -213 -161 184 37 39 76 -249 -140 -169 -46 -59 102 211 99 227 71 -81 174 26 69 -10 221 214 241 -56 -150 1 -179 58 -33 206 -115 142 -216 -124 -110 105 95 12 -148 -58 -219 127 84 -22 -103 -123 -31 -6 107 -74 -215 -75 -84 155 -186 -205 235 133 -54 -104 -211 149 -65 31 -106 224 -2 59 137 200 115 -87 
TEST 81 ARG:48 -145 -77 157 -118 144 35 -188 -202 -92 -246 -216 159 9 -235 34 21 -42 206 7 93 -249 61 -15 20 145 226 -86 -20 175 -184 39 -146 -186 -88 -40 63 -117 154 -179 -80 146 -210 -85 -161 82 151 -76 50 51 -140 -51 0 -191 27 228 -121 -221 -242 -199 115 -143 114 -103 -153 153 -167 66 -237 -197 43 28 81 197 237 -64 160 -91 -225 214 75 47 -178 -94 -198 168 -116 232 59 -34 40 -156 -52 -47 -154 -90 -50 56 -157 91 178 -223 202 227 -170 -173 211 -8 -53 123 72 -134 -129 130 -192 220 -220 -203 119 37 46 -176 148 171 204 84 247 -144 -229 -169 64 217 -71 -57 216 -174 229 -22 -35 137 -55 -23 -56 -241 108 -43 -68 188 96 -26 -69 186 -141 -58 -200 249 -100 -99 241 42 -44 -74 -32 -36 -180 181 248 -231 -172 -111 236 10 -78 173 116 -13 -89 -164 -9 230 133 -124 -61 67 69 -224 183 -38 -109 -115 6 78 -208 60 -27 221 109 -248 -73 -171 193 73 2 246 -81 -212 -128 203 -152 87 -110 -82 -233 12 176 212 15 95 -151 19 53 -39 -230 -6 194 172 41 99 86 210 14 54 -189 139 -21 182 -138 -183 147 224 215 -214 38 -206 4 -87 23 192 -205 -122 -149 101 -30 155 -1 -126 -93 -132 132 -217 -125 -201 -159 30 234 -240 -75 16 -72 89 52 -175 -181 -137 -245 142 100 198 152 -243 -48 163 -150 169 17 76 -11 180 -119 184 200 218 33 83 80 -227 -165 -37 -222 -84 102 -104 85 -155 213 -185 -114 -244 -211 44 141 -148 -10 -96 110 -209 -98 -63 113 -236 94 107 -101 127 -19 185 174 129 219 225 -127 -5 -160 149 8 92 24 111 -232 74 79 -24 117 -83 -33 -16 -120 45 -234 -238 -182 -158 5 190 209 97 136 55 62 -207 -133 -247 -226 243 -17 -168 3 -196 124 242 170 126 -108 239 187 158 -28 -2 68 32 22 -12 223 -239 125 26 18 -102 162 -162 -135 25 36 240 196 165 -113 208 140 11 191 -131 166 -105 58 -25 189 103 -106 -65 29 -59 -163 -123 245 31 -95 244 222 -4 207 -62 135 1 -54 -31 13 -3 -14 98 -70 -41 -136 -29 195 134 -107 -250 -194 -204 88 49 106 -139 -177 138 65 150 -218 121 105 -60 -215 -147 156 -49 143 -67 122 -112 120 -193 233 70 201 -97 112 -66 161 -130 -18 231 164 205 131 -45 -195 167 235 -187 -7 128 179 77 57 -219 -142 177 -166 238 118 71 -46 -79 199 90 -190 -228 104 -213 
TEST 82 ARG:26 87 -108 -168 -17 -101 36 -193 -130 16 -169 59 -202 -4 -109 -32 -30 -65 -207 177 -82 178 30 105 -166 202 -49 70 -159 2 99 169 -20 -52 239 199 135 14 122 -107 -182 -78 -44 61 -145 29 -156 -13 -234 150 -88 233 151 -194 222 125 -113 57 123 -34 -204 -69 167 200 43 -62 -124 -36 -215 -213 -43 -33 -132 51 -160 -245 -91 185 -217 170 -205 -104 -244 -219 -50 -15 -59 -140 120 63 68 -143 194 -184 146 -171 -138 223 -175 88 -2 248 -99 -39 -135 180 66 184 -214 -249 13 -127 -70 -178 124 60 -28 209 182 102 33 -66 -174 84 -139 -128 -87 154 -179 213 247 -246 -55 230 -236 -68 71 32 96 106 5 -201 -41 -223 -235 -40 193 45 168 226 89 176 203 48 159 -42 118 11 92 157 9 132 18 -27 -3 174 -154 140 -137 -100 -111 91 -129 229 220 -177 -151 -239 -173 -105 188 -162 -22 56 -170 -149 52 -76 -121 -148 -241 155 53 -31 -26 -210 97 158 62 -206 78 153 -25 137 166 3 -248 54 -19 -228 -200 217 108 21 -187 172 -18 -181 -12 116 164 149 -167 -16 -221 218 119 -53 47 -190 -186 -67 -233 -73 44 -197 -176 -203 -133 -90 -209 -164 -142 -119 -216 -106 -165 183 -126 98 144 134 39 -211 7 236 -77 211 -122 205 165 190 126 148 73 -218 -8 219 -95 75 -81 186 210 -54 227 147 -157 103 197 49 -180 101 -198 37 22 -51 238 -225 138 -144 -227 77 12 -242 -224 163 80 -231 -75 111 -226 -247 -110 64 221 -23 -229 -85 115 240 -97 86 -92 25 -5 -116 143 162 -195 95 -6 -10 201 156 -185 46 192 -147 -146 58 241 10 231 -60 196 -61 -188 -93 -222 -172 38 93 72 133 -189 -45 214 128 -237 -250 198 129 243 -131 -112 171 -9 -98 110 -238 -212 113 -63 41 117 28 -232 179 23 -153 206 109 181 55 -103 127 107 74 208 121 -56 130 69 160 -208 249 -21 -79 -35 -47 204 -183 -152 79 -7 -57 191 -230 232 -136 40 19 15 100 -72 -58 90 -84 24 -141 42 207 139 141 142 -240 -38 -220 -102 -117 20 -199 -114 173 76 161 -14 -134 -196 195 114 65 85 242 -191 -120 235 0 145 175 237 -161 215 50 -80 245 246 -163 104 6 35 8 1 -158 -125 -83 -29 94 -115 212 27 225 -48 4 -24 67 136 -64 -74 -1 187 83 189 82 224 131 -150 81 -155 244 -243 -71 31 -118 17 216 -96 -89 -11 -94 34 234 228 -37 -86 112 152 -123 -192 -46 
TEST 83 ARG:146 -201 24 -51 -168 -115 -197 -226 -82 -188 -43 -26 121 135 -61 176 166 -157 -167 -221 7 100 31 -35 -142 242 -98 -2 172 -155 -242 229 -17 177 -239 -97 145 163 164 -42 213 248 77 -81 64 182 19 225 -123 130 -202 2 13 111 -75 184 27 -222 49 154 -238 129 6 245 83 -120 233 -249 -70 -3 181 58 112 -131 8 194 14 156 122 -133 -179 -15 -19 75 -176 99 -212 200 0 209 25 67 125 -182 -49 94 4 239 62 173 -86 85 -218 -152 -198 -232 108 207 138 -20 -187 161 -106 -27 88 -243 -71 -66 -117 -200 57 222 178 -195 -247 52 -172 -45 152 92 101 202 -217 -190 240 -166 -25 221 104 35 -28 -204 105 216 -244 -118 -146 169 66 41 191 140 -100 190 45 38 197 71 -160 68 -207 -46 -83 -236 -41 139 -209 113 50 -248 28 102 150 124 82 80 76 -101 -24 -65 -159 -219 133 107 232 -134 -153 98 -88 -104 93 60 -126 12 205 118 -148 -48 -225 23 -56 -31 -147 10 -211 -141 -143 -183 -136 165 -78 69 44 241 -89 5 72 219 116 -231 -163 -250 -121 227 136 134 84 -109 218 -230 109 -18 -203 32 -184 79 137 234 90 -21 -116 47 53 -36 33 195 -229 -79 -186 -174 151 204 -216 196 -6 18 -151 228 -74 226 -85 -161 243 -138 117 -7 -156 -50 159 -128 34 208 -199 55 103 -16 119 179 -47 127 -76 -165 81 155 -241 236 -84 -40 -11 -110 -73 -58 70 -92 -67 29 -144 -108 170 198 73 -10 -137 175 157 114 -57 59 22 -127 -180 -53 193 -90 -113 186 153 -72 -91 -194 -124 -223 -150 180 217 -23 -30 244 -1 -38 -170 187 -164 120 -240 246 203 -87 -68 91 249 -4 26 235 126 185 43 -175 -112 214 -205 -8 40 -192 -215 -103 -158 210 -54 -33 -99 160 -94 -178 231 -191 -52 167 3 212 -213 -93 206 -210 141 -214 15 147 110 201 -12 -181 17 42 30 -237 -102 188 48 36 -114 -37 -135 215 -80 1 87 -55 -171 128 -220 -60 -162 63 -189 148 162 -169 16 -64 223 -246 142 21 158 89 56 46 192 -39 106 -9 183 115 95 -224 -130 -140 74 -185 211 149 168 -29 96 -177 -139 -154 97 -13 86 -95 -149 143 -14 -34 199 65 -227 -129 20 78 37 -69 174 238 247 -62 -107 -196 230 -22 51 -32 39 54 -111 237 -44 -59 -228 -132 -233 -206 -5 -245 144 9 -145 131 224 -193 -125 11 -96 123 -122 61 -77 220 -119 171 -208 -63 -235 -173 -105 132 -234 189 
TEST 84 ARG:222 -74 10 -129 187 -101 -18 134 45 -241 241 -208 -143 9 210 63 -249 54 140 -105 153 143 164 -222 4 154 118 -151 -164 -238 -87 -1 -48 203 -56 43 -59 -136 51 159 -17 -70 96 -216 -32 31 198 116 243 -61 -112 -19 -247 -186 -45 -39 -23 -178 73 -21 33 206 -167 147 97 -171 189 94 5 245 126 62 114 -53 -223 -246 -41 223 185 -236 -218 128 24 48 -135 179 194 220 -159 58 -165 110 -107 44 171 -88 -52 -11 -224 -177 215 -29 -211 214 -198 -242 -166 246 39 -97 -229 183 11 -34 161 -200 101 157 -122 95 28 142 -10 186 176 -150 21 209 -9 188 -220 115 117 -184 -114 16 81 -72 76 145 149 138 -235 208 148 78 -123 -161 141 167 -148 136 -95 -22 162 123 -66 7 25 139 -83 144 83 -67 235 6 238 -84 232 -203 160 85 -244 133 -60 -232 91 -62 231 -233 67 -69 -188 -173 -96 158 -141 -33 -65 -68 219 -172 248 77 -81 -144 40 -243 36 190 247 -120 -47 98 20 200 130 71 -227 -35 -212 -240 -132 -15 -76 17 103 -214 -117 124 -118 249 174 -8 -183 -158 -160 207 230 -149 107 52 135 -73 -86 -217 -85 -92 155 -79 -155 -145 129 178 225 199 -111 -174 234 -176 53 -134 132 -77 -234 -140 181 37 196 93 111 193 192 -98 197 75 -230 216 -202 172 -187 38 -133 -221 -13 -119 -201 15 -152 -181 50 -36 -226 -126 113 60 122 2 -106 -110 -185 -210 127 -228 104 -219 -168 100 -3 137 -175 -113 -225 29 -78 -2 80 244 -239 -121 -5 65 -192 169 3 177 -248 -31 -193 228 -43 34 66 47 -55 -50 -16 156 69 -182 -163 57 99 -82 72 -102 -37 173 -142 13 -131 -245 211 -75 201 -49 -191 109 -162 -125 -26 82 182 -213 -204 191 22 27 46 184 227 -127 -7 -189 32 87 168 -179 112 14 -99 -4 170 166 55 239 90 88 226 64 -6 -196 -27 -40 -237 217 119 163 68 -156 -38 108 -170 121 -194 229 61 236 -93 -14 49 -25 12 -190 26 -71 131 19 -108 -46 30 -12 -20 84 151 213 18 -205 125 -128 -197 79 -215 35 70 -63 -206 224 175 -124 -54 -109 -207 -51 -80 -146 -209 -28 120 165 -250 -199 -104 233 8 -30 -57 237 -90 240 -116 -231 0 56 212 -100 -147 -169 92 -103 -130 41 -89 -153 152 180 -137 102 242 42 -64 -180 -58 -138 -157 1 -44 -154 202 23 -91 -195 150 106 89 -24 -115 204 105 -94 218 205 74 -42 146 -139 195 59 221 86 
TEST 85 ARG:-161 117 -142 213 162 123 -196 156 -94 -84 1 215 237 -193 18 -151 7 43 135 116 247 -230 187 -137 -74 -145 -51 189 -211 56 -195 169 76 -200 112 -199 -88 221 -245 214 236 97 193 -104 12 44 82 -222 -78 -134 107 -54 -205 186 -44 -240 127 248 6 -203 -50 -27 125 26 -187 69 170 -107 151 -82 102 72 152 128 -143 -213 -95 228 -152 85 78 -72 45 246 -56 -115 -73 -3 120 88 -168 -202 -206 217 -204 -164 -220 27 -197 39 3 -96 -79 149 227 -144 94 -34 -43 108 165 -233 -244 154 -53 -154 2 -227 -59 -165 -33 -150 -38 -175 196 -127 34 75 41 -6 166 -207 81 -136 -58 -166 -62 31 63 -157 113 197 -24 0 11 121 -231 -111 -226 86 -69 211 243 -97 191 -100 -60 239 -113 -155 -109 161 -191 95 -106 60 -123 111 200 222 61 -174 122 -48 -149 42 93 17 -117 14 -81 -138 -147 49 62 225 138 -22 118 -215 -11 -124 -180 -247 19 -110 -13 83 182 133 -219 -172 37 -101 177 232 230 207 -163 -169 96 -15 -181 -40 -188 109 130 -83 -91 -75 201 210 173 87 71 -232 57 -156 -182 100 -235 155 174 -92 32 -186 245 -21 -63 67 66 33 -131 21 -8 -98 -4 158 90 -171 -129 -248 171 -208 10 -29 54 -14 -221 234 -173 -10 148 -185 65 84 51 29 231 153 -76 179 -70 -243 -114 -120 249 73 126 195 -108 -89 181 48 35 -52 208 -179 192 89 185 104 -201 -158 30 -125 -87 205 110 146 -57 -194 -102 -183 -37 -146 183 -141 -170 59 143 209 92 163 242 218 235 -242 216 -20 -217 160 233 131 -71 -61 -239 -246 -121 106 -112 -39 194 -116 -103 15 20 99 -218 -135 137 172 -77 -30 58 -159 -49 -5 139 68 223 22 190 184 8 53 -153 199 157 -19 -160 -238 -132 -45 -209 13 -234 64 -223 4 -1 -229 206 132 101 52 -225 -148 129 -47 -139 -224 -133 229 226 224 -122 180 -176 136 105 77 -236 -25 -192 -41 -18 -86 -26 -7 140 159 114 -237 50 175 -99 103 80 -118 47 164 -212 -189 -130 -31 144 -32 178 46 -9 9 -12 55 -250 219 -119 150 -65 -105 167 38 -36 25 28 -68 119 16 241 -228 23 -42 147 134 -210 -23 -178 -128 91 -214 244 203 -190 -46 -16 240 74 198 -64 204 -93 -126 70 -55 -90 -241 -184 141 -249 220 -216 168 -198 -2 24 98 -80 212 -85 202 79 142 -17 5 -28 36 -66 238 -67 -177 -162 -167 115 40 176 -35 188 145 124 -140 
TEST 86 ARG:108 -104 -93 -196 -86 -150 24 -35 -116 164 -91 65 45 22 -158 78 -122 138 -173 214 -237 -60 -118 -155 -88 162 204 -170 38 201 -195 237 -165 217 -113 159 -70 -135 15 8 -239 -26 44 2 238 29 96 151 -142 125 131 126 30 -47 154 -161 -221 -13 -235 242 -46 -62 -24 -230 158 -1 -246 -3 -77 -185 37 -233 224 -232 -21 -151 249 -244 19 81 -219 43 176 147 89 -147 168 -131 49 -44 -82 -42 47 223 213 118 66 -238 -16 -210 28 -243 -200 165 -249 -206 12 161 247 102 200 148 -2 -74 -172 241 -92 33 -54 -37 218 95 230 -12 -209 111 -50 150 -18 -149 -199 35 197 -234 -89 76 72 -4 67 74 149 205 -226 -112 61 -83 91 219 -160 239 195 211 -57 121 7 198 -111 88 152 -126 128 -220 212 73 31 -184 -76 -132 -19 -225 196 188 -241 -247 -204 106 180 -8 134 -156 -107 184 77 -174 -240 -157 136 -108 226 5 145 191 -139 100 -84 -187 -133 -141 -228 -80 -138 225 -211 229 -27 -105 -137 -34 127 32 -144 -214 175 -10 64 -71 -130 -250 112 51 189 -194 183 216 -208 -119 17 -189 -15 63 -121 -31 97 -49 171 -99 -128 -102 137 132 186 -186 182 -40 23 140 -85 243 116 79 -201 -125 -129 231 -223 -81 53 -169 -59 25 207 16 -64 -29 -180 41 4 119 69 124 0 -197 135 114 240 -218 -120 173 235 -90 1 107 6 -94 54 160 -98 -171 83 -127 -75 -242 -192 -124 -58 -65 21 -17 130 57 187 86 -146 -176 -193 -191 59 -68 232 -56 -52 -101 -11 92 144 99 -205 75 153 -28 202 -154 -152 -32 -236 -245 -20 -67 14 39 56 155 206 -110 -22 71 -97 -134 157 -48 -63 84 98 -224 117 228 -106 -117 -73 -140 42 18 -248 -53 122 133 85 105 -87 9 27 11 221 146 80 -198 -72 220 55 26 -182 -61 143 169 -123 110 -212 208 -41 -168 13 -215 179 193 60 -216 -43 -51 -114 -183 58 -78 3 -148 141 36 103 185 -164 90 163 -166 -167 167 -36 -231 -45 20 52 248 10 -177 -33 -207 -217 123 104 194 -143 -69 82 48 -55 192 190 222 -229 178 210 -7 -190 -188 -227 70 -103 -95 -79 -222 172 -109 -179 166 -178 87 -213 181 236 109 -5 170 156 -25 120 -23 142 209 -100 139 68 62 -162 -39 34 203 40 -136 234 246 244 -175 233 -145 101 113 -38 199 -14 -202 -181 93 227 -96 -9 -163 50 -30 129 245 215 -66 -6 94 46 -203 115 -153 174 -115 -159 177 
TEST 87 ARG:218 -107 -124 -216 -26 211 -39 217 -119 22 79 -226 -177 -17 -83 -70 -66 133 204 -59 153 139 193 86 75 -189 -230 -93 -247 83 -155 164 105 -104 151 -145 107 -79 54 132 111 100 119 -63 171 -47 -131 -102 116 -242 43 178 213 -192 104 222 -166 123 140 -99 -9 -58 -74 -115 -91 38 -137 17 -179 238 184 -217 219 -13 29 -14 168 -163 -203 225 -167 210 -210 28 -245 -23 156 -100 -236 -43 -221 181 -48 110 12 87 -24 246 -122 -75 55 -4 -72 -117 -27 -239 147 -237 -87 190 8 101 -20 108 -197 -196 -21 160 -116 127 144 215 -135 -32 66 163 -181 -71 21 -134 137 -29 233 194 40 -121 -92 26 -146 166 -193 248 -208 -149 -190 16 63 224 240 -128 129 175 -60 243 37 -125 57 -157 -243 135 179 -118 170 32 44 -173 249 239 228 80 120 109 -214 191 237 24 89 -175 -142 27 65 138 -73 -187 -201 227 -199 247 235 205 199 -120 71 -31 -12 158 92 -238 -86 -170 93 182 20 15 192 -36 85 69 -225 78 -53 -41 206 207 -215 -174 -138 -248 -158 5 -154 -112 -56 245 97 -195 58 18 -67 84 19 131 -188 134 177 -223 113 212 -227 -54 34 174 -123 136 232 -25 -209 -159 165 -80 -110 48 209 70 -95 -206 223 -18 -88 73 103 155 172 76 -76 -213 -133 102 67 14 214 117 -65 -55 -143 -11 -96 106 -94 -235 4 142 -98 220 -219 -207 229 33 -69 50 146 -139 -113 -37 96 -5 -161 -127 115 -172 59 236 35 -182 -50 130 -191 3 -148 -33 183 -152 25 31 -198 202 173 148 -19 -1 -77 94 -168 68 6 -249 -85 -51 157 -228 -220 -15 128 -240 -186 -52 169 51 -180 176 -97 -212 231 -250 201 -45 -44 -164 152 -171 -178 143 99 -78 -204 36 -89 -229 42 46 -232 53 216 -42 -183 62 -144 -61 47 72 -185 -200 61 -2 10 -101 149 -184 -129 -10 230 -160 197 -84 -35 234 -130 -132 -233 124 159 185 154 -57 95 -8 -136 11 60 -246 208 -141 167 125 -68 150 41 187 -30 45 49 39 -111 -28 196 -194 -22 91 221 -40 189 195 90 200 -46 -205 161 203 -211 -231 145 -6 13 -150 162 -244 2 -108 -16 52 -82 -156 -218 -176 122 23 9 -147 -169 141 81 242 126 1 -90 56 198 82 -64 -105 -103 -109 -202 118 74 77 -165 186 98 114 -49 7 -224 64 -151 -38 -62 -241 -222 -7 -114 30 -34 241 88 -126 121 -3 0 226 -140 244 112 -162 -153 -81 -106 -234 188 180 
TEST 88 ARG:-13 -131 56 -70 234 207 222 226 10 -121 -62 -245 -28 -7 -238 127 213 -137 -87 -150 -77 92 -155 190 -181 206 -163 8 -19 147 -188 -22 233 -104 119 -21 -199 -90 85 98 -191 106 -66 47 -213 -100 131 -94 64 243 185 72 38 159 -5 77 237 -249 214 -135 148 -126 -186 -244 -173 -159 61 145 -82 142 -122 30 -41 183 -119 177 247 202 -42 53 -175 16 -81 -228 -68 68 186 -176 -161 108 -10 -105 208 -164 137 -98 -83 20 126 57 -178 -23 -198 -35 -148 90 107 100 239 75 170 116 228 15 209 151 -247 -242 -243 28 18 -88 130 3 115 -75 -32 140 -184 -147 -64 -33 152 171 -115 -203 83 -157 -209 -91 164 45 246 -214 158 -139 146 97 -96 54 -20 55 24 198 -111 9 201 -234 -232 80 43 -114 175 -63 96 121 42 -204 133 -145 -29 -172 -146 109 104 249 67 -187 -31 -86 82 197 -205 -14 -108 -12 192 -153 17 -217 -55 -48 4 -26 26 -216 -56 120 138 -196 -112 -107 -138 210 7 60 -192 136 66 -248 -39 51 -65 194 -210 -218 27 169 215 217 150 -38 238 -221 -149 -85 160 245 -53 -2 240 70 157 200 -142 163 -180 -80 156 -124 52 -219 41 155 -141 -152 19 172 244 -47 -101 112 -110 50 135 231 225 6 39 86 236 -229 -25 21 -113 79 35 -132 -6 212 224 29 103 81 12 -179 128 110 229 32 78 25 -49 181 -143 204 211 -223 162 -59 -58 -140 -127 -162 176 -200 -194 -201 40 33 189 22 191 -34 178 -171 65 -61 -67 221 129 -123 139 -239 -52 -103 -215 -222 114 -208 -95 5 218 -170 -3 -151 -225 205 -36 44 -185 -18 -16 184 71 232 -97 -233 2 93 168 216 -130 -128 91 188 -226 -40 149 -189 203 -211 220 -102 -183 99 -4 165 -44 -237 161 14 -116 101 -236 -227 132 -166 88 -93 -240 62 141 -134 -79 -231 13 -57 248 -230 -117 -156 -69 -78 125 143 37 69 -60 -246 124 -106 123 -167 89 187 -202 -8 -24 235 -54 199 174 -89 -250 -17 -169 -30 182 49 -129 -182 227 -73 219 -177 -165 -46 105 180 154 -125 63 -9 -174 -43 -74 -27 48 -72 113 31 -37 -206 -220 241 -144 -118 -11 73 -71 -197 -160 46 -92 -168 76 -76 230 223 134 -99 0 84 166 102 -193 -120 34 -154 -45 122 -1 196 -195 -158 23 167 -109 -207 -190 -136 111 59 94 1 173 -133 242 195 87 58 -51 117 74 -212 -224 11 95 -241 153 36 -15 -235 144 193 179 -50 -84 118 
TEST 89 ARG:-100 -170 -182 95 -104 -22 -144 244 239 -121 -52 162 -43 46 221 -4 172 70 152 -152 145 72 -26 156 241 246 126 109 8 60 96 190 25 19 -75 -3 -80 -12 -86 -5 65 -45 196 226 -36 -137 -89 43 -173 -20 14 181 171 -209 -184 -151 67 -124 118 -48 163 135 194 -155 -91 92 -221 102 123 -164 -190 -6 -207 112 211 116 -47 -180 -179 214 223 -229 248 124 151 -101 -30 174 32 -192 242 187 79 58 192 -176 -136 85 235 52 107 125 -202 137 -230 147 -103 -41 -212 115 -154 20 117 -131 -247 18 12 -42 -88 77 -51 -162 203 -72 -74 -246 74 -153 -25 120 -73 90 81 -249 153 -116 205 42 110 -204 166 -19 -79 148 -39 215 61 -165 35 249 201 57 105 6 -54 134 189 -126 -196 -185 -108 -203 -149 -35 10 -123 -57 150 -239 -129 -11 159 -199 185 128 56 -245 30 47 -15 84 -145 234 16 33 73 230 -240 119 195 3 -7 193 198 -119 179 76 -82 -84 -29 -34 -215 -148 -234 -175 -143 -235 154 -194 54 -225 -9 -67 227 -106 -214 141 -112 -228 136 -78 -105 -120 -60 45 -97 -99 -134 24 -244 -96 -93 38 -243 -69 132 94 -189 122 -172 216 -161 -158 41 100 228 -142 -68 71 224 -186 208 88 51 -58 130 212 98 89 243 104 207 -109 64 131 -140 232 -183 26 165 -211 17 209 -241 48 -233 -174 -178 -23 177 63 49 36 27 173 -110 -163 -66 218 225 -10 -168 188 -50 4 -146 59 -177 -70 53 -56 111 13 -40 78 142 231 -223 219 -166 -61 15 114 -171 44 75 28 37 -191 29 -205 -181 66 -32 229 158 -118 -65 169 222 -64 -83 -59 80 -62 82 217 -167 -76 99 -222 40 -17 233 160 -63 -139 182 -160 21 237 -232 -138 178 113 -8 -117 144 -113 31 -197 -77 -38 -216 93 202 -217 50 206 -132 39 149 -238 -46 121 157 101 -111 133 -95 -114 103 191 -127 -224 -236 139 -147 -187 -135 247 9 0 -21 204 34 1 23 146 -213 -195 -55 200 -37 83 11 -250 127 -18 5 -248 -159 -157 176 -16 197 -115 -133 86 -24 -193 -1 106 -13 186 184 108 175 -150 -218 161 -98 -141 -206 62 -107 -130 -31 -219 245 7 -156 -210 170 129 155 -94 2 167 220 55 -90 -125 240 213 -220 -122 210 -44 199 -28 -231 68 -53 87 91 -169 22 -188 -226 -49 -2 236 164 97 -242 138 -87 69 -128 -237 -201 -27 -208 180 140 -71 -85 -33 -92 -198 -102 183 168 238 -14 -200 -227 143 -81 
TEST 90 ARG:154 -50 -186 -28 157 163 -29 -123 -239 -203 221 -63 165 -96 -214 -198 -68 39 106 37 150 133 62 -247 101 -242 -125 79 93 117 -72 -159 -173 -150 23 108 247 124 160 -33 96 -112 -105 -69 -25 -40 -23 104 -240 -201 -157 -30 241 -97 -81 170 -128 -11 207 68 28 -75 -145 -217 -163 178 24 71 172 -91 100 -61 -51 -110 48 113 85 -58 185 130 -135 -156 19 198 228 2 -79 -108 -100 -66 -209 -71 -166 -85 87 -142 140 119 153 40 129 -43 -138 -205 66 -152 64 -160 242 -182 -170 136 164 181 -154 -193 240 122 -44 -229 65 190 -59 -183 -221 188 -14 -16 -236 70 -76 -230 223 123 184 -149 -104 78 55 60 11 152 103 -3 -210 148 -143 99 -46 -102 -185 -224 -243 -238 158 102 -200 -245 92 38 125 -136 -18 173 174 243 27 159 169 222 6 -232 -98 63 89 84 -118 194 -90 202 205 167 -109 187 -89 -130 -41 4 -176 -144 -148 107 -111 162 193 209 -177 -26 -204 155 109 -141 -132 177 21 224 -82 -250 15 216 -199 -15 -167 -179 -129 110 229 -93 -126 201 94 -127 233 -137 149 13 90 -12 -37 18 217 -53 75 211 -208 -181 83 -70 212 1 -134 98 -211 -94 182 131 26 -178 -246 42 47 36 168 -32 57 156 54 147 16 -20 7 245 -24 32 219 -114 115 -172 138 -88 82 197 144 -87 239 72 134 -147 -34 76 -117 -233 -73 -202 -65 -131 -54 35 -161 127 -153 -113 51 81 -49 -139 -52 25 105 -4 30 29 -42 225 -162 -158 -95 -106 -194 -101 33 126 195 43 -17 161 171 -6 121 86 214 -7 -107 -57 -99 -216 179 59 -9 -45 -231 116 17 -55 -39 46 244 -120 249 111 -215 -168 -184 196 -27 118 189 -48 67 234 -146 220 -228 -175 -174 -234 -180 200 -74 10 -187 22 -227 180 191 -223 192 49 -235 248 61 58 73 -115 -218 0 -13 135 -171 31 12 -122 14 208 146 -249 120 20 52 -188 -92 -165 246 -38 206 -36 141 -192 -206 -1 80 -140 -248 69 -155 145 -56 74 -86 213 -35 -226 -67 227 142 236 -241 9 114 -116 -207 -31 34 -196 183 95 -222 -10 56 -83 210 -151 -169 175 139 218 -213 -244 -64 -119 -19 -197 -212 45 -124 50 -21 -195 -191 8 -62 -237 -80 235 204 128 137 -103 186 232 132 53 -121 -47 230 -22 91 -5 -60 -164 5 237 -189 -190 215 97 41 -77 238 77 -84 203 44 -2 176 -220 -133 -78 88 226 166 -8 151 3 -219 143 -225 199 231 112 
TEST 91 ARG:17 28 47 -228 106 14 172 -62 236 -52 27 -193 -232 34 -244 -59 137 20 -18 12 19 -162 -122 -154 175 129 64 -33 78 10 66 16 -230 -37 161 -27 -72 109 145 -204 -137 -160 164 -63 234 116 -103 243 163 -195 209 -75 136 -44 -199 -174 71 -231 23 204 -214 -40 208 -218 -14 185 100 140 39 -108 -207 233 -126 -28 6 -64 197 -118 195 99 -219 83 -88 -106 222 -187 36 -3 -129 -69 213 0 173 -176 -6 -236 -203 146 -128 -233 112 122 67 125 -104 -146 -202 230 -220 235 196 168 191 207 -36 -17 216 -127 -206 54 -170 56 -101 -95 135 121 -87 44 11 -82 25 206 51 -77 85 -86 -56 43 -34 103 124 4 -68 98 -224 -211 32 170 -222 89 148 -140 -141 -100 241 -54 -22 35 -91 -39 57 33 -240 21 60 215 -149 -51 26 -116 81 115 -99 77 -189 29 149 126 118 -229 -241 -8 46 -53 157 133 72 -179 -65 -31 61 70 -55 -70 41 -96 -83 218 -171 203 188 -145 -148 108 24 74 -147 15 -175 -250 -76 -50 -5 -151 107 5 141 -157 162 -23 160 -73 -194 -242 -158 -164 -111 221 -184 169 -183 217 199 -20 -169 -67 -185 132 110 -153 -226 -42 153 -97 22 113 45 -225 58 -117 134 244 224 -196 -168 151 -94 97 -181 -205 -84 165 200 -89 96 158 53 -135 171 18 119 -163 -30 -217 -80 69 227 -115 205 -98 127 -47 -4 -71 -161 -85 -43 84 9 -124 -249 -210 -172 -92 40 -239 -235 201 -216 -38 -165 -227 237 178 -119 -9 -221 -57 75 167 -182 -142 95 198 -102 -66 -10 68 -166 -16 -81 87 -112 7 220 55 13 -223 -11 190 63 -48 228 -246 186 -79 184 101 247 182 210 142 -110 -209 -178 -139 231 147 42 177 -1 -191 86 102 -132 229 111 -143 -152 -201 -121 -90 38 159 37 179 105 48 3 117 249 -35 -167 -197 52 8 62 139 49 -29 -248 128 181 248 -109 -7 155 176 -13 -177 -78 189 -247 -180 -58 -134 -198 -243 -25 150 -107 -123 -238 -186 -2 -173 219 -93 -125 59 -159 -21 -150 82 -131 94 -61 240 211 -245 180 -45 -12 245 -138 -74 -155 -32 -24 192 144 73 223 -136 -133 -114 193 -60 138 123 1 154 242 -130 -234 -200 91 50 -15 -237 202 166 -212 -208 183 214 -192 76 90 246 120 31 -120 -19 104 152 80 -156 238 156 -41 187 -46 239 131 88 -49 -213 2 -188 79 92 212 225 194 114 -113 -190 130 174 65 -105 -26 93 226 30 143 232 -144 -215 
TEST 92 ARG:134 23 -62 91 -89 174 87 -60 98 225 15 -19 -90 17 -59 -40 74 228 -249 61 -173 -27 97 -11 248 202 -71 95 36 245 224 205 194 -227 227 -38 -232 229 -29 176 -42 13 2 -179 226 -180 218 -122 -175 153 -250 -13 -58 183 117 -238 -237 69 -177 -55 -194 222 -185 55 159 -190 -165 127 -39 -70 -45 -25 204 -101 71 -32 43 137 -126 242 -79 -108 131 232 -170 178 133 33 164 234 130 217 -141 21 -176 201 209 -117 77 -132 48 -169 -56 -134 81 -155 41 56 -195 85 -75 -88 45 -146 -41 -166 123 89 16 22 236 139 162 196 31 -226 58 141 -234 25 -95 -46 -125 182 -2 198 102 223 49 92 -131 -133 181 145 -163 30 143 -153 -47 106 140 28 62 57 -220 -164 -137 -111 -34 -18 -64 -191 68 -140 -63 -147 -53 109 -150 -148 165 -128 167 125 -66 84 101 -160 -102 -51 -21 -50 53 -127 177 37 146 40 -214 210 -152 4 6 239 -91 -221 -110 -105 103 149 113 -20 -113 -228 50 -112 -130 26 52 233 -10 114 142 -124 -17 -22 129 -73 -120 136 -168 -52 144 -76 -94 -129 -37 152 154 -161 214 179 -212 -145 38 -30 -100 -6 111 230 100 44 -16 160 124 184 135 -35 -3 -49 -178 27 155 168 96 193 -67 99 88 197 90 -5 -154 -135 -209 -68 172 -72 -156 -74 -109 244 148 83 216 -244 -157 42 -26 188 -172 -48 -28 158 -217 104 -33 -87 -225 78 -240 -81 -235 -149 -207 -167 -106 94 70 -184 -65 19 -229 187 64 35 206 -192 46 190 126 189 -196 -241 118 -242 51 -239 170 107 -200 -78 151 54 0 86 1 246 20 128 -138 -43 -136 110 -12 138 186 219 -96 -36 -208 -86 235 240 -216 199 -206 32 -144 -93 185 -7 47 76 -4 24 72 -44 -219 3 -211 112 -14 175 14 -98 221 115 169 -158 -57 -223 -189 105 -118 -69 119 243 207 -82 191 -121 -83 -139 9 -243 12 -224 -92 163 161 -247 -143 173 195 -24 150 8 157 -210 156 -233 121 7 -171 -218 237 11 60 -54 -151 5 -204 247 231 108 -174 75 -142 -215 208 -31 241 -114 -84 200 -97 -116 -188 -182 -1 116 -201 -186 -248 -123 34 -222 -199 -107 192 -99 65 120 -85 215 -80 63 -203 39 -115 -246 147 238 180 -187 203 -77 10 -183 -205 -119 -103 -159 18 -197 220 93 79 -61 67 -8 -104 -181 73 -230 171 29 -193 249 59 -231 122 -9 -202 -162 132 -15 -23 -236 211 -213 212 213 166 -245 66 -198 80 82 
TEST 93 ARG:59 -181 14 -144 -130 188 180 81 -149 179 -158 -112 129 85 238 -154 37 -249 -185 -34 -36 76 52 -49 80 44 79 -176 -170 -167 -110 125 132 -216 -68 65 121 -247 42 194 161 -72 -234 191 33 71 -164 -91 25 -83 113 -237 203 5 165 247 169 -52 -138 164 -89 92 -140 -95 -163 -166 -1 -29 1 -104 -19 -93 126 -54 193 -194 8 -61 128 183 224 143 212 -147 211 228 -23 -113 -198 90 189 -77 116 23 201 28 77 64 192 130 106 31 6 24 -39 103 54 222 -225 171 155 -109 -86 84 -168 119 95 206 -146 -30 166 -142 -141 -226 67 202 -224 45 -40 73 -94 152 208 -242 141 -7 175 -58 -211 17 -38 -2 96 -246 -73 -101 149 -209 -14 41 16 -150 4 -92 10 -87 -217 -121 -74 -159 -248 221 -6 -79 -210 -47 136 40 -174 -26 249 213 176 120 87 -178 -114 -124 72 -200 -155 -229 27 -90 229 115 -125 -99 226 -32 -129 -157 26 -171 -152 215 135 18 57 -165 181 86 122 -37 -70 -161 240 -139 75 118 -84 -202 -69 -131 -222 -228 225 243 -35 -100 22 -156 158 60 153 210 186 246 242 -51 -45 55 -53 170 157 -13 -117 -212 -43 -33 -197 204 -230 -238 -8 -196 68 218 -205 91 -80 131 114 159 172 -50 20 -221 61 -60 69 -191 -27 182 39 -187 -182 -120 -244 21 -148 139 -5 -199 200 -214 -28 -78 185 -188 -151 -42 -123 173 -10 -71 133 56 147 -162 58 248 -115 216 19 174 98 -137 -241 3 108 220 -236 100 123 -213 196 -218 -111 -180 -177 2 -21 -132 93 -207 111 101 46 105 233 -103 -15 235 -232 82 -240 197 -239 156 13 162 -12 167 7 -17 198 -220 34 48 -85 78 124 -44 -63 142 12 -243 110 -20 117 -57 127 99 -116 -128 -233 -135 144 89 178 163 138 -25 234 -11 -56 145 -3 -206 97 239 -4 -186 29 -98 244 -24 -189 36 88 112 102 -46 -41 -127 150 51 154 -143 148 94 -136 43 0 190 -122 -201 187 -173 237 219 -134 -219 -169 -153 227 -67 70 -108 230 109 205 -235 -59 9 -22 209 11 -223 63 -66 195 -76 -204 241 -106 217 -118 30 -172 -102 -208 -160 -97 -48 -75 -190 177 -81 -16 47 49 -193 38 232 214 146 168 -227 137 134 -184 -133 -250 -64 -105 -183 107 -195 74 32 83 -126 35 -119 62 -179 223 207 199 -245 245 236 -192 -65 -55 -203 -175 -82 15 160 -88 -62 -231 66 104 -96 -9 -31 -18 -145 50 184 231 140 -107 -215 151 53 
TEST 94 ARG:-228 186 127 -28 204 236 -104 27 18 -237 -76 -192 181 -44 -85 -141 245 212 -50 51 196 -51 88 61 119 -73 228 -1 -61 148 141 35 -94 -52 -32 -16 -88 -150 -158 48 -29 -93 114 66 189 174 -18 -233 -186 -71 -207 -56 241 -139 77 -142 202 170 86 240 -244 -163 155 101 -146 215 -124 8 214 121 159 149 207 2 -164 46 -201 142 -92 -155 147 -49 -68 183 -247 -212 216 -75 -110 -24 -231 31 7 12 49 -126 125 -209 -143 -249 109 73 45 -184 180 -57 107 -9 -175 -84 105 -208 -222 92 -113 140 -211 -215 -245 -168 113 -106 -23 -195 53 246 168 -43 130 -37 229 206 52 39 235 139 163 -15 97 -198 -194 -100 172 -114 166 -72 -109 134 178 164 220 -144 -180 -154 -190 -242 -167 -101 233 96 201 -200 74 62 146 195 -174 59 -6 -116 29 -204 -160 -46 -210 -40 -118 44 -90 -19 133 81 -83 -218 222 -181 89 188 55 -53 79 -105 70 118 -240 -66 -25 175 11 -220 198 -86 54 -132 -157 23 100 124 -229 185 -74 165 131 -97 -112 -21 238 210 247 211 -151 82 -41 151 -224 68 84 167 -216 28 -55 145 -89 153 197 239 -203 -103 -117 173 -223 -102 57 106 -13 30 138 -119 20 -202 -82 33 -80 42 112 226 -130 -47 -26 -161 -59 -169 -58 224 -148 116 193 234 117 -64 -39 248 87 -182 -193 17 -12 25 -79 -188 205 -108 -179 158 -246 -3 99 223 -70 208 10 58 -178 176 22 -153 -156 -31 65 -250 43 -172 -227 80 -183 128 24 184 123 -22 94 -62 -214 41 5 -87 19 -191 -206 -149 199 -131 102 15 3 -170 -8 217 249 161 -236 -96 157 -10 -239 -7 47 78 14 37 26 104 120 -20 -235 225 -173 111 -125 -135 152 -69 136 67 0 4 1 75 132 -225 93 -197 -147 -205 162 -120 -11 -196 69 -128 -78 244 150 -238 -36 -2 -136 213 6 177 -95 -42 -138 227 34 -219 -129 237 143 -98 -159 -171 -60 230 137 -38 171 169 126 -226 -67 -107 63 122 -91 40 -232 192 -5 156 -34 -137 219 -221 -77 232 179 -140 -213 -111 -176 -134 95 -99 64 221 200 194 -48 -234 190 -152 -81 144 -63 218 -241 -166 -121 -199 135 -14 21 83 32 -54 85 -177 -217 203 -187 98 -133 56 -35 187 -30 -162 182 -185 9 -17 36 -127 154 -145 103 16 -27 13 108 50 -33 115 191 71 76 60 38 160 -248 110 209 -45 231 -165 -4 72 -189 91 90 -243 -65 -115 -122 129 -123 243 242 -230 
TEST 95 ARG:74 -103 -53 123 -232 -108 34 -202 172 -132 -90 10 41 189 -9 -199 237 244 143 198 -66 67 -3 -237 110 -1 112 9 36 152 -17 -158 -143 -153 -218 83 -140 135 79 245 46 2 -29 187 44 -167 98 70 -239 -83 -157 -149 -169 86 61 118 -76 -24 -100 235 39 -89 15 -130 -161 -233 156 -208 -96 82 -221 -62 -4 218 191 -146 131 -106 -67 103 7 117 -51 73 -50 -81 145 213 210 144 -87 -192 -155 -22 -12 -213 59 107 -160 170 -187 -59 32 -80 72 0 -30 -97 14 -165 57 56 -45 109 209 -72 -236 -222 87 -234 241 68 -93 -2 -126 52 -92 -113 89 -78 -224 -40 88 -46 -184 115 136 208 127 129 137 196 -209 45 124 -110 -131 113 193 35 120 203 179 228 76 -116 -137 -162 220 227 105 -245 186 101 159 -225 55 -179 -120 -240 -186 -219 -156 -227 130 -171 133 243 -185 -135 168 249 30 190 -28 28 138 -152 99 206 111 22 -63 158 -154 -107 -13 -175 -64 -35 -70 -98 -147 -150 -127 195 -117 119 -86 -148 185 -52 -134 -205 -226 -189 -15 -163 -11 -88 -229 155 -197 -159 183 165 148 -69 121 48 12 -190 80 -203 -249 226 -129 222 204 140 141 -16 -19 132 -114 -41 -39 92 -58 -217 -47 169 104 -174 -172 231 -246 102 224 242 -177 -68 -247 201 90 240 24 -112 166 -21 -122 -79 -170 -128 215 -6 181 -115 122 -111 114 66 -241 -248 116 97 63 -176 75 199 160 -141 -191 146 -23 -242 221 108 96 232 64 -193 212 -180 217 -211 -55 -206 184 77 33 -235 -215 142 38 -54 -118 178 -84 -182 219 71 225 17 -121 -104 -43 3 19 27 236 43 93 238 60 -188 49 229 149 -8 -10 95 100 -73 223 239 -207 -119 16 -32 -42 173 -124 125 -102 -34 94 -220 -214 -230 230 126 -31 202 -151 42 29 31 -194 85 233 182 -136 234 -105 188 81 -20 -44 -212 171 247 -85 20 84 -74 -37 26 -82 21 167 25 -145 -61 -168 192 -123 200 37 207 18 139 177 -25 -238 -48 -60 -183 -65 -196 164 -33 -198 -38 -109 -101 -166 197 -49 205 157 216 -5 150 -243 -231 47 40 176 91 106 -142 -195 128 -210 -14 -164 211 -133 -36 -94 151 51 -77 174 -75 -7 -138 -95 161 11 -250 -144 -18 147 154 -71 78 50 -99 -56 -125 6 -139 -57 -204 8 134 -201 4 69 -181 5 -216 53 23 65 162 -223 -26 1 -173 62 -91 -200 -27 58 194 54 13 163 -244 -228 214 175 248 153 180 -178 246 
TEST 96 ARG:-15 -85 -89 90 59 -93 194 -47 -9 95 168 224 -224 213 -165 -92 -225 247 -205 138 61 106 11 220 112 234 -141 249 206 -69 176 -44 241 -17 198 225 19 -145 100 -10 79 44 -200 182 153 -13 -120 120 -43 9 -168 10 160 -76 177 214 -108 31 229 -74 -103 -212 238 -235 217 -201 235 -246 -131 74 -174 -176 -36 -193 -221 -159 66 187 -183 -37 67 149 39 128 169 -175 -149 109 119 157 240 -49 242 -55 -121 -122 6 -95 196 -195 92 151 230 178 -11 -238 37 -186 -107 201 -182 -203 -54 42 117 -66 -146 97 -222 -101 -206 104 -6 -82 32 -104 -119 248 -227 -127 156 -169 -40 40 -123 -4 80 56 118 52 34 -30 -232 -97 -185 16 87 -138 -5 110 123 212 -148 3 55 232 134 -38 -173 -42 35 -113 69 -35 165 15 227 -250 -229 -220 -16 -155 47 28 -111 43 101 148 108 195 72 -26 -20 -52 -94 191 45 -240 184 51 228 36 -249 53 -143 -234 -134 41 180 -239 171 167 22 33 -125 121 183 85 -21 -112 200 -31 221 -126 7 -236 245 237 -114 49 155 -98 -139 -39 215 -226 204 -178 1 -77 -75 -105 -163 208 136 -100 -233 142 -135 146 161 -48 -50 132 -117 -19 -67 162 50 -33 -160 -136 75 -29 -132 -215 -1 -116 13 197 -14 -41 20 137 73 -53 38 181 244 219 103 -181 -23 -140 210 -191 -188 -129 60 135 -147 -244 63 139 -3 -230 -243 -72 -144 -80 -151 -247 26 82 164 125 -204 -88 199 -34 27 -150 130 140 23 222 -152 99 150 -27 166 -61 239 -65 -196 70 170 48 -170 -137 -2 76 -161 159 -153 -63 29 226 246 111 233 -154 57 173 218 172 46 144 83 -58 58 93 -12 -210 -184 98 -110 115 -22 5 24 133 -213 -156 -157 -172 -197 207 -207 -118 -84 -32 77 71 89 -179 114 91 223 -164 -218 -245 -124 86 127 113 131 -162 202 -24 185 -68 12 -106 -8 145 -180 -158 -28 18 -90 -70 -248 205 174 81 -198 175 -71 4 105 -214 25 -91 54 -211 -166 152 -133 179 -217 -96 141 189 116 -57 192 2 -192 122 -18 -78 209 -241 -216 17 -171 243 -46 -109 231 62 186 -237 216 78 -231 -177 -142 -130 -79 -99 -60 64 143 107 211 -219 -25 -209 -59 -73 193 203 102 -189 -187 -242 -7 -199 30 124 236 0 14 -87 -228 -64 158 -128 68 -223 147 -51 -86 -62 -56 -81 188 -208 65 94 -83 84 96 -202 8 -115 -190 190 21 129 -194 154 88 126 -167 163 -45 -102 
TEST 97 ARG:48 218 149 54 11 227 -25 42 40 -6 67 165 111 -11 -132 19 17 -163 158 -93 79 -73 -138 191 132 -204 87 -230 -96 -82 229 113 224 24 206 -216 -136 160 -225 103 -110 2 23 122 -75 92 -221 121 14 72 -78 -247 -195 -15 -180 -142 75 240 -244 -173 186 -102 60 61 -235 -99 -148 36 91 117 110 169 212 -72 214 167 -50 -213 -146 205 26 59 128 -166 -80 208 198 248 -246 -79 -248 -140 95 12 82 152 78 -63 -143 0 -226 100 -98 88 -133 184 86 -160 -176 213 -115 112 3 204 -179 138 80 189 170 -119 15 133 197 153 -95 57 156 -101 145 84 139 120 -164 -8 107 85 -26 -55 4 -90 -168 -69 -229 64 211 -1 -149 51 -113 166 -162 -109 238 -24 -61 129 71 106 140 173 -218 41 193 89 -208 219 -134 -58 62 -38 201 207 -100 34 -188 32 -242 -192 20 -17 102 183 -184 53 -238 223 -46 6 -151 18 -105 97 -59 -234 -182 -51 -49 216 134 -207 -137 21 -94 -70 -141 -128 -28 109 -223 -220 203 -3 -240 30 -241 135 5 -19 74 131 -126 -32 -201 142 147 -129 70 233 -36 65 -81 162 -22 -194 -147 83 -40 52 -227 -120 -250 194 -44 234 -88 -209 242 249 -158 -83 37 -131 221 225 -174 -159 -139 176 -106 13 -125 192 -48 -200 -210 81 55 220 210 -35 -64 38 -67 33 232 -215 -89 -224 -175 22 236 119 108 31 -245 174 99 127 -135 178 -42 -91 -153 94 -103 45 29 -239 126 196 243 -12 -108 -37 -117 199 171 -9 244 -172 185 -183 73 -190 124 -130 -56 105 66 217 -77 -186 154 -31 -185 -171 -197 -157 28 188 -87 68 -45 -121 104 161 -231 150 -23 9 -124 -76 179 143 239 157 168 -39 -74 93 49 115 -34 -112 -233 -211 118 -203 -152 148 -122 -114 7 69 125 1 190 -123 -243 141 90 -27 151 -104 -196 -5 101 -21 -145 172 222 228 246 76 -206 -92 46 -62 237 27 -68 -84 -167 -169 -170 -43 209 177 -181 -97 -118 226 163 -41 -14 -205 247 -156 -150 50 63 175 -154 -191 -237 -202 -10 155 200 -54 -178 114 -2 35 96 -60 -189 144 10 164 123 -236 -85 -52 -228 -20 182 -232 181 -66 116 241 -53 -33 130 180 -177 -107 187 195 -86 8 -249 43 -30 215 58 -212 -187 159 -219 98 -161 -4 -71 -7 -217 -65 44 -165 -155 245 -214 77 -116 -18 -13 137 16 -29 202 -198 231 39 25 -47 136 -144 -199 -57 -193 230 235 -127 -16 47 146 -111 56 -222 
TEST 98 ARG:-163 -247 239 172 242 157 122 176 190 -134 194 -108 -240 168 -116 94 -56 -71 143 177 115 -212 85 174 152 224 -140 -190 147 175 162 -94 -139 -45 -29 93 -25 -123 -24 -50 -192 55 -150 119 -75 -28 -70 -248 19 244 15 16 -98 -210 225 70 173 -117 117 -167 220 -175 118 211 50 153 -244 -202 -37 47 -211 101 249 -199 -180 -74 -145 -64 145 -102 142 -38 131 48 -164 40 185 -79 181 67 -88 -65 -169 10 -77 -92 109 -73 66 -52 -159 197 82 248 18 -63 238 38 25 228 -185 187 -155 -208 189 -39 -222 222 28 163 29 -188 80 -236 2 116 72 -182 216 4 -112 -223 165 155 -17 203 -1 21 -196 -7 -136 206 243 -46 -125 -154 219 104 128 -209 -89 201 -53 217 208 98 54 -213 60 138 -118 96 77 159 -5 232 -22 -143 114 -68 -83 -242 9 -250 -229 199 171 -81 -220 184 196 -179 -105 -191 -152 -157 -58 90 84 -8 -35 -178 -119 -153 42 126 41 170 -42 -246 -101 81 91 227 61 -21 148 -115 -18 -61 191 11 -237 -207 204 205 164 -138 188 230 136 22 218 200 -146 -129 -171 0 -34 -32 100 68 -26 -126 202 105 198 -224 -214 13 -149 -184 26 186 -51 -27 -158 -13 -114 226 -151 79 -82 97 -113 223 125 -239 89 233 -176 -172 -189 53 -235 69 -215 103 99 17 -55 92 139 192 240 150 52 -86 -197 83 -216 -43 -130 140 113 -249 -234 -95 -23 160 64 -80 -160 -232 75 -193 229 106 8 -47 235 180 121 -67 -110 183 -162 231 154 73 -66 -107 247 -204 -132 -141 246 -238 44 -221 20 -231 3 -120 -16 -137 -41 1 161 -201 -233 -48 87 212 -14 65 -69 23 -3 -36 234 -109 27 -87 166 108 -97 146 -96 151 -198 182 -99 30 12 107 46 -93 -225 178 56 57 95 215 214 -121 -173 34 -2 -90 74 213 -76 -111 5 36 51 -9 -62 195 -133 -84 -195 144 132 -12 127 49 -135 -31 -166 -156 179 -40 -78 135 -245 6 -200 88 -219 120 -183 71 -59 -4 62 236 -241 39 -85 -30 110 63 102 141 -11 124 -186 -147 -243 43 158 237 -122 -20 193 -217 -165 -168 -60 -44 -187 -227 24 78 -203 169 -49 -127 86 59 -128 -170 245 -181 156 -10 -142 133 -106 -177 -91 129 45 221 -174 149 241 -194 167 134 -103 -205 -226 -15 -218 -206 112 -19 -144 -161 130 76 137 58 7 -33 37 -57 209 -54 14 33 -72 -6 -100 32 31 -148 207 123 35 -104 210 111 -131 -230 -124 -228 
TEST 99 ARG:-27 135 170 143 134 106 -245 -159 -119 -9 96 222 -238 101 152 -49 184 -248 155 -204 -206 2 -134 -86 215 166 42 57 156 -144 -30 -114 -46 -16 -105 -211 104 -200 44 159 23 -123 8 226 -65 -203 -182 -48 72 109 -12 -90 -250 124 -179 105 -224 -82 249 -14 39 -207 -111 -10 200 -178 55 33 -57 246 70 -143 52 -40 123 -97 -131 227 27 111 28 248 -210 -25 -54 -2 -240 127 178 -202 -98 103 -161 -71 15 34 -187 -20 95 -197 234 216 4 120 243 -42 -81 -171 -104 -237 -196 71 88 223 -73 -180 -76 -231 -174 -169 11 236 238 230 -184 -80 -113 -181 -43 -153 -139 -162 43 94 -38 -36 -192 -26 -241 161 6 145 53 167 -175 -141 -227 -126 -189 -214 214 -135 -223 179 209 -28 -120 -133 -140 153 247 -18 239 237 -118 151 -177 -58 116 -67 183 -122 -69 87 -213 102 181 93 157 108 -164 217 -35 -160 21 97 232 -233 -212 0 -152 -168 192 242 1 132 35 -201 83 207 -41 -173 165 -138 150 -23 193 56 136 -1 112 -6 205 -52 17 162 -72 69 85 -235 16 77 61 231 -216 -146 -198 -163 98 180 -115 -94 160 -61 13 240 147 244 -191 30 212 -247 224 12 -244 -107 185 -84 -208 59 -63 -165 81 -170 -176 235 20 -15 -103 -31 37 -246 -157 -142 164 82 204 -17 -194 -91 84 189 -24 36 67 91 -53 -21 -127 -125 213 -151 197 -136 -128 -56 168 9 233 -5 -29 65 14 163 138 128 -229 51 174 -166 146 -124 -186 38 -225 175 -188 -88 31 206 -109 221 -132 126 40 -83 -78 172 -222 -215 75 -183 -154 19 -199 -11 -51 62 -59 218 5 -167 26 -44 -7 22 -50 137 -218 49 190 -100 144 225 -219 -110 -37 154 245 -112 29 -232 -145 58 186 100 48 -158 -117 -93 -228 208 -129 32 -147 -108 41 25 -74 -45 -234 50 119 173 79 -249 201 -22 211 -121 -148 113 129 64 149 182 74 -64 -193 -243 -150 3 -68 140 18 92 76 68 -4 78 -217 47 114 89 -92 194 -85 54 -209 131 241 229 115 110 -226 -62 -95 118 198 -221 195 -3 -75 -156 -87 133 -195 -230 -155 125 117 203 187 -99 -33 -106 -34 80 -190 -32 86 -137 63 99 228 -8 148 24 141 139 -116 46 176 220 60 202 158 199 66 -89 -172 -77 -239 130 -102 45 -55 -19 -205 -70 -79 210 122 188 191 -130 121 -220 7 -60 142 90 177 -13 -236 -242 219 107 171 196 -185 -101 169 -96 73 -47 -66 -149 -39 10 
TEST 100 ARG:172 -130 -37 241 -196 242 -26 20 -176 147 -250 149 -198 -62 -142 -237 -103 75 125 -243 -9 -8 43 -51 -52 25 233 73 101 246 151 143 -190 -43 -7 -19 -38 -79 -115 182 -219 36 -186 165 186 18 51 -158 -20 71 -13 -172 -117 -17 -16 -221 240 -180 -166 227 -12 -163 17 113 -248 231 -94 -82 -149 -242 -122 -126 -6 245 -111 -23 0 196 136 -29 -2 -220 93 10 159 139 -127 178 -173 77 -106 152 189 -215 108 -147 142 202 -39 -100 24 181 -171 8 198 -175 68 177 -27 -66 122 112 -249 -239 52 -55 -36 -157 -114 -151 -178 -49 116 -233 -80 228 -33 -86 14 239 -41 -206 -58 -14 -238 -118 194 100 -192 -61 -40 124 247 161 170 -150 134 164 -50 63 174 133 -83 -146 203 104 185 -168 33 -211 243 7 191 -91 -155 224 -4 -110 -63 205 -167 -69 150 -228 138 -137 -199 16 -76 34 154 66 102 119 145 -107 210 212 169 -210 132 225 190 -1 45 -60 5 235 166 249 -15 3 248 126 117 -10 84 -165 56 -189 -88 -208 -96 -129 107 6 -70 173 -226 -72 21 -44 9 -141 -145 76 -232 229 -75 -18 -201 -73 70 80 211 83 -224 204 130 123 208 155 -212 -245 -216 -54 115 118 -21 -101 64 -179 79 13 -222 -169 135 -246 183 -205 146 -32 -234 -161 -74 -124 -81 -109 176 29 -218 153 -125 236 140 -78 -97 59 -89 -105 106 -183 -236 110 62 167 -95 244 12 216 -71 -77 199 -113 -48 28 234 -65 -98 -181 81 -213 232 221 238 30 55 -99 -84 157 201 223 38 -185 -139 98 -87 -204 184 206 162 48 50 95 215 105 31 148 -209 88 90 179 -138 195 -244 -162 -203 -152 -191 -34 60 120 -133 1 -45 -182 -90 171 92 99 -68 87 -174 237 -5 -116 44 40 111 -230 23 -132 19 41 -197 219 -131 -217 57 213 32 54 163 156 -188 86 109 141 -207 -128 -53 226 200 -187 -42 94 -240 89 -134 -170 39 -85 -31 -193 46 131 -24 103 -184 42 15 -59 97 -136 -47 -64 -135 -247 74 -121 53 180 -159 217 -153 -112 137 67 128 -3 -241 -154 -202 -93 -214 -195 -30 37 158 -148 91 -56 -35 193 -235 197 2 72 -164 -194 -46 -67 85 -102 27 49 22 222 209 230 82 78 69 214 65 220 -92 -229 -227 -123 187 -25 192 168 114 -140 -143 -11 35 121 -225 47 58 4 -223 175 -108 144 -156 -177 61 -57 -22 -28 160 188 -160 218 11 -231 129 96 -144 26 -104 -120 -200 127 -119 207 
TEST 101 ARG:51 -91 -207 138 145 227 -38 -174 -161 86 182 -216 -225 -237 -15 -175 136 -46 137 68 -176 -151 172 85 147 -144 53 -219 234 50 -172 -11 -79 -14 115 174 104 -163 181 -100 -206 48 92 52 197 74 217 64 62 69 143 -208 179 169 -249 -239 -73 9 -22 175 -152 113 207 89 -4 202 -68 -123 -241 -131 19 -155 -222 15 -107 -74 235 142 -96 -20 154 -134 132 -226 -69 -66 -124 199 -148 87 -221 -157 -29 229 216 -26 3 185 161 -115 -199 -190 26 -232 45 -247 17 -223 -88 110 -242 -156 -146 -78 -101 88 212 167 201 195 75 -43 165 193 60 -159 -214 1 -183 -106 -154 158 -217 171 221 157 241 55 168 186 -5 -150 28 -31 78 -19 159 -112 79 61 -138 -205 -83 13 144 -250 -36 209 -233 238 -110 166 -189 14 11 -125 208 -145 -9 -97 -42 224 -105 245 39 148 23 18 -109 -228 -117 204 -164 -92 -179 -108 135 -60 -27 -224 121 4 35 -229 90 -25 170 177 111 -40 37 203 -187 -86 -2 -98 -120 243 -186 -136 -240 191 -178 -90 -165 101 -129 -64 -113 -236 29 -227 218 108 -198 42 -8 -192 139 -63 118 -72 97 -230 -200 173 -52 -76 -160 116 -17 -94 223 -197 38 70 222 -23 153 -44 -48 -89 -235 30 107 71 226 219 -81 151 114 246 213 -12 -65 240 -162 -104 -215 236 125 -70 183 -193 228 230 -194 98 127 150 105 184 77 187 -93 -3 -45 -188 24 -37 84 249 46 -181 -16 -142 -57 34 164 -122 192 -170 -32 40 96 94 81 93 -87 76 237 -209 -6 -173 -212 134 -77 44 -180 -30 225 156 -28 247 91 -246 -114 -204 -149 242 -119 -158 -99 32 65 82 -245 -67 196 -127 43 20 155 -137 8 -133 6 126 178 -166 67 -39 -35 27 -128 123 131 130 -61 -244 66 244 -59 31 -248 47 25 -126 -103 112 -118 -202 -56 176 -130 220 -85 -167 -33 190 -220 152 21 198 -168 232 160 239 33 -218 180 102 -49 -84 -139 149 -95 109 -203 58 -171 -196 -169 -147 140 -102 206 103 -34 -53 124 83 95 73 -10 205 -210 36 22 59 231 0 -82 -58 -201 56 7 -191 10 -1 -55 194 122 141 248 -13 -24 41 -132 -75 -111 189 -234 16 80 163 -21 57 -177 215 -153 -243 2 -7 188 -185 -141 214 119 129 -51 -80 63 -41 162 128 99 49 210 133 -143 -135 54 100 72 -211 211 5 -184 -238 -50 233 200 -18 -54 117 120 -140 12 -121 -47 -62 146 -71 -195 -231 -116 -213 -182 106 
TEST 102 ARG:230 19 204 243 178 236 42 124 128 -66 -18 -51 196 156 -153 -9 7 -80 15 122 -227 180 -89 -100 210 21 -176 194 68 182 234 172 100 213 176 1 -248 -97 -19 224 -136 45 -146 177 41 -65 -205 129 -28 205 -42 -196 12 167 -168 -134 -35 -202 -192 108 125 228 93 171 -62 -132 -233 -110 -164 -55 -123 -217 206 58 -193 0 -230 -45 -162 -116 168 184 134 25 -239 -70 -141 163 91 66 -250 136 13 -56 -33 -232 -29 161 -143 -201 -121 -128 57 22 154 -93 -38 119 70 185 80 173 -37 -26 -94 -14 29 -222 75 -1 55 61 -99 -79 34 -229 -16 -237 -242 203 202 -238 -31 249 -83 59 -225 -182 -24 -127 78 146 217 -57 99 -74 -41 145 245 36 104 -64 -213 -71 -145 -140 -88 79 17 44 226 -2 -221 -25 197 53 174 -87 -171 -52 -23 -68 223 35 10 149 239 -105 43 38 -231 139 -4 9 -246 -84 248 -115 179 164 247 114 -44 -147 88 -183 244 37 220 49 -187 111 137 -219 -40 2 -137 -166 -142 -47 -195 232 98 209 -236 120 -150 -240 170 89 -58 147 -129 187 -82 153 -245 77 165 -67 -211 -13 -207 26 -218 -156 -48 -133 116 -73 -118 -138 157 84 225 -170 102 81 -81 62 -241 5 -191 -152 118 -184 101 -61 52 -60 87 -200 166 121 92 222 123 -175 106 -144 -91 28 -21 -206 -15 31 152 -95 -77 135 -59 211 160 -90 183 -85 -112 -76 132 141 127 199 -50 76 112 -204 -103 242 -149 -43 24 231 -154 -104 -234 50 229 -119 -11 -135 -108 130 186 175 47 -177 -22 48 107 -198 85 -214 212 -96 -49 -247 -210 67 216 -165 94 207 -17 -167 126 -208 -7 200 -106 -190 241 23 238 56 150 193 -181 -8 -92 -155 -98 96 -249 148 133 -5 -36 -226 -113 -27 -243 115 198 33 169 -199 191 3 -244 214 -194 -178 -160 11 215 63 -179 -180 227 -78 -122 144 -174 155 72 -53 82 117 -151 -30 64 -148 208 -189 83 -220 -10 -32 20 -172 158 -114 113 8 -69 -102 235 86 6 -54 -163 -185 -203 -124 -75 138 195 65 -169 -159 -228 73 32 -12 240 18 162 188 -216 -197 143 -117 39 219 -125 -72 90 -131 -212 246 69 233 -173 74 97 51 190 4 192 -111 -215 -63 -139 -46 -120 103 -109 221 54 140 -101 110 142 60 -209 -39 159 105 -20 -158 27 30 -223 16 95 151 71 40 218 109 -130 189 -235 201 -86 -126 -6 -224 -3 -157 -186 -161 131 -34 46 -107 -188 237 14 181 
TEST 103 ARG:167 10 -43 -171 -198 -45 216 128 48 -209 -89 218 228 65 130 -95 20 22 196 58 0 30 78 -8 -153 104 204 -236 161 198 -52 -78 -249 173 8 92 -59 209 -154 194 151 -163 -118 127 -87 223 212 -108 -21 11 235 47 -147 5 17 -208 25 169 246 148 -38 -155 -119 -126 146 -37 9 157 1 136 155 115 31 59 49 -180 143 -146 243 122 -134 -237 -7 -160 176 64 -17 -135 244 116 -103 -123 -42 164 -23 -80 -179 -205 -20 -33 126 53 -65 -19 165 230 -44 170 -9 -81 -170 -132 202 -202 185 141 152 -223 -6 -15 135 40 90 227 187 -219 57 142 225 -77 -187 29 234 -142 -12 -46 192 -58 222 -244 233 54 71 -128 -41 -74 86 206 -70 149 69 247 110 -29 213 83 -111 -130 -141 41 133 207 62 -133 72 158 208 -122 82 75 -66 -203 -156 4 188 19 224 199 197 -197 -199 -91 174 137 -35 240 -100 -246 -196 125 88 -88 182 -165 -186 -82 177 154 97 -86 -191 232 -206 45 -129 26 -76 28 61 -183 -193 -188 95 112 -50 -176 91 -194 -73 -26 -235 -157 -10 70 -250 -140 -185 -139 -27 60 -204 -22 214 -168 -64 -4 -178 210 226 -101 81 84 -228 32 66 -40 51 -68 -229 27 -61 23 -238 -224 139 -124 -60 12 120 249 -57 -211 63 89 -16 -53 -63 94 87 68 56 -109 211 221 6 -144 35 -169 -241 163 -102 -143 -221 114 -47 -207 74 13 -93 -233 -114 -159 245 67 36 -69 44 -127 -32 -62 -152 219 52 -28 -94 24 205 131 100 -30 -172 239 190 -13 -242 171 -195 33 179 55 -149 147 184 140 -150 -54 -220 -210 -217 -234 -71 -247 34 -212 180 37 -84 229 -231 -39 -175 96 -79 -240 -92 237 102 236 248 -190 -213 -11 181 -215 -2 107 16 -75 134 -151 -182 42 38 103 -113 -36 77 109 -115 -248 18 -121 -200 -99 200 144 -96 150 183 186 -83 43 -245 79 -162 -116 138 -56 -148 -1 217 -216 -105 193 -24 21 -243 98 -164 -177 39 123 99 -34 189 168 46 -55 -110 -239 -85 14 191 -97 241 -214 105 162 -3 7 -161 -18 -137 -158 -230 231 -31 -98 -5 118 159 -136 -222 -131 -184 -181 121 242 108 -117 15 203 175 -125 2 -226 238 73 85 -138 -232 -90 -120 3 -67 -218 -112 -227 153 -49 -25 -14 178 76 -104 -201 215 132 119 -173 50 -145 172 -106 -166 -174 117 129 220 -107 166 111 -192 93 -167 145 160 -48 -51 201 156 195 106 101 124 113 -72 80 -225 -189 
TEST 104 ARG:47 -145 -88 -142 46 1 -227 203 -212 -25 134 -128 -17 125 201 227 229 182 85 139 -211 130 27 -64 32 -243 -107 91 -149 -119 65 53 199 26 -164 -228 -97 -105 -13 78 44 -173 -104 176 235 -94 75 240 194 110 197 204 121 34 -238 -63 -250 -79 -140 115 71 140 -101 242 -139 39 -192 88 92 101 195 -78 127 -176 -111 221 -152 116 13 -136 -219 174 238 -58 6 233 219 22 100 9 -165 190 -168 -182 -246 -206 -214 62 3 -61 112 -249 -245 29 -222 -213 135 -135 154 -36 -10 -81 -174 162 232 -199 -163 -131 -244 -95 -224 -225 106 -115 40 68 -156 33 50 161 83 -40 147 73 -62 20 -161 -75 245 -202 -22 -20 177 67 111 136 17 -93 -247 193 -48 -54 183 57 52 -72 236 -117 54 11 -112 36 -110 -196 -147 -28 18 -201 -151 -184 56 103 241 -87 244 -57 -129 -56 66 -12 81 102 -134 -47 180 209 -226 -42 -70 104 122 142 -132 -181 -45 90 -68 113 -102 215 -177 -217 169 108 -32 -35 143 -239 14 153 51 -143 159 226 -66 132 59 79 198 213 164 -108 -146 -100 -44 72 -37 15 -52 -127 28 117 114 -231 -236 156 -209 172 196 48 202 -141 -191 224 -204 148 158 -41 43 126 129 58 -130 24 -183 64 -203 -120 5 96 61 -30 -9 -122 -133 -51 170 82 -138 -205 -114 70 -83 123 -158 168 220 167 181 -148 212 178 234 151 60 95 -159 -218 186 76 -85 214 -230 -11 230 -6 -170 -180 -15 119 -86 247 -80 -223 12 -59 -187 97 249 42 -90 -98 191 237 -109 63 228 131 -210 137 118 -185 189 21 -19 41 -125 185 120 30 -76 -23 -50 -65 -53 -154 -106 -150 49 -43 173 133 -160 10 93 69 144 -3 86 171 216 -55 -193 231 146 -89 -162 187 94 -179 -178 166 -34 149 157 -24 2 19 -220 -216 -103 -155 -74 -171 -195 -2 -7 -197 -82 246 -91 -8 -237 99 188 207 -123 84 243 7 184 74 107 128 -67 -69 -240 -49 -166 -121 -215 38 218 8 -60 163 -137 109 -144 -194 23 -26 217 141 -21 -46 192 -232 105 206 -241 -4 45 35 225 222 -169 -29 31 200 208 -16 -124 -71 138 -175 -190 -248 -27 -39 -198 -207 16 210 -31 155 -188 179 -77 77 205 165 -96 150 -33 -73 -157 -113 -118 0 4 -235 124 -116 -126 175 239 -233 25 -153 55 -167 -229 -92 -172 -242 -200 -18 87 152 -5 -234 223 -99 -1 -14 -186 89 -189 -221 248 160 37 211 -84 80 98 145 -208 -38 
TEST 105 ARG:133 112 -91 -140 -69 -230 -139 -207 146 -179 -53 166 -249 -240 117 45 170 -81 164 -205 -28 82 209 -154 -168 -17 -162 -103 107 58 122 19 126 -228 -25 160 41 106 -122 -157 -86 34 96 -234 -208 68 62 239 232 57 -201 235 142 191 -245 24 -68 -30 -143 -88 135 163 181 -65 243 226 173 83 -181 -43 66 115 25 242 -67 -117 61 -41 -225 -187 51 210 -12 94 64 -147 136 228 29 -35 118 90 119 -126 -20 55 -115 74 -165 -119 -151 -224 190 152 -133 -250 -26 -19 -189 -120 109 -14 -8 141 -77 238 -114 172 -144 -235 167 -59 197 230 20 88 -171 -9 -57 -48 217 -108 -45 249 187 28 27 -176 -218 -203 -61 43 134 156 84 -58 -4 -42 -198 53 171 -160 -10 16 -220 -169 -37 -32 175 0 121 182 -164 -212 -90 -55 159 -100 -172 -11 -193 111 -159 139 -146 -112 -110 -242 -107 -170 86 -227 -118 116 168 50 -33 -156 179 -102 -21 236 -29 -163 158 192 -1 215 78 140 113 65 6 -175 -44 -134 -177 177 35 -197 95 -96 -142 -23 -158 -3 101 -36 -50 -184 70 33 223 4 98 -84 151 -183 97 -6 -217 207 5 212 -191 162 199 47 92 214 44 -13 -148 -80 234 -38 -195 -153 -145 85 -185 240 63 -113 -111 31 7 -127 -66 52 195 -194 143 -49 -31 -24 216 198 99 -247 3 247 204 2 72 -56 208 -150 -132 -95 157 131 110 231 39 -232 -213 87 -248 -89 -60 -214 -155 -180 54 81 125 -106 185 -72 -16 -199 -204 -222 79 244 130 138 211 245 178 222 -93 -174 9 129 -123 38 150 17 193 30 40 -135 227 246 205 114 -244 169 100 18 201 102 -75 145 220 37 -7 176 -231 128 -54 22 -98 219 229 -243 -62 -78 21 -206 59 149 -215 105 -121 224 -109 73 161 124 67 12 147 -128 -210 155 26 -85 -241 186 -74 -22 -141 -79 -47 -246 -216 -39 -178 76 -161 -137 -192 144 -219 -237 108 -34 80 71 -130 -226 -238 -70 -27 -116 -209 -236 15 123 196 75 -211 154 8 -223 60 202 188 -229 -136 -99 -101 -5 174 132 153 241 189 -82 11 -239 -167 -200 1 36 137 -83 225 206 148 -94 32 -149 180 77 200 248 42 -196 -51 -221 218 -63 -15 89 120 194 -152 203 -40 -97 -138 237 93 -87 104 103 -131 -64 10 91 -173 -124 -105 183 -2 48 -125 165 -92 13 46 56 -46 -52 -104 23 -18 -129 -233 213 -76 127 14 -71 184 -166 69 -186 -73 221 233 -188 -202 -190 49 -182 
TEST 106 ARG:-43 -22 -121 13 -26 -247 -112 207 9 -198 -177 -94 -222 -32 105 -248 217 -241 -141 -210 68 -162 -129 45 -154 139 236 178 -206 187 119 88 2 72 121 59 -3 -110 -98 -149 206 -97 5 -67 -117 -180 237 77 -111 243 127 98 171 -96 -44 -20 -227 190 228 -87 -181 -23 -62 -199 -203 84 47 195 -229 100 -115 -124 93 -57 -208 22 82 144 -9 128 159 -195 -101 -8 -134 131 218 -48 97 242 -63 244 148 15 69 -83 -140 -34 -169 233 -75 234 -114 -204 -157 235 204 7 196 -77 -250 164 -184 30 -69 -31 -233 -187 -40 -242 39 17 31 199 222 -47 40 247 -82 -50 -29 18 -170 123 -145 96 42 65 -165 109 -39 188 158 75 -219 51 147 23 166 118 -159 181 176 3 249 71 81 232 185 -123 -172 32 -190 -68 104 150 -36 246 179 -106 -244 221 85 61 -46 -236 193 -91 167 198 231 -116 -64 102 -193 -41 -174 -38 35 -147 241 238 -238 1 157 145 -80 55 -17 -35 -150 216 -132 25 73 -30 165 -152 -126 143 36 211 227 37 -163 78 99 41 177 132 -86 -15 -232 -5 -28 -122 -16 -171 -223 66 -188 -45 223 111 -18 -235 248 -197 125 212 48 -81 -108 201 19 28 202 26 -209 -12 -42 87 -104 -216 -231 -107 229 205 -155 -151 -92 -146 213 -1 -127 94 -49 -221 12 -189 16 173 -66 -166 122 76 -125 0 63 -196 58 -243 106 142 -93 -120 208 79 153 -128 -186 50 230 126 138 141 -4 64 -71 180 -230 209 133 124 -214 245 -99 172 -85 160 156 -158 57 -201 -25 175 120 -173 -161 130 44 -218 239 -21 151 137 -226 -202 -65 -228 29 -225 183 -246 -135 -234 154 -70 4 -52 -176 -130 129 -79 -113 -178 -213 -143 -88 -239 191 224 -160 70 62 189 -7 -164 -137 -167 219 34 -59 149 174 91 197 -27 -51 -118 240 83 200 24 -192 152 115 226 -144 56 146 95 -237 -84 74 194 52 -61 220 53 27 168 86 14 10 215 -200 -6 101 -153 -133 -179 -100 -220 -185 -10 80 -138 89 170 155 -90 -245 116 -191 169 -217 11 214 -207 -148 -56 -55 67 134 -156 90 -73 -205 -194 -249 -136 -89 -183 -119 -224 210 -131 38 -14 -211 -24 -142 113 -182 -53 -19 -76 8 136 162 -11 6 -78 186 -139 -109 135 46 225 -74 163 21 -72 -102 117 108 -175 184 92 43 192 112 110 -60 182 -168 -212 60 203 161 -37 54 49 107 -2 -58 -54 -95 -105 33 -103 -33 114 -215 -240 103 140 -13 20 
TEST 107 ARG:107 11 -149 -142 129 128 25 -213 -128 176 -14 -66 -245 142 -134 193 208 -184 98 123 -51 -201 22 33 -162 -45 -227 151 -31 -156 -19 243 95 -18 90 -233 -165 -154 -244 124 -197 -249 242 100 127 -114 -183 -250 -188 -212 -37 59 167 45 54 219 -231 200 -57 174 -223 178 245 76 -28 15 197 48 -169 -206 -5 -173 196 -186 41 51 -20 212 -12 -61 158 -102 -164 216 -144 -167 -239 68 160 -143 77 86 195 161 -93 -174 96 -157 -126 -211 50 -242 201 -25 -94 30 49 168 12 125 165 -100 40 -80 65 -15 43 47 -216 191 7 -178 -78 -153 34 -10 204 194 -40 -112 239 79 122 -4 109 -60 126 229 -47 9 -113 32 -81 35 144 230 74 -163 64 -75 -175 102 101 -42 -133 -147 146 237 177 -237 69 -109 223 21 248 173 138 133 -95 -49 -189 94 131 120 37 -222 111 -208 6 241 -27 44 224 -236 -209 -39 -122 -191 82 -226 62 -74 -34 -127 -38 4 -1 -219 -2 -194 209 39 -199 103 -36 -139 -73 -138 -87 52 -116 -124 225 -136 235 153 -46 140 -214 -176 -9 -180 -230 115 -82 20 171 -89 -69 -217 -240 -160 -182 135 -190 -16 -205 83 232 -3 27 185 234 53 -106 -97 221 -96 -131 -48 170 215 154 233 187 -207 -148 179 -92 132 159 226 -83 240 189 155 -58 190 152 -248 -203 238 -11 -146 137 57 -192 -221 10 231 112 -151 63 182 -241 -247 206 -65 121 -84 -117 -54 56 -103 -196 -86 99 -185 211 -152 -107 246 -193 84 -111 199 149 227 180 217 -137 -77 -120 -145 -168 16 17 91 80 -238 -135 244 -110 -171 -210 141 8 81 114 -195 36 13 61 -159 67 -204 -52 0 -99 -33 71 -150 75 -68 157 -79 228 -56 -23 -215 -59 -76 150 -17 -235 198 42 -72 -232 213 147 108 -158 3 92 18 118 -44 166 73 -91 5 29 -132 -101 -225 -104 -64 203 -119 -125 -177 130 116 104 85 -50 -24 202 66 110 -67 156 -218 247 -198 220 -90 -22 -228 1 -71 -118 31 -55 205 117 19 172 113 60 -220 -121 26 58 222 139 207 169 -7 148 -155 -88 184 -41 38 -53 -130 163 -166 119 -35 -63 -85 -202 88 2 -115 -123 -32 23 183 210 -246 -224 -187 105 136 93 162 24 -62 14 181 72 -26 218 -8 28 -108 249 -181 -200 70 46 214 -30 -243 -140 -129 78 236 145 106 186 192 -234 -6 188 134 -21 -229 -141 -179 -161 -29 164 -105 -43 143 -98 175 -13 87 89 97 55 -172 -170 -70 
TEST 108 ARG:-185 -201 -177 17 227 183 184 -159 69 171 221 -187 -28 -158 64 -160 19 -199 217 126 -18 226 -153 245 -200 37 200 225 -99 249 223 56 -112 131 -168 -126 -46 83 -102 44 59 -148 -212 62 -107 145 -138 -64 -221 -141 99 11 65 -78 141 144 139 192 180 -155 222 -76 -194 -71 -11 68 244 -45 185 -127 67 -117 116 140 -119 -247 -233 -36 -8 -234 -151 124 108 -250 -224 -236 -35 -63 130 -59 -32 -227 229 -50 -240 6 -72 -218 -3 -245 -192 -124 149 -161 76 190 -142 230 -30 123 -238 188 242 -249 -98 -12 182 119 -178 -242 -180 88 -91 -176 157 3 -189 240 -106 161 -225 -203 -6 81 -17 -132 74 103 220 2 -67 -144 58 55 -243 -171 167 -20 102 111 153 232 -114 166 61 -15 208 72 46 -139 -21 168 236 -37 -186 18 -217 -42 7 -131 -172 216 -103 20 4 165 -13 207 -85 -237 -179 -123 -202 105 187 15 -188 30 -1 -110 -69 -54 36 50 -170 -93 23 175 94 -111 -136 -61 -105 -184 113 181 142 -239 231 -9 -108 73 122 164 -79 -60 -175 -62 53 214 31 -52 63 -214 -206 241 -143 -231 -39 202 -77 -228 32 -129 -121 205 -47 -94 -7 162 -165 -215 -88 -74 -100 -84 93 -44 137 199 -191 -26 -204 47 198 107 -232 -140 -43 132 -70 213 158 109 -181 128 -92 247 -51 170 133 -152 -73 80 -216 159 -207 9 -147 178 -34 154 -5 -29 -223 -157 -146 -241 117 238 176 233 -56 210 8 -220 -128 98 146 -95 -162 -150 196 -16 10 156 -133 -82 101 -86 -19 120 -246 228 -154 206 186 -205 106 26 138 197 49 -164 25 100 38 -97 54 151 -118 118 215 -75 129 -210 -125 -196 77 82 -195 -38 13 160 -109 -49 57 95 51 239 201 78 174 224 -183 136 163 35 21 121 90 195 -213 -173 152 -41 -208 155 212 -104 -166 16 115 147 -65 211 -145 -222 -193 -96 -89 41 -134 28 5 177 203 -48 114 34 -244 -40 -57 70 -10 -137 -55 40 -14 87 237 92 -83 -197 96 -90 -211 246 248 -167 143 243 -4 -25 39 24 1 -174 173 -81 189 -22 33 169 -113 0 97 66 -101 60 -68 -235 -149 75 91 150 -190 84 -31 194 204 -219 -58 112 -116 -209 125 -24 14 179 110 135 43 -230 71 -53 27 -182 -2 134 -120 -156 -27 -169 -229 193 148 -66 86 -115 12 -80 22 -198 234 52 172 -135 -33 -248 219 104 -226 45 42 79 209 48 -163 29 -130 -87 85 127 218 -23 191 89 235 -122 
TEST 109 ARG:-12 -115 109 -224 -85 -152 -177 -30 57 95 -1 -165 52 -18 -31 138 122 -190 12 61 -223 -215 99 189 -128 -108 -39 -248 106 -198 -5 -44 -15 -189 54 -48 127 -59 198 -22 -42 80 156 -101 219 -90 -100 212 103 -21 -61 194 184 27 -242 -235 -139 190 157 -174 227 126 -88 -82 155 -17 -111 -221 34 237 -158 18 33 191 -20 179 -65 -72 108 233 92 139 -117 67 -4 -41 -219 -226 -185 -184 -209 245 -34 -134 -26 16 125 -27 129 -137 120 165 114 111 -196 -194 -129 -98 10 22 -93 -214 154 -32 -57 -238 65 -246 136 147 -203 118 -89 -43 137 -33 -130 140 15 231 -106 -218 -86 107 -159 164 -95 232 -133 21 -10 148 -250 42 241 246 -29 -195 -241 193 215 -199 -84 -73 -118 -116 -36 167 -157 200 31 -96 143 -76 -46 -138 -171 -113 178 249 94 20 116 128 43 -50 -123 -66 175 -191 -103 226 -121 -40 234 214 32 218 -9 -172 -92 132 75 82 71 -35 -6 177 -2 -225 91 239 183 -220 197 -144 56 187 124 -94 -124 186 85 -193 -151 -222 -148 121 44 -169 -107 112 -110 36 244 -37 -192 -176 173 -28 -62 102 142 93 14 -11 -77 97 1 119 131 -167 -212 151 50 -24 41 60 -7 -183 176 89 153 160 192 86 -149 -80 134 221 236 -160 146 159 195 -162 -3 58 46 98 96 -83 -45 220 -227 -135 196 -178 -228 -127 -187 -14 145 203 -126 171 -156 -237 224 24 90 -102 30 3 101 59 8 -141 235 76 11 213 174 158 -140 170 84 -234 -122 182 -166 -19 -240 -204 -239 -97 230 40 -8 79 4 -23 229 -180 25 -243 217 0 -143 -232 -217 -197 48 64 -75 201 243 -173 17 78 -51 -207 169 100 35 -216 -163 -49 68 205 238 72 -87 247 53 -181 -125 -136 -70 -71 -186 -150 -132 66 87 -78 199 -230 133 209 -91 -142 26 -206 29 135 -53 -69 88 211 -74 -79 -47 -211 123 -112 180 -109 -52 -161 -55 185 -64 -236 -131 -208 -120 166 -16 -249 163 -105 -38 -147 104 -202 144 -164 28 228 -245 168 69 -68 -63 -244 73 -99 208 -170 130 62 113 23 210 172 -104 63 248 -213 117 55 83 -175 9 -81 -247 188 70 149 -56 -54 202 -25 207 152 6 19 216 -233 37 -155 13 -201 38 -179 -58 -13 161 206 -146 162 -119 51 74 -231 7 110 -200 -154 39 5 223 115 240 181 -229 -145 45 -188 81 -60 -210 141 -182 -153 -67 47 204 150 242 2 49 -114 225 222 -168 -205 105 77 
TEST 110 ARG:161 23 -63 -116 196 191 -219 -172 -68 215 181 78 -96 235 -232 -143 244 -203 234 -240 155 231 11 248 93 12 37 -16 -139 -113 -206 -60 -149 205 135 112 -195 -81 -173 32 225 26 71 197 -85 43 237 -42 -103 141 95 150 -234 6 208 129 59 212 115 194 -222 180 70 -90 -33 -97 214 65 242 238 -155 97 -126 -131 -44 -122 40 -196 -189 146 113 22 13 152 -209 18 -25 -228 -67 10 27 -205 5 193 -79 -41 218 62 -15 -72 -65 -215 -142 -156 91 165 -250 -14 -30 45 17 216 -121 89 -152 -20 -125 19 124 -207 -61 66 99 143 48 -92 -17 140 -101 104 -57 211 0 -193 117 -147 -46 -102 -137 186 159 -130 -214 -186 -48 -95 -82 179 57 -157 -71 -174 192 -246 67 -2 111 247 -5 -29 227 160 207 76 51 203 -128 75 -148 236 147 -194 -233 -210 149 74 -4 -94 -133 7 199 151 209 -6 -249 30 -38 -204 123 200 36 -118 -200 -55 -76 -36 -188 -74 122 -164 68 142 120 72 195 101 -23 -132 145 -51 -123 94 137 -112 -70 79 224 -190 188 172 24 -18 -201 -21 -231 44 -146 106 114 -111 169 230 -93 229 46 -39 163 162 -208 -53 -187 -192 138 -151 -245 126 202 102 -220 -140 -120 34 -223 221 -217 -163 107 -230 -162 -1 -49 -138 168 182 69 -106 -115 206 81 -26 3 174 121 175 61 49 110 -10 8 -141 -28 240 -226 60 -45 -212 -171 42 -183 -198 -168 -3 228 167 96 -89 87 -75 -13 187 108 -247 -117 -66 -160 -244 77 86 173 90 41 -73 -107 -58 -24 -235 -7 15 -154 -135 63 -114 -99 -22 -64 -34 -165 134 -236 100 21 -161 154 183 223 92 58 -31 171 29 73 -243 -43 233 -108 185 -221 -37 -225 -158 -98 52 219 39 -35 -119 204 -110 -248 119 158 -88 -175 184 222 -56 -211 132 28 -8 -199 -87 83 164 56 4 54 170 64 -191 -182 -180 -105 -52 -127 -227 -177 -178 -124 82 -32 243 88 -242 -176 -237 55 -170 38 -241 213 189 -86 144 9 -104 -202 84 125 -40 -224 35 -50 103 -150 80 -239 136 -11 190 210 -12 -144 153 -167 127 -129 -80 -62 -184 -179 109 -69 -185 16 33 -166 246 -153 14 241 -136 -54 226 -84 156 20 -213 1 -27 178 148 166 -229 249 220 116 -218 201 50 -19 31 118 -78 245 128 131 139 -100 -216 -91 85 217 105 177 130 198 -197 -59 -145 176 -181 98 133 -238 239 -83 -109 47 25 -159 -9 -77 232 53 -47 2 157 -134 -169 
TEST 111 ARG:79 -174 117 -196 22 18 -58 37 246 35 -225 15 121 197 -126 0 -197 -221 103 -110 -52 -170 101 -1 -116 124 -222 -143 -139 -185 -167 -28 -159 -200 -70 245 -224 196 -66 177 129 -80 237 -137 -127 -157 239 -169 135 -107 -158 165 -233 92 111 39 -129 38 107 214 198 61 191 -2 55 -214 155 234 114 -202 -9 -226 -171 -38 -141 131 174 110 -7 -172 -173 162 -87 59 -237 170 134 -85 -140 -98 -88 221 -62 -112 63 -138 3 -191 156 46 133 17 -217 68 -239 140 76 168 194 161 -195 206 23 219 208 -86 87 -201 152 -4 159 -60 -152 -186 -6 -124 9 -153 181 113 -131 -232 -94 53 148 -96 163 -114 -81 -45 201 -29 179 -23 -78 85 58 -39 -47 182 209 204 -123 106 52 -25 -246 153 184 -250 64 83 34 143 217 -65 -227 71 173 -205 -18 21 19 -240 139 203 248 224 47 7 42 -5 175 100 212 -21 -234 104 -207 -8 158 228 118 216 -36 167 -35 226 -181 172 -230 -180 -103 43 14 238 20 -249 243 31 -182 132 98 88 -3 -61 -241 -64 44 -14 227 50 211 -55 105 176 -51 69 -148 10 -91 -83 -92 -73 112 -151 45 223 12 166 -160 82 -190 26 -77 -199 91 -13 232 115 -109 -34 171 220 74 -156 142 -150 54 -63 -105 -20 -188 109 190 -46 -228 -248 -106 65 24 -104 -111 -50 144 -24 188 -147 147 -56 141 -108 73 -32 -128 -165 236 -118 -44 187 149 130 -37 116 -115 -245 241 -84 48 -10 146 -69 120 -17 -93 -75 157 123 195 150 -177 -97 -135 16 199 56 229 218 169 186 192 -74 247 75 -209 32 -48 -120 41 -59 231 -100 102 -216 154 -189 244 6 151 -243 40 62 225 -79 70 -133 -142 89 -82 -99 84 189 230 240 -119 97 242 99 -168 164 -244 -223 -229 -144 11 128 90 -41 78 -136 -31 233 180 4 222 51 -15 126 -22 -212 -154 -161 -238 -183 -40 81 5 -187 145 -27 27 25 -49 -179 72 210 57 185 13 -117 249 -194 80 119 -235 205 200 -184 -164 -33 -95 -43 -219 -121 36 -132 -53 -206 -146 -218 127 95 235 -89 -155 -149 -76 -54 -204 29 -198 96 160 -208 67 -67 -242 -26 -101 -231 -16 213 -193 -72 -68 30 66 -176 193 86 49 -125 215 -247 8 108 2 136 178 -178 -11 -162 -236 -215 -30 -134 -166 -145 -203 -220 122 -210 202 -130 183 207 138 125 -213 28 -71 -163 -102 77 -12 -175 94 -192 137 -19 93 -42 -211 -122 -90 -113 -57 1 33 60 
TEST 112 ARG:205 -217 59 -175 12 -14 192 210 20 150 44 26 34 55 40 -211 -53 163 -207 80 -8 -97 -163 -121 106 -234 -21 22 -64 -231 159 -204 102 -144 203 145 185 -103 89 -138 -174 -151 1 107 -72 35 95 -139 -59 72 29 -44 156 -242 48 66 -177 -233 126 -50 -78 17 -187 -6 14 -122 -47 -28 109 6 19 -173 -40 -214 177 124 68 41 158 161 -127 -113 -118 244 133 -99 -186 -107 93 171 -192 -34 -182 -66 202 3 92 -49 128 -79 62 230 143 86 168 -12 85 136 -140 -193 211 196 52 -67 0 194 57 -95 99 -243 166 157 56 97 131 -196 73 -125 225 -108 -210 169 137 76 33 -83 -75 112 -212 -88 207 -166 -197 186 79 -19 -235 130 -240 198 -147 -184 -198 96 81 -10 -80 -218 30 151 -3 209 216 175 239 -55 -149 -216 -48 -36 214 173 148 -238 -219 231 237 134 9 110 167 90 235 -221 -112 247 -172 170 -189 -110 -1 77 69 -25 188 -90 141 75 10 -191 -205 61 165 -60 -65 -152 -239 -84 -230 -136 245 183 101 -195 49 248 91 -9 37 -120 94 164 217 -76 226 249 -213 47 -249 7 -82 -170 84 108 -247 236 -190 -224 -61 -4 -236 153 -226 -188 42 -102 -2 129 -130 -101 -106 -89 240 104 53 2 140 -58 -96 228 215 -17 204 181 190 119 -114 120 -208 -42 -29 -150 -31 -30 191 -157 -176 224 -33 -18 4 -109 -232 222 114 -241 200 71 -98 115 -115 32 219 -245 -5 -248 233 -181 123 127 -63 -126 -199 174 15 -141 242 -201 28 154 -145 160 -179 -185 -246 201 193 60 63 -51 149 139 -70 -158 -215 206 -148 -57 -38 -167 135 180 172 179 -132 -169 25 195 -26 -129 23 199 21 51 182 54 -37 -250 144 -24 -105 178 -228 82 24 142 -116 -45 -123 -168 -223 197 -124 229 43 -180 -183 58 -85 -155 -32 -133 -119 -91 -203 -153 116 243 234 -35 -15 227 238 146 208 -93 125 16 -74 -161 -143 152 232 -202 67 -222 117 -171 78 184 -22 221 -71 220 223 -160 -165 189 -94 113 -135 -68 -164 100 88 -20 74 -77 98 111 -194 246 -16 46 -86 218 -142 -154 -229 8 -244 31 -87 -200 -69 70 -56 147 5 18 -62 -41 -104 -117 -206 11 103 -156 121 65 176 -23 -73 -111 -52 50 162 -27 118 83 -39 -92 -54 -11 -100 45 -43 138 -46 -131 187 -128 212 39 36 -209 -159 64 -220 27 -237 -225 13 -7 122 -13 132 241 -134 -227 38 87 105 -178 -146 155 -137 -81 -162 213 
TEST 113 ARG:109 -82 -207 -223 -24 231 -102 -169 235 180 46 170 -88 181 232 75 -172 152 -73 172 212 -159 -194 -174 -80 189 2 -41 -16 -175 221 95 207 -173 233 148 -120 -245 200 -39 -140 54 58 157 30 10 14 -83 205 -3 38 -104 -87 105 43 -191 -141 -228 210 124 13 86 -13 -93 -167 -163 223 211 218 -40 15 230 -219 173 36 -30 108 83 110 216 -98 122 195 -57 -115 -134 5 217 -202 202 -166 -187 178 198 165 -23 -158 -79 64 -95 -86 -250 -135 50 -189 74 154 174 -154 52 -28 40 -77 -70 73 226 8 163 -184 -188 -150 -64 -50 179 228 82 -156 -240 -1 131 76 -233 113 142 -232 -55 246 139 37 7 -84 -6 -164 128 176 214 -130 101 225 133 -132 167 140 34 -193 100 49 -62 -230 -67 184 -234 197 -26 -152 -81 32 -129 196 -119 -125 -65 104 53 -248 87 238 -211 185 -20 -49 -17 -190 168 -27 -181 -101 183 -78 -131 -53 248 -85 -183 -61 -12 -238 70 -146 206 51 -176 -97 -122 -113 245 -14 4 22 85 -25 106 111 -208 135 68 247 -105 -35 -196 55 115 -136 -216 -212 158 -205 -9 19 88 -72 118 57 -137 -114 -7 229 35 -157 -218 -59 84 3 -74 69 18 -118 -2 1 125 25 240 138 59 89 -96 61 0 -185 -203 98 144 -168 60 121 -66 145 -123 116 242 -42 -180 -54 -45 45 188 -235 -179 81 -8 -107 -247 -46 160 -109 249 -117 9 44 -5 -15 -76 130 -18 -89 -10 187 77 -51 65 -116 96 164 -199 155 -22 -111 90 -210 -143 -92 97 -71 -198 -224 -220 -177 -36 -236 219 -227 -217 94 244 -244 182 66 129 149 -68 102 162 -21 -192 -215 -100 -206 146 222 -43 -144 -165 11 236 -222 190 -195 -148 166 28 -204 159 119 67 -32 169 -171 132 -225 -242 -182 241 -229 -19 -4 161 213 -226 143 -145 -33 -52 117 -151 114 -63 -48 -139 72 39 -126 20 107 -108 103 -149 192 -239 199 120 -11 234 208 -155 -178 224 -103 80 92 194 204 -75 -91 16 62 63 171 79 29 47 -34 -147 156 71 -133 56 6 141 220 -209 -161 -170 33 -110 127 -60 239 112 -47 42 78 -90 -128 -56 23 -94 -162 93 -37 -241 -221 209 134 -201 21 151 48 136 41 -106 -121 -44 -231 137 -200 27 -214 -69 -29 201 -237 -124 186 150 -249 -112 191 237 26 147 126 31 -99 175 17 -58 203 243 227 -142 -38 -153 -31 99 12 24 -160 123 -138 91 -127 -243 153 193 -213 -197 215 -186 177 -246 
TEST 114 ARG:164 220 -89 -39 -41 -158 16 9 -131 27 182 -185 240 -191 -142 33 -247 -174 -34 108 -148 48 -4 -192 -236 238 85 173 -70 -155 -38 159 200 -214 44 204 75 32 193 -93 97 184 -235 -76 -22 138 -201 25 18 137 -173 -177 -243 43 -224 19 156 -74 -50 105 -25 -138 228 -14 -108 -60 162 197 49 41 39 -29 -10 93 -171 -107 -53 -69 -20 -205 -169 64 -110 -3 82 -166 106 -172 8 101 35 -72 246 179 -5 103 114 83 17 154 -208 -238 110 13 214 28 6 76 -51 -223 -87 -78 206 40 215 130 146 -249 139 152 -183 212 230 118 -8 245 244 -112 69 -115 136 157 -145 65 209 -55 -165 241 54 -119 -71 -182 -11 142 63 126 219 42 151 -84 -77 -137 140 -241 192 70 -226 218 90 -31 -56 185 134 120 166 177 -117 169 29 -54 30 -150 -229 67 -44 234 -175 98 -141 -15 -216 153 -186 -239 242 217 -244 128 -17 135 115 -228 -85 181 183 -13 -116 80 12 -181 -12 53 116 194 195 -144 -59 107 62 155 0 186 -23 50 -212 14 -230 205 109 202 -92 -105 236 235 -109 129 -24 94 -207 -215 -240 74 -190 -161 -152 34 -28 -146 -234 172 -97 -176 -134 -202 -30 1 -153 45 -99 22 -129 -189 229 -49 223 148 189 7 243 -68 -121 199 226 -194 -101 -123 68 222 198 89 -248 133 -125 -147 15 180 125 171 232 55 -242 -21 -219 -163 26 -103 -213 -132 5 95 -61 -120 -57 -62 -114 -136 46 -98 -250 150 -33 -32 -48 -206 158 147 -67 207 -184 -64 84 -162 -126 -124 124 132 221 59 -221 187 -88 -157 -246 92 170 -6 -160 -118 37 -45 -140 21 -47 -42 227 216 -217 -196 -180 -197 79 -65 60 149 201 -211 113 -164 88 122 -156 86 -220 117 196 91 102 119 -90 -128 211 81 112 190 23 -135 -79 10 72 -63 66 -95 24 -80 58 -1 104 174 -159 -151 56 -209 131 -113 -102 -122 -127 11 -19 127 47 99 233 -204 141 -58 77 -94 -139 248 -231 -218 -86 3 -237 -178 -18 121 31 239 57 -133 -232 -91 -100 -111 210 -73 111 -46 -35 144 161 -199 20 -225 -37 61 71 176 73 -170 96 87 160 213 -149 191 51 224 -210 -233 208 38 -227 188 -36 -168 203 -188 -9 -187 -198 36 -52 -130 -26 225 2 100 -7 -104 -195 163 167 -143 -200 -83 -106 -193 175 78 231 52 165 -2 -245 -96 237 4 -75 -154 -27 123 -82 168 -167 -203 143 247 -81 249 -16 -40 -179 -66 -222 178 -43 145 
TEST 115 ARG:131 57 146 -161 -138 93 69 132 -7 -52 -78 194 -96 -58 189 77 -186 116 123 8 -19 -212 76 -213 68 130 -68 -13 228 122 -158 43 72 -167 177 24 -107 2 159 -220 171 19 -20 -193 52 191 100 -203 6 27 -85 53 -189 109 9 -211 -125 -225 -33 136 1 -124 -24 91 -41 214 71 221 186 208 -176 -100 35 -89 -74 -215 -82 -86 120 181 -116 -106 118 83 -11 32 247 147 -40 51 63 -174 107 103 -71 -224 -95 -122 -47 -63 -238 -154 162 -8 92 173 -60 -150 -230 -64 197 179 -206 223 111 -70 166 88 190 34 -249 209 -126 84 3 -160 -240 -179 137 -75 -94 -35 90 96 41 -197 -159 -139 -145 213 230 180 39 199 125 234 241 31 -111 -191 -175 -214 240 -113 -234 -207 205 10 -27 21 129 182 -208 -152 28 -42 151 -81 -26 -77 -196 89 -123 113 248 -102 81 -205 216 0 48 -181 22 -151 -134 67 192 -235 -165 -65 -39 231 158 59 -229 157 183 -12 127 -136 -153 106 236 185 -247 -112 -34 242 -177 -231 156 -190 224 160 152 -1 -223 -14 227 204 -146 50 -17 203 62 -217 -246 169 141 -117 -201 -244 -32 95 198 -121 155 -209 193 -5 237 -104 -90 47 -200 110 -135 -72 55 -242 -149 170 -51 143 -99 23 175 243 -218 -48 -10 -55 226 56 -67 238 -97 135 -50 -80 -169 58 -91 -31 207 168 80 4 -98 -109 -184 -76 184 40 -128 16 -180 176 -101 74 239 -228 37 33 -92 -162 75 13 -88 -195 -140 78 -155 -239 -53 -108 -137 -9 108 126 142 -173 -178 -93 64 -118 14 -4 -57 -114 150 164 -164 -36 -188 -141 -44 49 70 54 -185 -156 229 -168 -183 -219 195 -61 246 -232 -236 -172 -129 133 104 -187 210 -216 -157 45 202 105 -56 -6 165 217 -66 11 15 218 -54 86 144 145 66 -198 245 172 211 -115 46 7 94 -227 167 -38 61 -148 -163 29 -69 -166 -171 -143 -110 138 73 101 212 -73 18 -202 -45 85 -133 232 5 -204 79 -49 -243 -210 -62 82 -46 174 -87 -29 -25 -120 -241 12 -23 188 -83 -222 -79 163 134 178 117 196 128 26 201 215 187 -248 -192 -119 99 -245 233 -132 17 206 38 -105 119 -221 219 -130 -84 65 -131 222 -147 235 -170 -2 149 -127 112 -22 44 97 -194 -182 148 121 -144 -43 -15 225 30 -233 -226 20 115 -142 -37 -59 102 60 -21 124 87 -237 25 244 -103 42 114 -30 -199 -3 153 -28 200 -16 140 -250 220 36 154 139 161 -18 249 98 
TEST 116 ARG:-97 -233 44 30 148 157 231 33 -130 -166 -38 45 197 -157 118 238 140 117 209 -114 40 12 -180 115 170 -82 230 7 -113 -6 203 -192 -215 68 69 99 -27 -208 -66 180 -248 -161 -92 9 -247 111 119 196 15 64 -5 -28 -218 56 -57 -109 -98 -240 138 130 -136 202 -24 -213 -194 -182 -231 -21 2 123 -202 82 154 -87 -138 -60 24 -65 81 -107 204 219 145 21 -216 97 -90 -62 159 234 -170 -120 212 193 178 94 -167 160 67 246 -225 77 -219 75 -186 80 -220 188 93 -172 122 228 3 29 -34 -198 206 242 176 -209 -226 198 -58 84 50 113 105 -250 -43 47 -79 135 32 -144 74 -146 -102 165 -153 134 158 -200 -76 -143 -227 -181 -73 -148 -205 149 53 127 37 -69 153 38 181 102 182 51 -196 167 172 201 -42 -12 155 -169 174 175 -210 -175 -131 72 -80 -48 -142 221 124 -132 -9 -11 92 36 -50 -26 -106 190 -103 243 -190 233 213 -129 -224 -195 142 -1 183 248 -197 95 -164 -154 -111 -88 -78 -15 14 -115 -174 -203 78 104 -176 -137 16 -104 10 -201 109 -22 220 57 163 -81 205 184 58 -93 -155 -177 -147 -121 -230 91 -214 25 192 150 162 -91 108 60 76 224 87 -89 22 -122 -239 55 -99 229 -105 -158 13 -139 -20 59 -221 194 86 247 210 125 -163 -212 49 -127 -86 215 -242 -228 -41 -193 26 -245 -207 34 -75 -184 -95 -178 217 -189 128 166 137 -71 -63 226 161 -187 200 -59 -126 -108 -237 -83 136 -53 236 225 1 227 110 -17 132 -135 151 -8 23 62 241 -179 -125 -3 0 -204 -51 -19 -133 235 191 -39 -67 139 -33 187 6 -162 65 -23 -249 -36 98 -234 90 216 237 -149 -159 -25 114 189 -140 88 -206 195 126 240 121 -185 17 120 -244 -124 -31 103 48 -117 222 -13 211 61 116 -223 -10 4 -70 141 -151 -141 -112 41 218 -191 -44 232 11 -40 -35 -85 20 -235 107 171 -77 -110 186 -246 -211 169 83 -7 19 -37 249 -168 -145 -173 -64 199 -56 -118 131 63 207 -217 129 -236 112 164 173 -100 -54 -84 156 143 -96 133 -199 54 -45 214 -47 -188 208 -46 5 79 35 -152 73 185 28 -171 179 -49 43 85 146 -229 18 66 -68 244 -222 -243 177 52 70 -74 245 8 46 31 42 -134 -156 152 -94 89 -116 -150 101 239 27 -72 -232 -238 -29 -119 100 -32 -241 -2 39 -123 147 144 -101 -18 -14 71 -16 -160 223 -128 -165 -61 -4 -183 168 -55 96 -30 -52 106 
TEST 117 ARG:-190 -105 -149 -31 -201 117 -218 -233 103 -171 196 -24 -21 -2 -84 -64 -81 3 -106 -90 221 -135 -175 -70 -121 -38 184 -125 -210 -152 138 143 96 140 235 131 -225 -97 -244 237 210 224 77 200 22 55 185 -83 -200 100 26 163 10 -131 160 40 -58 -204 -173 -104 59 -69 246 116 -207 -172 -202 13 21 157 218 41 -10 31 -65 -46 230 169 -119 -182 111 -67 -126 191 -143 -232 136 187 -73 -187 94 -199 -154 -194 128 32 80 -145 -176 177 -132 194 -118 61 -230 238 -95 71 8 227 189 68 6 -29 188 -23 -37 -150 -162 236 101 93 249 124 -35 -18 -91 -157 -53 -241 -226 153 -116 -165 64 129 -129 -63 190 -214 -56 12 155 -188 -4 27 232 -184 -94 145 167 -40 -76 110 -141 -110 -103 -174 84 -9 -11 82 -20 -57 207 -100 -102 -47 -60 69 146 159 245 91 90 -22 180 192 166 99 -238 134 -111 -221 149 83 113 -36 -133 215 -212 197 58 42 -114 -107 -5 74 -134 -146 -87 -138 -142 211 -170 109 -166 4 28 -14 -78 -12 11 -167 67 220 -164 -112 -219 79 -45 -193 108 -82 33 -237 165 63 161 127 48 -74 -27 231 120 -25 -148 112 152 1 -248 43 -42 -168 106 122 -139 154 -239 -224 115 -108 36 20 65 199 242 -93 2 151 -228 105 -181 123 147 53 -186 -198 -50 75 -41 -220 -44 54 -206 121 -159 -13 -123 -137 -96 216 -89 195 -231 226 -8 -99 141 -127 -192 162 -109 -80 7 148 86 -59 -155 213 29 -136 70 -185 -39 -240 119 175 -61 144 -7 222 -144 -156 15 -216 198 46 -75 114 -234 -215 -235 -117 37 208 -1 76 -208 125 158 107 44 -196 133 -115 174 -222 -52 45 248 -247 171 -169 -189 132 179 137 87 186 -120 -178 62 -77 201 -122 178 92 -242 118 206 -205 98 -151 50 -19 247 130 -160 135 18 102 -71 -124 85 -98 241 51 -48 182 -140 9 52 89 56 66 -88 78 -66 -180 38 -62 223 -211 -183 -26 -113 95 -197 47 0 30 -28 219 17 72 -3 -92 -217 -243 193 225 -16 -213 156 -128 202 205 228 -245 176 19 -15 209 -203 243 -30 126 173 -158 168 34 -68 14 35 214 204 -51 5 23 -85 164 183 49 -177 -86 -79 -236 142 170 -101 -249 229 -246 239 39 16 -161 -147 -17 81 104 233 -179 -229 -34 -54 24 57 217 -43 73 244 -250 -153 -32 -6 -55 -33 -130 -49 234 181 -72 150 25 88 -195 -209 172 203 -227 240 -163 -223 97 212 60 139 -191 
TEST 118 ARG:98 -80 -35 -148 -233 -188 -89 -240 106 -209 -87 11 25 -52 -27 185 -22 -11 -126 -5 -39 211 -30 -227 -67 51 213 -59 -160 110 143 -9 128 71 176 -154 120 32 56 55 -133 102 -19 35 103 -122 -182 7 -196 -164 -229 -248 -166 -241 -92 12 -105 243 223 -232 -218 -2 -135 -155 -64 -242 -236 100 -145 -50 26 90 196 6 118 -60 -25 -231 105 108 -223 0 -171 36 46 70 240 -51 -10 160 -134 227 -48 28 187 201 119 -99 62 -119 -243 -214 41 -216 75 -139 -8 -1 -36 -189 -140 -112 -244 -180 -162 3 -45 198 21 -211 107 -204 229 129 244 101 -147 45 155 -21 -142 226 57 147 -16 -65 88 58 149 -44 -225 -47 111 -170 214 -102 65 89 -17 221 -246 97 -136 180 -4 150 151 139 -73 165 84 231 137 216 -173 222 209 241 236 -149 124 135 -178 -245 238 4 249 199 -237 204 -123 -107 18 -151 -118 -217 -117 146 181 40 -109 -176 -91 17 9 61 -94 -193 104 -49 34 169 161 148 -132 -114 76 39 208 -34 -130 141 162 -129 117 -15 -163 -215 -208 193 43 -192 79 -23 -146 192 188 200 -247 158 136 -100 -95 73 175 -220 220 113 -249 54 125 -194 -66 -41 166 242 33 -141 -184 -98 -159 197 2 152 -167 47 22 -7 210 -113 133 173 52 24 29 -26 144 64 60 -124 217 -239 186 -69 224 82 72 -77 -32 -58 179 239 -120 134 -226 -175 -93 -157 126 -203 -42 -177 145 -198 232 19 -197 121 -235 -169 -75 -137 -138 -37 132 37 -55 -97 5 -12 212 -150 -61 -29 -202 131 246 -85 86 27 -33 15 59 194 233 -230 174 -212 -83 184 191 115 157 16 -54 67 -125 -250 122 219 -88 -221 -183 -82 112 -205 -200 -38 -28 -195 207 -57 -74 -199 77 -172 38 85 23 -161 189 138 177 130 -81 -116 -68 -86 -121 69 182 234 74 159 -111 14 -106 -96 156 -79 -13 237 -191 205 245 154 218 95 -185 81 215 -201 30 20 96 -207 -20 -144 -127 230 142 1 -158 -187 -108 178 91 -6 203 202 -76 -238 13 -101 -14 247 -228 -153 -143 -115 -31 -128 225 8 -40 -104 78 -168 171 -71 -43 -206 228 87 235 -234 -179 167 53 99 170 -24 -213 -181 -186 -224 42 94 172 127 -190 -63 168 114 83 190 49 48 -72 248 80 -53 116 109 -46 66 -219 -62 195 -210 -110 -18 -156 -78 -84 93 206 140 -70 183 -152 -90 -3 68 -131 -56 63 50 -222 153 44 -174 123 31 163 92 10 164 -165 -103 
TEST 119 ARG:-245 -31 136 -54 52 220 160 -57 -80 209 -210 -55 -162 161 184 69 207 235 -103 -37 -3 -133 -163 -89 100 74 -174 206 16 -60 -191 -65 121 35 81 149 71 39 -77 -48 87 56 150 -56 249 -249 192 -22 212 -152 -150 -19 -146 -238 127 77 -13 50 -173 54 26 -183 162 -248 228 -58 -97 -124 -197 99 248 32 3 93 -169 -242 -140 18 -126 -127 186 45 172 75 -220 47 -233 -78 -90 -4 -241 116 -29 119 151 -24 196 -115 111 201 -123 -112 -164 -158 -167 -155 135 -63 -182 -17 -236 -228 -148 189 140 -195 -247 -192 28 -110 -139 169 -38 216 -206 245 9 232 97 166 57 183 -187 205 -159 244 -69 139 242 117 170 -172 34 -30 -176 156 -99 229 -218 137 233 -85 -213 -136 -18 -199 6 223 168 -200 55 247 177 -196 30 123 -93 -105 -129 33 112 49 -244 -11 -21 -149 178 -137 155 114 -47 191 -118 -211 -121 36 239 -223 -231 -86 -229 -59 -50 -82 -170 143 -157 -14 -84 -27 -212 171 46 -138 -51 -227 152 -108 44 211 -180 89 -94 187 -46 -52 218 200 126 -68 -222 70 -234 231 72 -208 73 128 181 12 165 173 222 -207 113 63 -91 -239 148 -70 -181 -153 -6 -74 246 210 -178 -12 146 221 -130 -76 138 -107 60 -28 -61 199 194 -25 -168 41 215 -226 158 -104 25 203 -16 40 -134 -26 10 84 -114 -219 108 -111 163 -34 59 230 -67 -92 -109 -62 14 243 -171 -9 -116 -202 79 20 13 110 197 -209 -122 17 -230 217 -2 -49 24 176 -33 190 95 29 -39 204 96 142 104 -144 -119 -98 -73 43 68 -243 -154 105 27 85 224 -83 -120 -198 147 -44 15 -190 -232 22 38 -7 83 -128 2 141 144 -42 -95 -147 -205 -166 80 -8 -151 159 -100 241 51 5 -43 130 -189 -36 -224 109 1 213 -246 -215 88 157 -113 198 167 102 -186 -81 214 8 0 132 -185 -225 195 118 19 -143 37 133 193 238 -141 103 -217 -204 -201 -175 219 -32 -96 125 -87 -221 62 -214 -45 115 -177 21 236 106 -53 188 153 82 -165 76 -131 90 101 234 -41 -188 78 4 -125 -194 -72 53 -216 154 120 66 -20 -142 -71 65 92 -240 -193 61 180 182 -160 23 -15 -88 -101 -79 -161 -184 98 164 227 -106 185 129 -102 67 -250 7 64 208 134 237 42 -64 -1 -5 124 -235 -40 -203 94 -237 131 91 31 48 -179 107 86 226 -75 -145 11 -132 -10 -156 240 225 145 -117 -35 -135 -66 202 122 179 174 175 58 -23 
TEST 120 ARG:57 -177 229 -201 227 -118 -190 123 -119 -196 -134 -35 60 58 93 228 245 107 -191 -1 -158 77 -230 62 66 -33 -173 -241 161 94 -159 208 -236 115 203 33 -227 -66 113 172 87 -150 -40 -77 103 -210 -137 210 -128 177 63 -218 -110 -69 138 -96 -246 -245 169 -178 -234 47 -8 -211 55 -195 -233 -199 -224 -181 -205 -250 -208 185 -7 -57 -2 151 157 -48 56 11 6 -162 -115 242 -79 246 198 -56 64 89 -46 -228 -170 -131 -53 233 2 -171 86 -104 152 182 -185 -243 52 -127 -89 108 199 128 -90 118 76 -113 -206 -209 9 116 -41 247 -238 -149 -12 181 -58 -153 226 -36 10 -223 -42 -72 -229 -161 193 119 -32 215 32 -102 -75 50 214 180 71 42 -59 104 -166 213 -98 -186 -143 125 -18 -235 237 178 -212 -213 105 -106 -117 -11 -200 -231 -203 -111 -172 -84 158 -244 -55 69 -76 156 61 234 18 -52 67 79 -138 101 110 154 -68 -202 25 65 37 19 -167 -126 40 1 -123 -156 -29 -27 102 -63 164 28 91 140 8 196 -193 124 -147 239 179 -28 13 142 -78 -139 -248 170 15 -188 204 220 194 192 -100 131 149 -103 -31 -130 82 209 -16 -91 -81 68 216 211 200 218 231 34 127 -38 111 -6 -221 0 27 134 -19 122 -148 135 -61 -107 -225 163 167 -237 146 129 145 -154 225 -105 -197 148 230 117 143 183 -141 -222 88 3 17 83 -155 48 -5 -142 96 -176 -85 24 -152 7 -87 -121 -144 -65 39 207 -101 -80 -62 98 -3 240 -174 -83 74 153 -151 -20 20 -145 186 130 174 241 -169 171 -9 106 -22 114 248 184 99 54 -146 150 168 -207 206 -88 85 -120 243 -47 -93 132 -95 30 14 -180 -51 45 221 -43 -216 -23 -114 100 187 -247 29 4 90 191 190 236 16 -242 173 -226 212 97 -24 81 -164 -214 -17 -70 -97 35 189 -124 -192 223 -140 31 -136 44 141 222 73 -73 -109 -175 217 -168 188 -44 -219 235 121 -215 205 -157 -189 -108 22 166 46 70 -45 133 109 -239 43 21 -64 160 -54 92 -133 224 -179 -13 5 -26 -129 41 -240 162 84 -249 175 -116 -184 137 -25 -125 95 244 -94 -50 -67 -194 12 -220 -132 -14 75 -112 80 -122 232 165 -187 -92 72 176 -15 195 219 -10 -71 -34 38 -135 201 -74 -160 51 26 120 53 -165 197 136 -30 144 238 -39 -49 -60 -86 -198 -204 126 147 -37 159 -232 36 139 -21 112 -217 23 -163 202 -82 49 78 -99 -4 155 249 59 -182 -183 
TEST 121 ARG:-109 240 -178 203 229 144 169 -30 197 -53 -113 -120 228 -61 51 -114 187 122 89 94 230 98 -130 205 195 -177 201 -29 -50 -86 32 -36 204 22 -148 129 -214 -249 -244 236 226 8 -83 -189 -203 -52 -118 -236 143 -225 164 -87 -152 -10 -19 -138 148 238 246 14 -62 -95 -207 142 46 -181 -6 -105 -183 173 -82 44 -100 29 -106 -8 210 -124 56 -24 -196 -13 112 -123 -41 -80 -179 -14 137 -126 163 189 42 -210 95 85 -159 91 -101 113 243 -191 60 -240 -9 -129 -190 -21 90 30 211 153 61 156 71 5 -232 -212 237 -206 -165 -245 9 235 180 165 152 -15 -132 231 -204 -146 -169 81 80 216 -44 75 -122 -205 76 209 -202 -127 -144 -164 -45 212 -173 64 -25 217 -182 215 -3 116 162 -155 -12 214 50 -213 -231 -184 -188 -75 134 182 161 -150 -116 41 -35 69 27 223 49 135 222 -57 1 146 -228 247 140 181 119 248 -64 127 -98 213 -58 -70 11 198 36 -217 186 -139 118 -161 -99 -248 54 -88 -229 -157 -227 67 -166 -209 -234 -67 16 -49 25 219 -59 -221 241 -81 -170 147 179 -5 -20 132 -235 149 167 117 202 17 -32 224 2 -224 138 62 199 82 176 221 245 -176 -187 -135 151 86 104 -26 21 77 -66 183 154 19 -103 34 -172 -141 -158 -40 18 -110 -7 126 23 208 6 92 123 -27 234 160 -117 0 -89 -97 -17 -218 93 -78 -216 53 108 106 40 28 -84 -119 -79 -42 15 124 232 -90 -160 -60 -174 83 -23 59 178 47 170 130 99 -137 -134 -197 -219 57 136 -201 -47 -200 -241 58 -246 -2 -198 48 -222 158 97 157 -145 70 -125 -192 20 65 -104 -102 190 110 145 141 249 63 -247 68 -63 -46 -11 -48 31 -194 206 -142 109 188 -77 73 45 -108 13 172 -186 -147 87 -243 242 12 -74 101 227 239 196 33 121 -223 4 -33 -94 -143 -195 10 -37 -65 -68 72 66 -226 233 166 131 -18 24 150 -71 192 -162 -239 -149 -211 193 -121 -31 -193 -233 -72 55 191 -96 -39 111 -168 -22 79 168 39 -175 -156 -51 -199 -151 -237 139 -230 74 -242 107 -215 218 88 -93 -153 43 -220 225 175 -34 -238 -92 -133 -112 -69 105 -136 -111 -85 84 125 35 -38 52 155 128 -115 194 -208 -16 -171 -1 -76 244 -185 184 114 159 -91 -131 -154 78 37 -73 174 207 -163 -250 -54 -28 -55 177 7 220 133 38 102 96 -128 3 -180 115 -43 -56 -167 -107 171 185 100 200 -4 120 26 -140 103 
TEST 122 ARG:211 144 232 218 -26 -10 244 98 -127 163 192 18 83 -38 118 -115 -129 71 82 125 222 50 -241 16 -74 168 -149 207 151 -126 -13 131 -230 -199 -146 -120 175 100 -156 34 -168 -70 -71 -226 109 -234 -166 -125 -117 132 115 -145 108 -45 -200 62 -83 233 206 -96 33 -177 146 202 167 105 114 170 147 136 160 -22 -144 28 -158 126 13 149 -12 72 -246 185 -46 -102 -159 245 68 150 -106 -57 81 -206 -173 127 186 -59 -179 -171 30 -29 -228 217 -208 -150 223 -140 -3 137 -85 -184 -33 -116 -192 -100 -44 -36 -233 24 -248 21 -191 -227 -229 195 -73 -48 -175 -231 -62 97 -201 -210 110 27 240 122 -157 -196 -185 208 37 148 -237 -170 205 -51 -78 -182 -207 214 17 213 -86 -113 -15 230 44 -148 -247 -63 89 -152 15 61 5 -82 111 52 -167 174 -109 1 38 14 90 -154 242 -205 32 212 180 -162 181 -183 -249 235 -66 -49 60 204 95 -245 -240 4 66 -2 117 2 -209 85 29 86 67 26 99 -61 -163 -80 -104 -211 -35 -58 63 -122 228 -136 -27 69 227 -119 7 12 -5 -141 247 54 200 -89 220 -194 41 57 45 11 157 94 -111 65 -187 -87 -147 165 -193 -75 197 -14 -76 164 36 -189 -53 -134 -178 106 182 128 78 215 134 152 -155 -107 -108 -138 -60 130 -202 -232 51 -4 199 -172 210 -218 -174 -37 102 70 56 120 3 64 -239 -118 -236 -135 103 -28 221 124 -198 -142 53 -16 154 101 -8 177 -24 20 140 201 -204 141 -30 234 -19 -161 -40 87 143 -72 -64 238 216 -137 219 161 -215 -195 -131 91 8 -153 -90 239 96 43 59 -160 10 -123 156 129 -216 -244 -65 -124 224 -190 -25 -151 -128 241 42 107 139 -203 -121 -21 25 -43 248 40 178 203 -77 104 121 159 113 -67 -103 -7 -220 -17 -181 -105 -47 -223 48 231 92 171 135 -81 -101 155 -110 -165 -114 196 -94 -217 -20 -55 236 116 80 31 172 142 75 -214 169 -221 -91 88 -143 -132 -68 39 243 176 198 162 23 -95 -197 -84 46 -32 -180 119 77 229 -88 -93 -219 184 -23 -42 189 74 -169 -92 79 -213 -222 179 -212 -18 191 -54 -39 -164 19 49 194 -31 183 -6 58 47 -99 -50 112 123 84 190 6 -52 -130 76 -1 9 73 -112 246 237 22 209 -11 -97 -242 -176 -9 -69 138 226 -34 158 -56 -243 35 -250 -79 166 -188 -133 193 145 173 -139 133 -98 93 -238 188 225 -225 153 -41 249 -235 0 187 55 -186 -224 
TEST 123 ARG:-29 95 -88 139 135 -38 104 71 -106 -135 94 189 29 47 -49 -215 -111 64 -56 -89 -172 102 -194 -127 -107 -82 -197 65 -25 70 200 85 109 215 12 160 -92 141 126 -100 217 118 143 30 -241 -114 -86 -211 236 -11 -60 -103 227 2 188 -166 131 83 -210 -132 75 -41 17 142 164 -222 -128 231 172 -24 -249 -70 -173 216 63 3 -250 16 234 -85 -27 168 -59 149 -230 -212 -54 -231 -168 -175 -90 35 -61 -167 52 -147 -46 82 202 132 -22 -131 107 165 59 203 171 233 -55 -117 -57 -209 100 -138 113 177 -112 -163 -208 99 -12 130 169 -52 -130 38 -10 230 -83 207 -58 -200 182 -7 -234 186 -192 -73 157 -125 -171 106 136 72 -13 110 34 37 213 73 -96 -150 87 44 190 101 117 224 -202 229 235 -102 196 -3 144 43 -141 221 -187 -145 55 -227 119 -62 31 220 20 22 -126 57 162 -78 -182 228 -229 195 197 223 246 -237 -217 -226 1 -218 179 51 191 -71 -109 -156 42 -228 69 -66 -206 25 152 -97 -214 -76 -113 -63 -44 -179 105 163 243 -50 45 -224 187 66 181 116 214 81 154 -178 121 -219 245 249 13 -33 -110 -51 -8 -238 -183 -16 32 60 58 91 8 61 -196 -9 -216 80 -129 155 193 199 -235 -67 -170 -157 159 -65 -32 68 -108 122 93 138 54 56 133 -23 10 -68 219 -180 238 74 210 -176 -177 -47 -240 90 -42 166 88 -35 -124 -1 15 -115 -6 -80 218 24 -246 204 -248 -204 -81 -164 96 18 98 134 -123 -193 -14 170 -15 242 53 -75 -154 89 -120 -40 -142 39 -195 -207 -181 23 -165 -201 120 -39 198 212 97 -152 62 -26 127 41 -28 -64 9 -118 -148 208 115 -174 -205 33 129 137 -151 232 205 -34 -162 174 27 -133 14 -245 225 147 -37 176 -45 148 -87 247 146 125 -185 36 -20 -98 -244 209 -140 -91 -236 -153 108 -136 -69 123 -53 -99 161 -188 -160 124 -74 -19 158 140 -186 -233 76 -17 -48 244 -146 -77 50 84 -220 201 11 -221 -43 -184 77 -242 -104 -149 -84 -79 92 -137 -155 237 -159 240 -72 5 -247 -18 -198 -239 40 7 19 -223 -36 175 173 -5 48 153 28 150 -158 -4 79 145 6 128 -143 111 -139 184 192 183 151 -30 -225 -93 -144 -189 -101 49 156 -21 26 -122 -134 -95 -169 226 178 78 239 -191 112 0 -105 222 -203 -2 206 4 248 -94 194 180 -190 -243 -213 -199 241 211 103 167 46 -119 -232 21 185 114 67 86 -116 -121 -161 -31 
TEST 124 ARG:-61 -201 72 -219 140 -12 29 1 -92 -90 22 -171 119 238 -57 75 -193 -222 -203 215 -185 237 -230 156 -165 109 -6 -85 -235 -16 240 -231 176 -56 201 208 21 -14 -17 15 112 185 42 -34 -161 35 -217 -62 -151 229 -13 233 -170 -216 -115 -19 -23 96 -41 122 31 9 159 65 11 115 212 -29 66 -123 179 -198 -100 -51 183 32 -154 -124 205 -141 -178 -148 -130 -3 -28 44 -199 203 46 -181 47 -149 151 16 104 -116 -168 3 -118 40 161 -7 247 248 -136 141 -126 -186 -24 177 -68 -143 -157 107 171 60 -10 59 172 -74 -239 -225 -53 133 -31 78 54 -18 -184 76 158 37 -107 -189 -101 64 -139 39 -200 147 -36 85 -214 -63 -106 55 -223 -209 -109 166 10 -65 188 4 139 134 25 -4 -175 53 103 214 -174 87 120 -173 199 -233 -169 -247 -215 -54 -237 -197 58 -9 -87 -103 -125 228 -122 118 -212 99 222 -218 -245 169 110 130 200 -180 206 108 -183 148 -26 184 69 192 -188 49 235 -229 239 -234 -202 17 -177 198 -158 164 -69 -43 -40 -164 50 -38 245 -119 234 -232 -244 -76 221 -113 246 191 168 45 -206 80 -133 -205 223 6 170 -86 74 153 -249 57 20 -224 -75 -220 123 204 79 111 27 -11 101 127 94 -96 -58 -167 -210 52 226 241 -241 -52 -226 125 209 149 -163 93 190 136 -102 142 227 -70 -73 -88 2 48 230 -211 173 129 67 -78 -97 41 225 231 81 -59 -112 154 243 187 -208 24 194 -162 163 -8 -71 -144 5 -227 106 181 -93 -33 -27 126 174 197 0 86 88 121 -30 -50 -95 -132 -142 -72 -221 97 -104 189 137 8 -2 62 -195 113 152 180 -25 -48 -20 165 -77 249 30 -150 -137 71 -121 -246 -191 210 -192 -49 218 216 -145 34 160 -129 224 -46 124 -66 -111 213 -22 -35 138 186 43 128 -131 -152 23 116 -166 242 -99 175 -238 -153 -39 77 7 38 61 90 -21 143 -194 -37 105 51 -155 -44 83 14 -187 114 -138 -105 144 -159 -204 -250 -1 68 207 -236 211 63 -176 -15 -213 -147 195 -243 -82 36 56 -156 145 -172 117 202 95 -42 219 84 -242 -127 131 232 12 70 -47 13 178 28 -135 33 19 -120 -179 -117 100 155 -89 -5 -64 -248 -134 196 -94 -114 26 82 -207 -182 220 -84 157 -91 -240 -55 -60 167 -146 -32 -160 -190 132 236 150 -196 102 98 -140 91 89 -67 162 -83 -80 18 193 -108 -79 146 73 135 -45 217 -128 -81 -98 -228 182 244 92 -110 
TEST 125 ARG:223 154 227 236 -66 -246 8 -108 51 -176 23 156 40 166 117 83 21 -121 15 -65 229 -165 -139 -225 -97 149 34 90 -98 136 -192 -113 181 -212 -84 -248 234 -143 -152 -59 53 -52 -217 109 -238 -89 167 -64 39 128 240 92 17 -115 -150 -75 22 89 185 -12 -92 102 -28 5 -78 -187 230 -37 -244 -33 76 -40 -209 248 231 162 -106 232 -197 -117 -194 208 -82 126 -227 -20 212 -234 148 -175 164 -8 187 31 -214 -114 116 106 -220 140 -4 -2 -178 242 -5 172 228 -155 235 190 65 -235 -135 -85 134 141 -222 99 -250 155 -138 -72 103 -9 -124 58 -69 -177 -122 14 222 88 -63 157 -123 55 95 -174 -168 198 62 46 -91 -34 10 131 244 -50 -109 101 170 84 -6 123 197 124 -221 -179 -79 175 -160 -170 61 195 121 -19 -102 125 28 158 237 -169 35 209 33 -249 206 -232 202 42 205 32 152 -202 -58 -137 96 -154 120 -196 -60 -233 -45 12 -191 159 -224 -140 165 137 -104 -15 64 3 -83 130 -229 -3 -35 -16 135 163 217 143 150 -226 94 -49 211 191 133 115 186 -56 114 -95 -96 9 -47 -185 104 194 -184 153 72 160 -36 78 38 -99 -39 204 -203 -44 -105 30 -76 -54 -216 75 -14 138 2 -157 -193 179 161 -46 142 -243 -163 -11 243 6 -1 -107 -147 24 -156 -62 219 -205 -129 173 79 -24 -151 -18 49 -242 168 -200 199 -94 -172 -198 -236 183 57 171 -71 -161 207 -110 -215 -162 -118 189 -228 -183 -116 -180 -53 146 69 -186 19 45 -25 36 48 74 43 -188 -167 -23 -112 18 100 50 -31 225 0 226 -173 1 -199 -237 -133 -87 -247 -211 -41 86 -55 -181 210 -100 13 -88 63 -30 -38 77 -142 -130 70 169 -206 37 -13 -164 119 -68 196 201 93 213 192 -195 111 91 238 107 233 -132 -29 -207 44 177 151 -67 -141 -223 25 -148 188 -201 -90 144 -101 -120 -231 -230 -61 -218 82 239 -204 52 -26 29 -219 -43 214 105 -127 127 -77 122 176 27 -158 -27 132 -57 220 -166 -159 -103 -22 246 -119 -125 -144 -111 -210 241 -86 -42 182 -126 54 87 113 215 -17 -80 -182 110 112 81 4 68 71 200 20 145 -239 26 -190 247 80 59 129 218 -213 147 -208 -149 -93 60 56 -74 221 -189 -70 -81 -48 -7 203 98 174 -146 -241 -134 -240 73 139 -245 -145 108 178 118 193 97 67 -10 47 -32 11 7 85 180 16 224 216 -131 -128 -153 -21 66 184 245 -51 249 41 -73 -136 -171 
TEST 126 ARG:2 207 50 120 -228 224 29 31 62 219 225 -47 -21 87 -180 -76 193 32 237 -158 -27 37 -183 -212 -79 137 69 39 194 84 -213 -201 -72 19 -96 204 214 -230 -20 -189 -148 202 247 -100 -160 234 92 -97 189 151 135 -99 187 33 -186 -62 25 -156 -55 138 -10 108 -216 95 96 109 -199 -227 -75 -84 118 -95 -116 -134 -166 -176 75 126 -15 58 164 -56 -248 15 186 -164 81 -94 -235 199 -215 -169 -133 21 -14 41 175 -103 -217 242 26 -87 -139 -118 -200 65 -12 98 -209 -129 -240 -106 -18 -218 230 203 16 150 7 -178 -28 130 -136 64 -31 190 -80 -145 -8 -191 28 -185 8 -104 -142 40 -105 -130 -143 -73 173 -54 93 227 52 56 178 -64 94 -250 -207 -33 -59 9 155 -174 1 201 -93 -35 -109 100 -177 -237 20 90 -48 99 -141 -171 -111 -36 184 10 -206 -210 218 163 128 -13 -90 -246 -220 -146 114 77 -140 71 -170 -138 -26 -119 171 -223 78 -153 14 240 -42 228 183 -43 -19 236 232 -107 -6 -67 -29 54 -108 48 -22 217 27 -45 -211 -39 -231 82 -114 74 -151 -38 147 61 89 -88 181 -113 57 51 129 211 -34 116 197 3 166 119 -135 -32 200 148 -53 -63 17 105 205 -68 86 125 248 -137 -89 36 140 42 179 249 156 -78 -150 143 112 -69 38 -112 -128 210 115 13 -219 174 157 -232 176 180 -245 -214 -179 -101 76 196 -92 -51 -70 -208 212 -50 103 149 -247 6 117 -11 229 167 188 198 12 165 -157 -173 -193 49 122 220 -131 97 -203 -196 233 -204 -57 162 -120 144 170 -244 -243 131 -37 208 -81 -167 -91 -86 146 -41 -234 -194 -225 231 66 235 209 91 104 -122 243 -85 244 -17 238 -242 -154 -117 101 141 239 -40 60 -71 -147 -144 152 80 -226 216 -102 70 -52 -9 -123 -239 88 -241 -1 -197 134 -187 -181 182 -224 177 -16 -2 226 -3 35 -236 0 46 124 -25 -155 -168 192 -182 161 -115 -127 -58 -222 -175 -152 -161 -202 -163 -7 123 160 -233 11 246 245 -249 -30 113 -65 22 -5 4 -162 111 -77 -4 79 18 127 55 -229 -165 -24 -238 121 158 -198 195 85 43 -61 -221 24 206 168 221 -126 185 -159 83 107 -195 110 -149 59 68 -46 -49 -192 106 -124 153 -110 222 102 73 191 -66 63 44 -190 23 45 133 215 72 -83 -23 -44 132 -125 34 145 -82 213 154 53 47 -205 -74 5 -98 -184 -132 67 139 -172 136 -60 159 172 -188 30 142 169 -121 241 223 
TEST 127 ARG:64 -84 -217 74 -204 247 -133 161 157 -198 35 115 135 -99 160 -179 14 110 -152 -69 236 -191 -176 -193 67 -71 68 162 240 -92 -147 -228 193 -49 169 182 -98 59 -67 -115 -27 167 212 203 -8 -210 57 -129 211 -174 207 -91 -66 -101 -221 216 -199 124 158 -52 12 245 1 -227 -96 26 -24 -85 -36 218 27 -19 -197 234 177 79 -150 -31 45 106 208 -11 -5 134 40 -139 -249 91 -77 -242 -106 -146 0 -233 156 -175 -212 92 -26 -158 -43 -83 -55 23 72 -28 -94 70 88 11 -50 -229 -29 94 -151 -20 -86 -93 213 -209 -113 204 120 133 -185 -122 -97 -21 -44 -205 104 105 66 210 -225 50 -12 -201 -141 -131 -37 -38 116 62 -202 -189 -33 223 -119 -178 30 -25 -196 8 -6 -53 18 58 243 -162 -130 113 -203 -78 -125 196 100 -153 -250 -218 -182 128 24 139 -59 -235 -213 219 -177 -183 42 99 127 -79 -186 41 102 -116 -163 190 220 -245 -166 122 238 -206 -236 194 -10 52 -60 -128 -222 178 -41 76 -103 -190 144 180 4 215 138 225 -72 31 -40 -134 89 -30 170 168 84 151 142 93 48 119 200 47 235 146 164 -167 112 227 -48 159 -3 63 -143 202 165 -32 214 81 136 -165 -160 69 -169 197 -102 123 22 -195 -171 -58 184 80 17 -192 -188 96 176 85 232 -149 -13 -87 -16 147 246 233 -138 -155 -61 -224 44 222 -226 -127 -120 9 131 181 166 209 -244 -219 -17 -68 -231 -232 -9 -208 -104 83 228 20 -123 -248 107 71 -90 117 49 111 188 16 -23 55 87 -62 34 249 130 -54 137 -81 -112 39 -142 36 192 -63 179 6 114 -223 152 3 -64 90 126 -121 224 -70 -137 98 -234 -168 187 -76 239 95 -18 -42 78 -4 199 155 -164 206 -247 51 -216 -47 163 54 -95 10 -126 -109 145 186 -89 -132 75 198 -241 -145 28 60 -220 -181 -74 217 25 -56 -100 148 237 -207 185 121 -107 -2 101 -240 -136 132 241 -118 175 2 103 -15 65 38 -157 -144 -246 -184 -114 118 77 -161 21 -22 108 -108 -238 -173 -1 -82 153 149 -111 -154 97 201 173 -187 -180 229 -73 154 150 -80 -57 -214 13 -124 244 242 226 -35 -7 19 141 125 -39 29 191 37 174 7 -65 221 230 189 -46 -45 195 -194 -156 172 183 -88 -159 -14 61 -243 82 140 205 -135 -239 -110 15 53 171 -105 -200 -230 -215 -211 143 5 -51 -140 -170 -34 43 -172 -237 248 129 231 -148 73 -75 86 109 -117 32 56 46 33 
TEST 128 ARG:-159 -147 27 -70 -139 197 -64 -121 -111 -117 31 177 -241 93 -66 126 57 -115 -191 138 -169 40 -151 166 -155 235 216 118 32 -120 109 153 -28 62 195 -80 -136 11 169 76 105 89 243 49 54 248 -13 131 -97 -32 -196 186 -47 94 222 88 213 137 -114 189 237 -31 -203 -157 107 181 -68 132 -69 -206 -11 -195 173 -75 -228 -91 -233 -178 172 225 -176 -165 -188 51 -38 -82 204 -232 147 -71 -135 212 -144 135 -183 231 -217 -30 -46 245 104 183 64 158 95 -44 136 91 -245 117 232 74 -124 163 35 -219 192 130 -150 140 155 -67 196 -141 -129 82 44 100 -226 -193 -48 -170 97 -171 -99 -60 46 -33 144 -194 -186 139 -187 78 -207 -45 -78 69 -229 -134 223 45 -2 -74 -149 -5 -175 -146 43 -65 -223 4 -247 80 -184 56 194 -239 -63 210 -131 156 7 30 39 -79 -81 141 -26 175 106 -89 -15 -133 84 -173 2 96 38 -7 -72 -160 108 -244 -62 217 -190 162 129 -112 238 -116 26 -202 -101 6 -93 -154 -204 -77 -214 52 -119 -224 -166 -104 18 71 -4 48 34 98 42 -197 -209 114 -185 -41 92 103 119 25 55 20 -83 244 -90 -118 -42 179 -199 -95 -125 176 -40 230 -240 60 240 202 -123 -222 218 -140 99 185 220 128 -192 116 77 -49 142 -94 -148 101 65 167 59 182 -205 198 36 81 17 58 28 -57 127 221 -158 -172 -86 8 -189 209 12 0 79 151 171 111 215 -180 -103 -98 -130 157 3 -208 170 29 1 113 -29 -163 85 -3 110 -181 -43 -25 -145 -156 159 16 -161 21 233 148 75 86 219 -138 -54 -108 -36 -51 -6 -242 -18 -246 -218 -59 -201 -107 -1 -198 249 227 154 -55 73 33 -143 -212 13 -137 -21 -50 -122 -200 224 120 83 184 15 -34 174 -9 -230 -16 -84 -216 152 191 -92 -52 200 -153 180 -85 -177 61 -109 5 -24 63 211 203 -87 246 214 234 14 67 236 -231 187 -35 -20 247 -17 206 145 -225 134 205 125 9 -248 66 -236 143 -73 161 226 -168 47 -164 -211 -105 242 -127 90 228 -100 41 112 239 -234 123 193 150 -110 -58 188 -56 190 160 207 115 -37 -182 19 -142 -10 229 -152 -39 -210 -238 133 -221 201 -53 -8 87 -213 199 -19 146 -23 37 124 -227 -128 -76 -250 -132 165 22 -162 -249 -237 149 -61 -215 -102 -12 -220 -174 178 -167 -22 -106 241 -235 121 50 68 -27 24 70 53 -14 -126 72 102 -88 164 10 23 -243 -179 -96 -113 168 208 122 
TEST 129 ARG:-115 218 -141 179 235 -51 94 -167 -35 -21 239 -42 30 115 -72 177 -242 247 -54 77 -23 -146 26 138 44 227 -103 68 211 241 -243 -8 81 -186 143 -121 147 53 -154 -220 -36 51 219 5 97 -223 157 -90 -201 -19 18 -162 167 216 41 220 214 173 195 149 237 45 -208 -62 178 -70 52 127 152 -203 -100 20 98 96 32 -49 -14 -199 215 101 10 -40 -190 228 134 72 230 126 -4 -65 -53 114 42 229 47 33 -204 -217 128 50 129 -3 -180 -137 29 31 99 92 95 -226 -1 69 -6 104 233 -2 37 213 -246 145 160 103 -50 180 240 203 -111 -240 118 -84 171 -213 -9 -78 -5 -224 -233 -43 93 201 146 -211 40 -61 -129 -102 -12 -198 -97 -11 -26 54 14 -55 -114 168 -135 -38 -128 150 226 159 -153 -101 55 -144 223 192 -177 -200 -134 -143 100 -148 -172 176 24 -71 120 83 -235 -175 212 -46 139 49 -184 200 -236 -58 59 -13 -185 34 67 -7 80 -24 153 -25 -181 -197 -196 -41 -158 -237 -60 -151 -210 -104 89 82 132 -183 62 217 -66 -96 -44 -18 -156 164 -118 -130 70 84 185 6 -108 -222 46 125 -215 119 188 206 -68 107 248 -216 2 -218 112 163 -227 -163 224 -206 11 161 -81 -221 -83 -110 -231 25 -249 -229 209 57 -94 142 -214 -106 -39 -245 -59 -230 56 -188 172 -244 196 -86 36 158 -234 199 174 60 186 136 43 -89 236 19 123 -139 151 -56 106 35 -132 243 144 -241 225 -17 246 -193 90 -176 -124 -22 -174 244 193 222 184 124 13 -37 8 15 9 190 249 -219 210 -161 -150 -57 166 110 1 -138 -15 71 -212 221 -63 -99 207 -127 -109 66 135 -28 154 -125 -105 22 113 -74 0 63 165 79 -168 87 -247 4 -16 -31 197 -169 48 181 170 -34 -27 -88 -164 17 39 -131 -166 -238 -165 -76 238 -182 61 187 189 -67 108 -149 75 204 -10 -73 -159 -205 -20 -152 175 -171 -113 -117 -48 88 -250 73 -136 78 -112 102 234 -248 162 27 -85 -52 -30 -122 -187 58 -69 -119 133 -191 -140 -232 -91 -33 -195 140 -93 23 182 242 -157 7 -126 -133 -87 -194 130 -95 122 -80 -120 -75 109 105 -147 16 -207 -77 -192 -179 85 -145 -98 194 198 -116 -225 141 21 -45 121 -32 -123 -107 91 -47 3 12 -189 202 76 -79 38 -228 232 245 183 28 155 -202 191 -170 208 74 -142 205 156 -82 131 -173 -239 137 65 148 86 117 -178 -209 111 -155 -29 64 -64 169 231 116 -92 -160 
TEST 130 ARG:-126 -203 136 95 30 -120 -184 -93 181 -58 -143 96 216 112 -189 55 189 183 -134 -78 -64 -139 17 -197 39 54 -94 142 -52 166 119 159 156 155 200 72 38 -163 11 -176 -190 66 -22 -113 -81 236 -35 -24 12 -96 -112 120 163 4 -68 49 -51 -67 202 46 -46 -182 -89 26 134 193 162 -133 133 -179 -246 -40 78 -115 135 222 -42 105 -72 184 137 121 249 0 3 176 -211 -194 175 50 -142 90 -17 -122 -147 122 -195 -206 146 116 -238 10 -226 -73 -99 37 138 -157 -31 -48 -88 235 -243 -102 194 32 5 123 -33 207 -90 102 -236 -49 -125 40 160 -65 -87 191 103 45 -55 226 232 -234 231 -106 -85 -230 61 -32 23 -76 100 -130 -171 79 169 199 243 28 65 -128 168 -74 -239 -213 -110 75 -235 70 -145 -242 -152 -11 -248 245 99 -174 -210 140 196 -50 58 -181 97 -12 -227 -199 228 52 -6 -158 -140 -249 220 110 13 69 -127 47 -10 73 -225 -240 195 -18 77 87 -29 -146 111 248 173 -223 185 -25 -54 -192 -4 -215 -202 -41 22 -36 -15 151 -196 -23 -20 48 59 125 -169 -132 -165 217 -250 -198 -228 149 -82 -123 88 64 -150 -237 -155 -136 198 67 -109 82 91 -95 128 234 -80 -144 238 41 230 -124 24 16 -117 18 203 108 -177 -103 68 -200 101 -9 -37 229 206 -34 -217 -204 106 -111 158 56 132 -38 143 242 204 -135 -164 63 -209 190 165 -71 86 2 -138 -5 219 240 -156 239 129 -241 33 -219 -170 -220 -105 113 -47 -19 -8 -79 -70 -3 -193 -191 -83 -247 -159 -14 -207 42 -69 -44 144 -212 29 241 76 246 62 81 -16 186 -1 -221 224 117 214 21 244 126 -222 177 -231 -153 -183 9 179 -30 -2 118 171 14 -98 211 223 -245 8 -161 167 -172 85 -116 -149 -218 227 -27 -108 -57 -188 104 74 -28 225 164 197 -175 -62 -244 43 -168 -92 -91 84 124 150 -229 80 -86 53 180 93 -63 152 -131 -114 -59 -107 188 -53 27 36 127 187 -118 57 -148 1 15 -45 141 218 170 -129 172 -43 147 -154 35 -75 130 -205 92 -178 -167 -60 -185 -137 -187 -166 -7 148 247 205 -208 -61 157 145 139 -13 44 -39 209 210 -77 215 114 -162 -151 237 -121 -232 153 -97 -66 83 20 -26 161 174 221 -104 51 71 -100 109 -214 -141 208 -201 -173 -224 178 -119 34 -160 6 -180 19 -101 182 7 154 25 89 115 212 192 -233 -186 -216 31 60 131 98 -21 107 94 201 -56 -84 233 213 
TEST 131 ARG:78 202 66 216 15 58 -213 125 231 69 171 -117 235 91 200 55 140 26 87 145 54 -54 249 -126 -95 228 -127 -220 128 215 -203 -10 -188 -5 -217 185 23 209 -52 -104 -18 -242 232 -80 160 132 18 -176 141 196 205 -174 -209 -131 -162 -149 50 194 11 -208 -135 -229 -218 -36 -32 72 173 166 224 -2 -172 149 -197 138 -73 -31 -100 -76 -243 21 17 27 -173 -219 -224 -29 52 -62 -215 178 -78 176 -57 -28 -121 -41 243 213 -227 -207 188 -154 -14 164 148 -205 233 -13 -192 90 112 60 -155 203 130 -106 42 -115 9 62 -250 61 201 -120 96 214 153 86 139 197 156 -236 162 -138 -199 -244 116 -64 107 -167 177 32 -39 165 -99 137 155 -232 -91 172 136 -161 16 -245 -50 -151 -165 -169 -92 67 -65 -58 -185 41 45 -241 79 -27 -216 -182 -33 -240 110 -234 -248 47 -23 -130 -233 -111 115 -43 183 221 123 -133 34 -4 93 109 77 -42 35 208 -68 239 150 -60 71 85 163 12 -105 170 -184 -201 75 -82 -25 146 -40 -75 218 -37 -19 -211 -69 234 76 -132 -112 104 -35 -90 28 226 -101 -51 -85 -116 -189 -67 -226 -175 -247 -221 29 48 -49 -89 126 -171 -113 142 59 198 -163 -47 -86 241 3 8 -56 -30 98 -145 51 -12 -204 168 190 -22 63 -70 30 -143 37 181 217 -230 206 134 -97 -123 -96 -156 -206 -144 -237 159 -222 158 -200 84 -186 191 -6 -179 219 -44 -228 33 -157 -178 -59 22 24 -181 117 40 -159 -202 186 -110 147 167 -214 38 -139 -83 99 -63 154 -38 -84 -166 169 102 -48 -93 57 180 -16 -124 -46 -235 -74 -142 193 20 248 204 -191 -239 230 222 -77 131 -66 -11 92 211 124 -1 -9 -187 144 -88 74 108 49 -194 73 143 64 36 245 -53 -21 -153 133 157 135 -45 -168 -72 -102 242 -150 -249 -3 44 -119 -108 -148 -129 192 -196 122 -103 246 -198 237 94 174 39 -79 182 247 -193 118 -122 -94 -152 152 7 -15 129 -128 13 0 240 -109 -24 -140 -26 103 83 101 113 223 120 95 119 14 68 184 -137 -118 88 236 -238 -223 6 195 -158 114 -34 187 -55 -225 70 43 53 -170 -114 220 244 46 -8 121 82 -146 179 65 25 -190 1 -231 227 -212 207 97 212 -107 -98 10 -87 225 -136 -147 -160 -195 127 31 -7 81 -71 151 5 -20 -81 229 210 -134 100 189 -125 199 238 106 -246 2 -61 -180 -183 -17 -164 80 -141 111 -177 89 56 -210 19 4 161 175 105 
TEST 132 ARG:53 -44 -221 157 -185 202 210 204 -40 243 200 173 -138 -187 -250 -134 78 181 221 -98 126 -177 -188 -204 146 58 -93 81 -125 -122 -82 -123 -179 -162 46 -103 -81 5 -133 -145 -78 -182 -245 -73 73 228 -61 65 77 -84 -118 31 -5 -63 245 -50 90 -23 -201 -148 -142 113 10 211 239 110 -161 -48 -166 -21 -191 -232 -57 -207 -42 -156 -238 -94 213 -121 226 60 -80 83 -102 224 147 -155 -184 241 -247 55 -237 -213 118 -87 -141 -174 -212 -220 109 -15 -67 -158 -32 -11 -6 108 -136 62 169 150 195 137 51 32 -147 85 201 -37 -151 42 121 89 -222 -126 22 163 -246 -110 105 26 54 -25 82 106 16 -192 -24 244 -92 19 233 -106 234 95 -9 -168 148 47 119 -96 185 -116 -218 -249 194 25 -150 -173 -49 179 180 96 38 -83 56 70 220 216 7 -2 237 182 66 -52 -14 -206 -95 -164 -33 176 -211 -189 3 21 -193 76 222 84 -186 -51 -55 124 132 34 59 20 -68 142 122 79 -224 207 -54 197 -175 -208 61 -85 11 206 -34 44 138 15 -13 247 -243 88 156 229 -127 -244 134 12 170 36 212 -124 86 -135 6 -114 41 40 9 -229 91 -163 128 186 49 246 -226 141 192 -108 -30 116 64 139 -233 13 -137 27 -47 219 193 87 217 4 -88 -159 -17 -100 -169 -70 -239 -89 -129 -154 -153 127 -101 52 129 188 -26 -215 -183 227 209 -210 94 67 205 153 74 97 168 -203 223 240 133 1 -8 172 92 225 104 -157 -28 -75 242 72 -143 130 -202 -46 115 215 -199 249 101 -16 166 -53 -107 -120 -160 -242 -223 102 -240 -225 100 -59 80 125 -209 -180 -91 -216 214 159 -29 57 -64 -217 184 93 -115 171 -113 155 236 50 -74 98 -248 68 -111 -56 0 -149 208 -146 144 -104 -230 28 120 -152 151 -241 -231 -228 71 196 103 -12 231 39 -128 33 17 154 232 167 -117 37 -65 235 -112 -45 -227 -76 -236 183 63 -214 218 -172 -170 198 -109 -198 -99 18 -200 -97 -71 -10 178 -19 -27 -119 152 -1 -130 8 -167 -22 24 75 -72 -105 -62 145 162 -178 -58 -165 -3 -77 -66 -31 -194 -35 -197 99 -140 -234 14 29 160 111 190 -235 -79 107 175 -139 140 45 -20 117 -38 203 199 136 189 131 -196 -39 143 -60 23 -86 -7 187 161 165 191 -43 123 48 248 -90 164 43 -69 -205 177 -190 69 230 -131 30 -219 149 -181 -176 -171 -4 135 2 -41 -18 -195 238 112 114 158 35 174 -132 -144 -36 
TEST 133 ARG:29 -176 -161 -82 -212 105 -179 149 -234 209 239 -68 -228 0 -60 173 207 145 136 -125 -183 146 -69 -28 -190 -238 -127 114 -30 148 231 -243 -9 -220 -165 2 47 -117 121 -157 66 24 183 -138 -17 -152 169 -168 -232 -119 -184 -154 80 216 140 201 191 9 218 -44 245 -200 128 -74 -130 -49 99 117 144 -229 71 -162 -145 -171 27 -54 -155 26 138 217 141 206 3 38 -236 -15 -101 -29 -247 -66 -97 -146 230 44 -51 -156 -56 -205 -40 85 175 -159 -245 160 -21 213 -113 -10 -246 -24 227 62 75 -3 -132 -218 -65 219 4 153 -170 -172 103 -217 -120 59 177 -203 -46 -8 176 56 8 -104 -91 -225 -150 -78 101 -241 104 -92 -12 -206 246 42 -227 -180 -231 -2 60 84 200 69 63 -75 -36 16 174 -235 32 -139 119 48 -214 229 142 -43 164 64 -136 25 -207 -169 83 -72 72 -242 127 223 189 137 -197 -70 -209 -4 -19 -67 232 154 178 172 -13 30 23 -11 -166 -118 18 -103 -18 -244 -7 76 21 112 -230 -37 49 52 55 139 61 181 233 -100 -84 41 -33 -185 77 -45 187 -59 163 182 208 155 185 94 -81 17 166 132 -219 -39 -99 -63 195 -16 186 110 -163 -221 228 159 214 -250 88 70 247 198 224 158 -223 82 152 20 -164 57 6 -199 107 -226 -208 167 -158 242 197 -134 -129 36 215 238 40 -22 211 -198 -57 -204 225 -187 -123 179 -86 68 -173 -215 -98 90 -188 -211 -167 -233 -41 91 123 -192 -186 162 -196 -106 168 45 -62 -210 -27 -222 87 -96 -55 120 131 165 -124 -108 -83 -58 125 74 171 -90 -114 -87 108 -61 188 58 86 1 28 150 -42 -191 -181 237 -20 31 222 184 -102 67 10 -95 -175 -48 -189 118 96 151 205 -131 51 -85 -52 -151 19 -112 212 226 -116 194 -202 98 -77 -32 43 11 5 89 34 -47 204 -6 -109 199 -182 161 39 92 130 15 -126 73 192 203 -14 -174 12 -135 -248 -194 143 156 37 -137 -249 -34 -142 78 35 53 133 243 -121 115 196 -143 -89 170 102 -88 -147 147 14 -122 -216 -193 -50 -35 -53 244 79 100 135 -107 -178 -153 -177 235 -115 202 81 248 241 236 -237 -25 -149 13 -240 -239 124 -160 111 -94 134 249 -105 -128 93 -195 22 -140 -5 -1 193 220 -201 -93 240 50 109 129 7 113 -31 157 -76 -148 -23 -64 210 106 -133 46 221 180 -213 126 -71 122 -38 -79 190 33 97 65 -141 -80 95 54 234 -73 -144 -224 -111 -26 -110 116 
TEST 134 ARG:50 -120 51 235 -132 33 78 180 -26 -166 -30 75 96 59 -38 46 -150 144 191 -196 -175 200 10 -74 126 -172 107 74 168 -95 214 -147 142 -205 -72 151 4 0 -97 212 185 52 -215 14 -237 -11 -111 170 57 41 -192 130 236 146 117 -165 222 118 209 223 -164 19 2 231 -133 -128 -75 -176 201 -167 -194 229 163 -190 -86 -3 114 -151 233 -91 -73 -193 -67 -207 80 -101 153 -243 -182 242 160 -130 -9 234 -210 -213 246 -107 17 99 -69 171 161 66 150 92 -113 13 93 174 63 -242 -85 139 -201 116 -155 -105 -110 131 86 -136 16 -122 -54 -173 -98 -249 -185 12 -231 179 82 -6 -40 -118 47 105 -102 -112 1 -104 -124 137 7 -56 138 5 70 -41 48 -88 166 -63 -79 45 94 -16 64 104 -181 248 -71 -50 -153 -177 -186 -47 -146 110 -200 195 -44 -171 61 135 -52 -198 119 157 -76 133 -127 56 199 188 71 193 -48 -121 210 156 28 -70 -216 237 -236 136 -117 219 84 -141 -116 79 141 132 67 -14 87 -139 -62 23 -204 -2 -103 -22 115 120 38 -179 -134 187 129 -27 147 221 -90 -238 102 158 -58 -81 -170 53 76 182 49 11 -218 196 149 35 -144 143 -178 26 83 3 -94 -23 230 -59 -45 -220 -33 -93 68 -225 241 192 55 217 95 -145 123 -17 -20 -53 -28 -13 -119 36 -83 -114 162 -180 30 -235 -46 -57 206 -156 -162 148 -206 -240 249 -212 60 140 34 -163 215 42 97 -64 127 -211 -222 224 -224 -68 -191 -214 -168 103 -241 -148 178 198 202 15 -152 -49 181 -184 -187 18 27 -109 100 -227 176 -29 -189 -24 122 -202 44 -217 20 -55 -137 -199 134 -10 8 -84 -1 -21 88 -60 -135 225 164 -25 186 22 204 43 -35 238 -96 213 -36 184 25 232 227 -51 -19 -82 155 81 -39 -78 -61 -34 -149 197 159 40 -223 -18 -37 62 -197 -160 -159 -142 -126 -123 239 72 -115 -158 -250 203 194 -154 -99 98 -42 -32 245 24 216 175 125 -66 31 226 -4 -125 112 -195 29 111 152 -221 177 -138 6 243 -5 -247 -89 -183 145 106 73 208 205 -244 -106 220 65 189 -209 109 101 -174 -80 77 -188 90 -15 172 169 -234 207 128 21 -140 91 -157 69 -226 -233 -208 -246 -169 -12 -65 108 -100 37 -77 89 183 218 -161 240 211 -232 154 -248 -228 124 190 9 -219 -239 32 -129 39 165 54 -131 -245 -8 173 -230 -203 167 247 -7 228 -87 244 113 -108 -229 85 -43 -143 58 -31 -92 121 
TEST 135 ARG:-241 240 -42 118 -198 102 -213 203 86 -96 -237 -23 -150 -106 22 -154 138 41 -239 -229 225 -138 -107 -202 -18 159 -195 -156 -160 33 -53 -89 154 -31 237 109 55 -68 71 202 5 89 -140 -222 -136 10 201 -178 70 167 147 -250 195 76 2 -59 -102 146 -46 -123 106 -92 -79 238 -70 -27 -76 -141 101 -164 17 -170 26 133 108 249 -74 -142 -135 30 188 61 -26 -210 216 194 -165 -152 191 87 -4 53 248 129 208 -52 -85 185 -17 144 244 149 -124 193 45 47 -30 197 -132 -9 -146 116 48 -183 -69 -109 -119 -128 -29 207 -159 38 -207 117 166 -22 49 -235 174 -199 -168 -113 25 62 200 -28 -73 143 65 231 241 -21 -204 -90 222 8 119 162 64 -1 184 209 74 228 4 68 -179 99 -118 -36 219 -215 -104 -45 -192 -66 181 172 37 -230 120 131 -200 -220 -75 114 -203 -212 85 -190 88 125 -39 -169 169 15 16 -67 63 -158 155 -110 -65 145 224 -149 42 192 -114 175 148 -60 -99 56 -248 -217 -223 -88 142 134 -13 211 94 7 205 187 -201 230 84 9 -243 93 213 32 -41 67 -228 199 -180 0 -115 -47 -226 -148 -227 -225 81 -2 -97 -51 -133 -246 113 -144 -188 -44 157 -211 176 -71 123 -105 80 -19 226 -81 66 220 -94 132 -57 239 -25 182 -174 210 126 -78 -234 103 28 -77 -34 141 39 -173 -16 -218 173 54 -196 -189 221 -182 247 229 -185 107 164 -117 98 -7 -249 -10 -232 -112 50 -147 -139 -205 -20 204 122 12 46 -93 -129 127 -145 153 198 190 165 135 -172 233 -80 82 137 -64 -197 -236 -245 -50 29 196 215 3 115 60 227 -244 150 75 -166 212 -56 -184 -40 -91 -108 57 6 152 -120 -231 95 -247 78 183 -83 -238 58 156 44 27 -6 -12 -177 158 -143 24 31 -134 121 -175 97 112 -62 96 51 179 -155 -214 140 -38 -43 -82 -219 189 -61 52 223 -194 -224 -100 139 124 -111 168 246 43 -206 -63 -49 -14 -86 105 92 -54 180 -87 59 14 -181 -15 -216 23 100 161 -161 243 -103 236 178 1 218 -98 21 -137 171 79 -32 -167 -191 186 -153 232 214 -131 73 77 104 -37 91 -95 -240 -3 83 -84 130 19 206 11 72 18 -221 -55 235 111 -127 40 177 110 -151 -208 -233 -24 160 -130 -11 -126 -193 -171 242 170 217 -72 -5 -157 -58 -48 90 -122 151 163 13 128 245 -35 -162 -8 -116 -242 -186 -187 -33 20 -125 234 69 -209 36 -101 35 -163 -176 -121 34 136 
TEST 136 ARG:226 -102 175 49 -101 75 -13 -196 231 -161 184 139 108 -213 -49 -38 2 211 -35 114 123 22 -219 -107 -170 10 61 120 -248 -23 193 -54 32 247 26 205 144 11 -180 -55 -168 94 194 -124 180 -135 4 -120 -46 197 -241 46 245 185 -192 -75 -94 112 82 -225 212 125 176 -34 159 60 -87 -39 168 152 -3 225 -29 -6 241 -19 -51 217 14 -149 -92 -52 199 91 154 -12 13 -118 -243 48 89 182 -208 76 55 -128 -236 222 -247 -215 -103 145 133 -108 -190 -78 122 -145 -82 -222 90 98 -110 18 -2 64 -79 69 -109 16 237 -198 -210 47 155 -183 -188 -193 -200 1 -195 234 -22 8 -216 -151 -139 -64 232 97 -199 191 -117 -155 -140 -40 170 21 -104 171 -60 132 149 92 -240 -24 100 -4 93 207 -17 -68 -84 9 236 -158 -42 -237 186 86 53 -77 187 -148 58 239 160 73 163 147 -165 -178 -143 77 -246 -71 -163 -106 -53 -175 28 200 35 -154 -126 136 84 78 57 151 -125 141 230 51 -96 -70 167 -95 -224 -116 -132 -20 68 188 -25 -203 135 -111 177 169 -174 -169 -184 131 179 -90 -74 -8 -28 -47 119 -209 165 248 30 19 34 161 -220 -100 80 -86 43 -186 -207 24 -10 -242 -249 210 36 124 -147 -80 -136 -59 25 0 216 -48 -16 5 106 -152 137 -129 -131 -61 189 7 -176 204 113 44 -153 -63 156 15 172 -115 -167 -9 23 -189 -179 140 -228 -45 -66 56 246 -11 242 -226 126 -250 62 -37 -26 29 115 110 -211 81 96 -177 -123 79 -150 181 -235 -229 138 -233 -245 -5 213 -230 -73 158 -18 -121 -83 -187 129 -14 134 -202 -182 233 215 208 95 85 50 41 103 -62 162 -1 102 -185 244 223 -238 -85 17 -206 -205 59 99 150 -44 101 104 87 27 196 39 -76 -27 -105 121 238 -69 143 224 148 178 71 -36 198 65 202 -56 52 -57 -50 -119 -97 -171 153 -157 209 -7 -214 116 -99 -204 -239 83 -88 -156 109 -217 -58 -162 -81 54 105 -138 -31 67 -159 -173 240 -33 -137 -244 6 221 235 142 -89 70 -15 -218 -32 -141 -191 -181 201 203 174 127 -221 107 -146 -91 31 249 206 -160 227 38 72 -130 -134 33 37 173 -227 -41 20 66 128 130 164 42 -43 -67 -21 -223 -172 -72 -65 3 74 220 218 195 63 -114 40 -164 -98 45 111 -231 157 -142 183 88 -144 -122 -127 -234 219 -113 -30 -232 -133 228 -194 190 -201 -212 -93 118 229 166 -166 -197 192 12 214 -112 243 117 146 
TEST 137 ARG:246 149 -178 40 29 74 -171 66 -158 207 214 -194 227 -11 -219 54 114 14 -69 59 83 -36 206 208 126 -154 -128 161 -113 11 -94 111 -75 166 211 196 -93 123 191 -92 -192 -248 -86 86 -126 -172 -221 197 -122 151 1 -115 -240 -134 -127 -45 -73 -1 144 -207 -38 169 249 -28 152 -159 -142 76 -18 117 181 -208 60 244 159 109 -189 19 -165 -77 221 -22 13 -184 -16 179 175 -200 -89 -241 -119 -132 226 245 -146 37 -84 -143 85 -40 -32 -95 218 165 177 230 -97 121 -112 -179 -199 65 -60 -247 147 -64 -58 168 -83 145 93 -121 -90 155 -63 198 -202 36 -17 87 64 212 248 219 103 242 106 120 -96 139 -186 100 236 176 -33 -211 -190 63 172 -105 53 182 49 -52 -148 18 -106 162 -70 -51 -29 0 -228 58 55 -49 -206 94 3 -37 -4 -141 84 99 -27 -217 204 108 -161 28 -153 -135 -220 -249 -48 119 97 -46 -44 -3 -181 131 -123 -55 -197 -79 -209 112 -218 96 -85 15 17 224 38 105 -108 -167 -98 24 -56 146 -124 190 -210 189 77 -149 107 194 132 39 95 33 -223 -82 -183 45 81 -233 -39 -244 184 -140 215 -198 235 -162 116 203 229 142 148 141 199 -104 -76 -47 -214 72 2 133 193 -139 21 223 -78 130 234 163 239 -250 44 202 -232 50 -155 174 9 129 -177 -57 -23 158 6 209 -21 30 -12 -204 -136 92 -243 113 8 -61 -160 -7 -236 -50 125 -19 -225 -133 -71 -188 183 56 -144 -224 195 233 192 -68 -176 -87 5 -138 32 188 231 225 -175 -13 -88 -20 71 -35 -229 -26 -25 -195 220 216 150 4 -66 241 41 75 57 25 48 167 -72 135 -24 -129 -187 170 187 26 69 -239 70 -166 143 43 186 122 -114 102 -30 -169 -151 -203 115 222 240 91 -156 79 160 -180 -14 -5 -34 101 -170 20 -59 -230 7 118 128 -227 238 61 82 -246 -216 -164 -205 46 185 -163 -145 -238 200 35 -150 205 12 16 164 -8 88 -67 -168 110 210 68 154 180 -117 -226 136 62 -235 -174 -99 140 -196 127 -173 137 -191 -9 157 -54 78 -110 -6 47 -100 -245 -62 31 -80 -42 -120 -111 156 67 73 138 80 34 27 247 10 -109 -125 124 243 237 178 -116 -74 -234 90 -131 217 89 -118 -231 -215 -212 -107 153 -242 -147 -152 104 -43 -81 -41 23 51 -201 22 -53 -65 213 -103 232 -15 -222 -157 -102 -182 -237 52 42 -137 -91 171 -185 -101 228 -213 -10 -2 -193 201 134 -130 173 -31 98 
TEST 138 ARG:-129 48 -97 150 237 -43 -13 90 212 92 127 -177 -211 36 64 173 63 -32 216 39 46 -154 -78 188 -82 -248 -27 -4 89 -100 175 144 -91 122 221 -162 158 -159 240 139 -25 -244 133 27 -173 -142 85 195 -56 111 206 37 99 -134 -136 -131 -166 -243 -199 -194 88 -26 49 128 -38 -21 236 58 35 226 -76 235 145 34 47 232 -23 15 9 -188 60 16 -186 204 -48 -190 -193 -225 -108 -128 -92 117 -72 231 -19 7 75 59 199 -139 182 184 118 163 -158 -168 -81 76 123 202 -185 -242 248 217 -103 -212 121 19 157 31 196 -52 -11 -12 -79 -151 25 -58 72 147 1 -246 124 94 -95 -176 249 -69 -70 17 -114 105 -67 -207 210 241 244 191 152 -153 166 3 238 -140 218 192 176 29 183 155 208 170 222 229 71 84 -80 -101 -238 -144 -98 -74 -33 223 -39 -143 -222 -239 -170 -51 -77 66 96 -34 234 -122 149 4 161 153 -102 -217 -2 -110 130 -96 26 -17 -86 -22 -241 23 21 44 -147 -3 -35 135 65 101 77 -219 -119 -205 165 -124 177 148 -227 32 228 -20 -24 11 73 102 180 -127 -68 -60 -87 -210 108 -229 -62 -141 -146 56 -226 174 -138 168 -40 -50 -55 87 178 104 -214 146 -209 -63 38 91 -54 14 -228 143 -240 -161 -30 -165 97 -90 -195 -213 -47 242 -7 112 -191 20 -93 83 214 -41 113 62 -113 138 -230 129 61 -204 114 -192 50 55 -183 -216 -118 -66 115 110 134 68 51 -115 10 -10 233 -220 43 -111 -174 -107 -160 57 -99 194 246 53 -234 81 -232 80 -250 -249 -171 164 -36 30 245 239 -215 -201 95 169 -132 78 -245 -197 -42 -156 -117 -203 247 -181 -130 -247 -233 -179 -163 141 198 -29 189 106 119 -73 -235 -46 193 -9 205 -150 -112 159 -49 137 136 18 -200 227 86 -5 33 160 -223 8 167 -208 -28 215 203 131 -75 79 -105 187 -45 -123 179 197 -85 -94 151 13 24 54 -236 12 -155 140 -231 -137 41 219 230 -16 -187 -64 -178 -218 201 -31 82 -65 -1 -198 103 -84 207 154 -145 156 -8 -148 -109 -182 -133 -6 211 100 -175 181 -152 225 -18 -44 -167 -224 -202 -83 -126 116 200 142 120 220 107 -206 -15 125 -37 28 -180 162 -237 -157 -104 243 5 45 98 109 171 -88 67 190 -89 -189 -221 -196 -116 -172 -149 -106 185 -121 -61 224 -135 52 -59 186 69 -120 209 74 -71 -57 22 -14 0 -125 -53 93 -164 213 -169 6 40 126 42 2 132 70 -184 172 
TEST 139 ARG:-33 73 -103 207 -138 27 -65 74 214 168 162 -213 37 99 109 -223 34 -25 -134 -130 -21 101 -227 239 104 -205 11 -142 82 -177 238 171 247 -14 13 153 62 -249 -185 -64 131 -183 6 -123 98 -184 -146 94 -175 -71 -110 71 -241 46 -240 18 -250 -52 133 -171 157 196 -159 218 -202 -11 -86 -88 -102 58 249 121 -195 138 -66 125 -239 -152 102 242 -114 24 199 50 -189 -141 -215 88 -47 136 55 -228 -133 111 -137 63 17 -68 -236 -190 227 -112 143 -15 -160 -208 -225 -153 225 75 237 79 -67 234 7 209 103 124 -167 45 -222 127 243 139 212 130 198 -72 -63 159 57 186 114 -207 230 -168 -96 77 -217 -92 200 -36 161 184 -131 59 -89 224 128 -60 -77 -220 119 -246 2 -193 -59 65 -7 -75 -165 97 169 163 -235 -13 -18 -154 -56 146 -145 -204 14 93 -187 -83 -105 -242 -10 108 -113 -27 112 217 -95 21 -84 -35 -125 142 -149 3 -119 -196 -127 221 216 -181 -233 -164 54 -132 89 -51 -126 -169 -38 -139 96 56 -109 105 154 -176 -85 66 208 70 219 -210 132 -136 -117 87 -120 -20 43 -104 229 -80 -232 245 -231 149 -49 -37 -118 187 30 175 -211 -70 -2 188 -57 -41 -140 31 -23 5 135 179 145 -218 -188 -244 15 210 194 -216 -179 68 4 -173 52 156 -50 -8 206 -129 -82 150 -3 -16 -69 69 -219 95 241 67 -1 232 32 51 -214 -91 -150 44 -197 -58 137 -148 90 12 158 -81 78 -151 233 83 -144 60 -200 -243 140 201 181 129 80 213 29 35 -224 117 -128 116 -180 53 23 174 -182 -108 185 48 -26 -61 183 -248 -174 -62 -94 -4 215 172 182 -42 91 -194 248 -22 141 222 -54 64 -79 197 76 -158 -45 -39 134 8 -122 -74 -24 -76 -90 118 84 123 231 -156 -157 -155 -212 151 38 40 228 -28 160 -221 16 -17 -87 -163 10 235 152 -186 -203 113 -100 176 -206 -55 167 203 -226 -238 0 -191 100 72 -230 47 -234 -247 -245 144 22 148 -161 -229 236 147 -12 -34 -237 246 190 170 85 -46 165 -143 211 42 164 -43 -99 -40 193 1 -5 -135 189 195 205 126 -98 86 -78 -172 -166 202 61 33 173 -107 -6 36 -178 240 -97 120 177 49 92 244 -32 110 41 180 192 20 -111 166 220 155 122 107 26 -115 191 28 -44 -101 -9 -29 19 -192 -199 -73 81 223 -147 -121 39 -93 -30 25 226 -198 106 204 -31 178 -48 -162 -116 115 -106 -209 -19 9 -201 -170 -53 -124 
TEST 140 ARG:-76 138 -239 -87 88 240 -135 -55 132 -229 123 193 -80 43 153 212 -238 -169 213 224 -133 -166 -124 40 133 242 -172 237 -85 -57 -165 115 -22 -52 -148 -88 163 60 230 -97 198 -176 246 3 -197 148 2 220 -211 235 -207 74 1 -6 107 22 101 85 -26 181 -30 90 -249 -114 180 -39 -11 -83 -243 65 164 -201 -181 -191 -27 -36 -129 -56 4 -210 -143 127 55 -228 -119 -60 110 -171 -16 17 30 33 32 -67 -34 -185 102 78 10 238 94 -61 -95 -32 215 -145 -51 219 100 231 -240 -29 -157 23 -182 38 -8 -19 -117 -3 137 -46 -18 -63 202 -41 57 -225 177 -155 151 189 86 -104 -173 -90 -196 130 146 49 214 -65 104 -179 178 118 54 -45 50 -208 182 109 -190 -121 150 -58 199 -49 -21 27 -72 -23 35 211 205 124 -84 73 76 -206 -156 190 179 116 -199 159 36 26 -189 165 -101 -54 226 233 -35 -200 -47 -42 -81 -231 52 -92 84 -193 12 172 70 -234 -209 134 -130 -127 187 -220 -140 -205 -82 72 186 -112 24 -7 19 126 149 89 -48 191 -214 -102 -126 143 -174 25 53 -110 48 97 -68 69 218 5 -74 -142 8 188 -123 196 147 117 95 194 -217 -115 114 -128 11 108 -138 29 236 -17 67 -38 174 175 -13 -168 -160 -164 -50 -105 -215 -79 184 -167 -194 51 112 64 207 81 -53 129 -116 167 45 -242 -37 203 -216 -153 -233 -222 140 208 -241 -137 -161 173 -118 -100 204 154 -25 105 -106 20 -69 200 -24 113 141 37 47 -4 66 228 -109 -232 185 -62 139 -180 -120 142 62 31 93 -175 -44 -59 -77 135 156 13 46 -152 75 170 243 -40 197 82 -107 -184 -75 -139 -91 -192 -162 -70 -108 -245 77 59 241 -15 122 -202 -43 -31 -141 -64 111 -98 56 -136 -226 -150 -9 176 128 71 -163 155 99 -5 -111 -125 -20 -246 16 -177 227 201 -134 192 7 -218 157 -244 -247 221 98 -204 -2 96 -235 222 232 15 6 -236 -219 0 -188 -132 -213 -66 -96 58 -154 39 -149 160 -122 216 248 9 -151 28 92 -93 -33 206 -170 158 -131 -212 -203 21 -230 80 -227 -186 -248 -187 -73 83 131 -89 106 87 -28 -86 195 244 161 145 229 -237 249 -1 -71 -178 136 -99 144 -158 120 -94 169 18 91 245 121 125 152 -198 -103 -78 210 209 162 -147 68 166 -159 -146 -10 -223 183 -224 42 -144 119 14 -14 -221 -195 -250 63 234 225 171 223 239 -12 34 103 -113 168 247 61 217 41 -183 44 79 
TEST 141 ARG:25 -238 68 117 -210 202 27 143 147 -112 -18 160 186 155 0 -88 2 181 60 -242 23 58 -94 -225 -120 -6 159 -27 -135 84 -141 78 -184 -176 195 -81 -188 -207 129 50 199 -138 106 -166 193 -4 17 -23 158 -49 -65 220 -187 -185 148 -164 103 98 142 44 -155 139 -103 -59 99 -92 56 115 69 245 14 -224 -162 -21 -9 243 204 -195 -234 -102 -34 141 -222 179 -66 3 -124 -131 -11 108 -150 -78 76 -54 100 177 123 248 190 140 238 -240 -212 -136 4 -149 -169 -129 247 -205 116 96 -231 -217 -243 45 55 35 -223 -159 215 41 249 122 -63 233 228 -118 -73 -140 144 24 -226 232 -134 150 151 124 -215 80 94 -61 -110 -7 234 164 138 226 9 -174 1 73 -45 -191 -67 -151 67 -229 102 21 -246 -119 -232 29 -163 165 157 246 -53 -29 75 209 240 227 -74 -186 197 125 -12 -115 -196 -143 -239 79 -211 61 -220 -194 -36 -52 -213 172 -15 105 -209 39 170 -56 -3 -182 88 -248 95 -190 119 -198 -93 194 -235 16 30 167 -202 -203 -8 13 -127 -189 -180 110 -57 169 -91 70 -35 -71 -178 43 90 -26 -221 53 -167 85 109 223 -241 51 -14 -64 -145 6 -87 -75 -181 183 -33 205 -179 -50 -218 149 -165 32 -123 -16 -60 -44 97 -68 191 133 173 -233 12 120 -183 -139 224 201 130 7 -17 111 -204 166 -43 -41 -214 -19 72 -108 187 -5 -193 -147 211 -107 235 189 -95 180 -58 87 216 163 114 81 241 212 -47 -109 -42 -130 206 188 -48 -28 33 -156 -172 225 19 -170 -105 57 77 -206 28 -40 -157 18 -83 113 -121 198 34 222 22 -97 20 -31 -132 42 36 171 -177 221 -90 -142 -84 -98 168 236 146 176 -86 46 -128 71 134 -69 184 104 214 -51 -46 -152 127 -62 48 230 37 54 -1 -76 -116 -20 101 128 -171 135 -237 -158 -10 -79 89 161 185 -30 52 162 -113 192 136 -192 -25 153 -160 156 62 31 82 66 -38 49 -175 121 131 174 -39 10 -250 -148 210 107 -144 -101 -89 -173 152 26 91 -125 -111 40 63 -80 -244 74 -114 -77 -168 175 178 -154 -117 64 -37 -122 219 93 -208 237 -32 137 5 -230 11 239 203 15 -249 200 -72 -133 218 -236 196 -161 118 -200 231 -199 -245 59 -85 217 -153 126 65 -216 92 -146 244 -100 -13 -2 -228 -201 83 -24 -104 -106 -227 8 -197 208 38 86 -22 -137 -126 182 -70 154 -247 -55 207 213 -96 -99 -82 -219 132 47 145 229 242 112 
TEST 142 ARG:-216 -223 -49 209 8 23 -55 214 -174 -86 -127 -22 171 -132 193 -58 27 -197 29 2 -201 -198 -107 -247 -207 -250 -106 210 6 200 63 -125 -199 -208 -244 0 137 -40 77 64 -74 -95 -176 -245 242 159 -20 -93 -98 170 -41 232 46 -226 105 5 -157 -26 88 -219 -175 18 103 -33 100 -111 -179 -85 -130 -248 104 123 -121 31 185 157 -188 -234 -91 -83 -16 98 161 160 -159 69 -183 112 82 110 163 106 -45 -134 -59 47 -96 241 -151 219 -15 -118 -171 49 248 -167 -39 -148 -141 -191 -23 -35 -72 61 -2 207 129 -233 101 191 -249 -190 216 -123 -160 38 -66 -149 26 -185 -166 20 -181 113 -1 -165 237 -120 239 173 -168 -180 151 174 9 138 217 121 142 -53 12 -30 58 -48 143 244 -7 178 -54 81 184 97 153 -37 -137 -230 -24 -184 24 -142 198 -76 177 -206 -218 -169 -116 133 230 -112 35 115 195 164 44 -57 -129 -224 140 -79 21 145 130 -89 54 238 154 -62 7 -21 126 -196 -172 -209 16 89 134 -87 -17 -8 39 -161 -77 -152 -44 -153 128 149 120 -38 62 -215 -12 57 -65 118 218 150 30 125 -47 190 4 -170 45 -90 183 176 -36 -144 234 -193 -217 -31 -140 -147 17 182 -70 116 36 175 -104 -143 -4 -236 14 -19 -88 95 -102 156 -237 124 -71 -42 70 -243 -119 -210 229 -220 -68 211 -73 -146 -203 -81 222 15 231 135 -204 131 -213 93 -109 247 228 -205 -150 168 167 -56 -242 152 114 -11 87 204 -239 -221 -235 -192 -64 127 71 122 181 55 66 32 -246 34 146 -84 -162 -135 186 -63 155 -114 3 192 78 136 -5 96 -75 201 -195 -187 -101 94 208 -110 -124 68 -232 169 -29 41 -202 224 -60 111 -154 -82 -113 225 -138 13 107 40 246 -189 85 -69 -131 240 -34 226 -14 220 236 -67 43 80 28 -78 -211 -92 42 227 -178 144 -46 243 172 -108 249 -25 141 203 56 -9 194 199 188 76 -186 92 -13 -173 -156 180 235 -164 -51 202 25 102 -3 212 213 -52 60 221 -128 119 79 -27 84 -158 -238 -32 -241 245 -18 91 -227 -136 -97 166 1 11 -50 206 158 -182 179 -200 -228 215 -214 37 -80 -163 -94 10 72 -139 74 132 75 59 -194 86 -117 48 -115 83 -145 -105 205 148 -122 -133 162 108 67 53 -6 147 139 -100 196 -155 -10 -177 33 109 187 19 -225 52 -231 -28 -99 51 -126 50 22 -61 165 -43 223 197 -222 117 233 90 65 -212 189 -229 -240 73 -103 99 
TEST 143 ARG:57 -152 -157 129 -17 153 -239 2 -138 178 -224 47 61 -95 -44 -127 69 245 -78 -164 148 218 23 229 -232 -160 -46 -200 195 234 60 53 -231 164 99 -151 -196 203 5 -30 -161 -68 55 150 224 -118 -249 143 -10 155 20 -207 -182 -217 -86 194 196 -227 91 -4 13 -20 -1 85 -134 186 -22 157 -248 122 181 112 -50 242 -215 -76 -236 11 111 4 185 -194 231 102 -175 -87 142 28 -16 -5 -228 72 -176 -179 -42 132 29 187 -65 179 -146 -19 50 98 -148 -2 71 -150 -131 -172 -183 -48 225 52 -115 -112 -184 123 236 68 7 -107 31 -13 80 -178 -202 -209 119 189 -23 169 -53 36 -186 -120 -80 -226 -100 -185 159 -119 -244 -101 -73 -187 -56 192 152 34 -29 -93 138 172 106 210 93 48 -81 -242 239 -191 90 -57 207 227 235 168 212 54 22 -26 56 97 184 -55 32 216 -233 -132 201 -103 -159 86 222 -166 130 -9 27 -208 110 125 -25 -54 -212 -84 -198 -201 6 -79 230 63 -163 66 77 214 -193 -38 -106 -195 226 170 0 -129 124 161 121 240 116 59 -205 -204 33 87 89 188 -113 -40 -216 115 139 3 -37 135 96 -235 249 -51 -190 -21 30 -192 -250 -96 -181 25 183 -64 118 -70 -75 -173 126 42 -203 -31 182 108 -214 -116 -104 233 217 -98 58 -213 74 -85 104 -211 105 -62 -61 15 198 -156 202 -12 67 16 -240 160 -105 180 -124 -128 12 -34 -14 191 -11 141 24 -18 88 154 220 45 -141 -229 145 -36 -135 190 -72 -210 43 151 -45 -137 -27 103 -142 84 -139 -125 -77 -7 39 -133 146 -24 205 -108 134 -90 92 -94 8 -58 -122 206 -218 -82 -43 -52 -206 75 165 95 -66 81 213 176 -241 -121 -174 147 -246 162 35 200 41 113 -32 127 -237 -6 237 -88 228 109 -177 128 -143 117 114 247 -154 -247 -165 -130 -223 -89 26 133 82 -3 -117 -126 197 10 -8 -92 -153 221 -74 -83 193 -111 -59 107 62 -147 65 -180 232 101 -109 136 158 -39 173 -197 209 17 140 166 83 19 -15 -110 46 208 120 37 18 -170 -33 -102 51 78 38 243 -60 -238 -99 -219 76 1 -136 -243 -167 -47 215 174 -189 -28 40 -71 70 -97 -222 -158 73 238 211 -168 -155 -234 49 248 -144 246 64 -67 -123 177 223 199 -230 -199 -169 156 -225 100 -69 94 44 -221 219 163 -188 21 144 -245 -35 131 241 137 -49 244 149 -63 -140 -162 167 -41 -171 -149 9 -145 204 -114 79 -91 175 14 -220 171 
TEST 144 ARG:178 134 139 -165 21 -34 -38 72 -177 135 -84 145 -119 219 242 97 107 -157 -128 90 19 -136 -117 -52 181 -76 144 -107 54 201 171 60 121 -92 -121 -72 247 114 86 -21 162 211 165 79 100 -195 -129 -57 -122 -25 65 59 -62 93 -159 -111 -56 160 175 -219 -29 -242 1 186 -137 -97 -130 -23 68 -233 -245 10 82 182 -61 -250 -220 -202 -75 13 143 122 217 -53 67 152 -123 -32 232 46 -67 62 15 119 110 11 -12 -151 38 249 -106 2 148 -15 -214 63 -96 -78 -241 -249 -154 -95 27 -98 124 193 226 213 45 -22 -133 -237 223 91 228 74 -13 199 215 -30 146 41 71 191 -65 -44 -149 138 179 48 101 -26 -184 -54 163 208 -39 -148 170 187 133 96 216 94 -246 18 118 -70 42 -68 77 61 127 177 85 233 23 -216 -79 -205 26 244 40 -203 -50 174 -118 239 109 105 214 -110 -48 -141 -42 -7 -145 203 -4 -211 235 -170 -247 37 132 -45 -51 -5 -1 31 -73 -94 -31 -9 -138 -20 33 150 189 -227 172 212 -88 -101 16 161 39 -156 80 142 -185 -191 183 -232 64 -213 -134 180 -188 -37 -226 -198 248 195 -229 -160 -235 210 -28 -167 3 -217 188 205 176 30 53 173 -46 224 -58 155 -147 -240 4 58 -152 -124 -144 -201 184 198 -218 -104 -225 -155 -172 -18 240 50 83 -161 17 -236 -40 -109 29 140 -80 -60 -17 -89 153 -193 -126 70 103 220 243 236 -204 28 218 169 111 151 125 -196 229 167 -166 241 166 -228 -163 207 225 -33 -6 84 -43 -244 49 -192 36 -179 -71 202 115 32 -206 -230 -112 -108 -153 -105 -131 -212 89 196 -186 -199 -113 -86 -150 157 6 14 -181 -243 73 -63 231 -114 -66 129 -210 -99 238 -100 222 -41 -24 -103 -207 156 -132 88 -168 69 -87 -176 221 5 56 43 -215 75 190 -169 185 -125 230 117 -197 -36 -59 87 141 78 -208 234 99 194 -238 24 -209 113 130 -8 -120 -115 35 20 47 245 192 -143 81 -81 -93 66 -171 -127 -162 12 200 -222 -224 136 -142 158 -158 -231 -139 237 -239 -234 -83 -135 -178 76 104 -91 149 168 -77 164 -90 154 -64 -223 44 -74 -187 -11 126 227 -140 159 -190 55 -174 -69 -82 -164 7 0 -35 -3 22 108 25 -55 -183 112 8 -116 95 -27 9 116 106 209 -19 92 -49 -14 -200 -2 34 137 246 123 -146 -175 120 52 -182 51 -180 206 -10 -16 -173 -189 -85 147 -221 -102 131 204 57 -248 98 -47 -194 197 102 128 
TEST 145 ARG:141 99 -1 -227 -59 -109 -167 95 51 -199 172 -157 236 244 191 155 -92 -100 -40 -150 205 74 -101 86 46 -42 -33 213 69 -50 -15 71 152 -108 157 -78 -48 60 183 -191 243 -97 -137 192 246 -223 -21 -125 -177 169 228 59 -88 -175 -208 139 -169 165 -28 29 -124 68 82 133 -90 181 98 42 -123 237 -226 115 161 -215 -121 240 -41 203 194 32 19 207 234 -179 -220 96 -145 18 -159 -240 -212 91 -69 215 50 174 -14 -62 55 -52 -51 -247 -192 -171 -178 -24 -143 239 220 90 -127 235 0 153 151 198 110 -17 -221 83 -152 -5 -162 11 63 -141 -93 -16 -194 190 -182 62 -130 22 116 -9 73 242 30 75 -250 102 -95 -211 52 193 -238 104 -76 168 188 200 9 -83 -204 -74 -180 -82 166 -80 -45 -231 196 -142 -91 245 -153 158 173 -213 223 113 134 -46 164 -244 177 121 -6 47 199 212 117 206 131 -26 -151 112 93 -65 -63 -73 -32 -105 -36 101 -163 84 -236 -168 -173 107 -186 -66 -19 67 -10 137 -200 -218 12 4 -79 -144 45 3 142 241 -67 -133 120 -187 136 178 130 -107 140 150 53 -60 146 195 24 -181 -70 -188 -2 56 -56 202 -242 210 122 186 184 -136 128 -229 135 -219 87 -172 149 20 105 -117 -166 226 40 -102 57 -183 175 27 233 14 35 34 -225 163 -61 -120 70 -243 179 -174 114 -11 -165 171 -85 61 160 31 -217 197 180 -27 -43 -245 8 156 231 187 81 88 -224 -189 217 49 -132 -86 -39 -248 -113 -203 21 -185 227 109 208 -148 92 -35 -230 -239 -4 -170 219 94 -116 -103 -13 -249 248 43 -25 10 119 -20 126 85 -210 39 225 -131 218 -158 -164 -122 -118 129 159 124 -149 -7 182 -193 -96 -112 -99 -84 108 -135 38 -234 -176 -119 -57 229 -233 -232 145 16 -138 209 214 -196 143 -110 13 238 -72 -31 167 232 2 -8 -115 -75 -54 -154 78 -129 222 -198 123 -205 -89 144 28 125 -37 -23 41 -235 -209 230 -155 58 185 66 -55 -44 -126 106 -128 -156 17 -241 -18 -147 -146 170 5 54 25 201 -58 -87 -222 176 -114 147 79 -49 -207 -3 72 77 89 204 138 -71 -246 33 -202 -47 148 154 -214 65 37 44 111 48 -64 -140 -30 -34 127 100 -77 132 -190 -195 -139 -160 -53 -38 26 -68 -29 189 -184 -206 103 1 -94 23 7 247 -237 80 76 -98 249 64 6 -106 221 -104 162 -161 -12 118 -197 -22 97 211 216 15 -134 -81 -228 -216 -201 224 -111 36 
TEST 146 ARG:121 182 146 106 97 225 -93 122 114 55 -57 119 -191 -213 4 -114 -217 127 140 110 29 -98 15 -165 -192 163 67 152 118 -228 157 41 107 12 100 -51 56 37 1 241 155 123 92 -162 207 158 176 -143 101 248 66 -232 82 -5 -210 -224 202 -218 -151 172 -134 -53 -207 209 -112 199 9 -50 -41 21 -40 -62 -91 49 191 54 99 -68 230 135 -23 173 16 19 234 -250 71 -126 166 185 174 133 -188 -79 -109 104 63 -178 138 96 79 46 -48 144 -22 11 42 196 -248 25 -187 30 -56 113 87 109 -189 38 141 -140 115 247 180 -59 206 246 134 -43 27 28 125 -113 236 190 -116 226 -149 -157 -221 31 233 193 -153 68 -183 62 -20 169 160 -119 171 22 -106 83 -32 227 -180 -247 -16 86 18 -107 124 198 168 -77 -111 -128 242 -37 105 -17 215 -1 -236 187 -132 244 -69 177 -182 139 -100 -96 154 -104 -73 -60 -97 -177 -72 43 -193 -202 -105 72 84 -200 -150 -164 223 238 116 13 -9 -44 -186 249 -194 -145 130 2 80 -249 -174 88 44 -175 -166 -92 -52 -30 6 78 -61 -10 240 -85 164 -172 126 -138 -25 90 112 102 -176 -241 -74 -196 -7 -152 -197 -38 -24 -76 -161 20 -179 -209 -26 162 -82 14 0 -195 -29 -220 108 -58 -206 -211 188 -27 -233 -28 -235 -101 -11 -65 -131 -155 -147 40 153 131 181 -225 228 178 95 -146 205 243 -229 -2 -234 -120 194 210 34 161 103 -86 -198 -110 -118 98 147 137 77 219 -245 10 -36 69 128 -205 117 -201 -89 -212 -160 -230 35 50 -142 -238 -185 -227 -12 231 -42 -204 -163 221 -49 -171 -117 -6 26 -170 184 -121 -35 120 204 73 222 111 150 -46 151 -71 -47 212 76 -54 -83 53 -45 -168 45 -78 148 -173 85 197 74 -246 -75 232 156 81 -84 142 -239 -219 -4 175 229 239 -80 145 3 217 201 -167 -63 -203 -33 -3 167 -115 218 -148 94 36 -15 213 -124 -216 179 70 -169 129 -156 -87 -129 235 47 -31 -66 -223 -64 -13 60 48 -139 51 -103 -244 220 211 89 7 -240 -125 -90 -214 -135 -99 224 -190 -141 -67 -94 57 64 -55 143 39 -39 -144 -122 -133 -242 -95 -243 -81 -154 -222 -21 237 33 -159 200 61 24 65 93 186 159 -8 214 -70 -18 -137 -102 192 189 136 149 52 195 170 -158 183 -88 -181 -226 -199 203 58 -19 -136 17 59 91 -108 -14 132 165 8 -127 245 -231 216 -34 -123 208 -208 -184 -215 5 -130 32 75 23 -237 
TEST 147 ARG:-226 160 178 84 3 -58 -60 163 230 2 -169 -33 31 -134 133 198 226 173 71 -199 44 -237 -197 -107 144 -23 167 -71 32 -188 -7 95 77 -132 61 72 188 -21 -244 -40 -53 -157 -38 134 64 217 86 -46 139 -178 -77 132 -123 49 18 -242 202 -63 -44 -232 157 152 174 57 181 -97 162 -48 -15 -229 -83 1 -100 45 -55 -171 -73 60 116 -108 117 -16 225 94 -173 -5 -47 -65 200 -115 81 -210 43 -136 -152 -203 175 240 -183 -184 216 -104 -164 189 -204 107 -160 -106 -243 -96 79 -230 -192 -67 106 -28 -122 -37 114 -95 -224 -30 192 155 -195 36 -223 -101 122 65 105 183 -127 169 56 104 -151 -181 111 214 -172 232 179 -117 -240 12 176 184 126 26 69 131 233 203 91 42 -103 -78 154 -220 191 82 80 119 -141 -32 -4 76 147 204 -128 53 35 193 -87 39 59 148 66 -170 195 93 196 -18 11 227 212 110 164 -79 -214 -137 -36 -200 -24 -179 -116 248 -139 236 166 -42 -219 -35 28 158 -234 237 -150 -112 129 -86 242 -194 70 187 229 -54 -216 29 143 -85 -81 -222 -39 -146 -129 -102 219 -239 -59 87 -168 -180 -57 -41 -212 -190 -50 37 218 -75 4 -22 -193 38 101 -225 62 123 235 14 211 180 -49 -11 -149 130 238 244 -167 48 146 -29 -1 -110 -124 -90 222 7 -89 -34 161 -98 -51 -207 16 -121 201 135 128 153 -118 -140 -69 -119 25 8 209 -109 150 103 -148 -174 -27 -215 -20 100 234 151 170 -201 -99 197 -94 -64 24 -231 -155 46 -189 182 228 -105 239 118 73 141 20 -31 120 206 172 67 249 52 55 -17 -143 13 247 177 137 165 -80 -211 109 -126 -125 -202 -245 -12 -228 -130 -248 140 58 -111 5 -6 -177 40 -133 -25 -147 -162 -66 -185 -163 102 213 17 -43 -93 -165 -250 -176 -238 -159 -161 -236 171 34 185 68 75 -135 -158 89 54 15 98 85 -26 223 -138 -114 -91 97 231 9 -182 -145 210 -8 199 -175 115 112 -208 -92 149 221 -191 90 -233 127 92 241 -84 245 138 -227 -19 -56 -72 -235 96 88 -209 33 21 108 -154 -186 27 -247 -142 207 47 -241 23 -45 -218 -62 -3 113 78 -10 142 19 -196 -166 205 -74 -153 -76 0 50 -131 159 -2 136 22 -144 -70 63 30 156 168 124 -13 -61 -187 -246 145 -120 125 6 83 194 -156 10 99 -249 -68 -82 51 246 121 208 220 -205 41 -221 224 -217 -206 243 -9 -14 -88 190 -198 -113 -213 -52 215 74 186 
TEST 148 ARG:23 41 20 -186 -192 -84 194 -89 -67 145 -98 -10 151 206 207 155 46 210 92 32 -234 -91 -2 -140 243 -152 156 -230 159 149 218 -215 111 234 -93 69 60 -216 -242 85 200 5 -121 57 -20 -225 182 -87 247 75 -80 90 -235 -205 -151 9 -57 -227 45 119 191 132 94 -33 -108 227 114 -55 175 221 -102 -48 -209 58 216 208 77 246 197 160 -96 0 -177 -122 19 89 171 97 -125 123 53 87 -3 -189 54 -58 91 120 185 112 -165 -92 -155 -123 -191 219 56 103 -1 96 205 104 165 170 -42 121 137 232 22 -167 28 -135 181 106 115 -38 -207 79 -86 220 157 238 214 -201 -219 -159 -29 8 164 -8 -241 154 172 138 30 -224 13 86 116 -68 -141 67 78 -116 -249 -47 128 -115 -226 -110 43 169 38 193 196 129 -27 166 131 113 -82 -220 -154 -213 -21 -5 236 -64 -145 -85 -188 -124 134 -111 -150 47 39 -65 -109 150 -26 -99 -204 -131 212 48 66 52 -229 -72 -148 108 59 204 190 29 198 35 146 139 -132 -223 223 -174 -214 187 -117 -51 71 179 162 17 173 -53 -166 -160 -59 248 226 127 -240 -73 -146 55 188 -212 -247 126 -139 215 101 64 -17 33 -118 130 63 -248 65 224 14 -130 -81 -128 -50 7 209 -36 10 -69 125 195 192 233 -243 70 107 -222 241 -184 -231 -32 80 42 217 203 -237 -79 11 -104 180 -101 213 -31 -244 245 -196 -193 73 -83 228 -54 -78 18 161 -94 -97 -136 -16 122 242 -107 15 1 -171 235 26 -142 21 158 -4 -218 -66 -129 174 12 37 -6 -75 -169 229 -114 -45 -95 -245 24 62 74 -34 -52 100 98 -126 -143 -18 244 240 184 148 -44 176 -100 222 95 -194 -22 -208 237 211 109 -162 199 177 -206 -190 -37 -176 183 -90 -77 -217 -246 -138 -14 -7 -156 -232 -60 -127 117 -28 -39 99 201 -133 -238 178 -119 -187 -203 88 6 3 25 -183 133 -195 93 2 -25 4 -43 -170 -113 50 61 118 140 -30 167 -19 72 -106 -233 249 -147 -185 27 -175 -236 110 -134 -161 -180 105 -200 202 -158 -153 230 -24 -40 -182 141 76 -181 -164 -63 225 31 -250 147 231 102 -239 -172 168 124 -71 -41 68 -56 -178 -103 -74 82 -137 -9 -149 152 -173 -157 -13 -179 143 81 -144 36 -202 -168 -198 44 144 -88 -120 142 189 135 -11 84 -221 -199 -76 153 -105 -228 -70 -23 34 49 -15 -210 -163 -46 239 186 -211 -112 -12 51 40 163 -61 83 -49 -35 136 16 -197 -62 
TEST 149 ARG:-72 37 -86 151 31 122 -196 205 -84 -199 -230 -164 204 -224 -14 -227 113 177 -113 -213 217 -247 156 174 111 220 120 219 16 208 78 93 42 19 143 95 152 -148 -182 -27 80 -29 -145 71 187 -125 -3 -101 242 144 -214 55 77 -150 229 -187 -21 161 201 -208 -112 -41 7 90 225 -169 89 -104 17 243 13 -137 -241 5 -159 -55 -114 163 -184 -52 182 -201 -131 -240 73 148 -19 -92 213 128 69 34 -180 -192 -151 -78 -190 63 108 160 -26 181 210 132 82 -219 133 -155 -40 -188 149 168 -24 135 109 175 -10 -4 -16 -99 -223 -232 -42 -206 28 -33 227 -195 234 -116 65 58 -176 -193 -119 179 72 -242 -60 -221 -174 40 222 87 102 -135 -243 -204 178 97 -124 -39 -238 48 -81 10 -122 180 -128 94 -226 -157 105 -45 -70 -144 -212 159 29 11 -173 237 -2 -170 -235 -216 214 -107 -234 -133 165 76 -51 206 145 -65 46 223 -58 126 103 -108 60 112 184 -183 75 233 -203 110 -87 -229 147 -160 38 -132 130 127 -106 218 -36 74 -12 -109 211 -28 196 146 47 189 -215 -246 36 -134 -32 9 -31 -54 -237 84 49 185 64 -143 -185 241 -200 215 -228 61 6 203 188 -149 -59 119 -8 -123 202 -165 -5 -130 -17 -89 -79 -218 224 141 -171 -239 91 244 226 -97 85 195 83 -73 216 -35 -139 27 -74 -111 30 155 124 52 230 190 98 -152 -75 134 -168 193 -93 54 170 115 -50 -85 -48 194 -44 100 -15 -69 140 67 -95 -80 66 -46 56 125 240 -175 -244 -186 153 -236 -77 3 2 -67 23 142 99 -210 -172 176 92 -38 207 221 57 -129 -30 167 43 59 101 173 -53 -127 1 154 25 183 -153 -138 123 -23 -64 26 -189 239 246 -197 88 121 -233 172 137 62 41 -63 -225 -167 -249 -156 -7 20 -220 -202 -158 157 -61 -117 -162 81 228 -207 164 -140 -1 235 -163 238 166 116 -141 -20 -49 -18 -100 8 51 -56 200 12 118 -166 -94 -211 -102 96 129 -25 209 -83 -120 39 32 -205 114 -118 150 33 -68 14 139 191 104 -34 -250 -178 192 -179 231 -198 -98 -9 -245 -96 171 248 -217 35 -76 162 -82 245 169 199 -191 -91 0 197 -62 249 -66 -142 158 136 -105 -248 -22 68 -13 21 -147 -47 15 236 -146 -103 18 117 138 -136 45 -177 -90 -11 -110 131 -154 -6 44 -222 -121 -181 4 22 -126 198 -161 212 -71 186 106 79 70 -209 -37 107 -88 -57 24 50 86 247 53 232 -115 -231 -43 -194 
TEST 150 ARG:140 108 157 77 246 201 -141 -26 -31 -154 227 196 -84 -2 -248 -179 -110 -205 -146 -162 -143 149 -137 204 159 -176 98 -153 -71 231 188 -46 -10 -107 -203 -116 9 -126 -204 -117 40 -161 92 193 -250 -183 -19 -220 194 29 187 -213 -88 -27 243 -78 -181 74 -118 -134 95 -106 131 -129 110 -187 177 4 16 -172 -5 -9 247 -197 -132 -42 161 -44 -199 228 -122 -247 -249 207 7 233 214 -75 224 -196 -200 -79 242 -25 120 162 -82 57 -114 232 -54 -212 -121 219 148 -94 144 -111 -158 -189 90 -102 88 -48 -76 -119 168 -99 -73 12 226 -67 39 -170 -221 136 244 41 -206 63 -185 -98 -112 70 69 -173 8 -13 -175 143 -51 210 -60 -140 116 147 -198 -74 78 -109 -243 213 -29 117 -233 -217 235 -41 -194 249 128 -230 -138 -184 240 59 -239 13 -115 97 -145 -245 2 109 216 -23 225 220 160 -133 183 80 51 -15 -21 142 21 -188 72 234 79 82 -92 -65 -104 23 -231 -195 -55 -64 -224 158 165 -209 55 -157 87 -228 -236 197 186 -240 86 54 171 18 30 -150 -57 -193 49 -147 106 -69 -16 93 174 -186 113 -89 -93 35 121 170 52 104 -232 105 133 -123 -86 163 22 248 42 208 -24 -52 167 -77 48 -182 -169 76 -8 5 17 94 -20 -218 -160 184 237 -14 -159 -113 11 -1 -190 138 27 222 14 -167 -72 -53 -11 132 -66 230 84 130 111 -100 -90 -241 -18 -227 100 153 189 150 -149 125 -22 -208 -7 -229 0 43 114 124 103 -12 19 145 166 -45 -210 71 191 81 115 -201 -49 -58 -180 -4 185 218 -59 107 -128 155 -95 126 15 -63 -174 -207 -148 -37 -62 -165 68 -101 102 -178 221 217 -105 -97 -40 -127 164 6 236 198 26 56 99 203 38 46 -81 -3 -124 -166 -87 -156 119 -144 -108 -34 172 182 135 83 -135 -6 20 -164 73 -96 -33 212 61 -70 192 -35 -91 -103 -235 -38 229 195 -223 181 190 44 45 -43 129 139 60 179 10 33 -36 47 206 65 -152 -155 -214 -226 123 32 67 53 -171 178 -234 211 -211 -17 -246 -32 137 -242 156 154 3 169 -47 -222 152 -225 -120 200 -163 -142 34 199 209 -191 112 173 -216 -50 75 205 91 62 146 101 -61 238 127 134 122 223 64 -68 239 -83 -215 -244 -85 28 37 175 -125 24 180 -202 215 118 -30 -80 176 -238 151 -151 -28 -56 25 96 89 -192 -130 31 85 36 -237 -168 241 66 50 202 -219 141 -39 1 -177 -131 58 -139 245 -136 
TEST 151 ARG:-153 -173 -209 193 -99 188 -236 215 -109 -82 -129 -250 169 -206 189 55 -183 -89 171 48 -51 18 -215 104 -47 64 231 -58 230 173 -70 -64 165 66 -155 -71 199 -18 -102 180 -246 -234 -201 -63 41 -61 -98 -166 118 80 98 -23 21 249 163 -135 179 63 -231 -75 196 244 184 44 -150 89 -243 37 111 -69 245 107 -139 -43 -222 178 -223 161 -134 119 -34 -3 -31 -101 121 227 181 -161 -39 140 20 -189 204 1 57 241 -87 -4 7 217 234 -41 -138 -168 225 72 71 135 -147 -121 -241 -128 -13 103 125 -165 85 224 62 239 139 170 -44 101 191 -146 -227 -196 -62 23 112 -120 -32 168 213 -204 -219 -179 -163 87 -242 -97 -217 105 -93 -106 -164 -160 -177 82 49 -76 -154 75 -127 14 6 -117 88 127 27 -60 -59 -45 26 -224 78 -171 247 13 -174 136 -123 129 -113 -181 -180 -36 11 222 157 19 16 166 -249 -7 93 -244 114 117 15 -159 149 -46 -199 -28 172 -2 220 122 -197 176 -158 -131 158 47 -200 38 97 -133 120 223 -14 -38 208 152 -195 -132 162 -114 70 185 -175 -112 100 -143 155 32 -149 156 3 4 -157 -119 92 146 237 -152 -17 -229 211 232 109 -198 -24 -110 -33 -188 -26 -8 -83 -21 84 -247 209 65 39 -137 -167 235 145 -49 -6 76 -19 10 106 67 -105 -210 34 -178 -207 218 -230 -162 28 197 -233 -15 164 126 -228 -25 40 210 182 -22 -90 167 228 242 69 147 -245 -190 -191 -220 -56 -144 148 -192 -72 192 -169 -185 -226 212 -213 -116 -74 -30 -1 150 -186 124 -240 77 0 90 198 -20 43 -111 60 110 229 -170 -27 24 -193 -78 -42 30 216 -248 17 243 -176 151 153 219 207 -225 -214 -68 -100 -9 -5 -107 159 108 200 61 42 -211 12 -136 238 -53 203 5 128 -115 -35 186 22 -16 -142 115 -108 79 -73 -48 -95 54 226 133 -67 -187 31 73 -77 -205 94 116 131 190 -232 -81 53 174 144 81 -55 -216 -156 2 138 214 35 -118 205 45 -182 246 123 25 132 -10 -130 -79 -148 29 68 -54 -202 56 143 154 -84 -141 -221 102 -184 -29 -124 248 -238 -151 -94 91 -212 -40 -91 59 51 221 99 -57 -52 195 113 9 -194 236 134 -125 177 -237 -96 160 -80 -140 187 -37 -104 183 -86 -65 130 95 -239 142 -85 -50 -145 194 240 233 -88 -66 206 -203 96 -122 74 -172 201 -218 36 -208 202 -103 83 137 -235 -126 58 86 52 175 8 -11 -12 141 33 -92 50 46 
TEST 152 ARG:-108 51 134 -189 -143 15 112 -217 -66 13 132 -84 -19 102 219 -182 -124 2 241 123 -47 -97 -132 -149 126 71 55 54 14 181 1 79 -244 158 26 -140 -236 -153 -115 -211 42 197 -225 -16 -177 -88 193 196 -79 75 -104 -125 248 83 12 -163 -90 -248 22 -169 -126 25 -23 -27 18 245 192 31 -238 -168 154 -105 -167 100 184 -199 -37 -32 65 61 183 -198 240 -222 150 64 113 178 -139 -42 -235 163 -122 130 233 218 117 -209 205 -165 128 -103 -218 223 -176 -148 -100 -76 16 -245 -183 191 46 -160 143 -62 -113 -166 30 -215 96 99 -241 180 -61 -170 188 -155 -197 169 -128 -200 -49 -203 234 -157 -201 -10 -72 3 27 -226 -74 -185 204 -83 -36 109 145 210 -131 29 146 -172 170 147 115 44 140 35 -194 78 186 -219 -54 246 -101 -50 -147 160 165 209 -171 -178 67 -30 200 -11 -249 59 -152 -193 7 63 -146 0 88 -85 -205 73 -127 -112 72 -65 239 24 -71 45 216 -151 135 -43 238 157 -89 70 -214 198 36 -223 -110 -207 -33 -15 -107 -134 162 -18 -78 214 62 76 -57 -63 167 -117 -250 122 149 80 110 -95 -56 211 -233 -229 37 -120 -187 217 9 208 -58 -138 -87 32 125 5 -123 220 -6 41 -38 -234 47 236 114 -77 -196 98 -34 -221 175 201 66 97 33 144 232 119 -75 202 -45 230 -4 -173 94 -22 40 173 -159 -243 -213 -184 -59 57 137 -109 195 215 93 56 101 -69 -133 -28 53 -44 -93 -195 225 156 -135 104 129 -180 -190 185 -21 -3 -230 -14 199 -231 48 -239 -247 -60 20 -12 69 -162 116 77 -206 -227 -81 -94 -91 -121 38 -7 -111 174 39 166 49 120 11 155 -119 60 -224 159 86 -53 213 52 -20 -67 148 -13 -82 194 141 136 -25 81 -186 -240 -70 164 189 -96 152 -68 176 -99 -39 118 -179 -174 -40 -86 -237 91 58 151 -156 -118 -64 -35 4 -150 179 161 -144 -232 -192 212 -204 -2 28 142 -98 222 -92 -188 -46 -191 139 95 153 -136 -202 190 -154 103 235 17 -216 111 84 19 221 121 -141 127 243 229 -17 -175 -137 207 242 90 -161 -106 -129 107 124 21 187 34 -246 -116 -145 -41 206 -73 82 -220 226 231 -48 105 172 -164 -51 -114 108 -55 -210 -5 182 203 -52 138 237 -24 50 87 -9 -228 -208 171 249 224 74 177 -1 -102 -31 168 244 85 133 -158 10 6 -26 227 -8 23 -242 -181 89 247 92 -130 43 -80 8 131 106 68 -142 -212 -29 228 
TEST 153 ARG:-33 -4 -149 122 63 115 127 171 -186 -112 -20 73 31 26 -169 66 70 19 -157 81 101 -179 -66 -59 35 92 80 -229 -84 174 -87 -199 104 10 151 -216 136 60 -185 95 96 -92 -75 65 -183 -135 -141 -220 -83 -130 -18 -202 212 -161 152 -160 -173 123 146 249 154 -110 198 32 -222 -203 48 143 -90 110 242 34 46 -163 219 -168 18 -132 -69 153 229 -190 218 -70 -49 -65 -55 165 -71 207 125 -124 -94 203 -85 234 77 17 102 120 -31 -44 183 37 -234 106 -11 -34 201 -233 -214 -28 -189 -227 76 44 9 118 3 204 182 -61 -111 59 208 -125 -62 -156 -72 158 248 113 22 47 -164 194 -193 -240 -177 -3 -144 -235 61 20 179 -35 99 -19 2 -171 114 117 209 -102 85 -121 50 -218 -10 105 -8 186 39 -30 -123 -98 7 -117 62 156 -137 222 -134 -205 145 216 -5 38 -180 -77 -162 -128 -236 197 -106 137 49 40 -158 -53 -12 16 245 215 -133 109 8 -242 -181 205 30 236 -24 -17 119 -146 170 148 36 112 -27 237 12 233 243 82 244 -39 -148 -139 -108 134 -76 33 -16 13 172 240 -155 -152 52 177 -153 144 -107 111 169 -119 91 27 -145 86 -78 138 190 -13 -120 41 -184 97 228 173 -103 131 -167 64 -73 -244 23 160 -231 94 147 -42 -213 224 226 185 57 124 188 -122 -64 75 -207 71 54 -14 25 126 132 -60 -131 -32 202 -142 -38 142 72 176 -81 159 -197 -246 150 230 -127 225 -100 -194 -245 98 130 -212 -118 -116 -174 -165 -178 -150 -143 217 191 133 155 213 -51 187 195 -79 -228 -221 -136 -63 58 -47 -138 -23 214 -201 -196 -52 78 51 141 67 4 -104 68 79 116 -113 -21 129 -105 -195 -176 15 -99 149 21 -187 184 43 175 -93 -95 -67 -80 69 163 -215 -2 -82 -151 -211 6 221 -74 -1 -224 241 108 192 -88 28 -226 56 -56 168 74 0 -230 -91 -48 246 1 -219 227 178 232 103 -101 100 88 90 -58 181 -126 -6 -200 235 -15 189 -68 24 -140 211 -45 -191 -46 196 -7 -198 -172 -129 107 -247 53 -238 -147 -54 -192 -204 161 -41 231 -50 206 157 -209 -175 -43 239 -166 -22 -206 193 -109 87 -170 135 166 -232 223 121 -96 -9 210 164 140 29 -217 45 139 84 55 -89 199 89 -243 5 167 -86 -223 -37 -182 -97 247 -208 -225 -237 -114 -115 -239 11 -57 -188 -25 -154 93 -29 220 42 -159 200 -40 -26 -241 83 128 -210 180 238 -36 14 162 -248 -250 -249 
TEST 154 ARG:47 -194 -54 198 -38 16 139 -60 -178 -245 -102 55 -55 -41 -199 27 109 223 62 -28 195 -191 -119 -220 142 -4 -107 245 13 180 34 -124 167 68 238 96 -162 12 -165 202 -90 -120 -10 -62 126 -184 -83 64 -109 -15 102 -225 140 -26 45 -234 240 -192 75 85 -166 7 -176 -175 70 -71 -170 -68 148 -190 209 -96 -188 187 193 -202 -160 199 -240 -180 134 -179 149 88 -145 -78 205 151 -115 -94 141 154 137 222 -64 -105 -47 -211 113 -224 247 104 -93 57 -213 56 196 174 -148 -138 157 -201 165 122 32 -19 -18 -45 -174 -237 179 -155 -150 146 131 -76 -35 -151 5 -195 153 -217 -70 -212 -86 -247 246 -133 -152 -246 133 216 -82 190 -169 158 46 -243 11 -122 67 51 221 114 -219 233 -17 26 185 215 172 -98 -230 52 80 -106 95 -173 244 -91 -149 36 232 39 19 164 86 60 -200 -222 -214 76 -8 110 -242 -233 -29 48 160 9 -227 92 29 186 219 -87 -143 -226 37 230 -249 -241 -65 -182 -104 61 -59 150 -183 147 228 84 -101 23 -168 -198 170 -129 -16 -132 162 184 -136 -158 -164 189 177 212 231 -146 -77 10 -204 132 -128 -53 143 136 22 -118 -84 175 213 -235 -163 -46 106 -27 81 24 -123 204 -172 128 41 17 28 -153 -58 35 -140 116 119 -66 248 -197 -236 -89 71 135 -6 123 -218 42 192 -239 206 127 -9 -42 -50 -231 -142 31 -193 -196 -114 226 -187 197 -49 201 -39 -250 -116 -33 50 30 -30 194 171 -206 -56 -156 -134 -23 59 53 -40 -210 227 -157 15 -11 -171 -103 -51 112 6 -112 -185 103 214 166 87 -2 210 -20 -72 107 200 -209 -92 -24 -1 144 -44 33 241 -97 74 -228 -37 220 -34 90 -52 237 -7 25 -21 -5 236 49 249 -69 -127 58 -248 -147 235 182 2 72 124 -181 73 -88 0 -67 -232 -144 38 66 -207 69 94 208 -63 -205 -79 239 1 -48 -99 -80 125 -216 229 -159 79 -3 129 159 14 -108 168 -75 191 98 -135 108 44 -139 18 211 40 173 83 155 -22 217 -14 183 -126 156 -85 242 99 -238 93 -95 118 181 224 145 -244 -137 163 152 120 161 225 -177 -25 82 -36 -117 -189 -131 130 77 243 178 -12 115 -74 218 -81 -203 -154 -229 169 -100 89 -73 43 54 -221 -141 -125 -130 97 20 138 -215 -223 91 207 -161 234 -111 -32 -121 -208 -113 188 63 65 -57 -13 -61 8 -167 3 21 78 176 203 -31 100 121 101 111 -110 -186 117 105 -43 4 
TEST 155 ARG:-131 -16 151 -204 87 -220 148 185 5 -158 -224 -35 -30 -166 -66 -211 174 -113 -100 222 -104 -197 -199 78 61 230 -82 26 119 -15 240 83 198 -120 -13 248 22 127 -163 -237 -178 -180 -212 97 -73 -154 180 115 55 135 126 -132 132 -190 -183 195 178 -225 -227 -148 10 157 -144 -64 239 -244 128 247 117 95 -165 -192 -156 -105 -231 -214 43 189 -1 -168 82 -153 -101 181 -191 -241 113 202 64 -125 229 116 -112 217 -94 -243 -242 -26 -3 -75 -219 -95 38 146 -232 137 141 -124 226 -233 -218 81 133 231 14 144 -121 177 75 36 -134 -62 86 -229 114 16 -12 154 -41 3 -169 -152 -92 192 -93 155 160 109 149 77 -59 -249 -55 -182 -171 167 187 41 -33 -167 131 -126 -185 -83 -79 139 -99 194 -155 8 215 246 191 184 59 28 -111 -240 -123 -106 -107 -72 -245 -172 -119 -17 241 -10 -47 54 186 -122 121 -91 34 -6 129 -189 20 -71 12 -27 73 107 -102 163 -14 207 -54 190 19 72 7 -19 -246 -176 88 1 -135 -200 66 199 142 -25 -74 136 -53 70 84 -4 60 -138 -215 -193 -175 -186 233 -181 80 242 243 40 21 100 -70 201 138 143 -109 -137 -210 -221 -226 -201 182 -216 216 -217 -239 -81 37 -38 249 124 208 159 -8 147 224 -87 -130 27 -202 -58 9 211 63 188 123 79 93 -57 -223 -162 -159 209 140 -96 -89 -108 -103 -235 -250 -248 56 -150 -236 206 33 -76 -177 -110 -84 -80 -23 232 -140 -2 0 -52 -9 203 -45 204 62 -48 -116 235 -88 -98 171 227 91 210 -143 -78 -69 -174 -85 30 214 -117 -208 -7 145 -50 118 65 -228 -31 96 102 -37 169 -203 -46 173 53 44 -187 -39 172 220 -56 122 -234 200 4 -179 -157 -5 68 69 -198 165 105 112 31 219 134 48 -196 162 90 -43 -51 236 23 175 245 244 196 205 120 158 99 -222 67 125 183 25 -127 -36 74 212 234 -128 -29 39 164 -136 -170 -205 24 -21 -114 -65 108 -195 89 6 -164 -32 -160 18 -44 -206 104 -20 -34 228 218 193 168 176 -133 152 15 32 -209 156 -77 -11 238 -22 101 103 -149 -238 -67 -90 161 -61 -115 -173 -49 221 -18 -145 166 -63 -184 42 85 13 -146 150 29 52 153 225 -118 11 -230 98 92 46 17 -24 179 -40 -141 -42 94 -161 130 -97 50 -142 -28 -139 2 -207 110 49 -147 51 197 237 -194 106 76 111 -86 47 -151 -60 57 -188 170 -68 45 35 213 -129 223 -213 58 71 -247 
TEST 156 ARG:136 -73 -29 -156 -46 -7 159 237 230 -161 -43 65 141 -130 172 236 -242 58 173 -173 54 -14 -177 64 151 45 -119 210 -74 202 90 -97 82 29 -211 242 127 -121 -80 -92 -235 -199 131 143 -86 -170 148 62 144 126 -142 -45 142 17 53 -129 -15 1 81 146 197 -56 27 -62 -212 -216 -70 104 120 -226 -155 211 74 34 -232 67 199 -245 -64 -146 231 52 -110 -105 -112 99 184 -83 -159 -113 227 -54 178 -118 -94 -115 37 198 203 234 -51 -240 -11 -147 129 -213 102 119 -233 5 -176 4 -37 25 166 -204 -84 85 -49 -44 -41 -114 40 -169 200 226 95 51 154 -6 179 150 59 -165 229 123 20 94 -208 -123 -10 19 175 -124 -202 -135 -219 -68 169 -53 -96 -76 -162 72 -9 -2 70 88 10 -19 96 91 -145 213 209 57 -111 219 16 77 -225 -194 -132 -143 -149 -196 137 -203 -23 -210 -61 26 -22 -12 83 -152 -34 170 8 -238 174 69 -128 -215 233 -218 -163 -120 -106 -172 55 24 -153 -148 -30 31 -8 247 -79 187 140 -57 -141 -197 -13 103 113 33 160 157 -140 214 -36 -20 -174 -109 -47 244 -158 23 116 71 -71 107 110 -91 -1 -90 -101 -223 44 -154 149 -133 89 -131 239 -52 188 180 -25 -24 63 218 -244 -88 -59 112 43 122 245 124 79 -157 -50 -27 -178 -31 -33 -250 -126 152 73 -191 189 114 -209 -239 -160 -60 -206 216 -89 -243 -65 2 -231 -151 -21 -4 212 168 -125 161 42 -192 86 220 -201 92 176 32 -187 249 -17 117 222 -107 240 -38 -32 48 243 -189 -77 225 195 36 -190 -171 21 -26 215 248 93 80 13 -179 -5 205 -227 -183 -48 -237 105 -95 -221 -241 -99 196 50 183 111 -236 -186 -137 193 -28 -67 84 145 66 147 11 -184 130 12 -55 228 -138 18 47 -247 -220 155 -72 -182 133 30 156 100 -81 -104 -168 246 206 98 106 171 -181 -217 125 -193 -69 -108 -127 -75 -117 -229 -66 118 -185 68 204 0 -103 164 207 139 238 153 75 38 -164 128 -63 163 241 115 9 7 78 -246 194 -150 235 22 -18 -122 -222 223 -98 49 186 -175 -136 87 -207 232 224 6 182 -188 191 35 -134 76 -166 121 -93 201 -180 -35 208 41 -200 28 -230 135 -100 167 109 -3 165 221 15 61 177 56 101 192 217 -58 60 97 190 -85 -195 -144 -248 -224 -167 132 138 -139 158 39 185 -39 -78 -87 -16 -214 181 162 108 -249 -40 -234 -205 46 14 -42 -198 -116 3 134 -228 -82 -102 
TEST 157 ARG:-63 -136 148 176 19 -205 -220 -11 217 -209 -216 107 -237 240 53 169 -100 225 -121 -181 123 222 -134 7 -124 232 -126 16 -182 189 -228 144 30 -107 -48 2 228 22 -224 -162 -94 140 143 -177 -17 201 195 71 -106 46 -160 -1 203 13 -16 157 230 216 198 59 158 150 82 -87 -155 -122 139 -52 -233 33 87 14 -146 -206 39 66 -51 -2 117 204 -120 -95 219 -246 -239 -223 -97 -31 81 64 -33 125 -32 -230 41 -101 35 213 223 -139 -190 -34 -194 -200 -50 -143 -60 -167 -171 233 -43 -186 -82 -235 124 -41 -85 166 -35 48 99 -115 65 15 24 77 190 133 205 17 -56 227 -133 74 94 244 162 -240 142 -71 -117 239 180 -57 -236 116 23 -248 -141 -30 -109 -217 -69 75 -37 246 200 104 11 32 183 -119 -105 -168 84 -62 -129 -47 226 -153 91 193 172 -44 29 242 -111 -110 -164 151 -214 170 -75 -166 -169 95 101 163 69 -116 -65 -211 -245 73 -148 -15 -104 1 89 -3 28 -89 -203 -242 -193 132 -40 122 -184 181 179 -67 -218 42 -197 -112 -189 110 -191 -22 206 238 -225 -26 194 -5 57 50 -147 -103 120 52 -27 -226 -128 -123 103 214 -234 161 -39 -149 -88 136 -54 79 -23 55 -10 -130 155 -241 111 197 -204 -227 -183 119 174 68 -135 -76 175 43 209 -127 -90 -84 37 236 9 -55 -20 243 27 115 207 38 -13 47 102 159 -154 105 135 -159 40 -78 80 -29 54 -45 -53 -179 -202 49 60 -6 88 113 196 18 25 -185 -188 121 -201 -238 -170 112 -158 154 -163 -24 167 130 -118 -8 -70 -180 199 92 -174 -138 63 -21 -249 221 -243 12 78 -114 -231 237 -108 44 76 215 -137 67 -157 128 -96 -42 98 -222 146 -74 -66 188 -38 165 -144 72 129 -93 -152 -99 -140 -161 234 -9 -81 145 0 245 134 -36 -156 173 118 -83 141 -46 36 45 -215 210 -199 156 -221 6 -213 248 4 -92 -102 -132 -150 -232 153 220 21 229 114 8 -196 -192 -25 -187 83 -229 208 -250 185 97 126 56 -198 -173 -4 152 -77 -172 -98 231 -125 149 108 51 -58 -195 160 20 177 10 -142 -12 106 86 191 -73 -178 -19 -91 -49 127 -72 58 -7 -14 -61 171 61 184 100 182 -68 26 -244 -176 211 93 -113 -28 -247 62 235 5 70 -79 -219 -86 -145 212 109 -131 224 -165 202 34 -208 137 192 187 31 85 -207 -80 241 178 147 -151 249 186 -175 164 -212 218 131 -64 3 96 247 168 -59 -18 90 138 -210 
TEST 158 ARG:56 139 -77 -62 113 -144 -211 -176 -89 -132 -138 27 -28 -101 -248 -50 174 -153 -166 26 5 -111 -14 -233 -234 -31 -4 -34 -223 -16 51 -30 221 156 -225 -57 60 -120 57 148 0 197 -134 222 -36 -148 126 63 14 -204 10 74 -175 -41 178 21 136 207 41 -52 -123 -206 -173 -127 -11 158 23 -200 93 71 -186 -154 -246 -38 -96 -172 227 185 132 -215 88 -15 -53 -118 17 -242 -140 -169 116 43 -188 46 -139 -109 199 -149 28 204 -164 87 157 -229 195 238 19 160 -63 32 244 217 9 193 -205 40 209 -243 66 62 115 164 127 -92 77 12 -65 142 -71 95 31 -198 85 228 124 92 -245 -228 -115 -85 -142 58 -237 -66 232 229 13 -22 -209 -181 59 -13 -20 69 -220 20 22 -199 106 188 78 -45 -48 -236 162 55 102 107 84 -161 48 -73 -86 38 210 183 -19 -250 -192 242 1 -97 -114 -35 -202 -178 155 -159 231 234 -133 223 -32 2 -98 -167 146 133 -241 203 72 44 -110 -12 192 -91 -102 173 103 -40 -119 -168 130 -24 -116 -128 246 -7 8 211 -230 -126 45 176 111 145 47 117 -10 -107 -185 -44 99 7 37 -201 -151 241 -137 86 249 29 206 -216 81 243 -60 149 177 144 -95 52 -90 198 205 80 -238 -135 -17 152 -124 114 -145 143 89 -150 -27 91 -129 -247 -82 -18 -136 108 -56 200 -162 123 189 237 100 -232 -122 -21 -47 -112 79 216 120 165 -64 -80 179 -155 -174 -226 -214 -8 -93 137 30 39 -81 -239 235 -146 184 -197 154 -217 -212 -249 104 70 -160 159 -194 101 11 -49 -244 -224 168 218 68 151 -94 -74 94 219 140 -105 -190 128 42 15 175 187 -170 3 -143 -3 65 -26 -210 230 54 34 -1 -6 18 110 -189 -78 -208 220 190 35 153 163 -184 236 212 138 215 121 147 226 -219 225 61 16 -58 247 73 171 -59 67 105 90 181 -104 -23 122 233 -187 25 -108 -213 53 36 186 -25 214 -240 -117 -221 83 -218 167 -182 -99 161 -88 -37 -207 201 -130 -43 -158 -33 135 -29 82 97 -156 109 33 134 191 -72 -2 -76 -222 112 98 -75 131 182 -141 -68 239 49 240 -84 248 -113 -61 -177 -152 -147 -100 166 -42 -46 -191 -180 -67 150 -131 6 -196 208 -55 -231 -183 -103 -83 -121 24 172 -79 -69 -87 180 64 -70 -165 196 -163 -203 -39 -235 76 -125 170 -179 202 -106 141 -54 50 194 129 245 118 -51 119 -227 -171 125 4 75 -157 -9 -193 224 96 169 213 -195 -5 
TEST 159 ARG:-9 -182 229 -14 64 -152 2 49 -185 18 -111 104 -168 -128 -23 74 4 209 -186 61 11 -157 81 157 -197 -47 48 -118 231 39 150 100 -170 -44 -64 189 -68 -232 79 226 166 -21 -88 -167 165 80 -240 145 3 69 -30 -136 -196 154 -8 192 33 -114 -108 -97 236 -80 -28 65 -214 52 -32 40 -239 -18 84 227 91 108 35 -205 182 118 105 -25 135 -156 -77 53 -233 57 28 -109 -163 -107 87 116 86 206 133 -104 -105 -129 113 -99 -193 -53 88 144 243 -195 -159 -143 233 -116 -10 119 -76 201 -173 190 139 131 -191 125 -91 76 -117 240 -124 -7 45 72 -172 225 -198 222 -15 -230 164 55 -83 -139 -208 187 247 -63 160 20 -132 -56 67 -177 117 -210 140 -40 -146 -176 -224 148 170 22 -54 159 -219 -41 186 244 214 -58 -242 -246 -133 180 56 -101 60 -249 50 -226 -78 218 -4 -121 106 -199 90 215 -147 235 -39 -96 -229 19 204 -220 -212 7 -84 141 -1 239 -138 -204 96 -48 -250 73 46 -86 -35 -38 -135 -190 32 185 -70 134 158 92 -142 -222 137 223 -234 -161 188 -122 210 -3 120 -51 27 51 177 -87 171 -192 -71 109 89 16 30 85 -123 -203 181 -26 -73 -150 -52 -151 -94 -153 -162 228 -223 -209 62 -216 101 -92 99 -11 184 -200 97 246 -213 -79 -61 220 -165 193 77 224 162 59 -134 121 -49 68 -244 211 175 138 -65 -181 -100 -194 44 112 -166 8 -67 1 -13 5 102 -188 34 -154 -60 -43 -179 249 -112 183 213 54 -103 26 -189 169 -211 143 -29 217 122 13 71 136 107 -72 -174 9 163 95 176 149 -6 -160 -127 -5 -36 -225 -169 -110 37 241 -59 161 -81 167 156 -164 -102 -215 82 -243 -221 -237 -115 -42 237 24 -126 -171 -236 -45 123 -33 -175 12 -130 -178 -245 23 151 -187 -131 -95 168 -20 -27 -74 10 196 -148 110 -206 0 -62 43 200 98 -46 -75 -180 191 29 -34 219 -113 -228 203 38 146 83 -37 -19 221 238 -218 78 -57 147 -201 198 -235 -248 208 6 -145 197 -137 111 234 31 195 173 130 -66 178 216 -55 172 -119 -98 232 248 -93 -106 -90 132 47 129 -184 94 142 155 15 42 -22 93 -231 194 -247 63 -89 114 -82 17 -120 -207 127 -227 -140 -144 115 -202 -16 -125 205 -141 128 152 -183 66 -50 -158 242 -85 25 -217 -24 -31 36 174 58 126 -238 153 199 245 -241 -12 -2 -69 -155 -17 103 14 212 124 21 70 179 41 230 202 75 207 -149 
TEST 160 ARG:-195 226 231 -19 146 -164 -205 -189 -232 65 2 171 3 -75 64 -38 -43 116 95 134 234 107 -151 80 147 -29 19 -236 -192 85 40 -190 94 -231 -158 -249 -116 152 -179 164 112 87 151 206 -196 119 39 233 -40 -148 -132 -80 14 -209 -99 212 -79 -21 -241 -77 -10 -165 -207 78 131 25 204 -11 -69 235 -2 60 86 -93 -76 236 -152 210 -169 -1 55 -143 153 6 154 221 -174 176 129 -163 -206 -87 -246 -194 219 178 -171 201 -220 -121 -239 -247 101 38 -136 117 9 -28 58 216 -12 194 -243 -129 103 126 5 -113 29 137 115 225 -36 127 -238 186 114 106 97 -100 -88 -244 167 -65 249 1 -141 -162 76 -115 99 165 8 -203 7 -176 48 -83 218 -250 -44 -82 -218 -211 130 -23 209 124 -185 -128 -94 193 24 -202 -49 133 161 111 -86 138 -3 -188 229 -227 141 214 -109 -178 -168 173 185 149 -183 13 -135 196 18 192 -131 -225 224 -219 72 -214 -215 -213 -200 177 120 -71 142 155 59 232 156 81 -105 -59 83 -42 108 -182 -144 -45 157 -39 166 -140 -13 -201 -97 228 203 -222 -25 67 -134 207 10 79 -14 -150 217 41 63 93 -226 -230 -210 -156 160 -175 -90 -18 -237 -199 104 121 -154 195 69 -46 98 181 35 175 57 230 54 -197 -217 56 22 135 -133 -223 -145 -6 -51 17 240 71 51 197 -103 -146 53 -216 -221 -117 -124 96 -26 -180 -147 -159 163 -5 -177 128 -125 27 -118 -47 -160 199 -167 140 -52 -138 -70 148 150 73 -27 179 125 -122 -84 182 -139 -30 -127 62 -198 -204 -187 36 -95 -33 170 159 61 -102 -74 169 12 -24 183 184 190 -89 -92 113 158 122 -64 -157 50 -123 16 0 4 168 239 243 33 82 -153 -107 11 -78 -58 -240 66 213 32 46 -112 15 109 91 -62 -186 -155 246 123 31 -228 68 -35 -53 -166 -60 92 100 -56 -120 -108 -63 215 -32 -41 -91 -20 45 -98 -235 -119 -208 136 180 200 28 20 -212 198 -181 -245 30 49 -7 47 172 118 247 174 -96 -50 242 245 26 -17 -66 -81 -130 44 202 88 -191 -161 145 188 -184 105 162 -48 -9 -104 37 241 -172 -224 -110 -55 -15 187 244 238 -72 144 -67 -101 139 89 132 -54 -229 110 220 -37 -248 -31 -142 23 189 223 -22 70 42 90 -137 227 -85 -149 -193 -4 143 -57 222 102 -234 -8 -61 -16 -111 -106 77 211 84 75 -126 -34 191 -173 -170 74 -242 -114 -73 43 248 -68 52 21 205 237 34 -233 208 
TEST 161 ARG:184 51 52 -169 97 84 214 173 -142 -103 179 114 -174 13 72 -141 15 -246 249 -126 -38 106 223 -83 43 -32 -244 16 -30 -76 172 234 245 -143 225 -122 -86 96 20 -8 10 141 242 3 -232 26 -217 235 -65 122 -48 -178 -193 -60 169 99 -50 -155 25 170 -49 -158 11 216 5 93 -196 107 206 224 143 -205 -207 9 115 -153 88 -157 89 236 -69 231 76 -125 -108 -88 108 171 -148 243 -233 -18 113 -184 47 -110 196 -213 189 -133 -77 200 -224 -247 -160 183 120 -67 -98 -235 -144 -29 -203 -24 210 239 -22 158 -72 -1 -10 23 34 -175 -28 -106 91 -16 -55 -231 -212 31 37 -135 181 -91 -138 30 -219 -127 221 111 217 -210 112 145 18 -194 165 248 -147 -166 -27 83 -101 -136 22 186 -229 118 -73 102 -218 -54 238 -168 198 -112 103 -123 -150 209 205 -23 -82 82 -41 -185 68 -200 226 -236 208 44 -164 -170 -94 -115 -206 -79 -228 203 -6 110 27 -188 -66 81 86 -211 -214 49 -177 24 128 109 -197 69 36 -92 -248 75 -165 134 -3 -81 -172 142 46 -181 94 247 -234 -31 136 229 144 -163 -195 159 -111 -14 -134 160 -222 -119 130 135 -161 -63 55 -215 -45 48 -129 87 -33 33 -226 167 -152 168 32 125 -230 4 -87 193 -118 29 90 192 -84 78 -46 35 -223 -71 -183 -116 98 -99 38 95 64 -238 177 2 -154 -105 -35 105 -62 166 -128 -159 19 131 139 162 127 -117 -202 185 230 -182 -250 -59 197 194 42 -109 -52 -198 132 -240 6 -156 -68 -187 57 -137 232 -104 182 227 28 -96 -2 212 -225 -102 -113 241 -220 -145 -209 -176 153 79 -162 246 244 -53 188 151 215 -190 146 54 180 -179 1 -4 155 237 -89 -132 149 63 -36 -180 187 101 53 -216 -120 8 -11 116 154 67 121 -13 -199 40 -95 41 -56 -241 -78 133 -242 204 -237 191 129 175 -64 -43 17 -75 -26 -114 66 71 -173 147 7 140 -21 -93 -131 80 -189 -149 -20 -15 -201 21 39 -39 -25 -221 -57 58 -130 -100 240 -58 14 -121 65 -12 -204 219 -140 -61 73 -192 -17 0 199 -37 -171 12 60 178 -40 50 -151 207 119 233 104 92 -167 -97 59 70 -239 123 -146 157 -34 -139 213 126 117 -70 195 190 -85 -47 174 222 74 152 -44 -208 148 -74 -42 161 150 -124 -227 218 77 -245 -19 164 61 220 -7 124 62 163 -107 100 202 201 -51 45 -186 -5 228 85 -249 156 137 211 176 56 138 -243 -9 -80 -90 -191 
TEST 162 ARG:192 99 -63 60 36 92 164 189 132 94 177 208 -247 159 34 152 -125 -94 190 150 -116 128 -24 -187 -163 202 -230 240 119 -80 -204 -123 -246 210 160 72 -88 -172 239 -26 -127 238 62 -83 118 -44 -118 -148 -100 -183 121 -129 235 244 96 -147 -102 -9 171 0 -170 -126 -201 122 58 198 -107 -120 125 206 51 -167 -180 84 41 -101 50 233 -33 -98 63 143 129 -177 222 7 -51 200 -130 -28 203 -142 145 74 139 -179 -205 -181 23 -27 -156 105 -60 -57 228 213 69 230 79 -212 -7 246 -17 77 -144 -184 -43 141 -105 107 172 -20 -171 -87 -221 -186 -229 154 67 -203 -135 -38 -210 116 -3 57 -12 -72 -59 -237 205 169 55 234 248 186 -159 -8 -10 -35 -241 217 -197 -209 29 -234 40 28 35 -223 -165 22 17 54 -200 -146 -141 -174 -65 -14 -137 161 47 223 -15 -30 231 215 64 124 191 102 16 -228 -131 -40 -71 -162 86 226 -54 -21 115 170 -89 -34 65 135 111 -215 104 -191 18 -2 126 -160 -115 89 82 -99 -1 -231 175 -114 -69 -143 -169 243 199 -149 5 -93 -216 -11 100 224 -238 -136 -219 -62 156 167 137 -240 10 20 -47 163 -122 -23 147 37 -31 -213 26 -96 91 -217 162 245 168 151 9 -92 71 178 -112 -13 219 221 12 197 66 -50 242 106 -25 110 -49 -206 138 -39 -190 87 -155 49 227 153 131 -64 -245 4 81 134 101 193 -124 48 -154 -220 38 -106 76 218 194 14 59 220 211 -133 -182 -173 -55 -199 68 -226 165 -152 -168 -195 195 -56 -189 113 148 -202 27 -207 -235 -208 39 166 56 1 19 182 2 -70 -151 -164 -18 158 -5 120 -178 -84 229 -53 -119 3 249 46 -176 -4 133 -73 -218 -139 -250 -81 -77 176 30 -36 -121 -158 11 -113 174 -75 -78 -91 -161 -45 -194 83 -48 117 25 -52 173 -233 -166 -175 75 -97 -134 241 -61 -103 -249 -16 -222 -109 114 44 -248 -192 61 -29 216 180 209 207 42 -67 -132 123 -232 -117 13 45 179 98 -243 155 33 -76 -108 -37 -41 -111 -242 88 232 43 212 -227 130 21 -239 52 157 -22 196 142 -140 -82 136 127 70 108 -145 78 15 214 -157 236 97 185 -224 8 204 247 -32 225 -46 -19 90 -66 24 -104 -68 -95 93 201 140 144 -86 -110 -236 184 -153 -211 187 -58 -79 53 73 181 237 -138 -90 103 -214 -185 -198 -128 95 -150 146 6 31 -196 -74 188 -6 80 -85 -225 -188 85 -42 183 112 109 -193 32 149 -244 
TEST 163 ARG:-245 120 -158 -168 -17 -11 -59 39 -70 -54 -97 90 -24 57 207 239 -144 -16 196 -177 -156 -94 -137 -231 2 108 -107 -243 176 -111 167 -128 7 61 174 95 144 -249 -47 -120 -174 143 -52 -41 27 -30 -221 5 76 4 -100 194 184 -18 1 -124 -72 -226 -73 -122 -117 34 32 -85 -13 -194 225 103 33 -170 -46 -9 -84 -81 -48 -220 -38 114 26 215 80 205 -222 15 -179 -68 158 228 221 -26 -106 -250 98 -98 172 216 -143 38 43 124 231 -130 60 242 123 166 -92 -167 46 -27 21 91 145 -216 147 -244 -211 -15 -160 13 160 -140 16 92 -242 -42 186 -209 -12 -171 121 59 -89 88 230 97 175 168 -173 -79 -142 245 -34 75 83 -43 -125 -101 -19 -161 246 241 -198 -141 -210 200 -169 232 162 210 53 -57 237 214 -185 111 77 243 127 -82 28 -71 195 190 69 12 -115 -86 -8 249 244 74 135 -199 -23 6 68 153 -63 -188 -129 -96 -75 -78 70 30 -32 -227 -131 -102 227 -87 -164 -235 24 -159 -215 64 51 -136 -88 31 -62 -200 116 106 130 -190 156 -36 -118 17 193 -165 -239 -95 -148 -175 -112 -104 163 -135 -116 -103 -1 -123 -119 206 -5 66 -44 40 235 -246 134 49 171 188 -176 -127 -223 37 99 219 -147 -208 185 236 -206 96 -90 -91 -53 -182 -228 -229 164 -187 138 223 82 161 -28 14 -22 -25 29 -33 -201 131 -150 211 226 199 65 -21 -138 209 -61 142 8 152 20 -58 -145 86 -192 -109 -163 -225 177 -241 22 -65 132 117 182 84 25 72 79 -155 -230 222 78 -219 154 -183 -139 41 -196 129 -50 -83 -181 63 -51 212 119 139 115 47 23 240 56 136 87 -108 -203 180 -232 113 150 -20 -217 54 81 229 62 102 -151 248 -166 -162 -149 148 105 -126 155 183 85 -77 52 201 -153 133 -37 55 -146 -69 203 170 -184 45 140 -110 -193 128 42 0 169 -31 -6 198 208 -218 -3 233 -55 165 -56 -14 137 149 -238 11 58 -178 107 -180 -189 -39 -105 -80 141 19 -121 192 224 -197 -114 -60 -195 -133 110 -172 217 -212 191 89 109 220 93 44 10 197 173 104 181 125 -152 3 -154 50 73 234 -74 -4 146 -29 -240 -67 -186 159 -134 151 -10 238 -93 -7 202 -233 118 178 247 -49 112 -64 -234 36 204 -99 -224 -45 67 -35 157 -66 -132 -214 -76 94 187 -248 71 -213 48 -191 189 -204 35 -207 -202 9 100 -113 126 -247 18 179 122 213 218 -205 -237 101 -236 -2 -157 -40 
TEST 164 ARG:65 196 -8 -96 -184 103 241 -212 -174 -166 15 -36 179 -73 -211 106 117 137 89 88 78 107 63 -3 71 -104 -47 113 -187 -112 38 -91 -242 108 153 -210 -215 -1 -208 -236 39 -120 200 208 13 233 172 -131 -223 -85 -113 -140 -198 244 -90 5 193 -245 -4 -56 25 -159 -82 -39 203 -189 -240 -225 -15 -232 -29 -178 41 47 188 -152 72 92 -41 191 -108 229 22 -98 185 68 -239 109 -7 -182 -179 157 59 178 16 155 221 10 105 -138 55 -202 11 -246 226 112 242 66 -148 -37 -130 -201 18 -83 -59 -27 154 -137 99 223 210 19 129 -54 -213 189 232 -55 90 -71 -110 175 173 225 -81 184 146 100 119 60 27 -214 61 51 111 138 -171 -86 40 -74 42 -100 104 74 -38 -80 87 -156 149 -153 -197 177 -227 -64 -2 123 -22 125 67 -194 -119 -62 206 -123 183 -150 -149 190 201 83 69 -33 211 77 80 -160 143 -163 86 205 246 -250 58 48 207 159 -50 186 -76 8 -24 -23 -224 213 -199 209 -161 162 -45 -167 237 -52 -205 132 118 -135 235 -11 101 139 -127 -70 228 1 79 -28 -219 31 -35 -169 -94 -216 -34 170 -218 26 -40 220 57 3 94 -244 34 -121 -5 -57 127 240 -109 43 151 -75 20 -116 -173 239 124 -60 -238 -192 238 -125 -231 -67 -69 64 -168 165 -53 -122 -133 -44 28 120 -107 243 163 249 224 230 164 -220 -46 -105 7 -175 194 96 52 -118 54 227 -6 -147 248 -84 133 135 84 166 -31 182 197 -93 -180 -241 202 -124 192 -92 49 -114 -63 -144 6 46 -177 21 -155 -154 152 -186 -14 167 180 -20 -176 -151 115 -19 32 -207 218 24 -203 -165 -196 -188 76 142 14 160 -26 33 145 114 216 -206 -61 141 -49 91 -32 144 -115 222 -111 -249 -117 -230 136 -42 -162 -30 -43 -10 -68 82 0 -88 219 212 204 -229 -170 -139 176 126 -191 169 -72 -164 245 -222 147 -16 -235 -143 -101 -25 -248 -126 36 -200 -128 234 85 -204 -89 -13 -132 98 17 168 -136 -185 181 -195 -58 -145 35 95 -129 -103 236 -78 -158 45 50 -18 161 -228 131 -48 150 -142 198 -87 -193 -21 134 128 -247 121 116 171 62 4 -17 29 2 -157 97 -77 -9 214 -243 23 215 -51 30 187 231 -183 247 -99 -190 75 122 -106 156 81 -141 -217 110 195 -209 -97 174 -95 93 9 -181 -146 -226 56 -234 -79 53 -66 -221 140 158 12 199 -172 217 37 -12 -134 102 70 -102 148 -65 130 44 -237 -233 73 
TEST 165 ARG:21 -163 -125 236 107 -233 -3 232 -152 40 -151 241 -49 -126 -214 194 -98 204 -21 -209 1 219 -57 -113 -206 -153 26 149 -35 -127 -182 145 -188 169 -167 -147 24 -139 245 106 -92 137 183 15 62 -58 -109 -88 99 -236 -169 189 112 125 -48 -243 75 218 -173 94 -25 220 -230 -52 -6 -111 -105 -229 -232 -41 16 33 242 83 -248 -128 118 69 115 129 -237 234 9 -27 227 -51 180 239 -150 -18 -14 -36 191 -184 -228 229 -5 -200 -28 -71 225 -137 -198 73 -9 11 214 77 -168 210 217 -46 121 -68 -159 -179 91 -115 -148 -160 213 -244 151 71 -116 82 -192 -201 -157 49 -20 8 -12 -118 -249 -86 -180 -15 -183 -39 -215 -108 108 164 132 -64 -17 41 147 -187 224 -202 158 126 -29 -123 124 -30 167 -56 37 226 -145 196 -65 -190 172 -117 110 -156 -131 -114 -226 153 105 -110 32 170 138 22 -106 54 -161 46 52 -84 -176 -38 -238 -197 240 -119 -193 -121 193 -94 104 -144 76 36 144 150 68 -205 -175 -80 -4 -122 -50 -162 -189 -141 175 -102 -60 119 43 17 148 30 -23 -124 155 -134 192 -235 141 88 66 136 156 -154 -87 200 -140 61 -37 42 -222 165 -132 29 -24 198 -155 185 -53 4 31 207 152 -89 -67 101 -93 -158 -129 -191 64 187 -250 -95 178 -59 -112 237 117 139 -203 -43 -186 -174 208 163 120 186 -61 221 3 -63 -70 -54 161 -76 -1 174 176 143 109 45 146 181 93 14 -149 -75 134 -26 205 -210 -101 85 -91 -82 -224 -219 -242 -211 233 171 -227 113 133 -97 -181 89 -83 7 53 173 103 -245 195 -103 114 -85 -90 57 -19 -32 -74 244 247 56 0 -136 27 -8 67 70 47 97 168 -240 209 -213 55 78 38 -177 243 166 206 -13 203 13 -135 23 -194 -241 -208 130 20 44 249 92 201 -107 12 -216 34 128 199 142 -40 -217 215 10 248 -246 122 -33 -178 212 223 -100 -73 -55 160 86 39 -77 -104 87 -130 6 -220 -166 -196 -96 188 116 216 -138 -62 95 -143 -31 -212 123 48 -218 -69 -165 190 -120 -47 -78 162 79 197 -66 81 90 100 -207 51 -221 -72 102 65 184 5 74 154 18 246 -239 96 -199 -10 -133 -44 228 84 -225 -79 235 182 -231 157 -99 159 140 2 -247 -45 135 -172 211 -234 -2 35 -223 50 -142 230 58 -185 -22 63 -11 72 -146 59 -170 80 -16 202 -81 -34 127 28 222 -164 -204 111 98 179 19 -171 60 -195 -42 131 -7 25 231 238 177 
TEST 166 ARG:-108 -178 200 141 79 -24 126 247 -181 -73 -22 -40 -165 57 96 -87 -3 -232 -175 -143 154 216 -152 -115 232 212 -248 243 -217 -137 171 10 -82 -91 -205 -209 -46 -244 -192 -160 151 -234 -42 -144 180 -221 30 -190 77 230 219 -119 -121 217 -1 -9 -222 -177 -90 -130 73 169 -83 62 248 -105 32 -238 179 -133 -151 -118 109 -53 -54 187 -213 -34 9 117 234 -235 206 -186 -61 188 -125 -194 49 160 -158 -89 223 -126 53 87 -25 45 -80 -104 137 -29 189 89 -44 81 155 37 166 -51 -199 136 -171 14 -111 2 -157 156 20 0 235 -230 -227 25 -23 -159 -173 -55 228 196 -185 194 -77 199 120 211 17 191 19 75 80 -231 64 -75 237 13 72 144 -237 -98 125 1 197 -196 34 -56 168 -242 -243 -180 -247 150 159 -153 -122 202 -156 46 -48 63 203 84 108 -76 47 114 35 -60 236 5 61 -166 -67 238 122 -206 183 161 85 -110 92 119 -112 -239 -12 -236 -71 -66 -170 207 249 -102 24 240 -30 -189 -226 213 -182 -28 -39 -15 -4 94 190 186 -146 -70 -96 193 139 -215 21 -163 105 -168 -167 -183 -214 -123 -132 104 -245 246 55 181 -62 58 -92 -136 -37 229 -212 27 83 132 209 68 -79 -201 78 244 -148 4 242 -169 -106 88 -193 -220 -47 11 102 227 60 -142 192 -149 -116 -18 29 -63 98 -68 -93 -33 -150 149 134 -197 -135 66 -208 -100 -140 133 -174 -145 -120 -57 -200 173 -229 -188 172 51 220 -97 -64 -52 -5 -20 -17 -218 -43 -219 175 59 -207 -164 -94 -13 -134 142 -41 16 162 222 -198 -225 147 131 74 6 -241 7 163 18 164 157 205 -246 -35 -233 -172 -240 -95 233 39 215 52 -2 -228 -38 -191 54 -250 -139 -141 218 -202 -84 184 170 -203 185 -85 127 231 -14 -50 38 99 44 224 12 226 -101 -147 -131 178 26 97 115 177 -16 -210 -223 130 36 241 103 41 15 165 153 -8 124 -161 -69 -45 -103 158 221 113 -184 111 -10 50 22 -65 112 -179 -7 -81 107 48 214 56 82 8 201 204 143 195 67 -6 -162 -109 -113 70 239 -124 40 -49 -129 -32 121 110 -72 123 198 182 -19 93 145 146 -204 -249 71 -211 -176 -26 65 148 76 174 -88 167 210 28 -59 -107 43 -154 140 -86 33 -117 135 116 118 100 -21 31 -74 -187 3 128 -224 -27 -114 23 101 -31 152 106 69 95 86 90 208 -58 129 176 42 91 -138 -127 225 -78 -195 -11 -216 138 -128 -155 245 -99 -36 
TEST 167 ARG:-242 136 -210 -136 108 123 247 -205 57 98 -193 134 220 -140 -29 -83 131 -10 -199 -223 -224 12 214 147 169 -20 -209 -230 33 -59 -86 23 24 -235 162 249 11 77 127 -61 39 154 -248 -201 144 215 78 -118 -156 146 75 -41 -168 111 187 -68 -153 -147 239 230 32 -132 -67 -234 -45 -161 -142 142 67 58 -229 -35 115 -110 74 124 -122 167 15 97 -119 86 -191 -190 25 -225 132 -145 -174 93 103 -182 -64 96 -53 68 -172 -30 150 -211 173 72 109 -63 -74 81 205 -69 -100 -217 -241 -48 199 -8 -179 5 -114 158 -51 209 -216 110 122 160 -150 -222 -71 26 -133 191 166 -3 59 -148 125 -72 135 -97 -108 223 82 145 148 -62 -192 34 22 -202 138 -101 -170 -107 -167 224 137 185 -90 -80 232 207 183 -55 -66 -194 -246 100 225 177 171 89 -171 -38 -134 -73 -215 201 44 227 229 184 35 140 -176 -250 -163 240 61 -131 -81 -37 208 -109 101 -152 -231 51 -50 -173 157 221 -239 -106 99 4 -207 -21 217 54 -88 233 -32 -249 155 -6 -9 165 -33 85 95 121 -165 -23 9 -244 -123 226 -4 -243 -203 -236 -233 28 176 139 53 198 -141 47 180 0 -127 -195 -126 -42 31 -238 120 -26 -160 -25 60 182 7 -115 194 204 -143 43 18 -11 16 -189 -105 -28 143 -91 -125 -159 116 -198 -120 179 -137 -43 -178 -77 118 189 246 -117 192 216 -2 -79 -247 -183 -58 219 -36 -221 -158 104 141 65 234 20 106 -7 -78 -93 21 52 245 -19 41 -65 -177 3 152 206 -98 218 -96 156 -99 -180 -155 80 -144 113 -60 -232 170 197 102 212 56 -15 55 243 188 -196 -57 19 -12 -129 -166 -116 -200 133 149 172 2 164 29 178 128 248 114 -185 62 -162 213 -13 -14 1 73 196 -17 -124 -39 14 10 79 -18 105 168 211 -95 237 190 -228 -75 64 -70 -151 -103 -149 175 -219 -227 -54 -89 -111 163 50 36 -82 -139 87 159 -188 228 71 -184 -34 -31 112 -85 70 66 -87 -76 88 -237 235 48 -94 -27 -49 -212 8 -84 17 -52 153 92 107 -186 161 244 -46 -112 38 -240 -164 242 126 117 -204 231 -197 193 -146 -181 83 186 94 -135 -5 174 90 -245 -213 -138 -40 40 -44 129 6 -130 -47 -220 -22 -104 202 -175 46 42 45 -206 -24 49 27 13 -214 69 -113 -169 30 -157 -92 241 195 200 -16 91 181 238 -218 -128 119 76 -187 -121 -154 222 63 -56 130 37 210 -226 -208 151 84 -1 -102 203 236 
TEST 168 ARG:96 146 95 231 -64 -108 178 235 221 162 -206 172 27 223 46 152 -101 -150 -58 -180 124 248 106 -224 21 147 -187 -235 -194 130 40 241 -1 93 -198 -238 154 209 229 -170 -192 -82 -6 244 134 -48 -203 -99 149 -225 -77 29 -234 -37 183 -175 -119 122 151 47 14 91 180 158 218 -204 44 -92 -176 82 115 -145 -100 127 -149 -248 -167 87 102 63 -52 233 216 243 112 35 36 26 80 -163 -53 -67 143 73 166 56 156 140 62 -212 -181 -239 1 -227 -18 78 -174 -3 -246 -96 -63 -226 -115 53 -129 -188 157 -30 238 12 -243 -22 90 10 -242 -185 -197 174 -78 230 -61 226 -17 150 -232 -117 -26 -153 -29 -47 117 2 98 -142 200 132 -113 206 75 59 -66 186 69 94 189 195 65 -40 -161 16 118 9 165 184 19 215 54 105 211 182 129 -135 -42 219 228 -128 139 42 92 234 67 103 242 -216 -20 -76 126 -91 -237 7 38 -143 33 -133 -179 -49 -10 181 20 -233 -241 -186 148 51 -62 74 97 37 -190 -25 34 -11 -102 177 -4 43 249 246 -35 136 -104 49 -70 -244 245 -95 39 -50 135 153 -139 201 -191 -74 100 89 61 -57 -124 -111 24 -199 -24 -196 107 236 208 -210 -131 68 81 -31 -9 -75 -236 193 77 -93 -228 17 -106 -56 -94 160 -8 111 133 -55 86 -54 104 52 18 -5 210 167 28 110 41 -144 101 -19 123 -59 222 -211 239 -152 70 -182 -193 -159 85 188 -84 198 -154 55 -132 -39 -146 131 -178 192 -126 -231 -32 170 196 197 -28 -89 -68 -90 -33 -136 -71 -125 194 203 -103 185 99 -201 -209 -229 -36 -189 -130 -157 -72 -79 -208 -34 -195 -120 207 -86 -177 232 76 247 -147 -2 -122 -213 -222 164 -23 -127 -169 -223 -155 84 -134 -15 83 -230 25 50 -88 212 4 -156 -245 224 225 30 187 -12 -83 45 217 -41 220 142 -215 179 23 -44 -13 -214 -45 15 72 -172 48 -173 -60 -65 -80 -138 -87 173 -109 -121 -116 240 227 -165 79 5 -160 -105 155 -85 22 -164 214 -205 -202 -250 -73 113 -148 145 -27 213 -221 58 169 -158 64 -171 6 -184 141 60 -118 57 -240 -137 -7 175 171 -218 8 -140 31 -107 128 66 125 11 -151 205 138 144 108 -112 -247 204 114 -43 -51 109 88 -162 32 -183 -220 119 -217 -249 -110 71 -21 137 -14 -38 -16 -141 161 202 -81 176 191 13 -69 199 3 -166 -219 159 -98 0 163 237 -97 -207 -123 190 -114 121 168 120 -200 116 -168 -46 
TEST 169 ARG:-187 243 -90 26 201 15 91 127 189 130 -217 170 213 162 -224 -194 -41 -196 72 100 -77 25 -40 -141 92 65 -29 112 -10 -121 -163 58 -92 -145 177 -26 -63 -25 109 -171 134 108 115 -61 76 -76 -246 -57 -222 70 -129 -203 -139 -39 -182 -117 199 -21 90 -104 -59 165 128 179 -100 -241 -209 -152 -51 36 47 -87 208 -45 -1 190 -169 159 -147 238 121 2 -47 247 93 68 96 -162 -34 150 95 -190 221 -242 203 240 -179 219 129 -24 -97 -48 82 -70 -14 195 -231 -155 -96 -86 222 -66 -213 -123 -88 -219 207 -210 -136 -32 123 152 148 -201 -212 -60 -43 79 33 31 -79 -122 -22 6 -74 -12 183 87 -211 156 -91 -165 229 197 34 149 228 215 178 -168 122 166 -125 -188 -120 -119 -69 37 61 -46 -240 -106 184 169 -64 -205 -225 -126 174 225 -102 216 63 -130 175 -230 105 28 -239 -140 234 193 77 99 81 39 -167 -214 -80 -54 -133 59 -151 -116 -108 -109 -49 -226 9 101 -35 -208 194 119 66 244 -250 230 154 -52 145 -110 -238 -17 -200 5 164 143 -99 -173 235 -78 98 -175 -68 -13 227 241 -115 -216 11 -42 139 158 144 106 -148 206 -227 111 173 -62 -38 -207 67 187 62 -138 0 136 161 -67 -235 -30 -103 20 86 -206 -27 18 196 -164 -243 48 -105 -191 -114 135 137 214 -19 141 -6 -247 104 24 -82 -177 191 45 118 -184 200 204 -180 147 192 -4 13 57 -174 7 -244 -166 -232 -228 -128 153 -237 226 -53 180 -158 125 -9 223 -229 -84 110 21 233 27 -233 -150 -199 117 -20 -8 78 -220 4 10 171 212 -101 239 -107 -236 132 -249 217 -44 245 103 52 -18 -161 -186 97 -172 -113 -127 -31 -71 248 -144 49 -159 50 102 142 -3 -154 -81 54 209 12 73 -176 -189 84 -218 236 -50 -33 -85 172 231 -143 -89 -198 -93 202 46 -56 -178 186 -197 83 157 40 1 167 237 163 55 -223 -185 -142 124 -160 181 176 -135 64 -65 218 -146 43 -181 205 14 155 114 69 -124 85 8 -11 146 51 -72 -98 3 80 116 188 75 185 38 -245 -202 23 168 30 -195 -95 -234 53 -248 126 -75 -2 -156 138 74 -36 -132 232 35 -16 160 242 210 120 -37 -134 182 -157 131 -7 88 -28 -5 17 29 211 42 -193 -112 -111 -183 -153 151 -221 -15 140 133 56 44 -192 -137 -94 -170 107 246 -149 -204 -215 249 -83 -23 -55 94 113 224 -73 -118 41 -58 22 32 220 -131 16 60 89 71 19 198 
TEST 170 ARG:-113 72 -116 147 -102 -104 -157 244 78 10 126 -55 139 -238 232 -18 -90 -26 48 46 26 150 -64 206 102 168 219 236 22 66 235 -184 18 -132 187 -42 -219 -30 -57 217 -196 -114 180 -12 128 170 65 -168 156 -82 159 79 -108 -118 -35 108 166 -164 -166 -198 -222 -119 -75 15 -33 246 14 69 -100 -2 153 54 115 36 35 197 -29 -51 -121 -225 96 -126 -187 125 224 87 -8 -28 -60 -192 -78 -72 -201 -83 20 210 -229 149 -165 134 -16 178 -27 242 -106 239 174 94 -245 -99 -25 142 -177 -117 -45 -248 29 -70 -74 -137 -162 -115 -87 7 12 -144 -34 169 27 -81 -80 -169 74 -65 -221 -37 -233 -179 33 -206 -218 143 175 -129 -128 -23 -236 51 37 -91 -197 68 -110 245 111 -228 237 -10 103 -234 218 204 -112 49 113 -158 40 -133 -152 145 207 -141 -85 -167 -48 158 -220 -39 -7 233 234 222 -94 92 1 -77 -226 -249 146 148 -127 -204 -50 -183 241 157 86 -41 -86 -36 -185 172 185 -139 202 9 104 198 -5 42 25 107 90 195 43 0 6 23 -14 -200 138 -171 39 75 53 -246 -52 214 101 193 -109 21 -143 -98 -21 88 4 -190 154 -68 -61 131 -84 226 84 163 -40 -56 118 177 -240 133 189 120 -156 -160 -170 -49 -47 106 24 -186 -63 -89 -46 196 230 -189 55 8 -105 -111 -176 -151 -13 -130 171 -96 229 194 200 -11 114 -230 -53 176 130 179 -125 13 -199 227 -43 -9 186 -227 182 77 160 -107 -120 129 -15 85 183 -244 99 -217 205 -73 116 -224 249 140 -136 165 97 28 60 -250 -193 50 223 -161 -181 215 188 -22 -175 132 -142 117 -149 212 52 164 -195 109 -214 71 -202 -124 81 -172 -232 30 -207 -4 70 -20 161 216 155 -242 141 238 80 93 -135 181 -71 211 11 201 -182 44 225 -97 98 -180 152 173 -203 -31 213 121 137 -103 -154 63 -212 -153 31 184 124 -210 -79 95 -235 100 -101 -209 -148 34 -216 -191 -146 45 83 16 -62 3 151 -243 76 -122 -239 -138 -24 -67 -44 162 -69 -66 19 -173 5 -213 -241 220 -194 47 2 -123 17 136 -205 192 -131 91 -92 199 119 231 -3 -208 191 -59 -76 167 57 112 62 -93 122 -178 -159 -215 -188 38 240 -247 123 247 -211 144 135 -88 58 59 -38 -155 82 110 61 73 -19 -237 105 -17 67 -150 89 -163 -231 221 -134 -145 -1 -6 41 190 -54 208 32 228 -32 64 -95 56 -58 -223 203 -140 243 248 -147 209 127 -174 
TEST 171 ARG:-36 155 201 46 -79 7 88 -33 133 107 29 -216 -57 -11 -165 -242 -78 130 116 -69 203 118 60 -111 12 183 -121 187 -149 -163 -183 115 -71 -70 32 -5 89 178 -21 -238 38 -88 -20 156 174 188 103 -112 192 -65 -203 21 66 25 -236 -225 27 -105 -98 -159 -45 243 129 249 68 -161 -128 0 -32 -10 -189 14 -84 233 205 -173 -89 -35 -232 244 -137 95 65 -49 -136 100 -133 111 154 -83 98 -93 90 -198 -140 52 238 -109 -235 86 92 -141 -104 22 170 -174 224 -95 131 124 221 -224 102 84 79 144 -118 220 -182 208 248 -91 228 160 -82 -53 1 -208 80 179 -135 166 185 197 148 -151 -92 35 -168 161 226 110 36 15 150 -8 56 200 162 37 216 -184 181 -75 204 135 -230 73 247 121 -228 -249 240 -100 157 -192 83 -96 -187 -108 -200 112 -240 196 -143 119 -166 149 -191 -239 -101 -215 -134 -139 -146 96 47 217 -178 78 -222 136 58 229 74 -6 242 -52 -2 -85 -38 -22 -19 13 -185 -210 120 -3 -219 -226 -81 -196 -144 -15 -48 199 8 105 -122 -126 -186 -246 -90 -160 -244 167 2 45 -177 -214 17 218 -7 -169 -145 235 -87 142 158 54 -154 -40 175 -66 -54 194 -46 34 225 97 -181 159 43 -176 132 6 31 -204 -68 184 164 -241 147 163 -205 -211 10 -47 -56 72 63 -26 125 230 151 168 -31 213 -237 51 -188 -153 209 -156 180 198 -150 5 108 -194 76 48 177 -212 219 18 -157 -125 -55 212 114 172 -172 41 42 101 -62 24 61 53 186 -106 189 -197 232 -51 62 67 -171 -190 -94 -28 20 -64 57 77 44 173 128 231 -167 -162 -131 40 -129 113 28 206 94 -220 -209 -63 -202 -39 -223 30 -227 -142 127 -248 -13 176 171 117 -175 -221 50 123 246 -25 -80 -234 -4 140 223 -201 -199 -1 210 227 222 -14 -44 207 -67 106 191 145 -127 -218 -27 19 11 -18 -12 190 -60 -120 -245 245 236 81 -115 -193 -250 -17 -86 195 -72 4 59 153 64 -37 -59 141 -73 -170 -217 87 -117 -124 -123 239 126 202 -34 -195 -16 -97 -30 -206 143 39 -229 -99 -213 -116 -119 -158 -43 70 138 -24 75 -107 193 -9 69 -147 91 99 146 85 3 49 -114 26 -138 104 122 234 214 -110 -243 -152 241 237 165 9 -42 -233 169 -41 152 -132 82 23 -77 -29 134 -23 109 -102 211 -74 182 -179 71 16 -61 -247 215 93 -76 -155 -58 -231 -207 139 33 -180 -164 -148 -50 -130 -103 -113 55 137 
TEST 172 ARG:191 -71 -47 98 -233 -173 -39 -185 91 147 -113 -172 -66 -145 -6 22 39 -148 239 -43 40 125 -61 -151 -139 -199 65 -99 -134 201 142 164 248 -196 62 5 136 67 -33 -105 -177 16 -4 46 128 202 219 -82 223 -52 104 48 246 15 -108 139 222 -72 7 -2 57 -152 -90 -157 -38 -12 182 175 92 -249 245 -24 -156 -178 84 -126 177 -23 105 -97 78 11 64 -14 154 -95 -225 -170 95 218 -100 148 187 -191 -17 2 249 108 242 188 58 -219 -86 -56 68 -64 90 150 -154 -176 129 145 -235 -88 -218 -51 117 132 171 -150 82 77 86 -120 -1 70 44 69 -92 24 -26 -9 -78 -119 -118 -245 -183 52 -180 -147 163 -69 -198 157 172 -162 35 -211 153 -184 -76 170 -227 123 12 89 -163 -161 -19 135 208 113 -27 51 -68 74 79 -58 186 151 -18 56 -174 216 -31 23 50 80 8 -221 -187 -209 134 -13 13 -79 -60 169 83 -15 -116 -123 75 -244 -106 54 166 -110 -8 -200 -44 -208 -143 178 232 -204 138 -141 217 174 161 109 49 66 -243 141 -67 -75 -197 -41 -237 -224 -111 20 -179 -212 121 -94 140 -55 -226 -10 220 34 210 100 -63 -28 17 133 96 -127 -213 -167 1 -248 214 -93 194 198 85 241 127 -45 -238 -101 87 32 4 -49 176 -29 -223 -102 247 -54 -25 143 -234 103 61 -112 118 -73 231 165 -80 -91 189 -144 10 -98 -171 221 209 47 -115 37 -114 -125 3 -181 94 195 -135 -175 -109 229 -34 162 233 149 204 -140 -122 63 -32 110 -53 -46 71 -159 211 -195 158 -217 -155 -231 203 -153 196 -206 -36 -40 21 -81 226 -96 -132 -160 -250 81 -107 -190 234 111 -164 60 -20 -193 -11 9 45 72 -124 76 -202 240 -146 -133 -74 243 101 -128 88 97 28 -84 33 115 -228 -203 19 -192 -232 -169 124 212 193 31 -57 131 -201 53 167 0 -210 126 -239 159 205 26 -121 192 173 -236 14 -131 183 -70 -62 -205 228 -59 36 -186 120 -87 -85 130 -220 93 -215 -3 225 -182 144 160 -37 -117 190 18 30 244 -189 -136 114 -216 25 106 -230 -21 -50 -247 -103 41 -65 116 215 29 38 -207 213 -246 -149 230 152 197 -241 102 -7 42 43 168 -168 -48 -42 -30 -158 -242 207 156 199 -5 59 224 -138 107 -240 -142 112 -188 238 119 179 -77 -22 55 73 180 -165 237 122 -35 -222 181 235 6 -194 99 200 -89 227 185 206 27 155 184 -130 236 -229 -83 -137 -214 146 -16 -104 -166 -129 137 
TEST 173 ARG:239 163 -127 -206 -19 -105 -134 198 -201 136 243 -18 -126 -187 -223 1 7 -124 -192 -177 -107 -46 -147 162 -241 -210 148 187 -249 114 126 186 17 30 -203 31 165 171 -138 6 176 -232 -133 153 168 225 -70 11 -20 -8 78 -73 73 -214 -98 147 -165 4 95 130 -93 -182 40 54 138 52 -118 83 27 180 156 88 -113 -166 -153 194 19 41 75 91 -28 -76 245 59 -86 -226 -220 -2 51 -75 49 -34 -204 241 129 155 182 29 203 -154 9 -56 76 67 -140 -40 -132 79 -240 -180 201 -131 -191 233 36 -78 -213 104 -178 247 -160 -144 -248 135 10 -72 105 99 15 57 -183 217 222 -47 81 -13 -148 47 102 -186 -64 134 137 202 -44 61 211 221 77 108 142 -194 5 -218 33 63 53 -163 -181 195 218 -157 -6 231 -112 117 -156 -53 111 -5 -145 35 45 -26 -89 96 188 116 -104 236 -30 -196 110 169 90 240 224 -176 -95 -33 107 -106 228 -50 -42 -52 -37 -80 26 -188 -238 58 -92 158 -242 -135 28 -122 100 -129 234 22 -149 219 223 -11 178 -193 -231 118 16 121 226 232 170 -146 32 21 -49 144 193 -245 46 -199 62 -110 -168 3 146 208 190 -88 -31 -90 -246 -139 -17 94 -108 74 -62 175 112 -234 -222 -189 -14 -57 -174 86 -59 -65 184 -173 127 -32 213 -217 -224 -9 204 183 84 210 124 103 164 -119 -190 -235 113 128 98 -61 -225 24 -101 181 -247 44 -121 197 -3 -83 249 -202 -179 -161 -185 89 151 -63 -58 -158 214 174 -39 -150 68 -152 -85 166 152 -84 -142 248 -109 242 -141 64 38 -237 -4 150 60 -67 122 -15 119 -87 159 131 -114 -130 -169 -211 -79 -120 82 -198 220 157 13 123 -212 -195 -25 227 -200 207 209 69 12 -43 -7 14 -230 70 167 212 192 66 200 -236 177 205 -172 2 -159 -197 173 -41 172 18 161 -74 -233 85 -99 191 87 -244 -77 237 216 -228 -1 235 -155 -23 -143 23 -162 -54 34 -117 55 149 -219 -205 97 -115 -209 71 -136 -68 -116 -48 -55 238 160 -91 0 133 -103 185 101 8 56 -137 -94 -215 244 -207 -29 -170 -82 -123 -167 229 20 -21 39 -36 196 43 145 -66 140 -10 -97 92 -221 -45 -51 -125 -16 -100 -38 189 179 37 141 -184 -250 230 65 42 199 -102 93 -227 -151 72 120 -96 -171 206 246 -35 -128 143 -81 -164 25 -229 109 -175 115 -69 -243 -22 -71 125 215 106 -111 48 -216 132 154 139 -27 -239 -12 80 -60 -24 50 -208 
TEST 174 ARG:-7 -125 20 201 18 114 -245 -10 -45 174 119 52 -67 -133 13 -24 188 34 171 -235 56 -129 169 108 136 213 51 11 -114 5 24 -11 -77 -215 -213 226 -139 45 249 -222 -100 -80 202 -188 -55 -85 -178 -200 -246 -83 -3 7 -156 33 -72 -132 164 -149 -53 71 22 223 138 -52 -153 -151 123 -60 -8 -218 54 38 182 -233 -73 4 -128 243 -16 146 -224 -61 192 -165 -74 -240 -71 130 -226 144 -35 75 -232 233 82 140 -182 185 -115 244 162 -75 227 205 -158 -37 74 111 -109 238 -40 -89 -78 96 -163 155 126 125 -99 -15 145 -143 -144 184 195 -217 175 178 -175 -19 -247 -32 -241 65 89 -223 132 -105 181 -230 37 -142 -66 77 156 -162 -94 139 41 197 44 -91 143 79 219 -169 42 -221 241 16 112 -138 -187 86 -121 -159 -46 -92 242 -48 150 95 -161 68 224 81 -51 -134 -250 -88 66 151 49 30 -62 91 218 -229 -201 -210 248 -244 183 21 85 -110 -150 235 98 -122 2 -33 -206 -209 -191 -177 135 -136 -14 -196 80 48 -2 1 -90 149 72 177 109 39 -57 -65 168 57 107 -211 -140 35 -179 -95 32 -30 -1 147 -216 19 217 -116 194 103 -248 -236 -197 -42 -21 99 127 -194 -68 -155 153 -131 60 87 23 -126 221 3 -41 -184 -146 -171 61 142 -38 232 -82 137 -148 53 -97 189 -28 -170 209 8 240 -168 31 -239 -96 70 -172 158 237 222 -198 -183 -208 198 -101 -199 -81 -203 -202 -87 -242 -59 101 -93 -160 -107 -108 -50 -167 208 167 207 -20 -249 122 -205 93 120 157 116 117 -180 -228 -79 211 214 110 73 -64 -166 -127 -118 -192 -17 225 159 148 176 -185 -231 -220 179 9 134 -176 -58 29 180 -113 115 15 193 -23 -43 200 97 -130 -69 118 -112 204 -227 -49 206 166 246 191 -152 196 88 -219 -119 -186 -13 104 -27 10 -190 -237 -141 90 26 121 -212 14 -124 -243 -120 -39 -137 -147 -154 239 84 -189 46 55 28 -164 17 228 210 230 -54 236 62 215 229 245 -25 -102 113 -181 27 78 47 -214 -70 141 -5 212 76 -22 59 -103 -18 -34 -106 -157 -44 -47 -145 199 -123 -111 40 190 -238 -195 -26 -207 25 131 -225 105 173 -76 102 63 0 6 92 163 -12 -234 -6 133 -174 -204 187 172 100 234 -63 220 -31 -56 50 -98 12 -4 129 160 203 -29 64 186 69 165 128 170 247 -173 58 43 94 106 -117 -84 124 161 -9 67 -86 36 -193 83 -104 231 -135 -36 154 152 216 
TEST 175 ARG:107 -75 120 -66 -135 -88 139 -98 89 204 -80 180 185 116 66 234 -176 -53 46 131 95 -170 -239 -18 -30 -247 141 -83 -117 60 75 -84 -111 -24 -132 243 186 106 -79 58 -73 -165 -102 -64 76 -130 -35 -59 -128 88 -114 -2 111 155 108 25 114 73 -235 -10 -119 -178 -81 -3 121 176 -162 -220 -13 -4 -129 137 -43 -231 -190 191 129 209 -34 144 -244 -26 39 -217 164 -250 -163 14 -29 171 -96 -183 -38 -223 -237 15 56 54 -97 172 215 -87 -204 -109 -40 -23 -238 69 239 -146 -21 -227 36 -228 -41 29 205 8 100 -242 -25 -67 -33 230 -42 86 -214 50 51 221 17 225 130 150 -69 -108 82 196 240 148 244 -86 -149 -206 59 70 4 -207 -7 -32 236 179 -182 -226 -243 -245 -188 97 -120 193 7 177 161 -137 -6 133 224 -48 5 219 -94 227 27 226 -112 -203 -172 9 138 32 200 80 -161 31 115 -22 -90 52 201 -113 13 -50 222 -124 127 206 43 26 28 238 -91 -144 -37 -177 -147 207 -115 -174 -60 -19 55 163 -110 211 187 -71 166 -11 216 -215 24 -58 -8 152 -20 -138 -184 203 3 167 122 -150 63 -101 85 -52 -209 -55 20 -15 -164 -100 105 -28 -167 104 44 -219 -51 72 -44 156 -82 110 -95 -166 159 228 64 -246 91 -77 -99 -118 190 -62 183 -127 94 -195 249 -104 231 90 -148 -197 124 -152 -241 -145 -17 -31 -229 -1 -187 210 153 67 -131 45 -196 220 173 77 0 -157 -198 -158 123 40 119 53 -139 -105 -213 -173 154 -186 134 142 -123 247 -103 19 18 192 162 -175 -156 -122 -153 93 6 242 213 132 149 -14 102 235 61 197 -78 -234 -233 -107 42 -47 84 103 57 74 -133 -202 -5 -74 202 -70 -36 49 101 -125 160 -63 184 -72 62 -221 182 -61 -232 -9 212 241 38 -116 22 128 -248 78 147 246 126 158 -76 -210 41 181 -192 -136 112 -106 79 170 194 16 81 96 146 -49 169 -134 199 -12 2 -169 229 1 21 -56 188 189 30 -154 -143 237 33 87 -191 -85 198 23 165 -199 47 -45 125 151 145 -230 -171 11 -160 136 232 35 -65 -54 -126 98 117 -216 -89 -222 223 12 157 -141 -189 248 -179 -225 208 135 -193 -236 118 -212 168 175 -140 -181 -185 -201 -208 68 -151 71 140 -211 -92 245 113 99 195 10 -224 214 -121 143 233 -57 178 -205 -180 34 -16 -39 92 -194 -159 -240 -27 -142 217 -46 -249 83 -218 37 -200 -93 218 109 65 48 -168 -68 -155 174 
TEST 176 ARG:-116 211 140 212 -38 142 -218 138 -248 -86 197 139 -73 220 -241 117 4 215 -250 163 -94 -144 228 -133 123 200 201 -47 -155 181 -20 -157 33 -41 24 -106 -27 -95 -37 -199 -205 198 227 111 199 -52 60 246 -33 224 76 -63 -191 -88 23 -196 -130 -109 -46 106 161 154 180 91 187 20 160 -170 -227 -160 -148 -246 -55 230 146 25 -172 93 -68 -229 -113 -105 -189 -51 166 22 57 242 183 207 133 102 118 65 46 66 -132 204 -28 36 -21 -137 67 62 -35 85 37 194 50 56 -122 241 -76 -207 -93 3 188 -185 26 -42 -6 -112 141 73 121 -173 150 74 -99 -242 249 89 -231 70 -58 -78 151 -131 -153 -61 108 222 72 -236 131 -175 97 124 -100 129 -29 -7 103 13 -119 112 147 61 -31 47 -66 -245 -103 -243 -233 144 206 -145 235 -169 -213 145 225 -221 122 -202 -23 169 -64 217 -222 219 165 1 -17 10 -184 -15 88 -215 -25 -194 68 -10 -97 -117 -230 -228 137 -56 96 -210 202 5 7 -238 -126 -110 107 28 164 2 231 -166 -234 179 -59 -237 193 176 -226 155 -34 -39 95 -147 -96 30 -186 167 -101 6 226 173 -9 92 15 -67 196 -174 -209 -71 -188 -98 -183 -217 -84 -239 -150 -26 40 -65 178 156 209 44 -179 205 19 -92 -167 232 130 99 -11 16 42 83 -54 -5 152 116 -74 -225 -140 -1 -108 -161 -177 -220 143 -190 31 -176 -143 247 -3 43 134 -87 126 208 82 -162 -32 94 100 -90 174 245 0 49 104 240 -2 114 75 69 157 172 21 -115 -151 162 239 81 -180 -89 -193 34 -154 -72 77 237 59 -104 195 -77 64 52 9 51 -114 -232 186 -141 136 14 -91 -48 -79 229 -247 -182 -129 -212 -200 79 -49 -12 78 115 238 214 98 113 32 168 -159 -249 -224 -83 90 -107 -203 -43 48 -125 -120 149 8 -16 -211 -44 -216 -121 63 -60 -118 58 119 -4 158 185 -235 -201 135 27 41 218 189 184 -163 192 148 221 191 248 203 109 -57 125 53 177 -24 29 -156 -8 -134 132 -158 244 210 175 -135 -142 17 171 -85 120 80 39 105 55 -128 -244 -138 -111 170 182 -75 213 86 18 243 11 -146 35 -18 -204 -19 38 -70 127 -149 45 -198 -171 -40 -195 -124 -240 -168 -206 236 -36 -136 -62 -187 -223 84 190 -208 -30 -82 87 -81 159 216 -178 -14 -181 -53 128 233 -165 223 -50 -80 -139 101 -22 -164 54 71 234 -102 12 -123 -197 -219 110 -152 -127 -13 -192 153 -45 -69 -214 
TEST 177 ARG:0 -211 93 -226 40 83 220 -72 -14 -194 121 26 124 231 -55 -195 61 -180 9 -85 68 -7 122 102 66 109 63 -104 -19 -210 47 11 113 -141 7 -160 80 -176 -65 50 -25 -186 -81 199 -84 -168 205 -162 -32 -223 -217 82 142 -82 210 57 -159 140 92 30 -74 101 -36 -172 -26 -30 -33 -47 70 94 -88 145 -221 242 243 -28 -121 14 -225 -239 -163 -199 6 -94 -157 139 239 -243 -238 137 3 17 -49 -41 138 201 -31 -229 164 238 158 -171 236 -133 -197 213 -169 249 -200 -53 197 24 149 5 -189 34 -202 219 226 117 -23 129 -83 91 -161 215 -48 -75 -77 84 -98 -2 -227 19 211 -122 -193 46 -135 148 182 -131 -244 187 -76 -8 -29 -79 135 -182 -216 115 -145 -59 28 160 49 151 163 58 -166 118 123 126 90 -108 -87 -183 -68 23 13 -152 -45 99 2 -237 169 62 130 -209 -230 69 141 37 186 -93 -224 -203 95 -35 -66 181 65 -153 217 12 -248 96 120 -156 31 -130 -218 183 156 -207 71 -119 196 -18 -64 59 174 51 227 152 208 -13 190 159 -126 -63 136 180 -120 200 -78 127 32 -235 230 228 171 184 45 60 161 -34 -112 8 116 -150 -118 48 86 216 -124 -92 224 147 225 25 -56 -219 128 107 -215 42 -113 87 -188 -67 -43 -27 1 103 170 -101 189 22 244 191 -116 -1 166 -206 245 -60 177 -123 -40 233 -178 167 -20 154 104 -127 52 112 176 -39 150 77 -22 -140 178 -155 -191 33 21 111 -107 -196 -10 -97 -57 -137 -38 -190 20 155 247 -246 -128 -143 -37 -192 -15 133 240 -136 172 -50 35 44 -232 188 -129 -245 -204 -102 222 114 -58 -184 -234 -132 132 -198 157 143 -142 55 -95 -185 209 -177 179 106 -62 -86 192 -208 -6 -139 144 -70 -125 131 -222 -111 -44 -73 -114 18 -179 234 -51 16 -106 125 223 193 162 206 -91 -173 98 -149 -134 -151 -233 248 -241 72 229 15 198 185 -138 110 76 -201 194 -247 67 218 237 212 -105 -236 -170 -89 100 -16 75 -165 -3 54 -167 -12 119 -147 -4 235 173 -240 -242 -154 -80 73 -220 -54 74 -11 -71 -175 36 207 -5 -24 53 85 134 246 -212 -46 214 -181 -158 -69 -52 203 175 -96 97 146 153 38 -205 29 -231 232 -117 -187 -213 -109 202 -249 -100 56 241 -146 -42 108 -250 4 89 -17 78 168 64 79 195 -9 -148 -144 27 -164 -214 204 81 -174 39 -110 221 165 -21 105 -115 -99 -61 -228 -103 43 41 10 -90 88 
TEST 178 ARG:-99 159 150 -188 30 243 -63 -225 224 -207 -135 -232 -58 -248 221 -114 -157 78 22 -43 -79 67 -247 -13 157 2 -223 -20 164 59 24 -245 -250 57 -174 140 -148 -11 -178 -61 -50 18 -217 37 249 109 -23 -202 222 -81 133 -166 147 -102 -42 239 11 -165 209 -122 -18 20 -51 -120 -52 194 -173 -149 54 204 -231 236 65 -21 156 238 154 -68 185 -9 -208 167 -191 128 -72 72 -199 -29 206 244 -193 -94 64 19 208 151 -38 -211 52 -228 -106 -117 108 -145 -139 -57 104 -198 -234 9 0 42 -33 -12 197 141 -168 105 120 -194 -176 181 -133 -82 240 92 -170 46 -175 97 -53 -216 101 173 80 35 -169 125 113 162 -190 63 -209 171 -8 -167 -224 41 203 95 245 -205 -74 -105 -181 5 188 -200 66 -128 70 -127 94 226 -184 71 -130 96 17 -10 -242 16 -226 179 85 -136 81 142 111 -45 -138 43 -87 112 -239 -30 -66 -109 -31 -238 -25 163 7 -249 -83 14 242 89 -163 -27 -179 176 160 -3 62 198 241 -213 -152 -147 225 -93 183 -189 -54 38 124 -172 61 -59 -210 -112 -192 145 -4 40 148 117 -227 -171 83 -84 223 207 -32 29 -158 -77 -187 -44 98 174 168 144 192 228 79 106 51 58 172 237 28 -95 182 -125 -197 186 49 -137 189 -244 199 247 55 -34 191 -110 -24 -162 74 230 45 149 -118 119 -96 123 -35 -131 -22 137 68 -26 -28 -186 -159 99 -104 -132 233 73 -47 50 88 -146 84 -143 -134 234 56 4 -236 86 -16 -155 131 44 158 -60 153 36 202 -6 211 -203 -113 -62 33 177 -75 -56 200 60 126 -164 -5 114 -85 248 103 -14 -156 -7 -196 -177 -233 136 -142 -88 229 10 246 -212 -201 -69 -97 232 -103 -37 -100 -141 180 134 90 218 -89 135 -64 -39 235 26 76 -230 31 132 15 -107 190 201 77 -153 -40 -144 220 227 138 -206 -17 215 82 -150 25 -49 -215 139 -115 -182 217 -204 75 21 110 -218 115 -243 -140 -98 -246 -154 116 102 -185 69 -240 32 187 -19 3 193 178 8 -180 47 39 212 13 155 170 -78 -108 205 -70 -36 118 1 213 -73 -91 -237 -123 -221 -46 -183 169 -76 231 -2 -121 -195 196 -71 166 -15 -86 100 -160 23 161 -65 152 175 -48 -119 -41 143 -220 130 -116 -1 -90 165 -129 34 216 129 -92 27 107 122 6 146 53 -235 -126 184 -161 -67 -80 93 195 -222 210 214 127 -219 -241 -124 87 48 -229 -111 -55 -101 12 219 91 -151 121 -214 
TEST 179 ARG:-13 230 118 180 -147 -242 -127 -129 165 -111 115 -86 79 99 -209 -131 175 168 -220 -126 -76 208 -202 157 81 -216 -232 141 146 4 236 240 -108 176 -200 -153 -69 19 -149 187 -27 -235 88 174 -35 -162 -177 -38 129 -210 63 169 -44 -85 144 68 149 -169 186 -130 -106 -208 247 -161 14 227 -196 45 64 199 -217 -165 148 97 -191 127 -142 93 44 -4 132 198 209 -45 119 89 -128 228 177 51 -204 -121 162 -124 -219 221 -10 -185 84 -203 -222 -48 65 245 113 -115 217 -141 140 -81 23 104 39 -94 223 46 55 8 -40 82 -237 2 108 24 -159 -110 -163 -107 -198 102 204 -230 -205 76 61 -68 -70 205 -223 -51 158 233 62 40 42 -170 -6 -182 71 -18 -138 235 171 -77 1 179 48 52 50 -135 74 9 194 159 -20 166 -250 -244 -65 181 -56 30 75 78 -186 -60 69 -143 -228 -31 -21 197 203 13 -89 -249 120 -213 -92 -122 -73 -101 -125 -206 138 72 -201 -2 83 237 32 33 85 -118 28 201 249 160 41 -180 -184 -218 -233 5 -175 111 35 -8 -179 -104 11 -224 -123 7 190 -240 60 -14 153 38 66 -148 -78 107 -96 -39 -17 232 231 219 -152 31 -157 195 -1 87 -109 -167 -247 -119 206 -195 -67 215 -158 193 243 151 -103 -43 112 244 163 98 226 -25 36 185 -194 211 142 -226 -80 96 -50 -79 34 -99 155 -132 202 91 10 145 139 241 67 196 -87 -113 106 105 27 121 222 -97 -114 182 -155 17 -100 -66 124 -93 126 -75 -176 -9 183 -166 -26 -173 -227 43 59 -188 172 -64 -91 -105 -160 191 73 -22 -19 167 -245 -42 248 156 -112 22 21 15 -47 -23 220 -84 -5 -150 -231 -52 -146 -229 123 218 -29 -34 -16 0 57 16 95 49 29 -46 147 -190 -246 -178 25 -58 164 200 239 -193 -172 152 -61 -236 -74 213 3 -82 18 234 116 242 -168 225 54 -63 6 -88 207 -24 178 -215 -11 -189 173 -192 110 -154 -7 90 214 -225 -30 -120 -181 56 -243 -133 -144 170 117 -214 134 -59 136 -41 122 184 101 -183 -72 -117 238 -116 100 -55 -49 109 143 77 137 70 -151 -95 -145 229 -187 -136 135 -239 94 -57 161 216 -238 -211 -3 -171 130 -54 53 125 -241 103 -137 224 -90 212 133 -234 47 -36 -174 -140 -197 -62 -134 -248 150 -212 -221 128 -102 -32 -15 -37 -156 26 37 -164 -139 154 188 -53 210 92 -199 -33 -71 246 114 -83 131 -12 12 -98 86 -207 192 -28 20 189 80 58 
TEST 180 ARG:-64 120 -136 -106 -25 14 232 -93 182 104 -105 -173 6 -41 -49 -236 125 -119 -212 206 -21 -56 -188 4 -208 -28 29 0 18 -186 100 50 194 105 114 12 -134 144 213 -223 -110 -135 219 -108 -218 22 -72 176 -202 -32 30 -238 -154 -76 75 124 175 131 68 -198 -200 198 -174 170 -230 118 242 -167 111 -140 -199 -235 -20 -90 -166 -5 123 -222 -120 -158 155 -146 1 21 215 154 243 210 -62 240 -133 -68 -82 -39 -60 9 -126 -138 -88 244 -220 66 116 3 67 222 -38 -248 -63 140 -10 -243 -89 -247 -12 181 10 46 -185 31 55 -128 52 54 147 -143 90 108 133 -23 -169 191 -15 -66 -44 8 -9 -160 -45 -100 249 -59 216 241 -58 64 -117 -242 99 93 7 -73 43 -75 -16 -197 -27 84 239 117 -237 85 207 -182 -35 -201 72 173 148 36 192 -215 94 -227 211 2 -239 -102 61 -191 201 157 -171 80 13 189 42 24 -95 -213 -111 70 -46 33 -71 -179 92 -53 -79 -83 16 -107 -249 -132 112 23 -183 150 -37 193 134 238 130 195 -150 196 83 62 197 137 -193 -43 78 -80 -55 143 51 135 96 87 -1 202 88 -18 -209 -192 47 58 -245 -240 -115 172 190 158 -137 153 15 91 -96 225 -156 248 56 -177 -122 156 71 -3 122 236 -98 -114 -231 141 237 25 -6 205 41 151 -8 -152 -141 -184 184 -86 -147 -77 38 169 -234 37 -139 -104 -69 -151 109 -168 -187 45 -103 171 -159 19 -148 -30 185 79 -180 224 60 -244 129 -170 -67 200 -149 229 246 212 142 233 223 98 -70 -112 44 49 89 209 -195 230 -228 81 -204 82 -87 -250 34 -216 186 231 180 -113 128 48 168 -210 11 -221 163 -144 -130 -217 113 187 -11 -124 218 -225 121 57 188 115 -157 -99 139 -153 77 165 -142 -165 204 183 -207 -48 138 179 -131 -161 -178 -65 -116 -94 -40 174 40 -47 -125 -109 69 27 -2 -19 159 226 145 126 110 5 -121 -196 -214 208 -205 97 -233 59 107 234 -219 -51 106 -26 -155 136 -81 95 217 228 -246 -57 17 -50 -42 247 -85 203 178 63 -101 -118 162 -34 101 -31 -224 -190 214 227 -36 166 -7 -226 20 -29 -232 103 -172 102 177 -4 -14 65 -24 -61 -127 -163 35 86 -181 -52 -84 -229 -33 127 -92 -176 -189 119 -123 -164 74 -194 152 76 -13 -91 167 199 -203 221 235 26 164 -211 -17 245 -74 220 -206 -22 161 149 -78 28 160 -241 146 -54 -97 -175 73 53 -145 32 -129 -162 39 132 
TEST 181 ARG:39 -65 160 27 -124 -197 234 79 -10 -240 -127 107 245 -86 240 176 178 -136 230 248 -101 12 85 -50 -20 29 249 105 -49 -105 -208 142 -220 -175 196 33 -219 243 21 -45 -47 -206 -38 194 215 -245 212 -42 201 170 -239 -217 -191 -123 -61 -110 -99 -142 63 -5 -173 8 210 -225 20 -96 112 95 -131 67 152 -83 -234 -66 224 -169 -236 182 123 -94 -15 13 -25 46 137 -202 -88 -207 -54 44 9 -198 11 -148 -152 -16 15 -62 169 -29 -211 228 48 172 -132 202 -186 -59 132 150 94 76 -145 68 133 -247 -33 233 -192 -189 143 -180 111 6 -97 156 -222 118 -1 -24 -126 109 -6 148 -63 78 -31 -77 52 74 242 -95 -125 131 -93 206 -188 -218 110 195 -84 -111 -19 -73 -2 -135 28 -7 -34 -113 80 -187 179 165 -181 55 -141 144 -162 91 18 207 -134 101 217 103 227 -216 -172 -246 88 216 138 31 209 26 166 147 -233 10 -237 -22 121 19 211 174 100 -44 -146 75 116 -112 -79 -70 -98 17 247 -204 -209 -144 192 -52 -37 -149 -196 82 119 30 159 -9 -119 -117 23 -205 171 98 167 56 -212 -195 208 -60 -67 -115 -35 -108 -82 -75 -32 60 -238 114 126 4 -153 77 225 146 221 139 229 -21 -129 42 -56 232 205 -107 64 -58 -184 -161 168 219 -203 -168 14 124 -104 189 235 -201 -48 -215 -26 193 -158 -137 -249 -213 117 222 73 59 185 16 -228 -231 84 223 2 90 -177 37 141 -164 3 -214 -235 25 241 -194 120 181 -90 155 -210 129 83 43 87 -147 108 -68 -179 -157 -224 128 54 -120 -85 -118 70 151 34 -106 -109 231 161 -13 -178 -229 40 -190 -227 49 -163 -87 -114 93 236 -46 -221 92 0 -78 180 175 -41 157 66 130 136 226 -102 -128 214 -3 5 -250 89 -12 237 -121 41 -39 -72 -183 173 198 135 -232 -71 246 45 81 -140 153 -166 -55 203 62 57 187 -57 -167 134 -76 -36 -244 238 -223 183 127 184 -40 -43 -193 -91 -28 7 99 145 -155 -100 38 -17 140 106 47 188 149 1 24 102 -200 122 -116 -81 -150 -159 -103 199 72 71 239 -53 22 97 191 -182 115 53 35 -4 -139 -230 69 -243 -23 51 113 -165 -185 -248 200 163 218 -89 -80 104 190 158 -122 -226 -51 -143 -170 -8 -69 204 -64 -11 65 58 50 197 244 86 -156 162 164 -171 -130 96 32 154 -154 36 -242 -160 -30 -241 186 -151 -133 -199 -92 -27 -18 -74 177 220 213 -138 -174 -14 -176 61 125 
TEST 182 ARG:-100 30 192 -3 -105 186 57 -147 43 -193 88 2 26 41 79 -220 -88 -62 77 -91 242 81 209 -33 -83 67 177 3 -146 -126 -115 -127 165 -96 -134 -34 115 -37 173 -86 190 -10 108 -242 -215 -201 98 62 -106 -26 -180 176 155 188 15 217 -198 97 149 -236 -51 -232 70 -15 40 -74 -140 -17 147 27 -182 -24 -98 -178 44 219 199 223 47 -137 55 239 164 -139 -138 64 -189 227 109 -55 212 -64 9 39 22 -191 -148 63 140 -50 18 218 -101 -248 -172 -7 -94 235 229 -219 -154 -73 -145 93 6 -2 172 206 130 -116 49 -174 -144 -245 1 0 -173 -188 -122 -8 -131 20 -45 51 -124 13 -61 156 -44 -244 170 -65 230 -71 48 -222 52 -114 -203 50 125 28 -75 -58 -156 148 -235 -40 61 220 -167 82 179 133 204 -210 -92 86 -49 -196 -29 213 -18 -82 -169 -89 -141 236 60 -59 105 -119 -213 -208 244 -239 -246 152 -218 -112 168 159 -72 -38 134 -128 194 -177 -110 -250 -142 -186 19 171 -22 -216 -103 107 -214 87 205 -163 96 -76 222 145 -41 153 141 162 -31 46 -160 65 32 -109 -159 142 -217 -241 -133 -226 -194 144 -151 234 187 -85 -23 -206 -27 185 -202 59 -39 -166 -35 -197 -221 -6 191 29 -78 -13 -181 -117 -135 -48 -87 193 25 -247 -81 -212 228 -79 -70 150 198 -205 -36 -80 182 34 224 -53 -102 85 -223 -43 -132 245 -233 180 -171 200 23 74 -123 241 167 -63 151 123 66 202 -121 232 -52 -211 -158 -14 -175 89 99 225 14 121 -84 118 -192 161 -77 -183 42 -231 183 175 35 -204 -5 16 -129 4 246 136 203 11 76 -69 -9 -95 -97 -90 116 189 248 -113 -120 -32 138 17 -149 102 196 12 -230 -11 -164 -224 110 135 -170 73 -249 240 114 91 112 -104 104 -200 45 37 78 178 -93 -125 -47 103 122 238 -28 83 214 -157 -150 210 -228 21 128 129 106 131 -240 -179 160 54 7 174 231 100 5 211 -225 -107 113 -4 -238 -25 68 216 -111 -108 -176 -185 -195 -20 -136 127 233 237 -184 -60 -143 10 71 154 -42 58 215 -1 126 -152 139 201 -56 -199 33 80 157 -237 -99 111 -209 -165 -67 -161 -130 -12 38 -187 197 -207 56 207 184 -234 -30 31 -46 -54 -68 101 226 -190 221 53 195 -21 158 143 181 -153 -229 8 124 -243 247 163 120 84 24 132 95 36 146 249 208 119 169 -118 243 -57 -168 72 75 94 137 -227 -16 -162 -155 117 -19 69 92 166 -66 90 
TEST 183 ARG:-65 4 85 206 49 -117 219 230 141 47 185 -220 -228 50 91 105 190 -21 54 -150 14 -241 203 -179 -74 32 126 158 234 -188 0 -133 -43 -23 -210 26 48 175 53 -109 226 8 -132 -217 -14 -111 -158 -95 -161 236 -166 -164 -86 -11 223 -38 -143 -96 65 127 -41 155 186 -57 238 -58 120 -124 -8 75 -101 -190 78 15 103 -145 45 -44 -165 -243 88 204 -171 -125 -130 218 -189 -75 33 -114 12 83 231 -141 107 -202 9 184 180 10 -156 -250 -105 -139 87 -170 -159 -219 144 -160 -154 -222 212 64 245 46 197 5 -121 -247 110 -211 152 108 228 188 -42 24 202 150 169 -206 247 -5 156 -224 217 -244 -196 51 139 28 25 -203 208 70 170 -231 -70 -234 -24 -55 -97 225 215 79 -116 -140 160 -94 -148 52 154 43 100 138 -91 -213 89 13 -212 205 34 56 211 157 -22 101 3 -225 221 237 240 -122 -123 40 134 71 140 -7 -223 73 -215 -146 -184 -176 -108 -100 -157 210 248 -127 -54 -168 -115 123 57 -28 119 -46 41 145 -9 -71 -134 -87 -113 39 224 -187 -233 102 -135 182 37 -31 -118 93 -32 -2 116 171 122 109 17 249 -25 177 -62 36 168 94 81 66 194 22 -26 -138 -80 -178 -239 -49 -45 -198 30 -18 -192 -151 -61 227 -19 -3 -35 -144 68 143 239 61 135 191 214 -83 -191 -73 -235 -136 -147 133 167 -186 -199 -204 -77 -131 -81 86 -242 27 -15 -67 142 -174 137 -79 44 -180 -37 -63 63 216 60 244 -201 165 -34 2 246 -232 -177 -33 -183 -173 201 -60 193 114 -119 -112 -1 220 162 -84 35 -153 172 233 -126 -17 -207 -66 -249 -245 199 174 -10 213 -69 -48 -236 23 153 187 -110 -248 -56 -103 235 -167 -4 124 59 -6 148 -129 95 -175 82 -29 -104 104 -193 -120 -99 -59 -163 67 -50 181 -182 -142 74 130 -227 -221 -195 -20 164 222 -92 196 97 -149 207 -185 -128 106 18 173 163 20 200 31 -162 76 159 -238 -226 19 198 129 -209 242 -106 -208 136 132 232 -93 -12 -13 -155 -30 -51 -53 42 98 -68 121 92 128 21 -16 125 -246 -200 178 146 62 -40 -90 84 115 229 176 -64 118 -214 69 7 113 147 183 195 -172 -89 -240 241 -82 166 72 131 -197 -169 29 -218 1 192 161 -152 58 189 -229 -205 -230 -27 11 -88 209 38 99 179 -102 -47 111 151 -52 -76 149 -181 -39 55 -216 -36 80 112 -78 96 -98 77 -194 -85 16 243 -107 -72 -237 -137 117 6 90 
TEST 184 ARG:39 242 -66 27 -204 -224 -208 143 232 19 208 -141 156 -82 79 117 234 184 -60 -86 14 29 -124 -195 -189 219 -187 59 -58 -247 197 132 -19 98 55 66 42 -118 101 226 60 188 172 -12 246 198 -27 -243 189 -164 -84 -226 -215 107 95 -77 180 -91 30 -61 -3 -11 -221 -242 89 -171 -17 -146 207 239 97 218 38 3 -169 183 211 -203 -248 -75 -18 237 238 -225 -32 133 52 -6 155 91 -90 135 177 -200 76 151 -196 12 -53 -62 -36 17 201 78 -23 -33 50 -166 -177 -238 -31 -69 -185 -125 -108 -52 150 -205 -20 185 108 -240 209 67 187 18 125 193 -105 -71 -40 -92 -94 215 203 199 -110 104 -16 131 224 80 136 -106 -192 -22 -10 -67 -202 -197 146 -59 -223 -2 93 -153 28 -55 -122 -129 -4 100 229 -163 24 103 -41 -21 -135 163 167 -103 -73 -218 -186 -147 54 106 120 195 -151 -43 137 -5 47 88 202 -115 65 -1 182 -114 -111 -214 58 36 -39 -93 166 82 -65 147 -83 -216 -95 247 159 -210 190 -102 -119 -25 178 -50 -8 210 -76 -79 -239 110 206 -193 111 -98 -245 -34 214 31 128 81 -206 -130 -121 230 244 -46 194 -45 -88 7 -161 -56 -126 129 64 -154 213 142 102 245 223 236 -228 134 -140 116 161 -178 192 -144 -156 -35 -160 -172 -120 186 144 40 196 -188 160 94 -180 176 -37 -176 -234 -198 -142 181 -155 164 9 45 200 -167 152 -179 109 121 68 -159 118 -236 -51 6 33 123 -123 -168 61 -136 20 -72 158 169 179 -231 85 -174 15 204 57 -182 70 25 -233 -78 233 86 -107 171 173 139 227 51 -244 -222 -87 10 -49 -89 8 0 -232 241 -207 -81 126 -145 -128 127 -24 -7 217 37 -213 56 174 -99 -139 4 -80 -47 -14 -116 105 -117 165 148 -150 -138 84 -173 -237 -127 168 -230 -250 -217 170 130 231 16 -148 -158 -183 -28 -246 -170 -211 23 191 122 1 -194 -109 -44 -181 -30 62 -191 -104 96 49 112 115 -199 -15 21 53 -9 -132 -149 -162 83 140 -13 32 22 216 -96 -54 -165 222 212 157 -85 99 149 221 72 -74 43 -29 -209 240 90 -152 162 228 -38 -137 -100 -133 -97 -131 -70 2 -64 249 154 77 -63 35 46 205 124 243 71 153 -201 113 -175 13 114 -184 26 -249 141 87 -57 -212 -143 175 41 11 -26 248 -101 145 -219 92 63 -112 34 44 138 -241 75 -42 119 235 69 -68 -157 -113 -227 220 -48 -134 -190 48 225 -229 73 -220 5 74 -235 
TEST 185 ARG:-6 -248 72 131 -28 -138 244 33 -110 9 -194 123 70 -87 -55 -183 75 -105 1 28 -213 -111 97 -68 -175 -153 125 -212 124 193 -206 -215 -103 17 177 5 89 121 -191 133 -205 12 153 195 -120 16 6 -35 223 232 168 206 19 -238 -84 -80 18 -241 241 -189 -3 -127 -231 -151 -167 101 -165 161 148 94 169 -22 -90 163 210 22 -157 -218 -170 -99 138 -161 176 -174 171 -125 -45 111 115 188 -180 -179 229 -47 -41 -12 -113 178 -226 -247 -10 -25 -32 157 -236 172 -244 -9 159 165 55 -192 164 -102 -142 -216 167 -154 -187 73 -71 185 -14 -159 -89 -97 44 -42 -173 152 -115 -108 -116 187 208 -145 149 76 69 204 -123 -134 119 235 88 113 51 239 47 -51 140 -229 -184 -67 -163 85 -143 57 110 -29 122 -150 103 45 56 -211 84 147 -73 60 196 -46 130 105 -199 -207 190 -232 -50 -43 -96 21 -5 -49 -59 224 -208 43 236 221 -61 -54 146 216 14 -168 78 225 -77 143 -146 213 158 -48 -237 248 -62 -158 -117 71 -144 80 -242 48 -162 203 -224 23 -16 -56 189 150 2 64 59 -227 -220 -243 -36 39 238 -129 -148 142 245 183 134 -85 -204 -186 15 166 -106 -40 -95 -13 222 -195 -101 201 -119 82 24 91 -198 -2 -63 -21 242 -17 207 -100 219 -24 186 -155 -114 90 -210 212 -156 -65 -1 -182 -249 -122 11 8 182 -223 38 -93 10 26 -124 93 -75 -104 104 175 -196 40 233 109 139 54 137 -33 217 -60 -178 50 -38 -76 205 -30 -234 218 -8 -83 79 226 141 0 -137 -86 25 228 237 -11 -239 102 -72 -98 -82 -37 -200 86 20 -64 -140 35 65 -121 77 -250 220 -109 -197 -202 173 62 -181 -225 -219 27 -185 -166 192 87 -92 -34 -91 231 -57 -176 160 249 52 100 -188 197 42 -222 154 247 37 -209 92 -79 49 144 63 -44 41 181 151 -53 211 -4 -107 126 81 -164 -193 34 117 112 -201 -246 -78 -136 -245 214 4 191 74 30 199 -240 -171 -233 -27 -26 227 -203 202 -169 31 120 -94 -15 -221 46 180 198 -112 -133 145 -74 215 13 -235 -69 127 7 -132 132 -190 3 234 -58 128 135 194 200 136 -7 -177 96 116 -19 155 -126 118 -23 -141 -217 174 114 156 98 184 -88 -152 -228 53 209 32 246 108 240 -139 67 -131 -70 -128 -66 99 129 107 66 -39 58 -118 -230 95 -20 -31 -172 230 179 162 -147 -18 -160 -52 36 61 -214 -81 106 -149 29 83 170 -130 68 243 -135 
TEST 186 ARG:-33 -96 -37 -240 -158 -6 -79 170 35 218 181 -57 25 -179 -88 -83 101 151 30 165 12 -239 -132 -67 222 -13 -176 88 142 -27 152 87 -216 -89 34 -78 -19 -21 191 -74 39 236 62 57 13 96 141 -117 -63 -41 79 206 -224 6 -226 -119 9 -129 55 -103 -160 -249 -95 -151 -190 -127 3 72 -25 107 131 143 245 -242 242 224 85 31 230 -50 94 -53 -157 -75 -92 186 -163 147 -156 -116 -219 -73 82 -221 10 -94 246 187 166 -204 -202 42 232 111 -199 -120 -217 223 52 41 -11 -247 -166 -168 148 195 189 209 18 27 21 106 38 -28 212 -114 121 -205 244 14 -154 -174 -65 -147 102 49 -61 -188 -212 -135 -2 211 -5 46 -197 8 -26 168 26 -60 -170 115 -136 -110 -131 105 205 36 213 -227 -109 37 -149 128 -213 -230 -172 241 99 180 -20 -173 -49 -231 184 114 -192 -124 29 -54 145 154 -177 103 77 -30 118 238 -146 -248 -99 -90 28 172 93 220 -223 136 157 33 48 -153 2 228 66 190 129 95 -144 -51 175 -128 -123 183 -18 -232 159 -38 192 -91 216 -235 113 169 84 126 -243 202 -238 -196 214 -29 -108 75 -218 -193 -141 64 -244 210 -159 76 122 -115 158 47 188 -165 150 153 -175 -59 227 -111 240 -58 -102 70 -236 -100 1 -162 -167 -138 -195 51 225 162 -152 -191 -106 -201 -85 81 63 -45 249 -72 -31 -161 -164 56 176 -68 58 -9 229 199 -137 -203 -104 138 156 -87 44 -97 -71 -32 -44 -81 179 -93 -178 -234 -208 -47 -24 -23 155 132 203 90 233 -250 15 -86 -10 123 174 -194 196 182 -169 -187 -22 -189 -52 -180 23 130 -198 -113 -76 83 50 139 -126 235 -211 73 -185 -184 80 112 161 -101 207 -229 -40 164 -139 193 -64 53 22 197 -206 -186 -148 -12 -77 119 86 -210 0 -3 -36 -121 110 -80 248 -134 -35 -181 -48 68 40 45 32 -107 -150 116 -105 137 -200 -70 -130 24 -66 -214 16 -237 -182 -118 237 -125 215 -220 234 43 78 5 -1 124 171 226 108 91 54 104 201 60 -222 -34 247 -84 -69 120 198 -16 178 200 17 -142 -140 -55 109 -122 -245 -4 133 146 160 -43 167 117 61 7 177 98 194 -17 19 -225 59 243 -82 -56 -143 69 -145 -112 -209 89 92 67 -133 -14 144 -155 -171 163 221 -233 74 185 11 -228 -8 97 -46 -241 231 100 -246 219 -215 65 20 -42 204 140 208 71 135 173 125 -207 -62 -7 134 -39 4 -98 239 217 149 -15 -183 127 
TEST 187 ARG:-143 117 -167 -212 -237 -12 -96 -33 128 -150 190 97 -241 139 -223 47 -71 167 -17 -200 26 211 72 78 -50 201 104 39 -118 -152 11 112 24 -225 98 -56 -174 150 200 -120 -47 -213 221 15 -121 -82 248 -155 -169 -86 31 110 -227 126 161 151 137 -102 127 -137 162 -215 82 -70 28 22 144 19 227 107 -151 50 -171 -230 109 -55 180 -134 172 -57 45 228 73 -19 154 -236 -226 181 176 -79 -87 -108 187 -188 -21 -27 -172 182 74 -202 94 -216 -128 -115 -197 -109 34 -195 158 103 69 105 119 -146 207 118 -3 -91 -217 142 237 -95 -29 238 -69 -205 231 -161 -77 -84 193 -62 209 136 129 196 -24 68 -207 -48 -210 101 191 -178 -63 20 188 219 -74 -204 138 38 79 175 222 -51 -149 -185 152 -184 37 184 235 -25 65 -76 174 -214 1 195 -198 183 217 35 41 -53 214 -201 0 -203 25 185 -240 -245 220 123 -85 192 -54 -218 229 -231 100 155 -73 -186 3 14 -199 -35 -81 143 234 -191 145 166 164 -219 -18 52 -60 -182 157 -101 -187 141 131 -156 -80 230 -93 83 66 85 244 40 -122 56 -97 -159 194 86 33 -170 91 -183 77 165 245 111 -13 -125 -222 -61 -22 4 -39 -181 -104 29 -190 -72 12 171 -228 203 -180 189 215 -135 58 -105 122 -130 -127 -211 84 -99 226 6 -37 -59 163 -34 186 61 -15 30 -142 90 -176 -36 75 130 108 205 49 99 -14 -157 -38 5 135 -100 170 197 70 48 213 -175 36 224 -114 -165 32 168 -196 -248 80 96 218 -83 16 7 -10 54 -133 -124 148 116 -8 159 133 -6 -30 67 -28 106 -140 -220 -166 -208 88 169 95 62 153 -239 -20 -41 -2 23 -26 42 125 -138 177 -75 59 -221 -113 -123 -131 -92 -49 13 -46 160 -153 115 -189 -145 -94 -141 -52 -234 -144 206 17 57 -88 92 -238 146 202 -235 55 53 18 -233 233 -32 243 -66 -163 -192 198 -67 51 43 236 63 -139 -164 242 102 -68 -242 -162 204 -106 -116 156 -147 173 -247 -9 64 -103 -160 -112 10 -158 -243 223 179 210 -4 46 134 -78 212 44 -249 -90 -129 -209 113 60 -44 -173 246 -194 -111 -43 -31 147 232 8 132 -64 -193 -11 -148 239 -45 247 87 -136 140 114 208 2 -65 -224 225 216 120 -177 -110 -246 199 -250 124 76 178 -42 -206 -23 149 -89 249 9 -5 27 -16 -244 -107 -1 -179 121 241 81 -40 -117 -98 93 71 -229 -132 -119 -126 -7 -154 -232 240 -58 21 89 -168 
TEST 188 ARG:171 -238 27 -208 -221 64 95 -165 -204 182 -93 -207 -102 72 168 127 -179 -1 76 249 -189 164 1 74 205 30 -149 -56 47 -154 -11 97 58 191 -80 181 -241 101 -124 -131 212 217 0 -164 -166 89 183 -119 -10 -96 -203 -117 216 55 -211 33 -89 -161 165 -7 219 82 28 -95 -6 146 -39 15 -108 -187 225 22 187 245 46 -186 195 -87 199 228 -182 -175 45 -24 141 236 -71 35 132 -176 -64 176 -90 -69 -247 48 226 -85 43 118 194 -172 -171 -217 -250 138 -8 -51 2 -36 116 207 184 -22 -27 112 -45 -190 14 -206 -4 180 167 -129 6 -31 -157 -15 -123 52 -169 -232 232 -20 -150 -205 -230 198 -192 -16 -159 247 162 129 -112 179 238 -233 -107 4 -194 115 9 104 235 233 172 -65 148 239 -109 -237 234 36 50 63 84 69 62 8 163 177 196 193 241 -49 86 -91 88 -76 -19 -44 157 -34 85 -219 154 21 23 152 -5 94 140 -145 -231 78 -225 -178 -133 150 -213 -180 107 121 77 -67 79 31 -197 143 -146 83 -29 53 -170 -137 -227 -26 231 213 -151 149 197 131 173 -242 200 7 223 -214 237 -142 -200 73 -183 -81 248 66 44 192 -30 122 -25 117 -98 -236 158 220 -198 -94 170 222 40 -153 -111 135 -212 227 98 155 -118 57 159 128 124 -223 210 32 -72 175 -122 244 130 229 -35 -246 96 70 -173 151 100 -195 17 -28 -62 -226 -127 -184 -177 156 -228 -244 -23 134 -53 -43 -46 39 186 -181 -17 145 -120 -218 -229 -52 -141 243 90 -61 -97 -105 -163 -60 -235 102 214 -125 -79 -148 -222 246 19 178 -41 -101 -216 10 92 209 120 169 -14 -73 160 153 -196 147 -220 34 126 -13 -75 221 37 -50 -209 142 26 60 123 -99 242 -156 99 -55 133 -134 -21 204 -18 -42 105 174 5 -135 -174 -162 -3 119 189 -59 208 67 -77 185 166 -38 -199 114 -243 24 103 -224 38 -168 218 -249 91 -248 -40 -160 -84 -185 -103 139 188 61 -47 -54 109 240 -132 -143 -210 -188 -167 -110 224 -48 -86 65 -92 56 -58 -83 59 -70 -152 -57 -63 230 -147 111 -138 -88 108 -106 -104 -193 75 49 81 12 18 -2 110 80 -74 -114 -68 136 16 144 87 -115 -202 -201 -126 -136 -139 -130 -234 106 13 -191 -158 29 -12 -245 42 93 68 -215 206 113 11 125 190 -37 201 -116 -144 -100 -140 -239 25 54 203 -240 211 20 137 -32 -113 -121 -128 -78 -9 215 41 -33 -82 161 -66 51 71 202 3 -155 
TEST 189 ARG:118 -149 -47 102 153 55 224 -56 -130 -170 149 -60 -150 -108 236 -129 177 33 -181 112 226 34 29 84 115 -126 -231 223 -235 -121 -104 -117 -19 166 -197 -236 219 213 180 235 44 86 -82 -180 200 210 231 -193 78 -186 -249 -210 -211 -83 144 67 30 -136 -215 -155 241 -139 -172 132 -195 146 243 46 76 190 -101 -242 103 -156 -105 171 222 198 -66 186 -166 127 140 -8 -89 -116 -184 14 -127 187 -85 -199 194 41 207 69 150 -185 -57 -174 208 -94 -209 244 57 124 -15 50 160 -227 -171 107 232 -40 -95 -237 -92 108 -26 -12 -54 -188 175 -232 -230 -78 197 12 242 234 1 73 -34 32 -206 2 24 -224 -147 -160 110 -38 -71 -173 -67 -246 230 -25 215 170 -140 56 10 116 -14 157 59 -20 106 -22 -110 189 -63 125 -32 -53 -244 209 -100 47 -68 -39 212 193 -55 113 179 -183 -69 225 -157 52 -168 -135 61 216 -35 -182 -44 246 -213 26 71 21 -203 68 -198 79 85 40 109 119 74 -233 220 -169 -137 -58 248 -131 217 -163 -179 205 120 23 -158 162 143 192 80 64 51 -107 -205 -178 -164 36 28 -201 19 148 53 -218 83 -245 -241 176 -45 -125 183 161 -52 -151 31 17 -250 96 -238 -90 -2 206 90 -6 -128 94 240 27 42 -138 218 18 -43 104 -145 196 -75 -165 169 -36 -220 -240 168 -162 37 99 72 9 134 203 101 -27 63 111 -16 239 155 98 -247 214 -134 -152 7 -23 100 -153 -208 -118 8 65 -229 -88 128 172 -196 89 122 -239 5 -1 62 105 -176 -114 45 35 -24 -80 -50 -243 147 -143 -46 -51 38 -226 139 -70 -228 -81 -142 -37 -79 159 -73 -141 -112 81 -49 228 -119 182 -120 13 -86 -98 -3 -102 117 92 6 237 126 -207 -17 -122 -248 188 156 -96 -18 181 -5 141 -11 201 -64 221 -219 154 191 -97 142 -113 -10 97 130 151 88 22 129 -123 123 165 -93 60 135 247 -33 204 185 0 -77 -146 -191 95 131 164 202 -221 -7 -21 133 20 -234 -76 11 -192 152 -159 91 48 163 145 82 -72 -175 136 -4 -144 199 -91 249 3 178 138 -106 16 -59 238 66 -189 -204 -99 121 114 -148 93 167 -194 211 -167 -115 137 -216 174 -84 -9 -214 -31 -217 -13 -133 -154 43 -111 173 -161 -200 -65 -74 54 4 39 15 -177 -61 229 -103 184 -132 -222 233 -124 -28 -41 -109 49 -190 58 227 -87 87 25 -225 -42 -29 70 195 245 -30 77 -62 158 -223 -212 -202 75 -48 -187 
TEST 190 ARG:172 -208 123 -100 235 142 9 -138 -248 -54 -9 145 -238 -108 -177 230 -205 11 103 -154 -94 -103 -218 -135 99 55 -169 -125 187 -84 37 193 13 23 73 126 -183 102 -57 111 232 -162 137 58 -202 245 194 152 -186 -78 -239 -53 -17 -160 -93 -70 -91 -76 -230 82 212 149 196 -157 72 222 -35 248 54 113 53 168 5 86 -14 52 190 75 -67 186 -209 -134 63 -50 -194 65 -3 -64 51 -77 -21 159 -164 211 -234 84 169 78 202 -109 56 151 105 -145 -105 -141 80 -65 219 183 -42 -159 185 -97 125 -204 231 198 112 -195 166 -124 46 -136 173 134 -197 28 -214 167 -206 -16 67 -114 -240 -187 -166 -116 43 100 227 48 10 -55 -150 15 200 133 234 -106 -73 74 -132 127 -212 -75 184 233 238 70 -246 61 45 -117 -60 -143 -146 158 44 66 -79 119 204 122 124 -51 -235 246 -104 101 129 -142 -110 216 88 207 -137 -98 -144 36 83 220 24 -38 -121 -178 -192 -115 38 -129 -74 -20 -133 -86 164 228 -199 240 19 -184 -111 -92 249 -107 135 162 62 -176 -225 -221 -58 -249 95 -127 108 146 215 -220 93 -48 50 -18 -12 141 177 163 128 -207 25 -215 -36 -1 205 -119 14 -223 153 -224 -31 -47 -250 -45 -175 -80 116 139 -33 -181 -222 131 236 81 -149 60 42 -27 39 -56 40 98 -198 29 121 176 -23 32 -213 165 -19 157 203 138 -24 7 132 226 241 -147 -63 -168 199 -101 17 -131 -34 18 -52 21 79 -228 -15 195 -165 27 -140 -172 77 -148 170 118 178 -211 16 -123 179 247 -43 148 -30 237 -99 -26 0 -112 120 -174 -203 -242 -85 213 -216 180 201 1 197 -237 -40 -182 161 154 2 -102 130 208 -161 47 41 114 -7 92 -244 -229 144 -243 31 -167 -226 59 -69 -46 6 89 35 -22 -227 49 214 -128 -10 244 109 26 243 -82 -126 -173 221 4 -163 210 30 69 -8 -90 140 -245 -185 -62 160 -241 150 76 -193 97 12 -247 -196 106 -170 -122 8 -180 -139 -83 91 20 224 188 115 117 -49 -179 155 229 191 218 87 22 104 -210 156 -232 -11 192 107 -95 -13 -41 239 -120 -4 -152 -113 85 -236 -61 -5 -130 57 -72 242 -219 -233 90 -200 -66 -188 -44 -2 -29 -88 171 174 -190 -39 -171 175 147 110 -25 -6 64 189 -87 181 217 -68 3 -191 96 -89 -118 -151 -96 -37 -59 -201 -71 -158 225 -81 34 182 -189 94 136 71 68 -155 -217 -156 -28 -153 209 33 143 223 206 -231 -32 
TEST 191 ARG:-122 -187 -4 -80 -179 -116 184 220 -42 -244 179 164 -7 207 -237 55 132 -12 -196 226 -29 247 199 -140 -220 188 239 203 -246 148 18 61 -19 -61 -138 -197 -34 130 -142 -224 221 9 -232 72 30 52 22 -204 -141 -125 4 228 -28 37 -231 -118 233 -133 204 54 112 -115 -201 38 -13 -134 224 -88 231 -173 151 -124 -184 -145 -1 -78 76 -234 42 19 -213 48 -165 211 -17 149 -40 101 195 -101 -65 128 81 -143 -131 -37 -139 87 -243 -241 -59 140 -82 133 -49 -228 -189 -44 -200 99 229 -205 -74 183 150 85 -103 -69 -107 97 -128 -192 171 -236 -221 -48 39 167 -14 138 234 -62 75 -222 -33 -121 63 235 -68 242 -144 187 7 -226 109 -53 -112 40 -94 12 144 172 192 -60 -92 -185 50 131 177 129 -5 -215 20 193 91 -208 26 209 227 -183 -35 27 -51 -102 -76 -89 222 -39 -98 35 -66 -114 241 34 107 115 223 74 170 -223 113 -72 8 -191 111 6 -210 -206 142 -63 -91 -188 -47 3 240 248 -250 -151 215 -100 -73 -45 95 86 -16 -216 200 145 -67 89 100 25 77 166 -229 -96 168 159 82 65 218 56 181 -79 237 124 120 123 -50 71 88 196 -10 -127 -77 -9 -137 116 -97 197 -235 210 36 212 -178 119 90 118 232 110 -126 -225 121 59 -248 51 182 -26 -182 -199 246 44 -171 -203 98 174 -27 33 156 15 -168 146 126 49 14 24 245 -154 -43 78 -75 28 32 163 -64 -174 173 -198 -149 62 154 201 -240 41 216 -54 176 -25 225 -233 -99 80 -132 -242 157 -30 -157 16 -245 -156 -31 158 93 -135 134 -169 165 -162 0 -153 137 189 31 -152 -190 108 43 206 -218 -177 -180 -172 141 -15 -3 79 -230 -227 236 -20 -87 175 178 -181 -175 102 -193 21 -155 -119 105 135 -176 2 169 143 -109 139 152 -150 68 -211 -41 -56 -108 104 117 -161 -238 205 -123 -81 -105 122 66 198 29 67 -129 -202 -207 214 -249 17 -55 -38 -146 -58 219 70 -8 114 94 -23 -209 217 -90 -212 1 -159 230 127 96 -239 -163 136 11 73 -167 -106 23 244 -117 243 162 103 -93 -52 190 -158 -11 155 -113 202 185 106 125 -111 -247 -164 208 -170 -6 -18 92 69 10 45 147 -24 -46 -147 -85 -83 -57 -186 161 -22 -32 -217 64 47 -214 213 -160 13 -95 -86 57 -130 -194 -71 53 180 -70 -166 83 58 -120 60 84 -36 -136 5 -84 -2 153 -21 -110 -104 191 160 -195 186 46 194 238 -148 249 -219 
TEST 192 ARG:200 109 43 135 -34 168 -155 17 -32 170 116 45 -93 -13 50 115 239 4 -204 117 29 -60 -62 -38 -31 105 211 -218 -142 96 -100 203 190 -30 -149 -75 -159 -53 54 -197 -121 -140 -171 -211 208 -198 -165 22 86 176 192 182 -103 102 84 103 -210 113 34 -181 -136 -205 -87 5 -243 81 -22 -48 15 88 58 -175 -44 -79 75 158 -158 -102 -54 61 243 41 -133 -6 -135 167 -95 127 209 -112 -127 -67 121 -27 207 140 202 30 27 -122 -25 -99 166 31 -11 -101 114 -164 -219 233 -91 175 -65 212 -200 236 -215 7 13 -114 194 71 -172 -137 74 226 -147 99 -236 -237 65 36 -119 124 -12 83 62 16 161 -37 1 242 -64 -224 -69 -203 204 163 141 133 -49 153 -148 52 162 19 -249 -193 -21 -186 187 110 -116 195 73 215 6 -229 108 184 136 -86 169 -97 57 -195 -82 35 246 -78 155 82 -168 112 125 -146 245 -5 241 -144 -88 63 231 -45 -68 -182 -28 -201 12 -226 -222 -185 -115 -233 14 -231 56 -70 -47 -72 222 -179 148 -36 -20 79 76 -18 97 53 -239 92 98 -71 -110 33 -196 -160 -118 9 173 218 126 159 223 -225 247 -104 206 101 174 -187 51 -59 196 107 -42 -245 60 -89 -130 -128 -29 132 -207 -111 68 28 -7 229 -51 -19 77 -124 -43 -246 -194 -250 -14 -220 2 145 -33 237 -206 -156 -80 78 -157 48 -117 80 -9 94 -213 39 152 111 123 235 -26 42 10 -41 -134 220 -4 70 -227 130 11 -126 44 216 55 177 -248 149 147 139 -24 164 -15 -242 150 -161 201 -98 -94 -170 -241 188 -145 25 106 -238 230 -202 -150 -214 151 118 -151 180 129 20 -10 85 26 248 156 134 -1 191 -50 -240 59 199 21 -188 -183 160 219 49 -120 -230 213 -52 -180 214 178 146 -17 137 -74 142 138 -55 -96 198 -108 64 -23 165 -176 128 93 90 -58 144 -109 157 -223 240 67 -138 -189 185 72 -217 -129 -143 -73 225 -81 183 205 186 -228 -2 217 -234 232 -61 89 -167 23 193 -123 244 224 -35 -191 -131 -90 -216 131 -84 119 228 -132 -212 0 181 100 -8 -77 -113 -208 197 -154 -166 -106 -66 -162 -232 8 -39 -40 -199 46 -163 -173 3 -92 221 122 189 -192 32 -235 -153 -46 38 -221 -247 -177 234 104 18 120 154 -184 171 -63 -107 -152 172 227 -174 66 69 -125 40 249 -178 210 143 -244 -139 -56 -105 47 91 179 -83 -85 -57 37 -141 -190 87 -169 -209 24 238 -76 95 -3 -16 
TEST 193 ARG:-111 -74 144 -232 -179 -29 -192 67 94 53 -40 130 13 18 -181 110 117 160 191 -208 -126 -31 -115 -164 155 -205 -107 -81 -214 -147 208 -146 -30 -6 239 186 -19 -117 -186 40 -94 249 72 219 30 -85 -9 230 -236 -78 -138 -24 187 162 -62 -193 -200 -52 88 -96 -243 -34 -247 164 -1 85 -38 -98 -91 226 -27 51 229 238 50 -64 -198 11 139 -210 -149 183 76 -229 -118 -249 -240 197 -90 -218 48 -28 -132 -141 228 -131 -23 103 25 37 105 56 156 147 -227 -133 54 -156 217 -125 184 141 4 235 138 -8 159 49 84 -11 -60 -105 47 6 -73 24 174 137 204 246 193 80 20 -110 12 -26 -234 -122 -7 112 -195 -112 -184 -75 52 16 -79 175 170 135 15 -239 -68 57 109 180 -86 232 216 -170 129 -241 163 -108 -244 146 70 -102 -123 -148 169 73 202 61 118 182 -121 -140 -20 66 55 -127 -199 22 -233 -5 173 -157 -238 23 210 133 -32 124 -57 -113 9 -174 248 -12 -116 -187 -39 62 -175 -134 89 107 64 206 33 -143 -201 -42 92 148 145 142 136 225 -182 -87 -80 221 101 0 -169 -25 205 -21 233 -196 -93 211 -209 -250 189 247 122 131 161 -97 220 31 192 242 65 195 151 36 91 215 -18 -14 121 63 -135 -177 -153 -2 -51 2 10 -178 212 -17 -235 -130 196 -41 222 -189 -44 79 -89 -47 158 -217 -50 -65 -77 123 -142 -246 95 -168 113 -213 199 -100 98 69 -15 75 -155 7 127 -54 -70 241 38 -176 3 -63 227 171 -215 190 -4 166 -48 -197 -150 -109 -226 -33 -128 -53 8 -59 -120 68 -55 149 125 -3 -161 -171 108 -76 185 -92 -35 -206 -22 96 -188 87 179 154 111 -137 -16 -183 150 -154 -224 -180 -173 106 234 178 153 -36 -202 -83 32 -223 -231 -248 200 -56 -165 134 223 28 -67 -230 81 -43 -242 213 100 78 -144 152 -145 41 203 -99 -163 -237 -219 -228 39 128 132 -103 177 -245 167 224 -119 19 97 165 -129 168 45 -194 -151 115 34 1 90 201 -61 143 -225 -162 17 -37 60 181 44 -158 -104 -167 43 218 -221 188 93 -114 -10 27 5 104 26 244 -172 82 -190 119 -82 46 172 -159 -106 -49 176 -207 -71 29 -66 -136 83 -72 209 99 -139 14 -95 116 114 -101 120 -222 245 140 194 -160 -211 -69 -13 126 -216 77 -124 86 240 -45 -185 -203 214 -191 237 21 -220 -152 157 231 236 -58 -212 -46 -88 -204 -166 42 243 198 102 74 -84 58 207 35 71 59 
TEST 194 ARG:173 227 -9 36 -78 169 33 -223 -186 114 29 -231 -226 -41 21 74 179 -108 -53 -3 -151 -4 -154 -89 -27 168 -45 -97 97 -25 -48 107 138 -176 117 144 -187 -119 46 -162 238 153 -125 219 -165 -110 60 104 56 -139 150 -175 -79 155 170 61 -55 -33 5 -233 -145 -222 -92 -138 -183 64 -236 -2 43 -38 80 188 206 -172 76 106 -43 -219 -31 112 81 -163 234 98 54 -158 -83 -56 -149 -244 -179 131 -68 141 90 86 -134 -136 140 -11 57 -130 172 -32 -220 -127 -7 243 67 142 -131 145 -167 -36 197 -234 -86 204 -185 121 99 180 160 -155 -21 -239 -60 -161 -205 125 209 -128 111 -193 -135 -109 -182 -240 -51 -201 -65 -116 -18 84 -34 210 171 6 176 -166 194 27 224 39 93 -28 245 143 71 167 -66 -242 101 -58 -59 139 -227 -15 50 -174 23 55 59 -24 8 -146 -237 52 7 83 178 -62 -16 127 -112 186 94 13 217 -111 -40 24 11 -63 -177 -213 -249 -235 -17 -180 -142 211 -44 -124 -178 -39 149 -168 -143 110 247 -74 -150 -93 222 -69 -99 -189 126 -118 118 132 89 195 70 75 -215 -194 -82 -137 -121 72 228 -156 -120 79 41 185 -157 216 -90 -12 -197 -225 124 -106 -35 82 4 -46 -241 -132 16 -238 -218 -208 156 163 35 226 -5 -61 10 77 -95 -191 -228 -212 -103 -20 40 241 120 34 -30 137 -140 -70 -210 85 -141 38 -190 223 44 161 -247 15 -173 20 68 87 100 190 187 -250 -221 3 -204 -52 218 -42 -117 166 239 -199 78 231 18 -6 -181 -202 51 123 193 37 62 235 -85 -94 212 230 25 -245 -72 213 119 -207 181 32 -152 -19 102 -229 48 246 -246 128 -214 -57 -1 96 115 -122 -170 9 201 -67 -102 202 30 -113 -71 2 220 164 -147 200 63 -115 208 65 198 -98 -64 28 -8 88 -22 -153 199 -206 184 -88 -243 31 189 53 14 215 -196 152 -84 183 -195 45 -188 157 -14 -224 49 -169 -200 -192 95 -23 -96 109 -184 -248 -160 136 196 -133 -203 135 203 165 158 225 -101 174 133 -91 -164 -198 22 92 162 -126 -230 -105 -47 233 -232 -54 -144 -10 -75 0 175 249 -73 236 146 -76 -104 134 -171 214 19 103 -123 147 148 -29 192 116 122 205 -107 159 -77 -100 1 66 229 -50 -217 -13 47 -159 -26 113 -211 207 182 17 91 58 191 177 -148 -80 -129 -209 237 -216 248 151 242 -49 105 232 -114 12 221 240 26 69 42 244 -81 130 154 108 -37 129 -87 73 
TEST 195 ARG:-129 -21 206 69 98 -140 210 146 114 155 -199 -40 111 -56 -242 -9 -107 161 184 109 -183 -240 79 170 -244 225 -146 187 -70 -228 -193 60 52 -15 129 216 90 -29 -158 70 198 51 -10 101 8 -20 237 147 -149 -100 -239 29 234 78 193 249 -142 63 -224 122 -17 205 56 -166 -161 -203 208 -168 -198 243 71 -23 67 2 -59 22 58 -33 -78 -81 -34 53 -121 77 -4 76 211 -90 -177 144 166 121 -206 39 214 168 -98 -250 -187 242 -174 209 -222 19 -232 136 -176 97 93 165 -172 -85 118 162 -69 17 61 -109 89 12 -205 -1 -225 92 176 141 48 140 -180 105 -151 -207 117 -185 47 57 -75 -86 139 113 150 -53 96 -241 84 103 183 -74 -159 -201 -63 195 -233 -96 -208 -38 -184 -48 -191 73 108 -28 -62 -7 -136 238 -163 199 -148 4 -97 -155 -50 100 -99 173 -153 -237 -137 200 202 217 -118 3 -42 -165 -202 116 -212 -116 -175 -220 -139 -160 -216 219 151 175 13 37 -11 43 -119 50 -3 -147 174 -80 185 134 -45 0 112 -13 124 27 164 86 167 149 239 62 -173 241 -123 -37 49 172 -54 66 -227 1 -189 36 157 182 220 188 145 -102 192 6 156 -134 138 85 143 -66 221 -67 -156 -104 180 -49 247 -135 -247 64 127 -91 229 179 59 -245 -92 -27 137 -178 -210 -132 -126 245 -55 212 -125 201 35 -157 -122 -219 197 236 -60 169 -58 -138 -238 -47 204 104 -83 -234 228 246 15 131 -106 203 -214 -88 30 135 5 -200 133 -195 178 231 125 -31 244 -105 207 186 -87 20 -64 -61 -226 -211 213 -25 75 -249 177 -82 94 -19 -89 196 190 33 -162 -14 126 55 152 163 -170 -133 102 226 68 65 248 -231 -76 40 -152 10 235 -215 -111 -154 14 -51 123 25 191 130 -145 -141 74 80 158 -209 -218 -32 215 -52 171 115 -150 -179 -110 -12 222 -164 -84 -36 23 -131 -39 -243 7 88 46 -143 -112 34 223 38 26 -95 -65 148 -167 -73 132 99 31 -127 -24 87 -223 -71 -182 -235 -68 -181 45 240 -217 11 232 160 227 95 189 -204 -130 72 -46 128 -35 181 42 218 -188 41 -2 54 9 -197 -221 -5 -128 -72 -236 -229 -171 194 -79 16 -18 -213 -30 107 28 142 -117 224 -192 233 24 -57 -144 -77 18 -108 -248 32 83 -26 -94 159 -44 -114 -101 153 110 -190 -103 154 -230 -41 119 -93 120 -8 -43 21 81 -196 -169 -6 44 -113 -186 106 -16 -124 91 -120 82 -246 -115 -194 -22 230 
TEST 196 ARG:36 124 -176 58 -87 -163 15 71 102 -171 120 176 -88 30 -126 62 -95 140 152 -224 -192 237 -243 142 20 111 188 208 -153 -18 -155 -53 246 147 -112 119 184 68 88 -184 80 -62 -82 170 -223 -3 192 94 178 115 -38 -80 -34 28 138 -58 110 -232 108 203 141 238 92 -111 82 98 -190 -92 -68 -199 240 171 193 232 12 191 -210 230 93 -207 229 -154 -240 -188 -156 -186 -175 144 -178 198 150 -216 -164 -51 41 172 156 -56 -143 -45 -102 217 -59 73 -139 242 -94 -134 169 -25 50 -44 -37 -31 79 -179 57 -198 31 134 -78 212 219 -209 -75 -41 -61 -57 -213 64 -116 10 -149 -119 87 -55 160 46 186 201 -105 -4 243 -129 -104 -158 -246 -138 -5 -249 -98 -115 -234 38 103 -185 97 33 27 105 213 207 204 34 -146 44 -241 2 210 -101 -40 118 -100 -157 209 157 48 -49 83 -109 -137 59 -28 133 129 22 205 -122 -169 -17 179 61 148 233 39 -136 -77 -203 -67 -168 216 162 -27 11 -218 -71 32 167 -30 49 6 -221 173 -23 51 -239 -204 -237 -148 90 21 164 -250 -9 158 -84 63 123 -166 200 227 236 -83 127 -160 136 166 174 91 -70 -6 117 223 135 128 81 -15 -202 145 -117 -121 -242 -196 -12 104 225 -162 60 143 231 -167 4 195 -212 248 154 -32 74 45 24 -99 -76 185 43 -205 66 -245 -42 -118 109 7 249 -120 199 107 -222 -13 -89 -248 52 197 70 96 194 85 -235 -214 -8 -36 149 214 -159 -200 113 226 116 101 -226 247 137 181 -191 175 187 56 -1 114 95 163 -79 132 -113 -81 99 106 -74 112 72 -47 -130 -145 54 16 -170 168 -173 17 -73 -127 235 -177 -29 234 35 -187 -85 -152 -107 -228 -96 202 -231 -97 211 -165 14 -195 -230 -52 -65 165 -106 37 -206 -144 121 -125 -114 -244 19 241 -194 206 161 -90 218 -201 -16 -135 -66 -150 155 131 25 -132 146 55 -21 -133 -217 -43 -193 -189 -147 9 -181 5 13 122 8 84 -233 151 53 -208 -7 196 -229 139 -151 177 -86 23 89 -63 -11 -180 67 26 -183 77 220 -10 -123 -220 65 -140 -39 -35 -91 -48 -124 -93 -108 -103 -141 153 190 -22 244 125 29 130 40 239 -72 -182 189 -236 -227 183 221 0 69 -110 -128 159 222 -50 126 1 -20 -215 -19 -131 -142 -161 -24 -26 -238 100 228 -14 -197 215 86 182 18 -2 78 -219 -60 -247 -172 180 -64 47 -33 -69 76 245 42 -174 3 224 -46 -54 75 -211 -225 
TEST 197 ARG:110 -50 154 -236 -60 -122 63 117 242 -165 -156 72 -27 -209 241 180 -196 248 103 -128 -203 -177 215 -228 138 -101 -225 -26 38 85 -99 -83 70 -134 -87 -214 20 -25 177 7 65 208 240 -170 102 -111 52 -215 145 106 -205 -20 -47 89 59 245 -167 -109 197 -233 -180 -88 -148 -176 10 19 24 -191 76 -45 -81 -169 -241 210 -68 -110 -55 155 -138 -120 -42 -181 -151 -43 -194 1 -244 -162 -250 -201 -168 194 -58 16 41 107 -192 192 77 142 -143 -141 149 -234 -249 -123 -36 -46 27 144 131 195 223 -224 -242 -16 204 -44 132 82 -198 80 -248 -14 64 160 213 -246 -218 -223 -102 57 -94 5 -1 -15 182 143 -29 169 -208 49 -231 9 236 -107 8 -74 -133 -232 246 36 -199 78 217 170 247 37 87 -59 -41 21 -61 224 -64 -9 98 -95 202 -195 -245 -35 -207 40 95 -108 -19 -127 151 -89 99 159 -113 -28 -86 -112 -115 112 -57 -197 -31 84 81 209 58 13 178 56 -216 -235 134 239 129 226 31 115 17 227 -117 -140 -159 -211 79 -227 189 193 -220 214 201 -6 148 -226 75 -84 -72 -91 -93 43 -34 -40 -158 46 234 -172 243 -179 -229 -132 -7 97 25 90 187 -100 60 -98 2 -173 -104 51 -97 196 -92 -105 12 101 -125 -121 -178 146 -189 104 -190 4 219 -239 -30 66 -212 -78 -193 11 -118 225 -152 67 228 -32 -247 33 -90 -49 -66 -150 -5 -77 50 166 -38 -80 18 229 -13 198 -221 -135 233 -213 94 -53 -106 -243 212 -157 116 -174 -206 -11 -154 249 71 -75 -70 147 199 158 171 211 48 244 -82 -3 161 113 -175 -52 -62 -160 22 183 3 91 174 -219 181 135 -187 139 29 -114 -238 -222 220 42 -147 175 6 -130 -37 -183 121 -10 176 173 26 114 -217 92 -145 -119 165 -63 -129 -116 45 156 -144 -79 -124 -71 123 191 100 -186 119 188 -76 -33 -96 30 -185 122 127 130 35 -17 73 -164 -51 -65 39 -56 109 -131 -54 -2 83 -188 93 -12 -161 -103 190 -22 157 -155 -240 28 205 -146 118 126 -230 44 179 221 185 231 105 -163 -126 0 -210 -137 124 54 -200 150 141 207 -18 -166 136 237 61 125 -85 -39 -4 62 -204 222 -23 140 152 108 184 -171 86 172 68 53 69 137 -149 -139 200 235 -136 167 -73 216 168 238 203 -48 133 -8 55 96 153 111 218 232 15 206 14 -182 32 163 23 -69 -153 74 -142 -24 -67 -202 34 164 47 230 128 -237 162 120 88 -21 -184 186 
TEST 198 ARG:-100 -24 -61 81 146 168 -184 -106 -205 228 132 190 0 23 58 -200 194 233 -80 -87 222 171 -91 -29 130 -226 -132 186 52 -73 -164 150 -202 14 125 159 -220 -243 78 -2 37 -27 242 -28 -105 76 -212 211 240 201 -38 17 2 -103 136 -71 30 -9 191 16 -195 53 67 160 -112 126 66 208 -206 179 56 111 -170 207 -12 88 -247 -215 11 -66 95 -126 -74 133 -95 -131 -175 -8 220 -41 -211 79 69 -45 94 -116 -69 181 106 86 206 -78 13 192 -169 226 218 108 -248 -21 -84 161 -52 238 101 -154 -245 -33 -171 -185 -53 -210 103 -40 221 -86 -135 75 -94 -118 32 138 60 -56 200 -139 80 -113 -120 -93 217 209 235 197 -142 -136 -133 216 5 -238 165 -96 142 185 99 55 -196 -31 154 87 243 227 -216 33 -147 91 -19 9 -234 -173 -151 -233 128 173 193 112 110 140 -177 -77 -7 92 -217 35 -83 180 -35 -90 24 172 -229 245 225 247 -168 -101 -110 -14 -51 121 -3 -37 -123 -191 -50 -16 -124 -235 70 162 -81 -179 -194 -224 54 -92 -163 29 -20 45 -241 -23 83 155 71 116 63 170 -6 249 -193 149 109 213 248 195 119 -76 -46 -88 -208 187 -68 -199 -34 -240 50 229 244 144 -13 26 90 -82 74 21 -209 152 97 -22 -214 176 -97 59 -230 -108 -17 204 147 231 -54 -203 215 -207 -187 -152 135 -127 -218 -148 -201 -144 -43 -36 -65 115 169 -15 38 27 -122 57 -130 -102 46 -111 42 127 3 -70 -134 -221 212 145 12 232 202 -190 120 98 -146 -232 102 -156 131 -222 223 -162 188 210 -59 117 62 -246 199 164 -149 -176 141 -161 47 -125 -4 239 -180 -143 -227 84 184 -128 -107 157 167 -5 40 -204 -155 20 93 48 230 -32 44 -75 -63 -55 166 72 65 73 -89 96 -219 -58 1 -18 236 143 -242 31 114 22 43 139 148 177 -182 196 -166 -119 -25 28 234 39 100 -99 163 107 -137 89 198 25 -198 -10 158 237 -197 -167 19 36 -225 -30 -145 182 -178 -172 105 -109 -244 85 -129 189 -189 34 -39 -62 -11 64 7 51 214 -192 -249 -186 -157 122 -98 153 -213 -140 -239 -115 118 -44 113 15 -237 82 61 -165 104 -160 -60 178 246 134 -114 -104 151 124 -181 224 18 175 -250 8 -64 4 205 -150 183 -85 -117 -72 -47 -57 -223 -153 -158 10 -159 6 -121 -174 -141 68 -49 129 -1 241 77 -228 137 -79 -188 -42 -26 -67 -231 -48 203 -236 -138 123 49 156 174 219 -183 41 
TEST 199 ARG:178 2 -58 -28 137 -235 57 -94 143 86 -139 -242 148 187 35 36 103 -198 125 -118 -7 207 -49 -76 19 40 -204 46 -18 169 201 -81 105 -42 204 -44 123 135 226 -250 186 102 223 -163 215 -213 -87 -243 142 4 152 90 129 -120 236 -246 -91 -80 -245 -143 106 -121 134 -169 95 32 -212 97 110 140 111 124 194 -128 70 -224 -188 52 -25 182 -199 174 5 -230 -104 -172 -247 -83 -150 173 -237 206 172 218 16 -109 -21 193 -205 184 -36 -107 -127 -207 249 -138 -174 72 79 156 13 81 -102 10 224 -106 50 -154 130 235 -176 190 -214 185 31 -234 122 153 69 119 195 49 99 63 -131 -65 93 -158 -23 54 -1 82 61 20 -48 245 -38 -135 168 -88 -11 -59 199 -24 242 42 -15 216 -68 214 -3 -155 210 -53 113 237 -35 66 -210 -241 -186 55 78 -190 155 -70 -29 -219 205 -99 -98 240 60 15 -22 -72 -130 171 43 -231 -9 -54 -4 -182 77 53 -20 -73 231 29 14 -126 -93 -136 -57 -90 -12 76 101 83 149 -240 -137 -85 47 127 7 -96 -145 94 165 -2 217 12 -225 -113 -32 48 -101 -17 -30 -222 26 71 157 132 -146 -177 118 166 -6 -197 200 213 -51 241 -164 -156 -14 24 85 -117 73 28 128 -168 197 -125 112 11 -34 164 34 -191 27 -89 -40 -215 -238 170 -41 -192 -115 116 -159 -189 -201 -209 138 177 6 30 -79 -13 -165 163 108 88 80 -122 181 -147 -46 115 -195 91 161 -63 87 144 -194 -133 179 -31 -86 -27 98 136 198 126 196 -193 -123 -74 159 -227 -183 160 -181 -233 158 -105 -103 219 -217 121 233 234 0 8 238 -26 139 225 -179 -167 -100 154 22 -97 65 189 145 -141 -208 92 104 243 -78 244 -8 89 -149 -92 133 67 -232 -202 -220 74 -112 -206 56 247 -114 120 -129 -67 -10 239 -43 -203 230 -61 59 41 -37 -39 -111 -124 -218 -153 228 109 176 -144 44 180 192 211 227 -239 -82 -236 -221 -5 209 -248 208 -173 203 38 -62 -69 248 -64 -33 -175 62 9 229 141 -185 -166 -170 151 -196 39 -244 146 96 -184 202 117 -19 -84 51 232 150 37 -16 -45 183 -162 -71 -108 17 -161 -134 -180 -148 -56 -229 -226 -132 45 147 114 -160 -216 18 -152 25 -211 21 -223 220 23 -157 100 -52 -228 188 222 68 191 -55 107 -95 -75 -142 162 167 -77 3 75 -187 -50 84 64 -171 1 -178 -66 -119 -249 -140 221 -60 -151 33 175 -110 -47 212 131 246 -200 58 -116 
TEST 200 ARG:-50 122 -12 135 175 -80 -142 -246 -250 -178 -115 169 -103 121 -164 -95 195 -58 199 150 -102 -15 213 -218 96 101 -69 -152 -141 -174 166 36 40 -220 185 65 91 -101 -67 -241 163 -34 -85 115 -1 -113 -181 -14 -16 232 160 237 118 52 188 244 -76 176 37 -234 -63 -214 215 92 -235 210 -13 87 58 -64 151 -228 -97 81 108 193 -24 -249 -242 -17 -232 70 211 -127 -170 -173 71 147 -25 -9 -38 -166 -229 82 -55 -18 -134 -202 -149 83 79 28 -177 -187 106 11 10 -23 -135 -155 241 -99 212 141 -119 207 -194 130 180 59 234 47 48 -109 126 76 132 -37 156 -86 46 170 187 45 204 -209 242 49 -207 -40 -158 -132 22 -163 146 -190 206 -179 -162 -168 -20 -225 -122 144 133 -126 6 -100 -43 235 152 -26 -33 158 -238 -73 1 93 -154 -2 124 63 61 -226 -130 -151 -93 -28 172 -6 -19 -206 -244 164 -54 148 189 227 -41 41 -51 -121 -124 142 186 -98 248 -88 -60 -169 -44 4 102 -227 5 20 -89 -156 194 179 84 94 219 119 239 -217 78 -221 114 -171 77 -211 -191 -230 162 177 168 34 42 -128 105 -213 12 -192 -66 125 202 39 44 228 139 -27 -185 90 225 -208 230 -94 -46 -35 -11 72 -219 -223 31 161 131 -212 205 -140 245 66 -245 -161 104 -92 -117 171 -5 -147 246 243 107 -7 -153 -157 -144 191 -203 -167 249 -150 73 57 69 -239 -77 -48 -120 -107 19 -180 95 86 218 -205 -108 201 182 224 123 -193 -216 -114 -222 -215 -82 74 236 32 -196 29 -182 109 -231 54 198 -10 159 116 -62 -138 145 55 -104 111 -210 208 -71 15 136 174 17 -81 68 112 214 -31 -160 157 128 27 -198 138 -123 51 -236 33 233 216 -91 -137 178 231 -49 -201 196 -116 149 -8 -199 -118 223 21 -172 184 62 129 -57 75 200 134 -96 113 240 99 -78 -186 -32 -184 35 24 9 120 67 117 -39 -131 -204 -42 85 165 -72 56 -133 -188 25 -248 -47 16 -70 -237 181 64 -61 143 -52 26 -105 -143 -189 -129 -243 18 -224 127 -110 221 -75 89 173 -65 -139 154 14 -195 -146 30 53 -247 -84 -45 -56 -4 -30 50 3 137 -136 -74 -197 203 2 80 217 -3 192 7 97 229 -175 -148 153 -83 88 140 197 0 -29 -106 -183 -53 13 190 209 100 -159 -145 38 -22 -21 110 222 155 -176 60 226 -165 -90 43 247 -87 103 -200 -111 -79 220 -240 -59 8 -68 183 -112 98 -36 -125 -233 238 167 23 
TEST 201 ARG:-246 -40 -141 3 159 -3 224 -182 97 212 74 -163 -15 -235 137 190 -14 201 -149 -179 -190 -249 166 -70 16 53 -206 -145 189 -215 -143 -185 -228 -140 -50 -169 218 245 -191 248 4 217 -211 111 143 149 213 220 28 -192 22 207 -84 -148 13 -12 -146 -28 172 151 43 -129 239 24 45 -62 -130 236 187 44 228 -238 105 -2 -123 112 179 42 -53 -81 198 136 -137 141 175 -240 202 148 -193 219 87 86 197 195 -63 -128 233 48 226 138 -221 85 -8 249 82 23 203 -106 33 241 76 -95 -168 211 -119 -37 -110 -78 222 -174 -48 116 -26 -186 65 77 -5 -213 -21 98 -172 103 -98 -158 -115 -171 89 161 -113 -203 5 -38 171 182 243 69 -224 168 -196 99 167 -204 -226 -68 131 32 -198 115 130 -225 -17 163 84 127 147 59 231 -72 -125 17 -120 -42 104 164 36 232 75 174 -107 -58 117 -74 176 157 -104 -212 -20 206 186 -73 205 91 94 93 -214 63 -133 184 -207 -247 -101 -82 -75 -4 70 -41 -92 135 196 -114 247 68 -220 -71 100 181 61 -127 18 -209 -22 31 -151 -108 119 -29 -51 54 221 -233 25 -83 234 -222 -85 -139 -167 -131 -223 0 -147 165 -154 -121 -99 -199 72 62 -159 -245 90 -56 -181 -35 -231 -31 39 -250 -103 -27 199 -152 11 -142 180 71 125 129 26 194 -47 34 -156 9 188 -105 145 -69 -122 -132 215 -25 2 67 -52 -66 -1 192 88 -80 132 244 -219 -244 -197 -64 60 -60 6 -57 -208 -166 128 102 156 8 80 118 -134 -93 37 229 -6 81 -153 223 66 -150 -217 173 123 140 178 92 -55 14 -79 200 -243 -189 78 -23 133 -46 38 -19 56 -187 -97 -176 -76 210 -194 169 -13 -54 55 -7 191 21 -188 -33 -45 216 -32 -16 208 -234 142 -94 -9 153 95 -144 144 139 40 -91 154 -138 -157 -96 124 -164 10 -165 -177 -87 -44 113 20 -227 -43 -205 -112 -11 -229 -59 -237 -124 -241 193 -160 19 -173 240 126 121 47 225 -36 242 57 109 214 134 -117 120 -34 15 -175 52 29 46 110 -242 7 -77 114 -230 227 -136 79 185 246 1 101 -135 -65 183 64 -90 -89 122 -183 -18 -10 -155 50 -239 237 27 41 30 12 -248 -201 -116 146 -216 -162 -126 -30 -184 -88 -109 238 177 73 -232 204 -61 35 -118 -170 170 150 -86 58 -195 -200 -39 -100 209 -236 108 -67 106 107 -202 152 158 235 162 -111 -218 -24 96 -178 155 -102 -180 -161 -49 51 83 49 230 -210 160 
All size test
OK
