Multiple size <= 100
TEST 1 ARG:80 66 57 5 73 29 81 43 31 6 88 74 47 48 33 25 39 30 83 97 52 87 96 98 21 8 17 10 27 84 37 62 54 15 14 90 65 3 75 70 42 89 50 95 9 77 72 35 63 46 11 78 79 86 91 19 76 18 16 23 41 59 44 40 94 20 58 49 26 67 82 28 0 34 12 7 69 45 92 99 24 32 64 93 71 85 2 68 56 36 55 38 13 22 51 60 4 1 61 53 
TEST 2 ARG:96 4 54 92 76 10 49 29 58 78 3 74 90 26 71 85 22 73 75 28 24 30 44 86 81 9 20 1 46 99 50 37 84 55 93 77 95 19 11 98 80 21 23 15 36 63 52 27 34 67 7 68 91 2 88 48 57 51 66 56 53 65 97 83 40 13 61 69 60 89 16 12 25 72 38 82 47 0 43 42 39 14 35 5 17 79 31 8 87 64 94 41 18 33 32 6 70 45 59 62 
TEST 3 ARG:5 42 26 43 8 17 27 10 85 2 31 59 47 67 20 83 37 58 76 32 80 50 15 78 56 38 11 69 29 73 97 28 90 51 46 14 91 55 92 96 88 81 93 4 75 39 64 12 53 71 34 0 16 72 49 41 6 35 30 84 13 77 23 62 48 99 70 65 82 66 60 24 1 61 33 89 74 95 63 94 54 3 52 44 21 25 9 7 36 45 57 86 87 40 19 18 68 98 79 22 
TEST 4 ARG:56 42 51 73 52 31 15 20 43 36 95 60 61 57 53 48 6 33 93 10 59 12 47 90 32 66 0 11 91 86 77 76 39 92 24 63 46 84 37 41 71 44 83 23 45 26 2 88 40 97 21 54 65 30 34 25 74 7 70 29 1 99 28 27 14 82 9 94 75 78 85 58 50 5 3 68 17 64 55 22 13 89 19 49 79 38 87 67 98 69 62 18 96 8 4 80 81 72 35 16 
TEST 5 ARG:8 29 4 47 54 48 66 89 1 99 9 3 57 26 81 45 80 7 61 25 10 6 87 32 23 52 64 71 49 63 11 69 16 62 51 73 2 65 5 86 76 79 42 38 90 37 67 46 27 40 94 93 30 55 74 22 17 58 0 68 33 13 35 50 91 41 84 96 36 31 18 53 39 19 20 98 72 34 12 56 85 83 60 24 88 78 15 43 77 59 14 92 97 75 95 21 70 82 44 28 
TEST 6 ARG:66 29 2 83 15 91 44 77 48 17 40 59 13 64 9 52 68 53 14 33 69 71 3 49 46 60 87 36 88 26 61 30 1 96 4 32 90 81 74 24 84 31 23 39 7 20 73 54 82 37 27 58 0 62 25 19 86 63 93 57 42 56 89 10 47 97 67 76 35 78 72 70 41 95 38 11 51 22 21 80 5 8 65 18 98 55 75 45 28 12 79 50 6 92 99 34 43 16 94 85 
TEST 7 ARG:96 39 88 86 62 12 98 40 93 79 71 23 22 73 85 65 28 53 74 29 3 90 2 61 43 91 99 27 8 72 78 83 82 24 7 38 54 45 76 92 4 66 67 75 6 10 47 63 64 16 56 31 50 46 35 95 25 81 14 17 0 68 44 51 36 97 41 58 87 59 52 15 42 80 69 70 9 77 26 1 11 60 49 5 57 13 33 55 89 37 30 34 32 48 18 20 21 84 19 94 
TEST 8 ARG:46 4 28 21 30 44 2 56 80 65 10 27 43 38 17 26 68 36 41 55 29 81 49 33 7 16 37 32 92 69 1 79 98 14 39 64 57 23 53 91 0 83 96 11 9 87 93 47 94 12 75 60 52 67 15 71 95 70 86 59 48 35 61 8 3 58 82 97 77 89 99 22 20 40 13 54 6 45 72 34 18 84 76 50 24 31 51 63 88 74 5 78 66 90 19 42 62 85 73 25 
TEST 9 ARG:59 67 31 53 85 5 76 52 27 45 87 95 83 97 47 2 58 41 62 18 86 63 57 77 14 60 39 19 92 12 46 40 4 84 89 82 94 49 0 7 74 10 32 29 50 61 3 68 37 42 48 98 17 90 36 70 64 25 75 72 16 21 54 80 73 69 28 71 96 15 78 99 23 38 81 66 30 56 8 65 33 79 6 20 88 93 26 55 11 91 51 43 34 1 9 35 22 44 24 13 
TEST 10 ARG:35 6 19 76 88 28 52 20 46 31 21 16 2 8 91 92 83 44 57 24 96 12 18 75 70 25 47 59 77 72 42 40 36 98 13 93 33 37 56 61 64 45 51 17 55 63 0 79 85 69 7 15 14 67 4 87 5 90 58 81 97 73 99 84 78 39 41 49 22 53 48 80 34 71 30 3 50 27 89 94 29 9 1 86 95 54 38 32 43 66 82 23 62 26 68 65 74 60 11 10 
TEST 11 ARG:5 48 13 98 81 0 94 23 79 64 56 27 88 62 55 42 14 24 9 30 84 36 39 96 72 59 58 15 29 83 47 67 97 10 22 33 61 45 87 80 63 43 99 50 68 85 11 74 57 75 4 60 18 54 6 3 70 34 52 32 35 69 41 91 25 40 44 37 86 89 71 73 92 16 82 90 51 31 65 2 38 66 53 8 7 28 46 12 17 93 49 78 20 77 26 1 76 21 95 19 
TEST 12 ARG:75 99 70 50 74 25 21 77 26 92 19 17 49 29 76 93 68 66 43 62 40 35 84 24 44 54 79 97 96 11 7 48 5 73 88 46 69 56 27 85 8 28 0 2 13 9 63 57 47 4 36 3 72 83 23 6 33 1 64 87 67 81 98 59 31 95 82 12 38 90 16 78 55 34 86 52 80 37 65 61 94 15 32 42 39 20 30 22 60 58 91 51 14 53 45 71 18 89 41 10 
TEST 13 ARG:81 79 59 47 31 70 68 96 71 8 73 20 29 43 66 80 83 9 7 93 74 0 97 30 89 36 67 17 52 6 56 60 92 45 98 90 25 4 34 82 72 13 46 78 53 3 10 54 76 23 49 19 14 50 32 33 84 77 99 39 5 87 86 64 57 75 69 63 85 21 18 38 11 12 27 44 95 16 58 55 42 48 28 15 22 2 35 88 65 94 51 37 41 91 1 61 40 24 26 62 
TEST 14 ARG:80 35 77 10 50 75 98 34 41 76 17 66 65 57 20 83 99 26 84 90 3 74 7 46 4 60 72 52 94 13 38 82 32 81 71 78 2 93 1 64 45 37 8 12 29 47 73 40 53 22 14 30 85 62 91 86 19 43 58 87 0 68 42 31 6 63 44 88 28 25 23 97 56 95 89 16 36 11 70 51 59 15 21 92 18 24 27 39 79 48 61 55 96 9 67 5 54 49 69 33 
TEST 15 ARG:1 12 45 20 3 0 74 76 11 67 33 77 39 37 71 14 16 25 18 26 27 6 82 5 68 15 91 75 59 85 73 56 97 30 32 42 99 40 90 48 7 52 47 34 44 78 24 22 41 13 28 65 10 95 86 89 66 9 31 61 53 51 29 2 17 58 46 19 4 92 87 79 35 93 72 64 50 21 62 70 80 94 83 38 43 54 98 84 49 69 81 96 23 55 36 63 57 88 60 8 
TEST 16 ARG:40 25 83 64 84 33 87 20 81 6 56 26 34 96 45 94 54 44 49 70 65 97 52 99 95 14 28 43 76 29 3 1 62 57 32 12 50 39 15 55 85 77 27 0 41 63 11 7 36 78 16 9 13 4 79 88 72 60 24 42 82 47 75 22 67 69 51 74 31 98 53 10 80 93 17 23 91 2 92 59 5 73 58 38 21 8 46 30 68 18 66 89 35 48 71 19 90 61 86 37 
TEST 17 ARG:54 18 69 30 20 11 22 97 79 67 90 92 96 59 74 81 39 51 40 33 78 14 61 21 7 87 36 4 37 35 43 46 71 60 70 32 23 17 50 82 10 56 94 75 55 89 91 66 88 77 72 99 25 80 62 34 5 38 47 16 83 45 63 9 1 84 26 64 86 2 52 57 65 15 42 85 73 93 48 24 28 41 8 6 98 13 3 27 44 58 29 31 95 49 0 68 12 76 53 19 
TEST 18 ARG:43 2 49 0 83 99 14 57 21 47 62 64 51 95 30 82 71 32 75 9 63 60 19 81 5 37 89 54 77 86 87 45 78 69 55 88 4 85 11 66 15 91 31 56 67 1 59 3 33 65 35 25 26 12 10 52 38 58 92 7 36 18 94 40 93 80 24 72 96 23 50 8 84 28 39 73 70 46 90 76 6 53 34 44 29 13 20 98 16 97 68 17 22 27 42 79 41 74 61 48 
TEST 19 ARG:67 46 49 32 80 91 6 78 48 66 55 17 61 47 16 72 76 15 43 54 37 31 63 35 2 62 81 56 52 29 87 30 94 4 60 34 51 96 77 99 88 86 36 14 39 38 13 89 41 28 18 68 22 11 44 53 3 70 45 69 19 84 27 59 21 25 64 90 98 24 0 5 1 40 26 73 71 75 92 10 50 8 74 23 83 7 9 82 65 85 79 58 12 57 97 42 95 33 20 93 
TEST 20 ARG:65 24 2 85 97 1 89 44 57 69 9 21 84 3 62 13 22 99 93 91 37 60 54 8 41 64 20 82 68 81 31 50 23 33 49 92 59 36 4 71 45 38 47 74 53 15 30 14 6 76 73 90 7 52 34 72 39 28 88 0 51 83 87 18 5 75 67 46 80 11 32 35 66 86 19 42 79 56 17 10 78 63 16 96 98 43 58 77 48 70 40 27 29 61 95 55 12 94 25 26 
TEST 21 ARG:11 42 57 26 49 37 69 7 98 80 1 54 64 28 33 41 36 91 39 22 63 94 21 70 72 45 65 74 96 61 32 58 76 93 81 17 8 77 5 73 50 89 29 56 40 10 51 53 18 31 6 85 34 20 83 14 48 24 84 86 9 30 19 97 47 99 25 0 95 82 16 78 60 46 88 23 43 75 55 79 87 66 44 62 67 2 90 92 52 12 27 38 13 68 3 15 71 35 59 4 
TEST 22 ARG:14 51 98 63 30 61 10 5 91 8 87 32 97 71 15 49 73 99 72 62 18 38 27 45 31 82 53 25 95 39 90 89 85 75 24 81 47 33 4 69 2 6 17 59 50 83 36 44 60 84 67 93 80 34 48 54 23 70 20 78 52 29 76 64 42 92 46 22 96 79 1 58 55 7 41 57 12 86 35 66 40 65 13 88 11 77 3 28 43 19 74 56 16 94 21 37 68 26 9 0 
TEST 23 ARG:90 56 47 18 93 29 71 49 84 77 25 66 43 32 97 95 58 83 13 88 52 15 80 60 17 64 55 65 12 21 24 20 31 61 50 59 82 92 70 14 99 62 7 51 26 6 40 67 11 85 4 10 74 76 3 46 0 81 69 89 45 68 44 1 87 48 9 78 23 57 42 36 19 30 72 53 75 79 54 37 39 22 2 27 98 73 86 41 35 33 63 94 96 16 28 38 91 34 5 8 
TEST 24 ARG:88 31 3 54 80 73 36 93 90 99 22 86 98 7 77 43 4 94 89 96 85 84 27 82 5 49 35 23 67 91 41 59 47 24 58 66 40 6 70 12 53 16 65 14 21 11 78 61 48 37 55 10 95 97 32 0 57 17 8 9 28 29 75 2 81 13 46 44 1 26 74 33 60 38 62 20 15 83 39 63 71 87 51 25 56 64 76 45 72 34 18 52 50 68 92 19 69 79 30 42 
TEST 25 ARG:18 50 35 61 19 39 3 1 22 99 31 48 55 69 95 37 12 67 68 66 36 32 86 65 4 85 14 96 79 26 44 20 71 52 51 94 16 49 30 84 47 25 0 5 53 45 80 23 56 10 13 46 64 98 9 29 17 81 93 24 6 88 38 62 73 28 40 8 90 76 54 7 60 2 57 34 33 87 92 72 42 77 58 91 63 74 89 70 11 97 59 41 78 27 82 21 43 83 15 75 
TEST 26 ARG:25 72 68 3 48 59 4 86 46 92 78 40 74 49 9 17 1 63 71 10 18 43 5 61 30 0 75 60 67 19 28 70 16 21 89 64 33 93 57 90 32 76 73 84 53 23 56 6 12 50 13 39 83 44 62 38 24 98 41 15 51 26 79 85 54 22 66 8 87 47 80 58 97 82 27 81 55 11 34 37 95 65 31 35 7 94 69 77 96 36 45 99 42 14 52 2 91 20 88 29 
TEST 27 ARG:83 43 37 69 29 0 98 91 55 89 5 16 97 60 35 12 50 61 36 42 87 38 54 75 96 14 23 86 21 25 44 70 52 94 99 76 48 49 40 27 30 20 78 47 59 67 17 82 15 64 39 80 8 88 34 10 84 28 85 1 33 41 9 73 72 3 4 11 45 58 31 68 26 63 71 62 77 92 90 93 56 53 95 32 66 18 46 6 79 65 81 7 57 2 51 74 13 24 22 19 
TEST 28 ARG:11 0 95 5 31 14 21 88 28 6 99 47 52 81 59 36 15 3 20 73 40 22 29 94 78 17 46 54 25 18 86 69 51 63 92 48 65 93 2 55 27 23 80 70 12 62 79 16 38 82 98 19 1 64 90 66 37 4 35 56 87 32 49 50 74 10 57 26 34 13 61 85 67 24 41 9 39 45 76 77 72 97 30 8 89 68 42 75 58 43 7 33 53 96 60 71 83 91 84 44 
TEST 29 ARG:44 82 87 52 94 53 86 38 7 32 73 9 61 62 57 66 89 83 74 60 43 71 24 5 46 40 76 16 33 13 84 68 25 80 15 34 55 42 27 67 70 31 64 35 56 50 0 2 75 23 63 97 65 47 79 11 26 6 93 39 95 41 22 54 29 20 8 36 19 4 72 69 88 1 59 48 14 99 77 45 12 21 90 30 98 3 10 81 58 49 96 85 92 37 51 91 78 28 17 18 
TEST 30 ARG:31 8 51 12 74 37 75 35 16 22 43 83 11 66 84 42 89 86 78 14 91 48 56 21 72 62 2 77 19 96 59 64 29 23 9 65 17 32 0 13 88 85 58 10 50 97 27 52 25 57 82 92 87 60 76 70 38 53 24 39 94 44 33 98 95 18 67 99 47 26 41 73 15 20 80 68 36 93 30 5 63 54 1 45 34 61 55 7 81 49 69 90 6 79 3 4 40 46 71 28 
TEST 31 ARG:39 99 34 86 36 88 32 80 81 67 70 43 25 78 47 23 59 94 26 71 27 83 79 76 91 57 3 12 55 60 72 74 54 24 65 92 33 19 56 82 77 90 1 87 4 8 45 98 46 52 61 22 17 66 9 2 20 38 7 0 28 31 40 49 44 6 21 58 96 89 93 37 18 75 14 16 69 35 15 68 51 97 11 30 62 53 42 85 10 5 41 63 48 95 64 50 84 13 73 29 
TEST 32 ARG:60 93 24 69 12 7 9 19 11 38 3 70 43 42 14 51 35 31 37 20 1 58 88 63 16 15 95 29 66 49 0 67 92 26 91 2 52 73 62 32 75 39 13 80 56 96 79 74 99 81 71 50 98 36 4 17 72 83 59 45 18 40 89 90 84 47 22 77 10 5 48 33 87 46 57 97 86 68 28 54 53 82 64 94 65 27 8 25 44 85 55 30 34 6 78 76 21 61 41 23 
TEST 33 ARG:62 6 24 18 43 70 42 73 27 81 63 74 40 99 85 12 8 10 47 30 1 26 59 88 28 67 49 33 57 22 34 95 65 50 83 97 56 45 69 23 7 32 13 87 66 82 61 84 44 5 98 86 11 75 93 58 71 94 0 54 15 3 52 53 60 72 19 46 90 36 55 39 64 16 96 35 31 41 38 4 20 21 91 14 51 68 17 76 25 37 92 79 2 48 89 78 77 80 29 9 
TEST 34 ARG:15 92 33 43 88 84 58 10 74 51 96 2 91 61 56 31 90 73 99 22 94 27 81 95 67 20 6 38 44 46 17 28 50 11 53 77 66 70 82 26 63 41 37 79 42 55 40 25 48 36 35 7 86 98 49 1 34 19 0 24 13 62 23 29 32 64 97 39 54 57 5 60 18 47 3 12 30 75 9 21 68 76 16 45 4 83 8 72 65 93 89 69 52 87 80 14 85 78 71 59 
TEST 35 ARG:94 68 38 90 4 50 22 24 18 72 73 75 29 32 55 76 70 43 3 95 63 62 96 31 34 11 6 41 93 74 39 19 35 49 60 79 89 28 61 37 5 71 97 48 69 92 13 30 17 53 56 57 23 84 59 9 82 8 99 20 88 10 78 80 52 85 36 58 45 67 25 21 81 0 26 12 98 33 2 42 15 44 27 40 7 91 83 1 47 64 51 46 16 66 14 86 77 65 54 87 
TEST 36 ARG:35 87 91 64 55 73 81 76 31 19 82 42 17 98 45 9 13 88 0 56 71 29 8 40 97 36 60 18 21 1 66 59 85 51 89 93 58 78 53 28 72 37 48 23 15 24 30 79 67 25 16 65 90 20 5 10 46 47 3 94 33 7 2 84 27 41 34 77 32 14 75 22 50 12 69 11 57 96 63 39 99 38 26 62 68 43 74 95 6 61 80 52 92 54 49 4 86 70 44 83 
TEST 37 ARG:78 69 41 22 54 90 59 32 75 53 20 65 99 93 96 58 72 98 37 10 46 23 34 43 45 39 56 2 28 1 30 87 82 51 33 88 66 61 15 80 6 68 19 64 79 38 3 91 14 47 94 13 73 26 97 0 71 55 57 92 86 12 27 50 35 52 74 29 21 70 31 60 48 76 4 42 8 83 9 67 17 24 16 49 95 85 5 84 7 11 36 25 44 62 40 18 81 77 63 89 
TEST 38 ARG:11 54 16 65 53 24 39 68 77 31 7 2 34 33 61 9 41 3 6 12 83 42 37 8 55 90 29 50 60 15 45 93 35 30 18 92 59 58 74 82 57 20 96 62 67 25 28 91 75 79 84 70 5 89 4 10 95 76 19 38 86 14 87 13 80 47 64 21 73 32 49 1 17 36 66 81 99 52 0 56 97 63 46 40 43 72 98 88 44 23 69 27 22 51 94 48 78 26 85 71 
TEST 39 ARG:43 7 55 25 32 14 93 28 82 48 34 72 9 33 58 1 0 89 12 6 66 84 61 59 87 17 19 35 21 85 50 13 16 22 86 44 29 45 91 70 94 49 60 52 40 81 41 30 73 15 36 99 88 51 46 31 2 37 54 76 67 57 38 3 65 24 42 62 68 18 5 97 78 90 92 63 8 10 79 98 53 71 47 64 75 39 96 20 77 56 80 74 11 69 95 4 83 27 23 26 
TEST 40 ARG:46 72 23 26 58 66 1 81 47 80 63 5 40 85 18 16 44 68 0 27 24 93 8 74 94 99 89 54 48 88 76 95 79 55 25 29 78 83 34 92 87 86 35 69 75 82 64 12 13 38 22 57 36 32 59 43 2 49 71 50 3 96 52 39 61 31 84 65 62 51 53 4 7 97 6 14 60 20 41 10 30 19 73 42 77 90 98 70 37 28 67 91 33 9 15 56 21 11 45 17 
TEST 41 ARG:79 65 72 52 5 82 9 94 83 69 37 47 27 91 87 38 81 84 32 16 68 35 66 85 62 97 25 30 36 54 0 93 14 41 63 18 50 88 24 46 59 77 48 86 22 28 61 34 71 70 19 40 29 58 99 98 43 64 56 11 3 7 44 53 55 17 89 6 12 90 10 42 21 78 26 31 4 45 75 67 80 8 13 76 92 20 95 73 57 60 2 51 49 15 74 1 23 39 33 96 
TEST 42 ARG:65 24 5 86 31 16 18 67 22 96 79 64 59 82 36 27 81 39 60 90 1 83 12 49 14 10 95 3 74 45 51 94 88 21 35 34 72 89 50 71 46 6 2 25 97 68 73 37 62 29 92 55 66 54 52 17 41 98 75 57 77 32 91 70 30 61 33 42 8 47 7 48 84 4 56 58 80 13 87 15 28 69 19 78 40 9 0 26 11 93 85 38 23 63 44 99 53 20 43 76 
TEST 43 ARG:49 43 2 13 34 21 54 61 62 23 29 42 93 35 5 87 9 46 31 55 33 7 3 69 8 82 91 11 15 41 94 18 26 40 10 47 48 74 65 63 6 44 36 78 80 56 25 96 81 73 37 98 59 86 24 60 99 45 16 50 71 52 83 14 90 17 77 12 68 38 72 75 20 97 51 89 0 64 22 27 76 85 84 39 32 53 79 28 58 1 30 88 70 19 4 66 95 67 92 57 
TEST 44 ARG:20 87 70 76 32 43 38 19 42 13 59 72 15 34 65 47 98 68 30 57 16 84 83 80 21 79 39 0 95 7 60 33 17 31 94 96 86 51 10 37 93 26 36 24 27 74 77 85 56 6 58 22 66 44 41 53 12 71 2 90 48 61 40 25 75 64 18 29 97 69 63 55 67 5 11 28 78 4 52 50 91 54 45 89 81 49 46 92 9 3 1 23 73 14 62 8 35 82 88 99 
TEST 45 ARG:98 86 51 50 57 70 96 15 31 0 71 53 3 34 37 75 11 73 77 80 68 66 52 59 39 82 85 2 30 60 41 90 38 5 32 10 8 64 83 61 36 1 91 84 76 6 67 13 42 88 43 27 40 92 81 95 48 29 14 17 22 9 16 72 58 21 54 97 4 74 25 87 93 35 23 94 49 63 65 24 45 79 78 89 28 56 19 62 46 18 99 55 69 33 47 44 7 26 12 20 
TEST 46 ARG:90 25 3 99 78 18 79 28 70 42 10 55 62 67 16 22 51 98 23 89 0 21 69 85 56 91 65 53 76 58 54 92 19 4 96 32 63 61 88 59 52 26 33 72 1 36 35 41 77 81 2 7 37 40 5 50 29 47 6 93 17 60 8 27 9 80 84 87 13 95 46 24 68 38 31 71 39 15 30 48 57 75 74 66 20 49 94 11 83 43 73 82 12 86 97 64 14 44 45 34 
TEST 47 ARG:66 60 86 20 23 21 70 41 92 87 84 93 51 96 62 72 6 42 82 80 85 65 14 73 77 52 22 97 78 28 91 31 74 18 9 2 49 55 57 11 63 3 25 27 34 75 1 94 17 67 79 35 95 58 0 30 90 38 88 64 68 81 56 8 45 5 83 48 19 26 47 4 29 15 10 50 7 99 61 54 69 98 12 89 37 16 24 39 36 53 59 40 33 46 43 44 32 76 71 13 
TEST 48 ARG:18 30 78 42 36 76 69 55 10 33 41 58 44 17 48 9 60 56 1 77 64 3 29 6 23 66 54 39 92 74 25 65 32 88 89 46 14 95 75 72 49 80 96 90 37 63 70 11 20 27 51 19 97 57 53 4 61 83 71 98 50 12 2 93 99 91 62 16 86 94 81 45 43 79 73 68 59 15 85 28 67 52 47 8 40 38 26 0 84 21 13 7 31 22 82 34 24 5 87 35 
TEST 49 ARG:70 87 80 49 52 82 92 15 97 71 79 74 9 68 66 81 1 76 41 94 53 99 93 21 89 62 42 64 75 69 50 28 19 77 10 29 24 60 90 11 88 65 98 32 17 36 2 22 85 34 35 44 56 59 25 6 84 96 48 3 72 8 61 23 18 63 83 45 20 78 40 26 33 95 37 27 46 12 86 39 91 0 16 7 5 43 13 4 31 14 57 73 38 55 47 54 51 30 58 67 
TEST 50 ARG:90 13 88 71 87 50 93 9 24 51 8 57 73 92 27 2 1 82 86 28 42 91 74 80 76 84 99 34 10 54 53 29 16 94 62 3 45 69 5 60 58 77 79 39 4 66 40 67 46 47 15 36 55 38 19 95 72 23 56 48 96 68 59 44 11 98 61 41 83 89 25 63 32 81 20 65 85 52 70 31 26 78 18 21 64 30 37 33 49 6 43 12 17 14 22 35 75 97 7 0 
TEST 51 ARG:38 81 94 8 50 6 45 88 46 69 51 36 48 25 39 26 56 90 4 20 86 11 67 61 60 68 35 71 42 89 5 18 49 72 64 21 70 62 23 29 91 83 76 19 96 54 53 16 87 93 34 85 1 43 7 17 63 9 24 47 65 13 44 14 92 3 77 80 32 0 28 55 33 27 22 58 75 30 74 78 40 2 37 84 99 66 95 82 12 97 10 79 98 41 57 59 15 31 52 73 
TEST 52 ARG:53 69 97 38 64 2 84 46 0 13 60 44 71 30 41 24 21 68 15 1 9 54 56 81 42 3 72 19 10 96 43 61 39 99 75 67 66 23 18 28 95 59 20 49 31 88 17 52 40 93 94 34 25 89 78 80 87 58 86 50 32 26 55 33 47 37 8 36 6 90 65 12 62 83 63 29 27 11 92 76 45 16 98 77 57 4 48 51 5 22 35 70 82 85 7 73 14 91 79 74 
TEST 53 ARG:22 78 63 15 44 95 57 35 6 32 9 52 31 62 77 42 72 26 59 50 88 86 58 53 43 48 60 0 13 12 24 4 38 56 11 46 47 49 5 73 17 20 66 69 55 28 74 19 39 34 93 3 98 94 90 75 81 37 25 41 68 70 51 80 23 40 1 10 87 8 29 84 36 65 21 45 64 27 91 79 89 33 30 92 67 14 71 7 61 18 54 82 76 96 99 97 85 16 83 2 
TEST 54 ARG:12 76 26 56 54 39 86 24 88 15 18 33 42 38 73 57 83 45 60 94 51 48 95 52 37 87 13 14 11 99 17 90 49 53 40 78 91 34 23 3 82 59 5 75 69 36 92 41 61 1 19 6 71 81 7 4 63 9 55 10 93 79 47 30 35 77 68 72 20 85 8 16 66 27 31 65 62 2 50 32 97 0 70 98 96 29 58 21 64 25 74 67 89 84 28 44 22 80 46 43 
TEST 55 ARG:50 70 28 7 21 96 68 89 83 41 65 3 78 64 20 30 13 55 32 69 94 1 93 17 16 25 91 56 66 14 11 43 44 71 86 8 33 36 23 15 81 84 75 48 45 2 31 60 85 35 46 54 34 37 0 49 76 63 99 6 5 27 53 59 67 42 58 97 24 26 10 77 22 39 62 82 40 51 19 52 80 12 72 73 74 18 87 79 61 90 29 47 4 95 9 57 38 88 92 98 
TEST 56 ARG:14 19 47 24 70 72 87 23 74 33 4 43 32 92 46 73 88 37 26 98 80 50 89 51 81 20 99 25 42 22 53 69 55 36 95 58 3 15 11 17 8 31 7 78 2 6 9 82 40 79 96 5 67 27 83 85 84 35 21 86 44 12 64 41 48 94 34 71 90 68 61 54 93 29 45 56 39 1 57 59 0 52 38 65 49 30 76 62 18 77 60 91 28 13 63 10 16 66 97 75 
TEST 57 ARG:4 20 5 63 26 27 68 24 3 25 31 78 87 94 47 38 33 72 86 37 48 11 64 80 43 69 77 74 71 99 36 58 6 41 30 61 39 53 57 46 44 35 85 18 66 15 54 1 96 14 91 70 21 12 89 10 32 0 34 17 52 65 49 79 75 90 92 19 29 23 16 76 98 42 73 83 82 22 45 28 50 84 2 95 60 81 51 40 56 88 62 67 13 8 7 59 55 97 93 9 
TEST 58 ARG:1 45 92 57 24 70 0 38 15 43 42 25 10 35 74 17 66 77 73 29 4 34 59 71 67 47 49 62 23 89 26 18 68 81 31 90 82 83 64 33 63 30 55 21 44 94 54 61 13 2 98 76 37 12 78 91 3 9 7 14 51 19 96 5 58 50 20 32 22 27 46 8 52 75 41 95 97 86 65 87 99 85 88 28 39 16 69 93 40 80 84 36 72 48 56 53 11 60 6 79 
TEST 59 ARG:27 58 26 66 1 42 75 82 3 54 69 95 97 49 47 74 56 85 98 71 9 88 80 23 7 73 32 65 17 57 10 11 21 91 41 87 43 78 83 89 86 63 0 64 55 84 33 38 20 93 6 15 60 52 48 36 94 8 76 5 35 13 40 39 34 31 37 45 25 18 12 96 30 46 44 59 72 79 61 51 90 99 67 92 53 68 62 19 81 77 28 24 4 2 50 29 14 16 70 22 
TEST 60 ARG:96 3 31 70 25 59 76 51 35 86 99 13 47 85 42 19 90 21 20 22 78 26 24 77 16 62 49 95 69 2 33 81 8 71 29 88 30 64 43 57 83 82 36 28 45 80 91 52 32 66 60 39 94 50 11 54 58 12 4 89 68 53 63 87 61 97 7 37 72 74 9 75 98 17 23 15 55 14 18 67 73 0 1 38 56 92 27 84 48 79 5 40 34 6 93 41 10 44 65 46 
TEST 61 ARG:98 87 76 41 63 27 31 64 16 5 78 43 53 35 88 83 39 42 34 82 29 94 51 72 28 70 93 14 2 1 22 44 23 97 26 74 8 36 24 10 67 46 30 13 68 54 45 66 18 85 84 77 47 0 69 95 4 59 65 40 81 99 25 56 73 6 80 52 57 60 11 38 89 86 96 9 37 7 15 32 50 55 71 33 12 19 75 91 61 3 92 49 20 17 21 79 90 58 48 62 
TEST 62 ARG:49 32 14 66 47 87 30 79 34 48 3 1 33 26 67 44 36 70 86 94 55 89 27 42 93 35 99 98 41 88 20 18 0 29 17 75 10 5 96 56 74 53 40 61 31 97 54 69 92 95 80 43 22 19 57 60 82 21 76 78 84 58 77 73 46 38 62 7 37 6 28 16 81 83 12 4 85 15 50 64 52 2 91 23 59 90 11 25 68 45 65 9 51 13 71 8 63 72 24 39 
TEST 63 ARG:52 62 35 39 17 73 61 77 89 85 33 98 10 40 4 91 8 84 74 23 15 54 70 58 76 25 80 50 90 63 46 21 5 27 60 99 65 31 16 19 7 11 83 22 95 57 48 45 72 55 9 88 3 66 36 49 28 41 29 69 14 71 97 30 20 64 92 59 96 94 6 75 38 81 47 86 32 26 93 78 1 37 34 79 67 12 42 53 24 13 18 43 44 82 87 51 68 2 56 0 
TEST 64 ARG:59 88 31 38 46 87 52 80 91 71 30 34 70 7 15 51 74 24 8 86 76 1 82 37 95 33 75 58 12 17 62 0 57 23 16 48 42 10 11 97 9 35 61 22 72 14 89 55 78 18 32 54 20 50 73 64 28 90 43 83 40 85 3 92 60 94 77 26 4 56 99 41 36 67 13 69 79 2 44 66 6 49 84 96 53 47 27 45 25 68 63 21 81 5 98 65 29 39 93 19 
TEST 65 ARG:3 51 45 78 23 40 71 94 10 54 67 1 47 99 79 59 17 29 52 61 30 43 64 76 50 83 66 2 18 49 11 34 6 28 97 95 26 69 8 91 33 60 73 19 27 62 46 96 13 14 75 20 72 44 53 41 80 81 65 88 77 84 38 74 63 22 35 98 56 7 87 90 25 37 48 9 57 93 89 42 68 4 39 70 12 31 24 92 86 85 32 36 0 16 15 82 55 58 21 5 
TEST 66 ARG:66 92 85 21 20 25 84 58 46 2 18 29 11 26 13 82 97 54 33 23 65 14 41 96 43 38 86 19 78 5 56 53 98 45 68 76 67 77 10 94 37 24 75 39 35 7 8 16 1 0 63 6 79 47 17 40 72 32 52 44 71 61 89 83 36 9 34 73 3 48 87 49 51 70 42 50 90 28 15 80 57 30 60 95 62 91 55 59 74 99 81 12 31 4 93 69 64 88 27 22 
TEST 67 ARG:84 36 50 0 90 93 27 74 88 79 10 18 38 22 86 11 23 85 72 15 62 76 77 8 91 66 35 5 45 37 53 6 21 47 42 2 57 9 81 32 43 16 97 61 75 60 3 80 98 51 63 55 89 30 70 54 41 44 82 99 34 59 96 49 1 87 24 29 20 69 14 48 65 7 40 33 71 83 67 73 92 64 95 12 31 13 26 58 39 46 28 94 17 52 78 68 56 25 19 4 
TEST 68 ARG:35 29 94 83 3 25 79 70 12 55 78 72 86 30 5 38 90 57 66 21 27 53 91 1 24 96 89 31 51 58 48 62 13 67 73 43 63 56 15 82 40 42 98 74 6 32 52 97 85 4 71 36 37 54 19 81 8 75 59 23 14 18 22 80 28 95 2 50 93 84 0 44 11 20 45 69 64 60 49 99 61 76 68 46 65 47 34 26 33 16 87 7 41 77 39 88 10 92 9 17 
TEST 69 ARG:92 69 81 50 33 86 11 97 21 17 72 51 24 22 12 60 8 78 77 88 5 56 90 20 62 55 76 65 4 47 96 7 54 59 99 6 63 16 26 28 67 13 44 19 31 70 98 71 14 23 75 3 95 36 57 94 9 27 30 1 74 85 35 0 80 89 83 2 34 79 15 29 93 52 66 73 58 61 42 18 38 68 53 87 37 10 32 25 48 82 64 49 91 43 46 45 84 41 40 39 
TEST 70 ARG:35 95 71 11 94 93 70 34 98 6 18 77 56 80 78 75 8 62 91 20 92 97 72 14 55 2 60 19 74 85 88 63 96 23 13 16 33 27 24 0 46 69 32 52 1 53 89 22 65 82 26 83 57 39 61 87 51 37 25 81 99 36 40 47 58 17 54 21 10 5 76 79 38 42 29 50 67 44 7 3 30 48 28 15 90 68 59 86 9 45 4 64 84 41 12 43 73 31 66 49 
TEST 71 ARG:44 72 89 57 39 60 94 48 92 79 9 86 10 80 88 17 97 69 98 5 27 37 12 46 15 75 66 96 61 21 52 91 29 71 1 95 41 43 78 45 64 82 90 65 54 23 47 62 32 0 14 93 31 84 73 51 59 87 49 68 76 16 35 81 8 4 30 2 24 3 20 11 13 58 7 50 67 63 83 34 56 36 18 19 26 70 77 55 25 28 74 38 33 42 53 40 6 22 85 99 
TEST 72 ARG:89 84 64 5 27 23 34 20 6 40 62 49 97 30 75 72 25 37 17 90 76 57 18 1 86 44 66 16 7 93 29 61 28 10 87 82 4 85 74 2 92 41 79 51 68 38 98 36 3 91 19 83 45 21 99 60 69 58 48 50 77 42 8 63 70 80 55 22 65 73 71 35 11 88 59 53 13 39 67 54 15 56 12 94 46 78 0 95 43 14 26 47 52 32 9 96 33 31 24 81 
TEST 73 ARG:76 34 17 92 55 9 88 47 8 21 65 42 48 18 68 38 83 35 74 79 87 69 70 23 53 25 15 99 2 19 54 29 56 16 67 27 77 90 85 72 44 82 95 96 10 91 45 84 31 98 86 3 36 61 39 1 64 62 50 57 24 30 6 0 97 43 73 7 49 40 94 13 41 37 26 78 89 12 32 51 66 80 11 5 22 33 93 59 81 46 4 58 60 75 14 28 63 52 20 71 
TEST 74 ARG:6 95 63 50 41 9 49 55 31 80 52 87 19 72 8 21 82 57 44 56 53 27 17 89 97 35 18 61 67 69 23 40 62 58 3 59 36 22 74 39 71 91 79 84 75 94 45 51 83 26 88 77 90 64 96 81 73 93 4 38 54 76 47 60 28 10 2 86 48 12 99 34 0 20 70 11 14 16 33 25 43 30 1 5 37 29 7 66 98 13 24 92 65 68 46 85 15 32 42 78 
TEST 75 ARG:15 41 88 23 26 25 3 39 82 76 12 17 57 62 18 38 70 10 80 2 90 75 83 86 65 48 19 24 42 4 55 53 8 72 91 79 61 50 52 37 73 95 35 68 7 21 5 87 59 56 66 94 89 33 13 9 49 16 14 34 64 30 96 6 84 85 51 58 29 32 44 11 0 60 45 92 78 46 74 22 97 40 20 81 36 71 77 99 28 98 67 1 63 47 69 54 27 43 93 31 
TEST 76 ARG:23 54 80 49 19 75 81 87 63 27 96 57 99 82 28 29 10 67 34 24 66 45 5 17 31 85 47 21 69 37 84 36 39 89 20 9 41 4 55 78 64 15 12 98 79 13 0 48 46 43 38 7 44 11 77 74 50 94 86 14 65 52 1 70 53 22 58 51 25 40 76 35 93 90 8 2 6 56 68 97 95 91 42 88 72 30 71 59 60 33 16 92 83 18 73 32 62 3 26 61 
TEST 77 ARG:53 60 62 74 79 57 38 16 14 84 4 3 83 99 90 21 42 52 33 96 56 39 41 68 85 23 34 0 72 5 46 36 19 86 18 6 30 11 98 59 77 40 43 55 22 7 69 10 61 66 12 29 76 28 82 93 54 13 26 81 32 75 24 15 67 88 9 73 64 17 49 58 92 80 48 35 47 50 91 71 27 31 94 51 2 45 65 8 97 1 95 20 70 78 89 87 37 44 25 63 
TEST 78 ARG:95 38 29 85 32 2 67 21 72 43 62 71 35 99 48 93 27 7 25 45 37 14 0 31 94 69 26 15 78 8 40 82 76 46 92 28 84 74 60 24 16 34 64 44 11 41 53 36 6 86 47 68 56 13 66 33 4 12 90 9 61 17 52 73 51 50 23 1 54 81 18 65 87 97 57 3 49 55 96 88 39 77 89 5 75 30 58 42 22 70 63 20 80 10 83 91 79 59 98 19 
TEST 79 ARG:4 26 80 46 20 95 99 19 89 18 3 50 6 77 98 48 32 24 60 84 90 59 47 41 31 74 5 43 39 83 66 64 9 70 11 40 8 82 45 87 27 15 22 78 34 88 62 97 38 28 52 13 1 16 63 69 85 33 65 56 92 10 37 54 58 96 61 93 67 44 36 72 30 75 79 21 2 12 57 76 53 71 94 68 14 49 55 86 81 0 51 17 23 25 73 29 42 35 91 7 
TEST 80 ARG:87 33 48 56 19 49 75 34 58 90 65 28 60 8 54 15 72 55 63 41 14 1 99 4 37 6 89 70 57 18 83 68 77 79 78 22 42 64 82 76 71 9 43 39 25 32 62 96 30 95 47 27 21 98 94 44 2 3 51 84 97 80 85 91 52 46 26 12 92 10 35 86 36 50 69 74 93 61 45 7 31 11 24 29 53 5 38 59 73 17 88 13 81 67 16 66 20 40 0 23 
TEST 81 ARG:8 29 89 72 73 80 92 20 71 98 46 95 52 43 45 12 44 19 23 7 75 14 66 0 34 53 58 39 35 2 28 90 16 79 33 5 10 9 17 70 96 77 6 62 97 24 61 47 94 86 49 74 78 51 31 63 69 38 36 87 68 15 26 50 48 91 40 88 13 25 67 22 82 55 57 21 30 59 1 65 32 83 41 27 93 54 85 99 84 42 4 56 76 60 81 18 3 37 64 11 
TEST 82 ARG:53 60 10 31 94 32 30 11 13 1 92 34 27 47 75 5 0 67 9 19 45 83 43 23 70 24 90 20 96 2 95 50 17 86 3 6 56 33 52 82 65 12 8 91 79 39 38 48 41 99 78 35 25 88 4 55 15 29 18 28 7 44 26 21 74 73 40 14 84 16 57 54 46 80 77 42 97 87 58 37 85 22 81 72 93 89 63 76 62 36 98 49 51 64 68 71 59 69 66 61 
TEST 83 ARG:15 23 38 43 79 2 10 41 36 88 37 59 4 32 42 16 74 85 83 29 0 26 13 1 20 53 61 87 30 94 86 52 57 76 68 69 7 70 90 44 60 63 58 27 93 31 97 91 67 34 5 17 96 6 8 22 9 21 95 92 73 77 39 84 12 51 62 40 14 19 82 18 80 66 50 65 55 78 11 47 71 45 99 24 98 89 25 72 64 75 81 28 49 33 3 56 48 46 54 35 
TEST 84 ARG:41 68 26 81 61 92 42 94 71 16 79 86 11 30 84 48 22 60 45 69 70 23 75 6 76 54 58 83 33 8 77 73 12 85 63 88 46 74 15 56 59 91 37 31 67 24 40 47 72 35 3 17 51 65 78 20 55 44 32 25 62 36 21 34 5 2 50 52 87 53 7 97 4 13 90 0 89 95 9 49 80 38 19 64 99 1 14 96 93 57 18 66 98 39 27 10 43 29 28 82 
TEST 85 ARG:5 94 36 55 65 59 29 31 48 49 40 88 28 82 0 20 74 91 69 12 93 53 85 58 92 44 41 6 97 18 13 2 8 66 56 51 1 79 33 25 78 3 24 16 52 46 27 54 15 26 43 99 9 73 32 62 70 61 68 11 63 14 47 7 45 72 57 4 83 60 64 38 19 22 30 67 10 87 81 37 42 21 76 77 90 95 23 80 86 96 34 39 89 98 75 17 84 35 50 71 
TEST 86 ARG:75 47 58 30 35 54 89 31 41 98 65 29 25 97 72 99 88 96 34 51 76 12 60 68 85 67 87 82 46 21 79 26 18 17 23 28 11 59 4 8 13 44 84 77 39 42 57 74 9 50 86 36 95 2 10 64 6 70 53 62 92 1 55 66 33 69 22 0 32 37 5 24 56 90 52 80 14 78 20 7 94 45 3 61 40 71 93 16 38 63 27 48 15 49 43 91 81 19 73 83 
TEST 87 ARG:91 24 73 78 1 64 74 94 15 8 53 48 49 82 33 95 0 72 6 76 17 40 54 88 62 16 45 38 19 77 14 96 47 61 43 3 10 31 18 99 13 80 21 70 87 60 7 51 30 28 89 27 65 5 22 29 75 46 85 69 57 35 93 41 9 39 34 55 50 32 23 63 68 58 4 92 97 90 56 79 25 26 36 12 20 81 37 66 83 86 42 84 52 44 11 67 59 71 2 98 
TEST 88 ARG:22 21 67 85 91 81 94 86 84 35 45 75 70 71 55 34 53 28 96 80 79 87 93 47 17 99 23 58 12 10 25 38 7 26 69 92 24 76 14 77 42 57 0 62 31 73 3 40 88 32 16 66 51 95 97 27 60 41 19 83 8 46 89 78 37 54 44 43 15 65 30 36 20 50 59 18 52 33 13 2 56 64 49 4 72 5 82 11 68 48 39 63 61 6 98 9 90 29 1 74 
TEST 89 ARG:17 73 64 20 25 15 8 63 75 37 49 26 67 95 4 88 41 98 28 56 7 80 86 14 87 89 62 40 94 58 97 65 2 51 74 3 61 6 22 52 35 23 55 50 84 42 68 57 66 44 10 83 16 45 85 92 77 13 34 76 53 24 19 69 1 39 46 99 71 93 18 0 9 48 12 79 82 72 91 31 21 29 90 27 60 30 5 32 54 81 38 78 59 47 96 11 43 36 33 70 
TEST 90 ARG:38 16 88 69 24 62 12 49 32 60 21 27 29 7 86 50 71 55 2 45 1 51 77 36 73 15 76 57 66 74 28 83 87 46 48 20 6 30 98 94 25 92 61 31 11 23 4 40 70 13 64 99 75 17 80 97 10 79 37 53 19 39 47 96 78 3 22 95 58 68 26 14 8 84 34 5 9 90 82 93 43 91 18 67 59 52 42 41 54 0 72 35 65 44 56 85 89 81 33 63 
TEST 91 ARG:73 28 93 20 47 97 37 61 50 49 48 67 2 78 76 19 9 18 90 68 30 36 83 72 26 27 39 88 34 25 7 13 91 79 6 70 95 24 55 59 63 64 86 94 8 15 10 89 75 1 0 99 74 43 69 98 80 33 5 38 3 77 51 12 40 17 65 46 81 29 62 16 87 35 14 58 42 85 92 4 44 21 56 96 57 71 66 52 11 54 41 32 31 23 22 60 84 45 53 82 
TEST 92 ARG:94 63 84 11 50 95 21 91 17 18 16 38 28 79 69 47 22 71 37 68 30 54 66 77 1 48 34 3 58 46 86 42 29 56 7 92 35 67 78 32 27 15 26 12 49 93 24 14 44 45 9 10 19 39 51 83 85 81 62 70 96 60 6 43 13 82 89 5 75 65 74 2 59 4 90 52 73 98 97 31 57 20 61 36 87 41 8 0 33 23 99 80 72 40 88 25 76 64 53 55 
TEST 93 ARG:71 57 21 42 83 2 92 51 95 93 84 61 35 36 17 39 18 5 24 0 4 6 73 25 1 74 43 11 22 38 29 81 78 96 94 87 32 98 63 85 89 13 90 59 62 14 48 40 70 56 55 15 67 41 30 10 60 69 99 52 53 26 64 82 45 65 34 8 16 75 88 79 37 3 49 23 9 66 12 54 80 27 33 47 76 68 97 50 20 44 91 19 46 7 77 31 58 86 28 72 
TEST 94 ARG:53 11 64 97 81 40 50 25 6 45 28 26 1 29 5 7 85 16 20 23 27 86 62 88 68 57 51 52 79 89 78 42 15 77 74 43 75 56 17 10 63 8 18 71 19 2 72 13 91 93 14 92 36 37 3 87 35 67 80 12 38 96 24 98 83 66 69 84 99 76 47 44 94 32 65 39 61 70 9 90 60 82 41 55 54 4 73 59 95 33 31 49 34 48 58 30 22 0 21 46 
TEST 95 ARG:96 46 70 2 87 69 81 80 18 74 7 35 90 11 86 55 67 65 53 76 47 45 9 85 48 77 33 22 34 43 31 24 64 56 66 92 79 84 58 89 71 72 21 19 73 94 59 30 98 36 12 13 23 62 16 44 61 99 37 41 14 54 83 91 5 0 68 15 82 20 93 38 95 50 10 75 52 27 26 39 49 25 3 29 32 63 60 88 78 40 6 51 17 57 28 1 8 42 97 4 
TEST 96 ARG:89 20 27 53 75 10 26 34 55 61 0 48 22 85 9 52 31 51 68 78 13 45 64 46 16 83 39 41 99 25 2 67 91 19 23 73 54 47 98 7 38 28 36 35 62 96 42 90 15 37 71 70 92 60 18 59 82 8 77 97 21 33 43 74 87 95 1 93 24 84 49 32 88 50 56 11 63 57 40 14 12 76 65 80 29 94 4 66 6 58 72 86 44 5 81 17 69 3 30 79 
TEST 97 ARG:69 57 32 42 60 44 14 76 53 23 13 90 52 55 70 16 51 49 2 72 0 56 87 73 36 35 95 34 89 5 22 82 40 19 37 81 58 48 85 99 68 54 15 26 1 8 17 4 62 28 74 67 75 18 86 10 65 88 30 80 7 21 79 38 59 47 78 20 91 93 61 92 46 41 43 33 66 98 96 71 6 50 24 29 63 12 83 77 3 11 25 9 31 45 97 39 27 64 84 94 
TEST 98 ARG:70 28 87 54 7 63 74 33 2 80 57 6 93 34 62 29 23 49 94 22 15 43 64 17 69 20 24 60 41 95 79 84 0 53 73 78 89 65 14 37 27 75 81 86 5 82 4 66 18 59 32 16 38 67 25 98 47 30 11 13 68 1 10 51 90 26 35 92 31 56 85 55 72 46 97 12 76 3 96 58 8 39 99 52 9 40 83 19 50 48 77 42 71 44 45 88 91 36 61 21 
TEST 99 ARG:92 95 9 31 64 46 20 25 33 1 5 78 19 13 26 27 54 86 18 67 15 72 24 98 12 56 40 83 58 39 90 17 59 88 44 74 71 34 41 21 35 30 63 62 36 81 97 11 66 75 57 80 73 16 43 69 48 89 6 76 77 23 61 10 32 87 93 0 94 4 2 8 42 79 47 84 28 99 45 49 82 22 91 7 55 3 51 37 85 29 52 14 96 50 38 68 65 70 53 60 
TEST 100 ARG:79 11 70 58 76 52 60 18 55 66 92 77 1 26 82 56 5 27 32 57 46 31 69 47 16 3 97 40 80 64 75 35 49 53 83 50 59 24 51 86 68 99 34 54 98 85 4 38 89 17 36 72 73 95 39 44 63 93 2 65 30 19 8 90 62 61 37 15 94 21 28 20 42 33 91 6 9 48 22 41 0 74 10 67 71 14 45 81 13 84 78 96 43 25 87 7 29 88 23 12 
TEST 101 ARG:33 38 42 28 46 41 72 68 77 17 85 3 62 34 73 4 76 48 12 47 22 51 61 0 99 43 96 49 15 31 45 13 32 95 65 86 69 18 16 90 25 14 75 26 97 24 70 23 94 10 98 89 8 9 36 6 2 81 40 57 53 54 84 11 66 93 88 71 56 50 78 67 92 5 83 63 87 44 19 55 64 35 52 58 1 7 74 30 59 60 27 79 39 91 37 80 82 20 21 29 
TEST 102 ARG:38 5 74 50 16 22 20 81 19 76 32 67 24 36 54 89 23 73 68 47 48 63 44 78 94 69 28 29 97 17 60 99 75 53 43 58 33 30 55 41 77 46 83 85 13 35 40 39 65 52 26 25 84 71 42 72 95 82 31 2 79 92 96 56 45 91 14 64 21 66 51 70 57 87 62 80 4 37 59 88 61 7 12 86 1 6 9 18 90 8 10 0 15 49 93 3 27 11 34 98 
TEST 103 ARG:98 28 23 7 8 88 83 64 80 17 14 12 37 27 47 81 26 57 75 9 43 21 77 38 45 10 13 61 67 33 39 34 31 36 42 20 50 92 89 48 72 24 16 97 85 76 19 62 66 95 30 3 22 46 32 5 78 25 82 49 44 84 60 90 65 56 29 59 52 40 53 69 35 55 1 74 68 91 87 58 41 4 93 15 51 54 18 2 11 0 96 99 71 86 79 94 6 73 70 63 
TEST 104 ARG:91 90 56 79 69 5 45 83 23 3 55 57 47 10 13 95 98 46 12 52 14 61 99 67 21 20 40 19 87 33 97 75 54 2 32 85 60 51 89 80 8 42 0 36 15 25 37 48 24 65 31 63 73 26 22 9 34 71 7 96 6 50 78 62 82 77 74 58 64 43 29 68 44 27 86 17 30 28 4 92 1 66 59 72 39 38 88 76 94 41 81 35 84 18 11 49 70 93 53 16 
TEST 105 ARG:77 72 75 11 66 46 42 79 61 29 5 2 23 69 47 76 6 85 22 24 38 87 97 93 55 33 7 1 48 95 94 26 0 90 10 21 78 41 43 4 96 52 36 74 73 16 68 37 58 56 62 59 12 39 20 32 27 14 34 19 8 86 88 98 49 91 53 57 13 44 25 51 63 31 28 18 45 71 99 81 60 30 35 9 54 67 50 80 15 84 3 89 64 65 82 40 92 70 83 17 
TEST 106 ARG:67 70 85 62 83 39 26 65 35 77 78 64 63 36 40 87 47 8 32 43 45 61 59 41 81 23 92 57 50 31 69 17 88 6 71 66 18 97 99 9 33 93 75 37 53 56 48 38 25 1 86 0 74 12 22 58 95 29 30 89 5 11 20 15 28 34 54 84 91 52 82 7 19 46 14 49 21 13 80 4 10 76 2 16 94 24 72 98 44 60 73 27 42 3 96 90 79 68 55 51 
TEST 107 ARG:46 25 22 28 49 7 26 17 72 50 90 89 10 74 80 23 98 1 77 9 34 38 93 21 68 70 33 44 82 86 52 11 6 75 18 29 63 55 66 41 56 36 2 43 8 87 40 59 97 54 12 83 73 88 27 0 96 3 64 81 24 47 57 95 92 16 15 78 20 5 69 13 65 45 53 61 42 14 51 39 84 76 32 35 71 99 67 48 62 91 37 58 30 60 4 79 19 31 94 85 
TEST 108 ARG:96 28 63 31 78 79 20 9 86 19 18 77 38 8 46 84 12 44 14 6 74 60 10 55 68 75 43 53 61 16 39 67 34 50 42 1 45 30 98 71 64 21 52 85 11 32 73 49 82 41 47 72 99 25 26 33 92 65 15 80 91 17 37 81 56 70 36 87 57 97 83 90 51 88 59 22 23 4 66 95 3 35 27 62 0 7 76 24 29 2 5 58 13 40 69 48 93 89 94 54 
TEST 109 ARG:26 63 8 81 55 40 14 9 70 44 21 85 43 97 83 35 92 29 79 12 60 34 93 73 78 47 53 96 4 57 18 89 42 86 56 25 76 15 69 67 28 1 23 10 80 48 32 20 33 39 49 64 22 24 50 59 54 7 51 30 6 5 87 99 91 90 45 68 84 2 11 74 36 41 37 62 65 17 71 95 0 38 77 98 66 3 52 31 46 58 16 13 75 72 61 27 88 82 19 94 
TEST 110 ARG:89 19 66 60 53 30 75 20 90 72 47 45 3 94 12 21 55 86 40 7 71 61 70 41 25 4 11 82 24 38 44 58 39 79 54 43 59 57 36 78 67 6 52 87 16 64 65 92 95 26 22 32 17 46 5 33 85 10 56 77 15 8 42 99 29 14 1 96 34 63 80 37 31 91 28 76 35 74 98 83 13 62 23 68 27 73 69 48 51 49 0 93 18 50 88 97 9 2 81 84 
TEST 111 ARG:93 86 82 41 67 11 62 74 8 5 43 28 27 6 33 12 73 24 48 57 37 3 14 36 30 45 89 20 63 15 54 2 42 16 21 68 80 72 76 50 95 13 46 66 52 17 26 18 32 94 55 87 23 78 96 58 83 91 97 92 35 44 22 39 75 88 9 47 84 81 85 65 99 49 38 10 60 64 69 31 77 34 1 4 59 79 98 51 70 56 29 25 61 40 71 0 19 53 7 90 
TEST 112 ARG:11 26 88 1 97 55 35 62 83 75 66 76 54 70 96 64 33 60 73 37 6 58 17 0 92 69 47 95 8 94 15 50 91 48 86 42 12 28 63 5 61 20 21 49 98 27 77 89 65 81 25 46 43 71 40 68 36 82 67 24 74 79 85 53 41 84 52 72 99 19 4 23 10 14 57 30 80 90 56 29 9 18 38 32 2 87 39 3 44 78 93 22 13 45 16 31 7 59 51 34 
TEST 113 ARG:52 58 38 86 11 85 65 24 0 96 14 69 34 42 28 25 70 6 4 18 89 16 66 13 82 30 37 71 63 33 87 17 8 60 56 88 19 22 77 35 75 43 98 95 3 62 76 36 79 32 55 51 9 57 90 67 21 81 80 10 50 15 53 47 94 20 45 61 83 64 1 54 5 92 23 44 72 59 73 91 7 39 31 99 40 41 93 26 74 48 84 97 12 27 29 68 2 46 78 49 
TEST 114 ARG:0 19 7 48 46 99 90 87 86 66 88 6 97 92 40 27 4 28 76 44 60 68 8 81 16 70 96 95 65 51 77 56 74 11 14 21 58 26 5 12 24 93 9 67 15 29 32 30 38 20 37 25 45 31 33 89 80 53 54 98 64 79 17 42 36 94 59 63 61 34 78 52 55 23 43 62 47 85 72 91 18 69 49 41 83 57 10 50 1 13 35 39 3 73 82 2 84 75 22 71 
TEST 115 ARG:21 81 26 25 73 22 66 71 8 63 95 62 67 72 46 30 16 55 6 76 69 59 96 14 93 24 11 89 85 53 88 75 64 92 32 56 41 82 43 74 13 52 51 45 7 18 34 83 87 65 23 84 10 0 48 99 54 9 79 38 90 98 20 2 40 33 47 12 31 42 78 15 3 77 1 37 5 4 49 68 97 17 28 60 27 70 36 50 91 61 35 39 58 29 57 80 94 86 44 19 
TEST 116 ARG:84 74 30 68 63 7 98 47 91 50 55 70 21 45 16 1 96 8 92 18 25 11 83 6 29 53 3 54 34 71 14 52 19 27 80 99 4 87 89 12 69 22 88 33 5 39 40 60 44 75 49 48 28 0 77 86 32 81 2 64 46 43 59 76 78 36 85 56 13 9 41 35 42 15 73 82 67 26 17 51 24 31 57 58 66 23 93 38 65 90 37 61 79 95 97 72 10 20 62 94 
TEST 117 ARG:32 17 25 5 55 79 45 64 24 66 16 20 88 98 36 97 10 83 68 18 29 42 92 8 73 62 26 15 84 90 44 95 63 11 0 46 82 48 13 58 67 50 77 71 41 51 74 1 38 33 59 19 80 56 22 39 76 52 60 34 49 40 54 9 2 65 72 94 91 21 3 86 14 85 43 47 7 37 23 35 30 53 87 70 4 31 99 6 75 28 61 93 96 27 12 69 78 89 57 81 
TEST 118 ARG:0 92 26 19 93 8 66 29 28 87 18 74 89 42 98 11 25 32 43 90 82 54 81 84 9 30 27 37 33 16 85 22 1 36 56 4 41 24 31 14 97 34 73 39 68 55 64 12 80 96 77 15 78 21 35 50 65 57 7 5 79 2 6 95 59 51 69 71 91 63 83 44 45 13 76 48 70 38 10 17 62 40 52 61 53 67 3 46 86 58 99 94 20 88 49 75 72 47 23 60 
TEST 119 ARG:66 69 34 36 89 30 57 49 76 18 44 52 0 21 11 56 62 84 15 12 75 88 10 78 16 6 86 60 45 40 4 14 74 20 68 23 87 92 9 8 80 95 5 58 2 71 65 67 29 35 72 22 90 13 28 70 85 25 32 39 61 98 38 50 97 19 43 26 47 91 33 63 77 81 1 59 48 17 24 31 46 64 42 94 51 7 82 55 37 93 73 83 99 96 79 3 41 54 53 27 
TEST 120 ARG:25 32 3 90 77 0 85 33 68 8 91 54 94 24 5 1 34 23 6 50 17 2 93 39 36 97 65 21 11 49 84 30 20 19 18 44 47 59 22 55 66 98 60 58 46 40 48 27 41 67 82 56 61 51 4 78 13 75 43 92 74 14 99 29 38 26 52 73 7 42 69 37 70 64 10 96 63 80 35 31 72 9 71 95 15 53 88 12 83 45 76 79 81 87 89 16 57 62 28 86 
TEST 121 ARG:85 86 91 46 81 95 70 61 69 26 17 25 79 29 84 31 94 6 60 53 22 71 96 51 10 97 16 90 44 30 98 54 57 23 76 43 35 59 45 24 3 41 83 36 4 20 55 75 50 2 68 9 42 48 73 19 11 28 5 33 40 7 21 99 72 87 67 74 49 93 37 39 38 52 88 80 62 34 89 8 56 32 92 78 47 12 1 77 14 82 15 0 13 58 64 18 63 66 65 27 
TEST 122 ARG:50 24 72 46 88 99 60 79 93 49 73 0 54 5 12 85 52 47 62 20 89 25 78 74 58 44 70 21 71 43 30 56 63 65 6 11 76 38 39 53 41 55 23 18 75 90 64 8 15 83 80 10 7 84 22 51 91 31 9 69 45 35 57 77 3 98 26 14 86 66 61 97 4 32 19 92 40 17 34 87 48 81 95 82 33 27 13 94 42 37 36 68 59 29 2 16 1 96 67 28 
TEST 123 ARG:60 81 9 65 46 32 23 84 43 17 71 75 1 62 15 28 37 45 49 3 72 94 95 5 44 24 98 51 57 41 68 53 16 80 34 33 38 61 29 42 39 90 20 99 56 96 47 77 79 50 2 85 7 35 70 93 48 11 27 10 55 25 52 59 6 40 74 64 97 12 66 22 86 18 0 83 82 73 89 30 78 21 31 92 54 14 76 26 87 91 58 36 13 67 63 4 69 88 19 8 
TEST 124 ARG:42 80 85 91 57 39 51 65 25 52 63 99 66 17 43 92 48 34 4 90 70 45 84 50 59 79 28 20 11 10 78 94 24 69 61 77 37 55 64 40 32 19 38 22 5 83 23 44 72 3 82 81 30 53 21 12 18 46 76 60 47 73 89 54 1 71 75 87 13 9 16 49 15 7 8 14 56 35 68 74 41 27 97 96 26 67 62 33 2 6 0 88 93 29 95 58 86 36 31 98 
TEST 125 ARG:16 36 66 37 29 49 4 17 25 77 6 61 32 31 24 10 30 57 55 90 7 64 47 94 13 56 48 3 59 93 98 14 92 54 84 96 8 1 71 86 62 65 70 2 42 0 27 46 40 89 53 18 88 58 75 76 95 72 85 28 21 99 52 79 34 9 81 82 11 83 43 51 35 38 69 67 22 20 80 50 60 19 87 63 41 73 23 45 15 39 91 74 97 12 33 68 78 5 26 44 
TEST 126 ARG:6 57 85 61 23 7 65 8 98 52 42 77 27 72 96 16 73 75 62 82 55 94 79 54 31 99 20 10 51 97 44 33 88 53 87 30 5 76 40 22 64 48 9 26 50 70 1 28 18 90 59 2 32 15 66 83 63 25 14 92 4 81 91 67 19 35 58 47 13 84 89 74 34 12 95 56 38 11 21 29 86 36 68 60 78 69 46 39 37 43 45 93 80 0 71 3 24 41 49 17 
TEST 127 ARG:14 35 2 7 98 16 57 0 82 37 69 95 11 21 92 44 94 90 43 84 70 73 27 74 54 42 26 45 49 52 46 18 91 28 96 25 40 29 87 83 58 55 33 97 48 50 78 61 65 38 9 85 56 39 4 66 60 30 67 6 36 1 32 15 19 17 77 51 41 10 12 5 75 81 31 3 59 64 88 79 86 8 20 80 34 93 68 63 62 53 23 71 22 24 99 76 72 47 13 89 
TEST 128 ARG:4 94 77 38 33 48 35 44 3 11 10 26 14 87 65 79 58 0 1 30 71 96 91 72 51 61 9 78 59 28 36 74 97 29 41 57 50 83 8 7 40 60 63 25 99 85 55 23 15 43 13 66 68 75 31 86 81 27 47 56 22 37 19 92 95 84 42 98 17 16 20 67 76 34 21 18 6 46 69 73 53 52 32 89 88 90 93 80 39 12 70 24 45 64 82 2 62 49 54 5 
TEST 129 ARG:45 26 19 20 39 11 3 42 70 25 69 37 61 65 78 57 93 40 4 16 12 54 91 86 50 44 71 47 77 56 55 14 99 82 52 2 83 36 51 64 8 1 27 76 18 43 98 89 6 90 10 66 59 46 17 29 62 13 80 72 85 9 5 60 0 58 30 84 94 38 23 73 95 7 68 63 67 92 24 75 53 79 81 28 21 32 97 87 35 74 33 96 49 22 41 88 31 48 15 34 
TEST 130 ARG:72 86 96 44 61 36 90 35 75 51 0 89 73 25 71 41 60 16 67 52 43 14 64 22 70 45 68 53 11 88 83 57 21 74 80 5 63 76 62 23 20 93 94 30 13 8 26 91 59 78 40 7 79 92 3 10 32 58 42 98 4 97 1 37 12 28 6 84 85 27 9 48 19 46 34 65 95 49 2 38 77 39 47 54 31 66 15 24 99 81 29 17 56 18 69 33 50 55 87 82 
TEST 131 ARG:72 50 2 38 75 17 89 42 70 9 81 25 26 46 88 79 51 12 87 55 94 86 22 19 65 6 23 99 29 41 71 92 96 27 47 8 61 36 67 7 85 53 84 93 18 1 74 30 58 48 62 34 24 91 33 97 54 39 73 77 3 11 32 20 78 5 52 64 0 4 83 76 56 10 45 63 15 21 40 98 49 80 95 69 82 66 43 28 68 35 44 37 57 31 16 59 13 90 60 14 
TEST 132 ARG:34 64 87 56 80 52 44 35 71 65 33 11 99 68 55 29 22 9 72 7 90 16 3 98 28 25 1 61 46 57 21 49 60 26 23 39 41 27 4 40 43 14 20 53 89 95 82 6 5 92 45 2 75 42 76 48 31 93 63 94 62 69 0 50 13 88 84 30 79 91 36 59 51 86 19 18 78 66 10 37 38 8 96 85 83 47 74 12 54 15 67 70 97 17 58 81 73 77 32 24 
TEST 133 ARG:2 75 92 43 98 53 93 90 37 59 8 89 40 69 65 24 88 35 38 83 21 42 46 5 14 57 41 12 84 58 62 50 68 17 96 6 29 13 30 54 79 45 66 52 63 74 71 82 22 56 32 49 34 72 1 48 91 86 70 99 33 18 51 47 44 20 16 25 73 55 87 0 80 77 78 28 10 60 81 94 64 31 95 67 3 11 26 85 61 9 23 4 39 36 7 19 76 15 27 97 
TEST 134 ARG:62 12 22 50 66 16 34 33 19 41 47 70 31 14 61 64 2 89 23 11 8 96 71 94 13 79 35 84 65 69 4 1 73 24 77 0 20 86 91 9 5 78 28 80 46 99 26 75 44 83 88 63 29 10 39 82 18 56 52 25 37 3 30 87 59 7 45 6 67 55 51 40 43 27 17 21 58 92 53 49 98 76 74 36 85 54 97 32 38 42 57 95 48 93 72 81 68 60 15 90 
TEST 135 ARG:19 84 11 25 30 9 79 53 45 76 28 67 35 22 51 49 57 29 86 59 73 65 89 71 72 46 96 61 64 31 34 43 94 27 83 39 40 48 56 88 18 13 80 6 15 36 50 1 0 47 38 54 78 37 3 63 26 95 55 23 68 5 2 14 85 92 99 33 62 32 87 82 98 8 24 90 4 70 16 60 77 91 81 52 74 10 58 69 97 20 17 7 44 66 12 21 41 42 75 93 
TEST 136 ARG:92 98 93 95 61 52 29 56 66 6 39 69 23 76 90 40 2 97 38 33 64 32 20 88 7 1 31 14 48 87 0 82 35 89 60 12 24 65 8 17 55 46 21 99 72 5 4 91 86 42 16 41 77 51 44 59 78 22 37 81 34 45 96 83 43 94 71 49 75 85 18 11 50 30 53 62 3 9 15 67 80 57 84 73 19 58 68 63 10 74 47 28 79 27 70 13 25 26 54 36 
TEST 137 ARG:98 80 5 33 61 58 62 19 2 47 36 24 72 59 52 28 50 32 18 45 46 41 16 92 51 74 65 75 39 94 69 11 35 8 68 53 27 40 54 82 88 90 96 30 4 57 93 97 6 63 12 26 9 37 43 55 21 86 10 48 81 3 0 89 34 13 87 95 23 31 83 64 29 85 1 42 60 99 77 17 14 76 73 22 49 91 25 38 70 67 15 56 71 84 20 78 79 44 7 66 
TEST 138 ARG:13 3 53 27 18 74 84 65 69 38 81 76 78 36 72 26 42 31 88 33 48 19 57 37 15 52 25 59 61 9 46 16 93 28 67 96 6 94 91 41 64 58 79 1 50 45 87 10 4 92 60 97 51 82 71 39 90 5 49 98 14 95 56 75 44 89 23 2 43 80 29 54 8 17 63 7 66 68 99 62 35 11 20 0 70 30 24 21 83 86 85 34 12 40 77 73 55 32 22 47 
TEST 139 ARG:37 50 76 93 70 97 25 19 36 92 7 13 86 83 18 9 77 45 16 72 3 14 10 6 40 39 42 33 26 5 53 85 35 82 43 90 94 44 68 20 67 71 58 22 98 62 87 59 24 32 11 0 84 48 23 96 74 30 80 64 95 65 31 78 69 28 99 34 55 61 1 81 54 21 4 27 12 46 91 73 63 15 41 66 56 8 89 60 51 79 47 29 49 17 75 88 52 38 2 57 
TEST 140 ARG:61 33 6 48 86 63 26 27 87 43 85 55 99 50 75 45 22 15 78 88 81 2 18 72 51 83 36 65 80 58 12 77 11 28 59 20 82 21 7 92 64 10 62 71 67 49 54 96 5 1 23 98 84 89 39 19 57 91 70 69 30 17 93 42 4 3 44 8 37 73 0 24 60 31 53 68 46 13 95 34 94 40 38 32 66 29 97 56 41 90 76 14 79 16 35 25 47 52 9 74 
TEST 141 ARG:99 79 36 57 29 81 32 44 45 19 34 63 86 24 3 26 70 7 4 5 37 10 49 54 85 38 0 55 93 67 15 90 87 40 74 42 71 75 53 82 23 95 20 59 25 18 96 61 58 77 30 9 60 98 33 51 66 46 64 27 73 62 31 41 2 14 50 52 76 13 17 97 56 69 35 84 91 94 28 83 68 6 92 89 39 78 1 8 11 88 65 47 16 48 22 12 43 72 80 21 
TEST 142 ARG:84 4 71 22 19 6 70 79 25 56 66 49 0 46 90 32 92 54 88 15 52 40 29 33 53 36 78 68 44 30 12 14 98 47 48 26 10 9 39 2 45 64 63 8 80 31 18 69 17 43 93 1 35 97 96 11 3 91 60 87 61 86 62 83 42 95 7 16 57 73 59 28 89 58 65 85 50 34 76 21 67 81 99 38 24 72 27 37 20 77 13 55 41 75 82 5 94 51 23 74 
TEST 143 ARG:44 67 9 98 38 29 37 78 81 1 84 43 92 89 72 32 50 64 65 11 53 12 97 45 86 61 24 71 62 85 74 93 41 51 42 4 30 26 27 77 18 68 25 40 73 54 39 34 33 8 90 47 2 99 80 14 0 69 16 75 15 20 23 82 7 10 49 94 70 58 28 88 35 59 36 22 66 60 13 79 6 57 56 83 95 21 63 76 87 96 31 3 55 5 46 17 48 52 91 19 
TEST 144 ARG:76 14 23 16 70 48 88 41 55 33 42 94 58 17 32 75 2 37 62 84 80 87 82 12 96 67 72 64 71 93 69 83 90 63 5 25 35 56 28 78 52 60 68 38 57 22 92 79 91 99 18 6 98 44 20 8 40 15 81 47 3 97 19 65 95 30 74 61 29 24 54 86 53 46 59 39 73 77 1 26 21 31 10 36 11 51 50 89 4 85 13 49 27 7 66 34 45 9 43 0 
TEST 145 ARG:56 33 15 73 47 18 40 63 67 69 77 92 87 41 14 42 22 16 31 38 45 85 29 9 28 75 76 13 65 78 82 10 35 5 83 89 46 26 93 91 96 51 66 43 55 11 27 62 50 95 1 59 8 90 36 86 57 88 74 54 34 0 2 20 23 39 32 30 19 84 58 80 70 61 25 7 79 98 21 64 48 6 49 81 60 53 17 68 44 71 97 99 24 52 72 37 4 94 3 12 
TEST 146 ARG:48 67 36 95 65 57 9 28 75 0 72 90 12 59 68 43 51 82 10 15 52 35 69 24 31 20 54 44 98 63 47 42 58 4 85 74 49 60 30 26 64 88 41 76 50 17 83 77 78 70 53 7 18 79 40 55 86 5 71 34 1 16 25 94 32 93 2 56 29 66 23 92 22 84 46 19 27 99 3 21 81 80 14 61 38 6 73 87 97 96 8 39 91 89 62 11 13 33 45 37 
TEST 147 ARG:22 60 23 25 90 92 86 69 1 82 68 32 53 29 62 89 96 57 56 97 74 33 59 5 31 79 44 39 40 88 19 24 91 73 38 87 70 83 61 77 80 51 10 18 55 72 64 46 78 81 71 11 4 63 84 98 16 52 13 47 45 35 85 50 54 37 94 30 75 93 26 48 65 95 41 14 9 76 49 3 28 58 0 66 21 99 8 42 2 36 15 17 34 12 7 6 27 43 20 67 
TEST 148 ARG:7 55 36 41 52 92 1 44 5 38 50 67 3 37 9 40 99 13 6 98 57 0 88 68 10 28 74 30 79 58 29 25 53 49 87 11 72 8 51 96 76 85 42 2 39 21 93 59 23 77 82 95 18 46 31 20 15 84 26 83 91 81 86 54 70 14 75 62 69 47 63 45 32 43 89 24 97 34 73 90 17 27 60 94 16 71 80 35 48 19 4 61 12 22 66 65 56 33 78 64 
TEST 149 ARG:38 52 96 83 17 85 32 65 90 50 77 82 53 94 86 70 80 37 8 21 26 88 62 64 48 16 93 67 7 68 56 69 58 22 11 20 97 40 9 63 51 98 19 27 34 74 84 15 43 13 95 5 6 24 10 91 29 81 71 0 41 73 18 57 2 87 45 79 31 99 23 46 61 49 44 66 89 1 59 55 14 42 76 60 36 25 54 78 12 4 72 3 35 33 28 75 92 30 47 39 
TEST 150 ARG:36 74 57 56 99 92 21 87 82 48 32 16 54 76 22 70 49 10 85 42 94 13 11 27 41 38 9 28 45 66 96 37 58 26 79 72 39 62 95 61 5 75 78 67 69 47 50 14 15 59 43 18 80 17 55 89 63 71 53 44 46 29 60 30 2 77 93 65 68 7 73 64 90 6 20 0 4 23 25 19 8 81 3 84 52 88 31 1 98 12 34 86 33 40 51 83 91 24 35 97 
TEST 151 ARG:20 62 0 54 65 25 39 46 22 13 60 97 98 17 87 94 6 75 21 45 89 8 33 3 11 82 2 85 36 64 61 84 92 88 9 58 57 38 80 49 72 52 4 34 30 69 83 95 70 37 73 74 79 42 77 18 71 78 24 63 16 93 53 32 1 23 66 40 19 29 67 48 59 12 35 91 28 86 27 31 41 15 56 10 43 90 44 26 96 51 14 7 5 55 50 47 76 99 81 68 
TEST 152 ARG:22 69 87 32 98 3 54 18 68 96 45 29 78 75 6 25 73 65 89 13 88 79 95 82 23 49 77 92 27 41 62 11 83 34 93 81 16 51 74 33 36 9 46 17 2 0 76 61 4 99 8 66 12 37 70 50 91 39 53 80 58 20 19 40 97 57 28 1 47 67 35 59 44 26 48 85 15 90 60 94 7 56 21 71 24 30 5 64 43 42 14 84 10 52 63 31 38 55 72 86 
TEST 153 ARG:13 78 44 95 57 20 16 82 81 85 22 3 76 86 41 40 24 47 14 15 87 1 59 58 9 35 53 97 51 94 25 12 26 60 37 72 61 0 11 83 92 84 90 27 75 55 50 93 33 21 56 52 77 91 48 34 2 74 8 10 39 29 89 63 46 71 96 30 67 65 88 23 6 64 98 54 80 32 69 31 42 7 36 38 70 43 79 19 45 99 18 68 49 66 62 5 28 17 73 4 
TEST 154 ARG:31 44 62 70 83 18 91 19 6 37 54 55 78 50 80 5 73 96 66 84 13 10 48 87 3 64 65 0 11 61 89 99 85 33 68 93 15 58 81 90 28 45 17 24 95 14 23 88 57 1 12 38 67 76 52 51 27 69 4 26 82 36 46 47 34 21 49 94 56 60 97 42 40 59 22 8 74 30 32 63 53 43 86 79 20 41 75 72 77 2 98 7 9 16 92 29 71 39 35 25 
TEST 155 ARG:76 20 84 77 23 56 30 88 2 38 96 65 55 44 93 28 60 43 8 34 95 83 42 31 46 21 66 67 3 18 99 49 68 87 80 85 48 12 86 15 19 82 36 14 7 37 57 71 64 35 69 6 78 5 25 51 94 41 62 74 27 70 97 1 39 11 81 53 54 90 52 50 29 40 32 24 98 33 73 22 61 92 10 13 89 16 72 91 17 47 26 0 45 59 79 58 75 9 63 4 
TEST 156 ARG:63 1 3 71 18 50 93 45 23 25 42 52 86 87 2 54 20 95 78 6 70 27 91 33 17 36 31 38 68 19 65 29 30 73 98 15 57 8 11 96 69 85 4 94 77 55 72 44 90 89 21 46 39 61 37 32 74 62 60 9 75 67 26 34 83 10 97 14 84 82 56 58 51 79 28 49 7 59 81 5 13 64 35 16 92 41 43 0 66 76 53 88 47 22 12 80 40 48 99 24 
TEST 157 ARG:91 8 77 94 40 93 92 73 26 59 42 90 57 5 99 60 16 48 0 28 95 34 62 37 58 20 69 86 45 3 98 7 80 10 55 61 1 71 96 63 74 35 70 49 13 46 51 72 4 84 24 9 14 18 22 65 41 2 38 79 82 85 64 76 52 50 68 25 47 32 33 66 67 39 44 54 78 30 75 23 89 31 27 97 36 19 12 29 6 11 53 88 17 43 87 83 15 81 21 56 
TEST 158 ARG:18 52 58 35 69 56 93 78 38 0 45 49 85 19 62 12 77 40 14 59 68 33 70 73 11 9 60 64 57 4 53 89 10 48 37 43 20 3 23 5 21 46 50 67 92 86 27 63 82 87 88 74 61 94 6 90 83 22 36 31 99 84 16 39 28 2 13 91 76 15 26 34 79 51 54 17 65 42 55 71 8 25 81 80 96 1 66 97 30 72 41 29 32 7 47 98 95 44 75 24 
TEST 159 ARG:26 90 85 62 11 65 34 13 14 31 21 72 28 74 38 60 12 98 75 17 56 5 43 37 2 99 8 63 59 73 36 81 3 47 89 6 70 84 42 4 27 15 76 23 79 45 44 69 54 77 78 52 68 35 40 83 20 48 93 66 91 58 49 82 55 1 92 0 67 22 50 33 29 53 16 71 57 41 87 80 88 24 10 32 86 94 64 95 97 51 46 96 30 19 25 39 61 18 7 9 
TEST 160 ARG:83 68 38 62 34 11 57 72 12 5 84 23 31 55 6 29 41 63 59 98 32 2 80 39 30 46 82 19 7 42 96 0 88 86 9 67 69 51 35 95 64 66 24 20 76 40 10 61 91 79 14 90 13 45 94 75 78 27 21 73 70 49 58 97 18 89 85 50 8 25 47 48 16 17 28 65 26 74 53 36 44 99 56 3 1 87 52 22 54 77 60 15 92 43 81 37 33 93 4 71 
TEST 161 ARG:29 42 15 79 67 44 14 52 1 38 22 49 85 25 59 4 23 11 12 9 20 65 72 41 80 17 27 51 90 69 81 89 6 21 55 87 58 60 84 37 75 86 78 45 63 3 8 70 39 56 94 95 98 10 61 93 26 47 66 18 30 19 24 88 71 76 46 77 91 31 99 43 68 50 32 36 28 64 82 35 92 34 57 0 97 83 5 13 96 16 40 73 7 33 53 74 62 48 54 2 
TEST 162 ARG:49 77 43 16 38 69 95 51 27 78 10 79 87 57 45 35 33 56 97 70 9 61 46 75 39 84 0 53 94 52 63 96 68 80 31 17 93 47 50 12 54 76 81 85 3 98 30 40 21 44 67 55 71 37 41 91 62 8 18 65 29 34 20 7 72 36 83 66 13 58 14 86 74 22 5 42 48 23 1 25 90 60 64 24 82 11 32 73 99 15 92 4 88 2 28 59 6 26 89 19 
TEST 163 ARG:30 96 51 67 52 55 37 16 40 76 44 7 49 21 34 78 80 29 57 11 9 83 50 19 63 31 91 39 53 6 22 87 89 26 68 62 25 3 48 43 56 94 60 38 72 71 46 18 86 17 4 54 74 92 90 81 15 5 2 24 12 32 0 10 36 75 98 41 47 85 42 23 79 1 58 88 93 35 84 77 59 65 13 61 64 73 70 33 28 99 20 27 8 66 97 95 14 82 69 45 
TEST 164 ARG:2 19 69 52 26 75 47 85 1 5 46 28 65 61 90 57 55 68 77 56 23 48 54 34 21 22 96 29 92 76 33 51 97 98 79 36 62 50 45 7 0 41 32 43 66 39 30 49 15 83 89 31 99 88 87 10 93 82 11 95 13 37 24 38 3 42 70 9 63 20 4 73 80 84 27 94 58 91 25 53 67 74 60 78 86 59 17 6 12 14 72 18 44 40 81 8 16 64 71 35 
TEST 165 ARG:52 47 96 99 60 55 93 45 50 53 33 71 21 85 25 39 97 72 44 40 9 12 77 67 75 73 66 36 69 65 38 24 7 61 8 32 3 19 82 22 31 57 58 26 4 16 79 18 35 29 41 63 37 34 88 54 0 95 49 89 62 10 74 87 14 70 48 86 11 23 2 6 80 5 20 76 59 15 27 68 91 64 94 83 30 78 84 51 13 56 90 42 17 46 98 1 81 28 92 43 
TEST 166 ARG:90 77 20 86 7 18 27 30 37 4 66 17 2 9 73 34 44 96 26 28 46 42 10 13 43 22 64 45 91 82 38 95 6 63 88 47 71 84 16 41 48 11 61 70 14 31 23 67 56 87 92 51 57 76 15 65 97 99 78 39 60 94 59 52 33 5 68 81 85 79 58 24 83 12 75 36 69 93 50 0 40 89 25 53 21 19 8 54 49 74 32 3 29 80 98 1 62 35 55 72 
TEST 167 ARG:52 24 38 74 97 21 96 0 26 58 99 36 45 40 39 42 95 90 83 30 7 11 64 22 89 80 56 12 18 20 43 73 3 27 75 35 57 59 17 46 33 86 71 82 65 29 9 19 34 98 10 92 47 14 77 4 87 76 79 32 5 94 67 49 54 16 62 81 78 2 68 93 41 48 28 85 13 70 88 8 1 69 44 25 53 60 72 37 23 84 63 6 66 51 61 31 15 91 55 50 
TEST 168 ARG:80 89 43 84 68 54 94 49 41 35 88 34 65 12 27 63 99 50 91 64 38 46 7 92 51 52 14 79 77 67 15 19 5 17 58 22 40 83 59 16 95 57 82 6 72 85 69 44 39 28 97 93 3 29 33 8 71 30 0 56 24 45 76 37 36 23 1 53 66 60 98 73 62 25 74 47 4 26 81 11 10 55 90 48 87 86 20 31 2 70 9 78 21 42 61 96 32 18 75 13 
TEST 169 ARG:69 64 89 15 82 71 95 14 38 92 48 68 93 53 32 40 83 96 47 66 81 9 98 21 3 99 13 24 76 73 60 65 97 46 94 91 43 77 49 84 56 39 25 20 26 30 61 11 45 0 79 75 18 8 54 12 51 28 27 59 23 33 31 41 58 10 90 87 52 55 37 2 70 29 50 85 17 72 74 63 78 80 19 16 62 22 88 34 35 57 4 7 44 36 86 67 42 6 5 1 
TEST 170 ARG:5 83 49 51 47 77 85 41 88 11 30 33 74 84 70 26 32 36 3 28 68 56 76 71 87 92 57 81 29 80 64 7 52 22 44 18 69 61 16 0 55 8 65 25 12 1 34 54 66 86 99 39 94 93 75 67 58 42 96 97 43 40 59 14 46 53 60 45 27 50 91 82 17 89 95 63 31 48 2 4 90 37 15 98 24 73 38 23 78 35 79 10 6 19 9 13 20 62 21 72 
TEST 171 ARG:45 10 18 6 73 66 1 62 32 35 61 98 67 12 64 37 60 63 65 55 57 74 23 91 14 34 86 17 33 48 79 2 53 84 31 4 95 24 46 58 77 70 89 9 80 49 0 83 78 87 69 20 13 22 52 88 92 40 7 81 21 42 90 47 82 75 43 30 39 59 56 36 26 96 76 25 54 68 94 16 50 41 15 11 3 27 44 93 8 97 71 51 19 28 38 85 72 29 99 5 
TEST 172 ARG:43 73 37 91 52 64 38 77 0 68 86 26 87 97 69 71 48 27 84 4 44 80 30 6 42 19 61 94 32 35 20 76 41 53 31 55 50 14 11 57 72 88 82 16 17 98 39 92 8 34 36 3 24 83 95 67 9 23 28 49 25 7 93 58 33 47 81 2 99 10 89 78 65 5 40 66 22 75 59 96 60 12 70 1 21 63 62 45 90 85 15 46 13 54 51 79 29 56 74 18 
TEST 173 ARG:79 20 58 46 87 43 16 56 67 68 66 54 98 97 32 49 61 9 36 91 22 75 33 34 50 3 77 48 29 59 6 82 78 47 55 80 89 25 18 73 53 31 62 24 63 35 26 40 57 92 86 69 39 84 51 88 81 41 94 19 42 90 71 93 30 12 85 13 38 23 60 27 45 96 76 83 72 52 5 17 44 70 64 28 0 74 2 37 4 21 14 99 11 15 7 95 1 10 8 65 
TEST 174 ARG:62 99 13 14 95 63 17 90 31 25 71 72 57 73 20 11 19 40 96 9 82 59 79 86 55 68 98 74 48 50 22 78 45 65 84 36 38 58 91 1 26 42 77 64 4 37 85 8 51 70 33 61 53 66 10 49 52 15 0 41 75 35 21 97 29 6 60 34 32 89 93 80 56 54 92 16 47 43 3 76 5 27 18 30 28 23 67 94 24 12 87 2 46 7 81 39 69 44 88 83 
TEST 175 ARG:64 82 55 86 94 6 47 61 13 83 33 75 84 5 25 24 42 1 96 44 60 57 15 2 78 65 88 63 52 34 66 93 49 91 36 28 8 20 85 70 39 22 67 9 12 35 23 99 76 53 30 62 4 98 69 41 50 46 43 40 95 80 48 18 89 90 45 73 56 7 14 21 72 79 0 87 58 59 16 51 54 11 19 77 71 27 97 92 31 74 37 32 68 81 17 29 26 3 10 38 
TEST 176 ARG:11 77 98 67 14 34 24 13 59 96 25 7 63 82 6 47 54 39 48 66 83 38 86 80 2 78 53 58 89 94 75 16 74 3 19 0 8 73 91 52 61 81 99 12 93 50 88 49 21 10 29 64 56 36 51 57 30 40 41 1 69 71 55 62 79 65 46 15 23 60 43 45 76 5 18 28 95 20 92 32 17 68 4 33 26 44 85 90 72 31 35 27 42 84 97 70 9 37 87 22 
TEST 177 ARG:4 67 3 31 90 6 23 26 15 37 42 47 44 65 96 33 28 99 30 73 48 75 51 89 17 78 83 97 62 98 87 76 93 88 2 43 1 22 60 41 79 35 91 74 13 72 18 63 81 29 36 70 14 0 40 61 59 53 71 94 5 16 45 21 32 86 80 46 57 84 54 58 12 25 24 9 95 92 27 56 11 55 68 77 39 52 8 20 66 38 82 19 7 50 85 49 34 10 64 69 
TEST 178 ARG:53 45 7 38 84 47 58 43 17 49 98 73 15 71 11 61 37 4 39 94 70 74 90 46 72 67 40 18 65 88 80 32 69 36 75 82 60 30 66 29 92 34 3 6 35 27 93 99 42 83 24 2 81 44 89 76 54 25 96 87 9 91 56 8 59 64 31 50 21 95 33 0 19 85 28 79 63 13 12 77 22 57 51 14 20 68 48 78 86 10 97 41 55 62 26 52 5 23 16 1 
TEST 179 ARG:31 7 82 91 57 14 62 45 24 84 97 16 26 71 94 90 64 1 19 72 98 53 69 42 43 28 17 38 37 3 80 41 22 50 12 65 52 66 87 99 76 92 0 15 6 39 33 56 4 68 51 59 79 48 78 13 86 55 9 32 85 44 27 11 96 46 77 34 49 61 5 8 81 10 83 67 89 60 70 73 18 40 74 30 2 29 35 75 21 88 23 47 58 93 54 20 25 36 63 95 
TEST 180 ARG:92 76 82 41 4 22 55 26 25 46 8 15 73 47 65 60 83 2 20 99 1 21 17 30 5 23 36 27 78 28 58 72 67 79 61 91 6 40 63 19 84 51 3 11 66 89 85 9 18 53 96 75 77 10 93 12 81 69 39 0 33 24 14 49 48 57 95 50 97 45 90 7 98 74 31 86 64 62 71 16 88 38 68 13 94 44 54 80 35 43 52 34 37 87 29 70 59 56 32 42 
TEST 181 ARG:13 87 32 11 91 23 68 80 79 38 61 58 85 62 45 67 3 20 15 36 10 40 37 41 74 69 43 16 18 56 92 73 60 54 26 51 86 14 44 94 65 6 30 34 2 84 31 52 49 99 76 72 19 50 82 25 39 59 75 42 98 95 22 83 90 66 8 24 97 88 77 70 78 81 47 35 71 53 4 7 33 9 89 1 29 27 5 46 17 63 93 0 64 48 28 12 21 57 96 55 
TEST 182 ARG:84 70 54 75 12 80 33 91 28 0 30 96 43 1 49 64 20 98 87 38 14 55 93 94 44 42 22 86 50 11 60 78 66 51 5 76 40 15 25 71 90 77 85 45 46 31 19 34 2 39 29 59 6 83 13 95 3 63 23 4 32 21 65 53 9 97 41 68 88 26 57 35 79 56 37 81 10 73 7 18 99 48 72 74 67 92 8 27 62 36 17 89 24 16 52 58 61 82 69 47 
TEST 183 ARG:56 45 49 50 11 92 47 85 37 19 26 28 5 8 83 79 94 87 43 18 24 73 6 93 4 67 22 98 60 95 20 38 55 13 54 0 33 80 75 70 63 65 71 72 32 84 25 34 23 7 29 88 36 31 58 30 16 90 62 46 81 99 41 61 91 76 35 21 57 97 12 52 2 9 68 1 64 59 53 10 14 78 39 86 74 89 15 51 77 96 69 42 82 40 66 17 44 3 48 27 
TEST 184 ARG:8 16 31 42 98 74 10 3 1 73 44 35 56 86 60 49 17 88 20 12 78 62 25 18 51 72 37 91 11 4 48 9 70 92 75 23 77 47 30 34 76 67 66 32 40 65 63 6 22 64 89 85 79 84 41 68 19 28 80 50 21 83 36 82 33 0 71 59 94 13 93 52 95 54 81 46 87 43 99 7 90 45 24 96 38 61 53 2 29 97 15 26 57 5 14 39 55 69 27 58 
TEST 185 ARG:70 40 50 62 22 18 94 49 2 71 11 27 82 43 79 14 20 95 29 63 5 54 31 48 66 28 16 65 15 55 60 72 39 61 77 69 88 1 59 17 85 83 86 44 19 75 37 51 34 98 53 21 3 81 46 76 87 78 74 35 56 99 47 90 32 13 57 8 91 12 0 25 45 4 84 38 41 52 80 36 64 97 73 33 68 10 7 58 6 67 42 96 23 92 24 30 93 9 89 26 
TEST 186 ARG:42 2 24 86 87 82 9 27 89 0 45 30 69 67 80 5 95 78 52 99 15 13 25 38 6 90 60 20 85 65 83 50 88 36 70 49 12 66 91 72 79 7 14 64 3 17 51 33 11 77 4 47 57 71 97 94 48 8 58 26 53 73 16 41 44 68 23 74 62 54 75 76 61 81 92 37 56 93 43 59 39 34 22 29 46 32 21 84 35 28 18 31 19 96 55 40 10 1 98 63 
TEST 187 ARG:17 99 45 23 33 82 44 90 7 85 65 79 50 20 77 29 35 91 24 97 37 16 0 58 95 14 84 68 46 78 98 34 96 81 18 12 75 72 22 83 41 13 87 69 25 60 4 64 26 31 54 30 2 10 92 51 3 89 38 73 49 88 63 55 42 1 48 71 9 74 67 11 15 36 21 53 39 57 8 32 40 5 94 93 19 47 76 66 86 43 28 27 6 80 59 56 70 52 61 62 
TEST 188 ARG:44 48 63 9 36 39 21 93 41 58 46 81 0 19 15 14 73 33 1 12 95 70 11 74 59 80 94 57 10 87 84 96 28 27 3 13 52 38 26 4 68 17 92 6 76 86 31 64 35 61 43 89 91 82 62 50 47 77 56 60 42 67 71 78 23 34 24 83 90 49 16 5 8 66 69 85 29 75 72 79 22 7 88 20 54 25 2 18 40 53 30 37 65 55 45 32 99 97 51 98 
TEST 189 ARG:29 71 95 8 47 88 14 64 79 35 24 46 90 58 70 32 31 85 3 50 80 51 87 7 22 59 98 57 81 17 11 68 49 10 33 72 21 38 20 19 61 63 92 40 82 99 9 37 25 41 83 55 18 56 23 13 97 65 5 54 48 2 73 77 84 93 6 39 67 16 86 78 62 45 36 12 28 44 96 53 26 43 30 89 34 74 66 69 91 4 1 27 42 0 76 75 60 94 15 52 
TEST 190 ARG:78 1 16 20 63 90 80 99 75 50 39 4 84 41 52 49 30 62 36 8 11 9 44 48 19 23 85 97 96 93 51 7 74 94 42 60 35 3 27 18 71 53 12 86 55 40 17 61 91 38 22 2 70 43 92 79 77 33 28 56 24 87 58 66 34 57 29 47 54 65 89 46 69 31 64 59 0 88 76 25 95 32 68 82 13 37 45 10 26 81 14 83 6 73 98 5 67 21 15 72 
TEST 191 ARG:3 24 41 83 33 13 92 5 42 29 57 66 85 25 20 32 39 31 17 67 10 6 50 2 86 40 11 80 99 90 65 63 76 9 73 87 56 60 64 44 55 36 81 51 74 94 8 34 97 89 21 22 70 49 1 78 35 38 72 84 7 61 12 18 47 75 91 14 45 4 77 82 0 98 30 88 79 93 69 52 71 59 26 53 46 15 19 28 95 96 58 37 43 54 62 48 68 23 27 16 
TEST 192 ARG:15 6 69 12 31 52 7 97 17 10 30 67 68 9 60 96 91 75 41 39 70 35 66 22 8 57 46 36 53 14 11 47 37 95 98 28 48 49 33 1 42 43 32 56 55 65 5 26 86 61 63 73 40 78 59 3 92 25 58 93 76 13 82 29 24 77 18 20 72 64 90 51 79 83 99 38 94 19 45 85 74 89 23 71 80 88 50 84 0 27 87 34 62 44 54 21 81 2 4 16 
TEST 193 ARG:70 61 99 75 49 6 14 43 83 19 65 0 41 42 45 93 53 40 25 29 80 78 91 10 71 60 84 62 68 24 98 4 34 26 35 36 94 87 82 97 13 46 90 67 5 20 16 81 74 66 9 3 18 95 38 69 48 47 58 54 15 17 52 11 63 55 32 22 73 8 72 59 33 50 37 56 12 1 21 88 27 89 7 85 51 76 39 44 96 92 77 28 64 79 23 2 57 86 30 31 
TEST 194 ARG:35 58 17 19 16 46 76 72 2 36 90 93 97 7 41 61 6 32 53 54 50 3 22 89 34 51 75 40 33 8 67 24 39 95 0 74 49 81 78 59 85 26 79 42 99 91 65 92 1 60 66 37 70 73 25 5 45 30 80 23 47 31 27 29 11 48 77 10 82 69 9 55 14 18 96 57 63 71 98 15 38 13 56 62 94 43 84 4 64 87 28 52 44 86 68 12 20 88 83 21 
TEST 195 ARG:53 76 95 74 71 56 40 55 33 96 86 68 35 8 73 27 78 72 90 26 84 91 46 41 44 23 66 51 45 70 83 87 88 42 20 54 63 30 4 19 11 9 6 69 58 38 97 17 77 48 16 75 14 50 57 37 12 39 61 5 49 62 47 15 18 29 31 60 98 85 81 3 13 94 21 80 22 59 79 43 10 24 52 36 64 1 65 32 67 0 34 89 25 82 92 7 93 28 99 2 
TEST 196 ARG:87 96 56 82 12 78 8 88 32 40 2 9 35 93 27 25 47 10 36 14 81 90 37 34 99 13 71 94 97 92 86 6 65 80 76 70 31 61 1 48 75 33 43 58 91 7 77 30 28 69 39 15 64 49 19 4 79 44 55 22 50 24 46 52 67 21 60 68 0 26 16 54 20 63 59 62 66 85 23 84 73 5 45 51 38 29 74 83 89 41 72 95 57 17 53 18 3 42 11 98 
TEST 197 ARG:83 13 99 0 72 76 39 34 52 2 78 19 65 33 8 51 29 73 95 69 63 50 4 41 32 27 48 79 81 87 6 44 67 1 86 66 46 14 26 91 30 47 57 54 49 98 90 31 88 80 40 96 62 35 60 38 23 55 97 71 24 12 85 74 20 70 92 58 21 93 10 82 94 11 53 16 45 68 36 17 61 18 3 43 59 84 64 25 5 15 28 75 37 9 7 22 56 89 42 77 
TEST 198 ARG:58 68 48 70 78 31 18 69 96 85 99 93 47 40 74 91 12 20 79 10 45 26 72 2 90 15 46 14 49 17 41 87 28 38 62 73 95 11 86 19 42 44 77 7 56 5 29 27 66 55 43 54 35 53 81 37 51 6 0 34 98 22 97 33 88 61 59 92 4 94 32 84 80 65 89 67 1 71 25 30 52 57 75 76 8 24 9 82 64 39 60 36 16 63 3 23 50 21 13 83 
TEST 199 ARG:24 72 63 0 37 31 87 52 81 18 48 19 86 74 1 36 14 56 6 43 39 28 76 2 57 5 59 51 11 47 44 92 16 35 3 41 64 15 84 83 90 34 54 17 66 21 50 79 7 68 22 49 99 78 20 94 4 70 98 40 73 61 77 27 55 85 53 42 25 29 33 82 9 62 60 71 91 13 93 32 58 96 97 23 69 8 67 80 89 88 30 46 75 38 12 95 45 10 65 26 
TEST 200 ARG:63 54 79 35 74 21 3 40 67 28 2 65 55 89 62 30 52 92 18 60 7 82 80 90 51 53 25 68 8 57 45 86 29 96 94 10 75 50 97 9 32 83 47 69 59 77 11 95 36 48 99 91 31 64 16 4 37 84 41 44 1 19 6 93 49 33 56 15 26 34 70 61 20 22 73 46 85 98 88 27 23 13 39 76 5 42 66 24 81 38 72 14 17 43 12 78 0 87 58 71 
TEST 201 ARG:72 10 23 57 85 48 36 5 91 99 13 52 25 66 4 69 95 33 1 37 30 38 97 47 79 17 58 31 87 35 34 6 45 89 59 63 78 26 51 7 46 71 64 77 15 20 92 80 65 94 62 8 32 60 0 50 70 39 42 53 43 76 49 44 21 73 98 67 24 27 81 28 16 12 19 68 96 93 54 55 74 83 2 14 88 41 29 11 40 90 22 84 61 86 3 18 75 82 56 9 
Multiple size <= 500
TEST 1 ARG:-15 -132 -46 -32 203 -135 -107 25 -64 40 -169 163 -183 131 68 97 99 -39 -93 -6 199 234 240 -233 -184 114 211 96 -71 -77 -185 -134 135 -130 168 -88 49 62 -149 26 159 54 167 126 243 -241 22 -91 -55 -102 -203 -26 -208 6 207 137 -195 -124 232 195 -117 -113 -75 -206 -82 -242 202 -131 -86 169 191 -127 -172 -217 69 -143 67 161 157 -36 118 -41 -25 -181 7 24 -49 142 74 149 193 178 132 246 -3 -133 -227 228 213 79 -148 164 -141 -47 241 175 -126 -204 47 -43 222 -10 39 -89 51 -120 -198 -109 -12 12 83 29 -22 -31 -92 134 5 -68 -211 34 215 -214 124 249 -20 -114 104 61 -84 224 -180 -98 57 -105 -50 -121 -24 -42 2 136 -58 -79 216 52 21 1 73 35 -190 -238 91 115 138 -54 -51 227 -179 -87 14 -213 209 -207 -215 89 -8 -118 208 102 -57 -170 13 201 -28 -66 55 130 231 -115 -29 189 -53 140 121 72 127 -248 46 -220 117 -44 -191 -212 59 -167 197 -81 -228 244 16 42 80 -63 -116 -56 27 -69 8 -237 41 -101 -155 -59 -245 -160 -16 146 -52 -128 70 -218 248 153 -100 -192 -30 181 60 -173 129 176 -247 20 -189 33 86 -174 122 123 84 151 88 145 192 43 239 -104 -80 -210 -112 -152 -136 56 -5 -139 -201 188 147 206 -158 -163 204 -27 -13 -74 78 113 -231 233 106 37 -45 214 -165 -73 150 133 36 -37 226 -186 -72 -111 53 -244 -145 -9 -122 194 -78 -187 -178 11 -125 -197 229 -168 95 -246 -33 110 -38 -147 -108 -202 185 156 -166 -219 15 -164 65 210 141 -232 23 219 -239 162 -144 -153 -138 155 -99 112 218 -40 170 -182 -249 -175 158 180 183 77 -159 3 -188 -85 45 -19 152 221 -67 205 -140 -150 -65 -200 -35 93 -2 -4 125 -48 235 -119 100 237 -226 94 76 44 48 148 -176 225 223 109 -76 179 -221 190 58 81 245 198 4 -106 184 50 28 101 -156 111 -103 -137 87 -177 -110 174 -151 230 -205 -224 200 71 98 -235 -97 92 -96 -23 -14 -234 -62 -196 -236 -193 -123 -60 -1 107 108 38 -94 85 -154 -222 -229 103 196 -21 217 172 63 -61 -11 10 166 0 -157 -90 -225 75 -18 -146 236 139 186 247 187 64 -199 90 -162 173 -7 -34 242 30 238 -161 -223 9 -250 -17 120 160 66 17 -216 144 32 119 128 -142 177 -83 31 182 19 -230 -240 154 -129 212 -95 220 -243 116 -194 -171 105 143 165 -209 18 82 -70 171 
TEST 2 ARG:163 -210 68 -19 -10 223 174 203 209 132 214 29 -211 -163 -18 -5 -149 -214 -23 -198 165 242 -143 -120 -21 -38 -115 -191 -137 -103 18 -79 63 166 232 87 161 -108 218 -151 4 127 -28 8 -241 -67 113 -234 -100 64 -14 -199 15 17 -64 58 -164 -83 143 186 -74 -98 -50 19 27 -53 -57 241 -237 59 -37 -26 -221 11 105 -176 -68 -84 57 -168 184 148 -139 -20 -22 16 191 -159 142 -187 -60 39 -184 -169 -130 176 204 229 -114 -205 201 74 85 144 -202 -119 188 71 169 235 90 189 10 194 -107 213 -125 150 62 -183 54 234 -106 195 129 40 -34 -40 -216 47 121 101 245 120 198 112 115 65 159 207 41 -91 -141 -112 185 88 154 -219 67 -174 -85 -190 48 -209 187 222 23 97 212 137 -136 -218 95 61 -127 -247 157 151 14 -215 -35 217 -1 160 -46 131 5 114 173 -233 111 -175 149 -96 -61 -89 -144 -94 -132 102 73 55 -165 -118 100 -71 -80 24 -82 249 -75 -192 -101 240 -154 -52 -49 122 172 196 -113 238 -33 -72 78 109 -180 70 -133 116 158 -78 182 -54 -150 -45 227 -245 -162 93 -99 -201 210 -116 -249 -123 248 171 -179 -138 108 170 -153 103 -36 -250 -9 168 -15 -231 -186 3 -239 -229 -65 99 -109 164 -29 -230 -39 237 -195 239 231 50 156 -12 136 -110 -135 135 205 197 228 -152 75 -77 -244 183 -27 221 215 -13 247 -47 128 -105 -95 -236 -217 177 -42 146 -76 130 -134 82 -248 -189 -142 -129 -243 25 -238 -222 2 139 -69 -90 -11 84 124 206 30 -173 22 -31 -185 243 79 -226 35 66 6 -3 -66 94 81 37 -197 153 -62 211 9 83 -102 -207 -213 36 -146 -196 -155 -206 -55 -194 -193 13 49 -7 -111 119 52 244 181 -97 33 -117 167 134 42 -157 -88 -24 -147 155 -177 -228 12 32 220 72 145 26 202 -140 104 199 -104 -63 -145 -16 -178 -208 45 147 -188 -44 125 -6 162 -160 175 -86 141 -124 -56 -43 -225 107 -224 236 -240 219 233 -4 28 51 -204 -171 224 -59 140 246 80 208 -73 -158 -161 226 -93 -182 86 20 -70 -8 -203 -81 91 -30 -156 53 -246 200 -131 126 43 -148 -172 192 138 60 77 193 216 98 -166 -220 -126 110 -51 -232 7 34 -200 76 -167 225 -92 46 -32 178 -121 179 -212 -223 -170 -41 21 -242 44 56 230 1 123 -87 -181 117 38 92 -128 31 152 190 -122 106 -235 69 89 0 -227 133 118 -58 -17 -25 180 -2 96 -48 
TEST 3 ARG:78 189 206 119 -39 145 160 -125 137 242 -249 -87 40 192 90 -93 -184 -101 -185 77 83 81 233 -171 -116 -215 -119 14 -10 -142 -70 -239 -180 -30 26 -42 98 -156 -7 188 -110 218 161 -92 217 166 -20 -176 68 95 -14 126 -9 55 -191 -214 -129 113 -137 209 58 15 104 4 225 226 204 135 182 184 -41 201 175 -242 -128 -108 -246 212 -245 122 -52 -99 -66 84 -76 -43 -27 8 185 63 -178 -164 190 128 -63 65 -152 -229 -199 -195 -235 -160 172 -59 170 193 -146 -155 179 -123 93 168 232 -220 132 149 203 150 -213 164 -4 152 -95 -54 -18 10 6 -44 -169 -179 227 -139 -31 -194 118 223 111 -47 241 -143 -136 87 -241 -223 247 -226 173 -225 85 89 38 -140 194 -12 239 -121 -233 215 60 110 -193 -111 92 -126 9 155 -51 -230 13 198 -181 114 200 -6 240 -228 230 -114 -46 -165 123 174 30 162 -205 148 -133 -16 -37 -25 -36 -175 -2 147 31 57 64 -71 208 228 -161 180 59 153 140 -211 -207 80 -162 -153 75 -157 53 -8 41 -248 82 -232 73 -131 -115 229 -237 -73 -203 195 42 -77 -64 -183 -224 7 151 -117 -130 207 96 -174 -166 28 86 -124 -244 101 187 -210 -35 -32 143 159 -100 158 -219 -234 -29 -69 115 -48 -186 52 -122 46 171 36 146 108 -150 -106 167 -138 216 191 -104 -172 21 -15 235 -144 213 -247 -159 -200 -86 -231 -80 196 -94 24 -78 -83 56 224 -11 -28 -89 236 -45 -149 -170 -60 -208 -84 -163 176 248 -240 -82 -198 154 -24 -135 61 -26 -49 133 221 -38 219 -65 -188 246 116 27 -62 32 220 37 -61 44 -53 -217 -202 49 249 -201 -5 -227 -158 66 -34 -173 -91 157 43 -33 222 -21 -218 103 2 106 244 142 -112 -75 -17 -167 -190 5 12 62 -23 -187 51 76 205 34 -197 -96 -238 -189 134 50 20 79 -168 70 178 183 -88 156 177 238 -148 144 -212 47 169 -90 129 109 -40 -72 -57 -68 -113 71 -204 -22 -118 139 -151 121 245 -196 -250 35 127 105 -222 -147 97 29 136 243 211 231 -107 -74 -182 107 -19 45 197 -132 99 19 -206 74 199 -58 69 -177 -55 186 130 -236 -127 210 33 -97 -98 -109 18 -3 100 94 102 25 163 -13 112 165 72 -120 16 -243 214 39 3 125 23 141 88 -216 237 -145 -141 131 -85 91 -103 124 67 -192 138 -81 120 -50 22 -56 234 -102 -67 17 -154 54 -105 -221 202 -134 117 -1 -79 48 11 1 -209 0 181 
TEST 4 ARG:163 -12 51 -125 -31 -54 -224 -245 170 236 -136 -47 -131 218 73 120 -137 -107 -91 -14 -198 125 -66 153 -10 -21 159 -56 -114 -233 191 232 3 181 176 96 -247 -226 65 -70 -24 168 52 -181 -29 148 -166 29 212 5 185 240 -197 230 -184 197 246 -117 -161 -32 -28 101 135 -109 140 -168 0 188 -134 -213 -190 -163 -73 -170 -58 131 -104 -183 -67 -87 -122 -49 -143 37 124 228 155 23 -147 58 -63 -105 -173 26 77 -112 -101 -235 40 -164 -146 122 49 75 25 175 -185 -18 -2 214 105 -236 165 123 -48 220 -148 24 -225 -46 -79 -208 162 -219 19 87 -76 -89 82 -182 85 -244 -110 -138 202 -132 -209 -99 -3 160 -98 34 -94 -238 233 27 -162 78 32 -92 247 -20 -142 217 186 -82 88 -57 172 -80 245 -124 149 11 -39 -167 227 -25 -22 95 -237 -119 50 102 -77 130 -113 -118 141 109 98 144 59 -155 164 169 193 210 41 -59 180 -38 -127 4 231 -43 208 70 -214 9 76 -207 -227 -85 89 1 201 -159 -90 -176 167 -139 -177 -165 -36 111 45 225 -52 129 -62 121 -172 35 -13 -129 139 -215 -34 -37 203 133 216 161 -1 204 137 -17 14 213 157 30 -8 -128 -174 146 119 222 12 -218 46 187 69 -151 48 -158 115 154 54 -55 -153 192 -150 138 -135 -189 -53 -103 249 -78 18 93 182 -234 83 -206 97 -250 100 -202 -6 118 152 196 106 -195 21 -223 66 207 110 223 103 132 104 -108 -211 -194 -27 205 47 -204 184 -84 22 -216 -175 -243 -41 -33 198 -4 -81 2 -15 143 60 -242 84 -133 -154 91 126 -232 20 -210 200 -7 -160 -75 -140 -200 -69 -169 -68 -149 53 219 -61 107 150 156 -186 242 -42 -96 80 55 243 226 235 -191 -11 -171 -23 117 211 -102 128 62 -152 64 238 94 31 -126 -115 -178 -111 39 -5 38 -44 67 -65 -217 -93 -51 194 -157 -144 173 -248 -60 7 -241 171 -193 -203 -95 16 -246 -16 237 -231 -156 33 68 234 -50 -97 15 215 224 43 90 28 -249 -180 206 221 -199 127 151 195 13 -201 199 -121 -130 114 -26 -100 72 -205 142 10 -88 -228 -72 92 99 113 86 229 209 174 179 166 42 134 -74 147 56 -64 -212 57 -86 -188 8 136 -221 -45 190 177 -179 36 189 -123 79 63 -120 71 -229 -196 178 -222 145 112 158 -192 -71 -220 74 108 -35 116 17 61 -187 -9 183 248 -30 81 6 -141 -239 -116 -83 44 244 241 239 -40 -230 -240 -145 -19 -106 
TEST 5 ARG:-33 -203 17 145 -24 -138 -38 60 -47 -207 0 159 216 -72 -10 -19 -119 -164 -133 -124 -216 -222 -68 20 -139 102 230 -172 19 3 139 221 101 247 225 -26 192 203 56 132 85 -144 211 67 165 -121 -246 197 217 55 71 237 223 -235 162 -6 -167 -198 -160 154 -211 -2 78 -177 164 -178 -64 -115 -158 -159 -199 -213 -249 -94 108 -61 -22 113 150 -220 72 -41 76 42 -221 107 207 -128 -92 -17 -4 9 -40 124 -25 116 -209 87 -3 -99 24 169 -212 -122 103 -81 -91 73 10 -57 54 91 -234 6 62 39 46 69 -135 166 61 -200 49 -243 -18 58 -142 28 -109 -192 198 -136 183 -176 238 -100 -30 -21 -9 215 -248 176 -169 157 -111 -69 4 -71 231 202 -245 -129 -154 7 25 80 -56 44 -77 40 -206 -232 38 -90 -205 -189 -98 184 100 26 -120 -37 -7 -65 -166 86 -107 -55 -219 27 115 -67 -174 -63 -218 128 -106 12 -170 -62 147 200 -123 196 105 118 229 -13 45 233 127 18 -59 201 -155 -74 -183 206 228 -118 -161 -150 29 -242 120 170 -229 -156 136 95 -31 66 -43 63 -104 89 -16 -101 -148 188 -15 181 241 -134 205 -28 110 -147 171 143 -113 112 246 -237 236 137 125 36 -51 -165 -226 -36 244 -185 193 -228 -49 -236 2 214 235 83 -127 -39 -60 -75 122 -130 -12 168 -208 -179 -195 227 -84 -197 -117 -163 -227 -224 -110 -54 -152 -146 -186 140 -82 232 -45 106 -5 114 -191 13 -42 121 158 156 -88 -137 123 191 117 -76 43 220 74 -48 -29 -112 50 -80 -8 -93 222 96 173 48 -126 -241 -78 -131 226 -50 -89 240 142 -240 -149 -103 163 195 81 234 23 144 -86 70 51 88 -214 -190 94 -53 -14 -143 -193 57 37 47 135 14 199 -79 190 93 -145 -210 130 -114 -247 -95 -116 148 -233 210 68 172 11 32 146 -96 174 -244 -32 -180 15 243 -73 155 131 92 180 -204 59 111 126 -87 -46 -223 152 -238 -181 -182 -85 -58 189 -11 109 -215 239 41 -35 161 194 149 209 129 97 119 84 133 151 -125 -70 -217 64 90 249 53 -83 -194 -132 -151 204 -175 22 212 245 16 218 182 248 33 -27 99 186 -44 -230 77 31 -141 -250 8 185 138 134 178 5 -108 -52 224 -173 208 -188 -196 -202 -1 30 21 -105 177 -97 -239 187 -157 -23 -34 -153 242 -66 35 79 -187 1 -201 75 -225 65 167 104 82 -162 -168 153 213 219 -231 -140 -102 -184 98 52 -20 179 -171 34 160 141 175 
TEST 6 ARG:215 -191 -145 -102 25 79 38 -138 -179 -209 -46 68 202 67 -156 163 207 6 17 64 124 19 -160 123 -40 -225 234 160 161 -26 -107 -67 -88 -236 130 113 -48 236 203 224 81 -217 -105 -66 190 -227 -7 -59 87 83 -171 -99 -155 71 -3 37 -113 180 -119 -100 179 -19 208 95 -103 73 157 -240 47 -218 -245 -204 -244 -80 -163 45 195 -130 -148 -214 66 209 -207 -79 112 -250 -188 -57 -168 33 142 -110 28 -27 -44 -13 -183 70 -128 -83 13 -28 -199 -167 -185 188 240 183 -202 14 -243 -95 -216 -215 -223 -17 -164 59 102 164 -193 165 40 23 85 43 213 166 186 22 -38 111 220 -116 -198 -124 89 77 53 225 -11 147 -53 78 103 -64 217 -158 84 210 194 -16 -127 140 204 -35 145 -120 -126 173 243 48 176 -63 245 -114 -221 16 -165 218 -210 -189 162 -84 -229 129 -143 100 -61 -137 191 107 175 60 20 148 -92 61 -23 116 96 222 31 -90 -146 -74 196 169 -37 50 246 -71 -52 36 -32 -151 237 -41 125 -56 -25 -205 153 229 141 21 -139 -135 223 231 -50 -108 -142 -159 144 -149 -6 -241 -234 97 93 86 -18 -147 -122 -140 -4 104 177 110 -89 127 7 117 -187 -153 11 27 -85 119 -42 82 -213 -15 -70 -200 -1 -238 216 29 80 -118 -82 -141 131 239 106 -121 -211 -194 137 -65 -62 -117 -206 12 -228 24 -197 -93 139 -20 226 -29 150 2 -196 -132 -242 178 247 122 168 -129 146 -249 249 -133 235 -184 138 -173 -10 198 -31 -36 4 -208 187 -157 41 219 74 -30 10 174 -77 118 -49 -97 170 -174 -24 200 -33 42 121 -237 184 -72 39 149 -101 135 212 192 -136 233 -5 -76 158 -104 54 -201 -192 72 63 181 -150 109 26 211 -180 76 34 -172 -190 -96 199 -166 193 171 3 -43 205 227 -161 -109 114 -54 56 -14 -226 75 -58 -232 156 62 -247 132 128 -94 -39 241 5 8 -186 -45 -144 44 -177 -178 -176 154 126 -60 -47 -195 -111 242 69 248 201 -220 -222 57 -21 -246 94 -87 15 134 30 52 35 -86 -239 151 -175 214 -212 185 98 -230 143 -51 51 58 -162 65 -134 -8 197 -115 55 0 -69 -235 -125 -152 -203 101 105 -131 -22 -55 167 1 -91 -34 228 230 -231 88 91 18 -170 46 9 99 -12 -98 155 92 -78 -169 -73 232 49 -181 -2 136 -75 -233 -182 120 152 189 -219 -68 244 -9 -112 -123 108 172 -81 -154 159 115 221 182 238 -248 206 133 32 -224 -106 90 
TEST 7 ARG:-195 -17 78 55 120 150 50 108 68 102 205 141 154 -110 -26 211 -33 -122 -13 115 -125 230 -179 28 -108 -39 -203 91 90 31 -199 67 -83 -28 -64 149 -1 220 -212 -60 -135 -240 179 185 177 183 -186 -118 94 2 -29 194 25 -36 -120 80 -208 122 71 138 -94 236 5 98 -77 155 161 -30 224 175 202 -98 117 131 -127 -230 157 11 15 -58 214 -8 -159 -185 -46 -14 226 -79 -157 14 59 -236 85 -69 200 231 198 -141 112 -150 -95 93 134 42 215 119 213 182 -63 6 -74 113 81 -155 51 136 -107 246 151 66 217 -72 -129 127 -218 159 -105 -216 -54 125 32 -210 -55 162 172 36 -73 38 100 116 84 241 181 143 -206 -153 243 -133 168 -99 -97 72 -151 242 75 -146 -116 218 212 39 114 -215 -233 -176 -177 -101 -239 145 56 -169 -191 -113 219 -25 79 199 33 20 192 249 53 -132 178 -67 -250 62 -238 -214 -138 -134 -84 -114 -170 147 0 -20 -51 229 -167 167 -37 135 222 -202 -38 -164 -103 -160 103 -57 -183 -168 10 -182 -137 24 -126 8 -62 -21 -223 19 -139 221 60 -56 49 -6 133 -100 -91 -93 99 57 -41 18 -49 184 76 45 130 -234 203 105 -86 107 -147 4 164 -249 101 16 -188 54 70 -224 -231 206 97 -123 -193 228 -161 248 -162 137 64 12 -43 -190 -50 -197 -209 176 -23 190 -196 -35 126 40 104 160 208 -106 132 -246 -96 -81 -207 -143 -68 -40 197 187 63 89 -156 -142 238 140 -242 139 -70 173 48 -174 106 -204 165 77 -45 111 244 156 166 210 -244 -3 -149 -221 -180 -48 95 13 -82 170 96 22 -76 -232 29 -158 35 -27 17 -173 -16 9 -235 -229 86 -92 227 -201 -247 -88 69 -131 -184 245 44 158 142 -66 27 61 -219 -112 88 153 207 -213 87 110 209 144 148 -241 3 -248 43 -42 -187 195 -71 -205 -12 -90 -243 247 -165 -7 -11 -87 -24 -181 -220 73 -15 237 65 146 233 -140 46 -166 -148 -152 26 -175 -154 216 169 21 -228 -115 -32 -119 -52 -237 -78 121 -124 -59 83 -109 186 204 58 47 -2 171 92 -171 -227 -121 -245 -44 -9 -144 -178 52 129 240 -104 -200 -80 -61 -189 -53 37 -5 -198 34 -85 -226 -130 -75 225 123 124 234 -19 30 -10 -18 201 82 -217 7 191 235 -31 232 163 -192 -128 -47 128 239 41 196 23 -89 -172 -102 152 -194 189 180 118 -145 -163 193 -225 74 -4 -136 109 188 -117 -222 -34 -65 -211 -22 1 223 -111 174 
TEST 8 ARG:-248 -25 107 35 -216 -122 227 -36 4 197 -158 -42 -57 214 -63 -200 61 115 174 -151 13 -120 -226 -227 103 -76 43 -58 161 -55 -45 -87 27 165 189 217 169 144 139 -233 248 -150 44 -109 -212 -193 -173 -38 232 178 -177 -82 105 99 -20 -106 188 8 -16 -72 7 215 -223 229 180 -232 121 -164 179 -81 47 128 181 246 73 -7 -228 150 145 -163 245 223 225 122 -33 212 -168 -101 -110 -44 -26 203 228 101 -146 -138 213 -235 -176 -17 201 32 -214 96 -230 142 -98 141 -247 -240 -135 -70 -103 34 120 90 237 224 50 30 95 218 -31 -154 22 -218 -140 -229 16 -152 -161 -203 202 -181 81 102 -119 18 -43 85 124 109 -69 3 -4 33 -8 190 -13 -249 71 -14 -143 -202 -51 -130 89 28 -95 -99 -222 -28 -114 46 220 208 -46 -159 -239 -1 147 -112 -53 -244 -80 113 104 -129 -213 236 40 67 -19 93 -246 -205 41 -117 -79 209 194 -201 -60 -171 63 9 -197 -12 -18 176 -105 152 -186 72 -241 97 108 -234 191 -116 -165 51 -144 -209 76 -167 21 -184 -174 -47 233 48 226 168 86 199 -93 172 151 -11 -136 49 -142 -127 -198 -125 219 249 230 77 -185 -2 118 17 20 36 186 -179 100 173 38 -128 235 -89 -30 -210 -83 182 -137 -86 156 -91 -29 138 239 -3 0 -183 154 160 -199 65 -132 -56 52 158 15 238 23 210 -236 149 -27 -149 -190 -131 -189 -67 119 177 175 163 -88 126 56 14 -23 -62 42 -32 10 -133 -191 207 87 -169 24 -219 -237 -65 130 59 83 106 -204 -5 -220 74 -15 133 -94 162 -96 234 -77 159 125 -217 26 -157 -118 -172 -59 -123 -242 19 242 131 243 183 -40 -97 80 -156 -92 244 -141 127 64 2 57 136 -215 -75 -196 140 204 91 -111 -90 -41 -195 29 62 -175 -68 -225 -66 231 221 94 -113 -73 198 -208 -148 129 39 -102 -160 222 45 211 148 -84 -115 -52 192 241 82 1 -9 -134 -121 146 111 -238 184 88 60 98 -71 -37 -250 -166 -187 -104 155 -194 -24 -182 53 171 110 68 -192 -21 -78 -211 25 55 -224 -231 -245 196 -178 -155 -147 -54 -49 -64 143 6 37 66 114 -243 170 5 247 -180 164 157 -206 92 185 116 -61 153 137 206 69 200 12 -108 187 132 11 123 117 54 216 240 -170 195 205 -85 -48 -145 -100 -10 70 -188 -39 -153 78 167 -22 -126 31 -107 -139 -35 -124 -6 84 -50 -34 166 -162 -74 79 134 75 135 58 193 -221 -207 112 
TEST 9 ARG:60 24 -232 188 112 123 -104 45 -42 -2 194 -102 89 -224 159 200 -68 -226 90 -29 -221 33 -34 -76 246 165 155 -245 -131 77 -164 -205 -198 -220 -147 143 46 -216 52 57 181 63 124 226 247 178 72 -9 -7 51 49 -30 -173 236 108 56 -160 205 53 -195 242 -61 -53 -217 142 243 202 17 152 -158 230 245 15 223 -152 -85 -35 -4 175 109 117 43 -84 -95 -182 182 -81 -21 -235 -249 -204 -38 -12 -136 47 137 214 -117 -71 91 131 -135 -92 98 79 -77 -212 219 126 -15 -167 40 -237 -8 28 235 99 222 157 154 -23 -161 122 -46 -157 -82 171 -177 9 203 173 6 -64 116 216 111 -20 207 -176 187 150 92 240 -225 -194 176 -227 -250 -207 -210 87 186 227 -190 -130 -112 -124 -230 -105 32 -174 127 -86 141 -122 210 -126 16 -70 29 13 48 80 238 -99 -31 -96 -67 -175 -3 4 14 206 -239 -28 96 -241 -208 -97 64 -211 -150 233 -138 118 -187 125 41 221 244 -240 -234 -51 -47 135 -172 145 -199 -129 -203 62 -193 134 -197 -32 -119 -181 -215 65 -191 0 85 -206 179 66 184 -11 44 146 -141 161 248 -140 224 -54 -132 195 119 27 237 -26 -69 18 93 -155 21 -25 2 10 -48 -13 74 -60 86 38 68 -214 204 -78 34 -121 26 138 55 -166 -134 103 -145 59 -108 170 229 1 -98 -201 -106 113 128 208 20 81 -142 -52 -27 -242 -246 -83 -120 147 -128 -185 -202 97 42 30 23 213 -183 5 -45 -41 -1 209 249 -58 -151 8 -137 149 220 212 -19 -189 228 -168 -113 -116 11 105 158 172 94 198 107 -75 168 -40 25 -196 225 -43 -50 180 -125 -22 -103 239 120 -243 31 -59 201 -248 -153 140 197 -209 84 -37 231 153 -231 36 -6 156 177 -14 -123 136 -223 133 -62 -163 22 -156 160 -133 54 -89 -154 -114 -165 -55 -39 -179 35 61 -44 -229 -233 101 -107 -100 50 167 -162 95 -200 58 73 -110 110 -111 166 70 67 75 -184 -143 104 164 -33 -80 -228 199 -188 218 -57 -16 -213 191 -139 151 -178 129 69 -101 190 185 -144 88 -66 -79 -91 -222 196 3 -74 106 -115 -127 -56 139 -148 -236 234 130 162 -118 -180 100 -149 -109 241 189 -87 -17 211 -219 7 71 -73 -244 -49 -247 193 -5 174 -65 -169 163 215 115 -18 78 -146 -94 -159 -218 -36 232 19 148 37 -186 82 -192 192 76 -10 -24 102 83 144 -170 -238 217 183 -72 12 -63 39 132 114 169 -90 121 -171 -88 -93 
TEST 10 ARG:-68 -239 -28 6 218 -26 127 207 -2 -242 247 113 -231 5 128 23 -83 146 -34 -33 -241 -234 -51 56 38 238 -228 99 21 -126 -219 190 200 -114 125 -9 26 -80 -40 186 94 -212 -145 -229 -139 -248 90 -94 -118 77 -143 -22 -196 74 15 -11 153 3 -192 231 -103 75 46 110 66 53 -106 -215 -243 -137 174 -233 -152 115 8 -47 -72 69 -160 -44 -73 -250 64 -35 -46 62 206 81 32 -125 -245 185 -116 -10 111 -232 217 17 148 -97 116 -168 -32 -58 -110 -221 181 201 -132 -191 150 31 -164 243 -56 -74 0 -16 -134 184 -230 219 140 -91 100 47 149 107 133 -100 167 -49 9 117 -122 135 -163 63 141 165 143 82 -39 211 -55 -188 136 -204 -208 -240 -63 156 -236 114 45 -197 144 220 -65 -112 121 112 160 195 19 -142 -161 4 -183 -150 244 11 -171 -147 -167 -67 -166 73 230 -42 -178 -182 92 173 -89 239 155 -96 245 192 -57 68 -127 40 -146 177 -115 97 49 67 -249 65 -15 -247 54 187 2 30 -184 -77 -50 213 -24 80 51 -165 189 -45 -71 104 95 91 188 158 163 -129 -43 152 -36 -199 -25 42 147 -20 205 159 -108 151 -158 16 36 199 194 209 -190 -162 78 39 -19 -244 139 -27 198 169 29 227 -61 137 35 -48 208 -84 235 -136 -246 212 -81 172 -180 -205 103 118 22 -62 -203 138 55 -98 223 183 -140 166 228 -5 -218 -70 129 -82 -3 -113 221 13 -176 -170 -88 168 57 154 -209 10 -131 -213 119 -87 -75 79 -92 37 -141 -1 157 229 86 -237 -14 -151 215 -76 -156 72 123 33 -59 179 -102 142 76 -217 232 106 -104 248 -179 -153 25 -4 -207 -111 101 120 -66 233 -69 -21 59 204 -18 -31 -149 58 -123 226 126 -38 -185 109 -174 170 -155 70 -54 246 242 -216 98 -214 -133 -211 -78 240 222 -224 34 -201 -7 -220 -172 -206 43 249 171 224 -101 -223 193 7 237 61 210 -17 -93 89 48 -154 130 52 -135 88 196 105 161 71 191 225 24 12 -107 124 -30 87 197 102 -79 -121 -200 96 -105 132 -186 -6 -117 84 -41 -86 162 -202 108 -189 -90 14 -53 175 236 -23 134 202 -52 182 180 -187 -177 -169 -37 -12 83 50 -195 178 -60 41 -175 93 85 -227 -95 -124 234 -120 -138 18 -13 -130 -181 241 -148 214 -226 164 -222 122 -144 -225 131 -119 -210 -198 -193 -238 -173 -85 216 -194 -159 -235 -8 20 -109 203 1 44 27 60 176 -99 145 -64 28 -128 -29 -157 
TEST 11 ARG:182 -10 26 170 127 -50 214 -240 25 -174 121 193 198 161 -247 -2 123 188 -54 165 -230 -238 -169 199 240 75 178 17 107 -229 179 28 243 118 14 -231 228 197 -65 -44 -188 233 -95 83 -101 -199 -152 100 -183 210 -205 96 -126 69 177 -164 227 -57 148 -24 -187 195 85 79 152 -47 -215 -5 6 -156 -163 112 -68 -9 242 -32 -94 -4 169 -123 -239 -29 49 61 216 -150 -111 50 -168 -59 -140 180 27 -246 -42 117 -36 12 -235 66 -178 -96 -170 -132 -182 52 -67 204 -87 -117 -19 20 181 131 -20 185 -118 -133 -248 -155 21 -233 -86 -237 -41 -7 -223 159 -119 -135 0 57 -206 101 -158 73 154 -148 11 223 -151 -204 31 -212 2 103 86 -116 4 -39 237 157 -210 -146 33 -201 -192 104 129 95 -167 3 -55 212 -23 -242 -234 -211 53 156 -147 137 -189 -51 -27 230 176 -3 -99 -165 -46 -141 -92 24 65 -144 232 -194 244 128 16 -127 -207 -121 -107 238 220 246 1 -136 194 60 -161 -112 -31 184 -176 89 -197 -228 -160 200 -56 -100 141 208 -98 -214 201 -157 43 -222 55 211 206 -18 -83 -108 222 -137 -82 203 -70 155 -45 -103 209 98 -76 160 -186 68 45 32 -202 -81 144 -190 48 -143 -125 196 163 231 -245 41 29 174 -34 -129 -63 93 -105 -180 -122 213 126 81 229 150 64 -12 82 162 94 87 115 190 19 113 -227 -71 35 -16 -113 91 -173 135 -195 -134 133 13 -93 67 58 173 -196 -91 -61 224 -106 -115 219 -175 -171 10 -25 -77 153 143 -153 -84 -159 234 108 9 -250 -185 207 -154 -198 167 151 72 205 215 -60 139 -110 38 76 -52 105 124 54 -219 -30 40 134 116 84 241 -64 -243 -37 -97 92 -162 -149 110 74 -90 175 149 189 46 109 -48 -128 51 -138 -74 -172 -139 221 183 218 -104 168 -58 39 114 202 97 164 172 122 146 -130 -89 -80 -193 -33 36 -49 71 -35 -120 235 5 -217 102 -241 -6 44 42 -208 217 248 -62 -232 -216 -88 -13 -79 18 245 166 88 -236 -14 145 37 90 -1 -221 125 171 -11 80 -244 130 -26 -73 191 -8 -181 -145 70 -203 -53 138 -109 -142 -220 119 22 -213 140 239 187 192 -78 -69 59 63 30 225 -114 -21 -191 78 -184 -200 226 132 142 -249 -22 -131 62 -85 -177 99 -124 47 15 -75 236 56 147 -226 7 -38 23 -43 158 34 77 -166 186 120 -66 -179 -17 8 -15 -225 -224 106 136 249 -40 111 -102 -28 -209 247 -218 -72 
TEST 12 ARG:-37 -17 -63 108 157 3 -235 -30 69 -25 138 15 -243 -117 94 121 -80 100 119 -134 -29 -99 -207 -66 -68 103 -228 162 -214 -236 -69 57 182 -151 110 86 91 113 129 178 205 144 185 28 249 209 -27 84 241 143 107 195 -72 219 -173 81 -41 154 222 -161 -149 -184 -150 -245 -170 -40 -204 186 149 24 59 147 -53 -36 50 47 -90 161 231 153 -47 -108 -244 -248 -247 -212 123 228 196 135 35 -114 -200 -238 -38 76 -112 -113 90 25 132 192 70 17 -131 163 20 -132 233 208 -15 117 -227 -88 207 -223 -209 -180 -154 66 -45 198 201 248 234 -178 -13 -116 170 -163 -174 -83 125 151 40 -101 4 -143 -213 179 105 -92 -22 -9 168 199 99 82 -153 88 243 245 111 -96 -89 -144 -217 116 43 -190 -16 174 -205 -197 146 -8 215 -175 -84 52 30 126 239 92 -85 22 165 13 115 197 41 -220 193 -18 -168 114 26 -137 131 140 -142 42 -71 -50 95 -14 98 67 -218 38 31 167 -128 -105 -202 187 62 -164 -79 -67 -52 106 -1 109 -146 -125 11 56 -21 166 -74 16 -241 -49 180 -33 -177 -91 -139 -138 -193 210 158 -221 -7 223 181 -230 -43 -126 -24 122 152 134 -54 87 -23 -199 80 -229 -122 32 -234 -98 -176 -162 -158 -93 7 190 -39 156 -121 74 -148 -189 124 240 -5 -140 238 96 -28 176 -206 150 -4 104 202 75 85 -208 -157 -172 -203 45 230 101 229 128 -31 172 61 18 -165 148 78 19 -102 12 60 -64 -127 -211 200 -185 220 77 142 211 247 71 1 -239 -181 -10 -159 49 212 -224 -155 -61 93 -100 14 89 46 -2 -55 -136 -20 -216 221 -182 -183 -160 133 235 -11 -225 6 236 -226 139 -44 -97 237 203 -194 -58 73 -232 -192 -104 120 227 34 204 51 -120 -109 -12 -119 -166 -35 -186 -210 -86 225 0 -152 183 55 8 -123 -156 -118 -196 184 -95 102 44 48 -3 -179 -188 191 -242 53 118 -34 -201 159 214 155 -59 -46 -187 217 21 -42 -195 58 -57 39 112 173 10 189 64 -240 -106 9 -141 83 -76 -145 27 127 33 224 29 -78 -82 -26 -167 -87 213 194 79 -110 218 -115 -222 141 216 -233 -56 242 2 -124 65 177 23 -6 164 54 -65 171 -32 5 -94 -19 244 -231 130 -198 -246 68 37 -73 -215 206 97 -135 -75 188 -107 137 145 -191 175 -133 136 226 246 -77 -70 -147 -169 -250 72 -171 -103 160 -60 -249 -237 -81 169 -111 -62 -48 36 63 -219 -51 -129 232 -130 
TEST 13 ARG:-243 -211 -43 92 -205 -241 110 -237 22 232 45 -229 -168 185 -233 241 194 33 -68 216 -63 56 -207 -181 130 18 -86 58 223 231 -184 101 -88 65 -45 -90 25 43 -204 52 -139 203 35 -37 220 -200 214 166 -84 197 -18 44 233 -177 -202 8 167 103 -120 -96 1 98 -143 190 138 155 -154 171 -8 228 64 49 -161 -157 150 -214 -158 -230 209 54 107 219 -124 -35 -121 -56 50 73 -141 -85 -3 229 208 -57 -24 14 -219 151 102 10 222 -209 116 4 -25 -82 160 127 -118 -42 -249 -108 -11 -104 123 -224 76 -151 147 215 42 106 -95 198 -225 99 -163 -169 -5 -49 -94 165 191 -114 137 36 -21 -190 188 -109 -142 -150 31 29 -92 -148 180 94 243 -203 120 183 -53 207 59 -116 -77 -16 -244 -80 176 159 -193 111 38 6 238 69 -10 135 163 -122 -232 126 -119 -238 129 -41 205 53 23 17 221 78 -20 86 161 179 20 142 -195 170 -26 -227 -247 119 -64 245 -176 -196 227 -74 -61 -13 133 -47 -162 79 2 89 -226 246 124 121 -192 -14 146 131 128 162 157 132 -55 -210 144 189 -206 -182 90 181 -59 -250 -183 -28 249 -113 97 -187 -99 -179 173 -54 11 113 195 -222 55 118 -32 -239 87 57 248 104 -107 60 -117 -138 71 -46 -242 -197 109 62 -213 39 88 182 -79 -72 105 -17 -133 -218 -51 139 -101 122 136 -83 9 -58 -146 -180 -33 7 46 -152 -93 -89 91 -164 218 -6 -111 -128 -246 -50 140 134 19 -191 -27 51 74 -144 -234 156 -110 -7 -228 41 30 -87 27 112 153 -125 237 -39 235 77 67 -65 -106 -174 -198 148 -66 -34 169 -70 -23 63 -44 -220 93 -216 172 -159 28 224 175 -127 -175 47 -221 236 210 -19 24 0 -71 -171 -76 149 202 154 -73 177 -217 -62 -236 -102 108 -166 225 -97 66 -38 -22 240 -145 -248 242 115 70 -78 48 -9 199 211 68 217 244 -186 -81 213 -36 -12 -123 16 75 -103 117 196 158 -130 -1 212 84 -231 -136 201 83 -67 186 152 -132 -31 -48 13 193 -140 187 145 -188 82 61 -167 95 -235 -15 -100 -137 -170 -147 12 141 -60 80 -172 -199 234 -194 85 -201 -115 96 81 -129 -131 174 -208 72 -29 -30 -153 100 -223 -165 -2 21 -52 125 -69 -105 114 40 -98 -160 168 -112 -4 -75 184 204 -91 32 -40 -212 3 -126 -178 206 -185 164 -134 -240 178 239 37 200 -149 -173 -215 -189 26 -155 230 -245 247 -135 5 143 15 34 226 -156 192 
TEST 14 ARG:-51 228 -26 230 221 -163 -93 14 -140 9 61 219 -178 117 -235 125 134 -82 -188 57 -49 43 -157 166 216 -247 -249 -226 175 -246 150 19 -25 -215 -165 -216 26 225 -91 116 -191 -90 239 24 71 33 241 147 118 -219 240 -32 -53 -29 -2 -146 -48 223 -68 37 8 174 62 23 -71 180 -241 92 -21 120 5 114 -173 -155 -12 157 207 -60 -75 95 -81 119 154 -123 206 -214 98 85 -76 204 -162 79 181 -115 46 89 55 151 184 227 123 -186 156 18 171 77 -116 28 16 203 53 142 197 -228 13 183 152 -6 -43 214 -151 -245 115 -54 -134 17 234 -211 162 113 -239 -46 168 88 110 177 96 -206 -102 149 -87 133 84 122 91 209 137 -24 159 -11 15 -167 -4 146 186 231 172 -190 4 224 -117 -31 -176 75 -218 -17 -199 139 -86 -194 40 -19 6 30 212 205 50 82 136 -205 128 99 -242 -14 27 196 81 -159 169 -113 124 104 -183 -168 -127 -248 -35 31 -203 232 90 -59 80 -70 44 141 -126 -65 64 41 236 -110 -34 -175 -69 68 -192 192 -112 -170 -141 49 63 -156 243 -217 161 -184 -233 -189 -101 -142 -50 29 -132 -164 45 132 76 -222 140 10 -225 -182 -45 -177 200 -232 -107 208 235 103 -106 -230 -28 148 195 58 -181 126 178 111 -109 -227 -125 12 -88 158 -200 -120 121 -16 -66 -221 -187 112 -38 -10 87 143 -84 138 73 222 -133 -180 -30 211 245 -195 -20 107 -119 94 248 -209 129 -39 3 -67 -61 -121 -152 -124 1 -149 0 -150 130 65 -234 109 -114 -1 35 -243 -77 -212 38 -201 -130 39 -135 -169 -44 189 -8 -144 194 -145 93 -3 32 237 83 48 -74 199 -80 -22 -154 -223 -23 131 190 2 247 -78 -94 60 -129 -160 -105 182 86 59 -237 69 -207 -58 233 -208 -108 -236 -42 36 -139 242 56 229 -166 202 173 -99 -41 -52 -79 135 -98 106 -55 102 -193 101 47 127 -158 -171 -96 -118 -220 -197 -5 78 105 -210 -148 -238 165 11 -18 198 188 215 144 -73 -104 7 -136 52 -72 210 -231 -7 -122 -36 -56 22 -9 -198 67 -131 -213 25 213 155 -204 -202 -33 145 187 97 179 217 -64 54 176 -83 -37 -244 -137 -240 -47 -224 42 -100 70 -185 20 -63 72 185 100 51 21 -89 -40 193 -62 -172 226 -111 218 -179 160 108 201 238 -85 -147 -57 244 34 220 74 -97 -27 -128 66 -92 -138 170 -143 163 -229 -174 -161 -196 153 -153 249 191 -13 -95 -15 164 167 -250 -103 246 
TEST 15 ARG:-238 -214 -101 -98 -157 136 -104 -147 -144 230 170 1 181 -27 192 52 72 -184 160 -29 49 43 -177 -33 -183 -74 -10 228 -56 2 -171 -145 -244 223 188 132 85 18 125 -131 -141 -125 75 27 191 -83 158 139 -69 -179 109 -152 -225 167 -102 -161 211 -189 -222 -143 -55 -70 -165 -23 80 -16 -173 -3 209 -12 -13 53 -197 -130 127 -15 117 161 -116 -72 93 -111 16 -170 -30 73 150 71 32 -156 -94 48 -241 -113 94 246 -202 -127 198 232 203 152 -249 -52 146 -31 194 -126 51 -200 148 -150 -34 45 -129 172 -63 -245 -137 121 21 -106 104 -172 169 -8 -233 -176 -151 -194 238 -121 -146 233 236 13 42 -139 -128 78 105 141 54 -187 -47 -5 -22 97 -247 218 130 -60 -149 204 0 -18 -158 66 -223 3 -103 -226 -166 9 219 118 200 205 -132 -77 68 -49 -246 -48 -162 124 -153 -220 135 38 -109 199 -67 129 234 231 -90 185 -203 -58 -239 19 -28 -217 180 95 108 -188 -35 -224 -57 -6 -62 -154 77 -227 115 -148 -115 -193 222 183 -76 229 189 177 31 235 -138 227 -84 171 -117 -78 195 -11 -155 -231 116 176 -140 76 79 -110 213 208 26 -198 245 -68 35 -73 -105 -235 126 -219 -191 -248 -80 -87 61 -133 -232 -107 134 96 83 140 41 120 55 -215 -122 -45 -124 -50 201 25 142 106 10 -38 70 107 -20 206 -54 -242 -210 -211 224 57 69 -201 212 102 -237 174 226 23 221 133 247 220 -136 242 -174 12 -88 119 -93 92 -99 165 186 -114 -216 -207 190 -81 248 -82 -91 -100 207 -37 -163 -9 7 100 -208 164 210 138 179 -96 81 -44 -199 91 214 60 87 11 243 178 -21 98 145 58 47 -79 -53 157 -135 -250 122 28 -85 39 -42 36 -206 -95 -4 89 173 187 -19 -17 -195 -24 197 -71 86 30 -97 -159 -228 40 -1 -229 -221 -51 -40 155 -46 -7 5 -230 33 -213 -240 -204 44 37 241 -43 -59 -218 8 144 -36 -26 239 -160 184 249 196 166 -167 237 182 62 137 84 -118 -169 99 -234 240 -64 168 20 88 -32 217 -119 113 -175 14 90 143 -142 111 64 112 149 -182 -120 -61 -65 -123 163 215 15 -164 74 56 -243 -212 110 -89 -14 -92 -186 -168 -86 6 162 -108 244 103 225 -180 -205 -75 131 -112 156 17 24 -66 46 -39 65 216 -190 -236 128 -134 154 151 159 82 -196 -185 -178 153 -41 29 22 50 114 123 202 101 67 59 193 63 -192 4 34 -2 -209 175 147 -25 -181 
TEST 16 ARG:-42 -56 -193 212 34 28 73 -25 -236 -154 -228 -156 -206 228 113 0 167 188 72 232 -160 239 103 156 -172 219 -54 50 44 70 11 -152 -55 242 175 26 238 169 -115 -250 -69 -218 -121 -94 -72 -81 132 -199 -24 126 190 -175 -19 -112 36 211 -38 192 -93 -2 -1 203 244 207 148 220 82 -203 -139 241 183 -195 -234 -109 -176 23 141 140 -46 -89 60 149 -170 139 -47 57 -75 227 76 -146 32 84 -167 -98 -116 1 172 -181 79 -101 115 -48 -247 -79 -184 -13 37 155 -104 78 -197 21 194 15 -182 178 -110 55 33 -82 -173 124 200 -191 2 -162 9 -91 -219 99 205 138 240 47 8 147 206 -143 61 225 -220 174 86 158 -96 -4 10 163 -213 181 -161 -209 -29 35 -18 -57 -22 -120 -111 -133 191 -174 179 -155 216 -242 -231 71 14 88 -21 -113 97 63 43 -92 -200 -192 4 -142 202 117 89 62 -177 -157 -180 -78 -196 85 152 170 -135 -83 236 16 20 -132 29 248 144 -237 223 -52 245 122 233 -114 -158 -124 157 102 171 19 229 -7 -216 198 -238 64 -8 -207 100 -243 -163 -80 105 90 -84 -59 -151 -117 217 112 48 -186 130 222 -58 -71 54 24 40 -128 87 -3 120 246 185 -14 -66 -10 -233 -217 58 -169 153 98 -73 221 230 -224 -249 -229 -51 215 -62 145 -241 -102 65 80 -49 131 -77 -140 -17 -95 182 237 162 231 137 -53 -45 125 38 -41 -76 -118 49 -65 243 208 151 -136 -40 -100 186 193 -153 106 118 -138 -85 75 135 53 119 39 -99 -165 -202 166 18 -239 -9 -39 201 -201 -185 -134 218 -205 -248 -189 -106 -20 -244 -227 -126 52 -168 154 114 -145 -122 -149 111 -215 -214 -64 -36 128 110 -63 77 143 -16 -11 46 -130 -35 -210 204 -5 108 134 25 180 214 199 66 41 31 95 -107 -150 -208 -32 197 -37 -225 249 42 17 -232 116 -187 -226 -26 -159 -67 45 -230 -164 173 159 195 184 -97 210 -28 107 104 161 168 189 -190 -183 -127 -6 196 146 -144 235 -245 -103 67 56 -204 -70 -50 -88 -33 176 164 27 12 -131 -129 -222 -108 -119 187 93 81 -235 -90 -30 127 59 177 -15 -61 -31 -68 150 -198 -212 -12 94 -60 96 -27 101 160 226 -105 51 213 -123 209 109 165 -74 7 69 5 -23 -223 -43 121 -125 -178 -141 22 83 3 -147 13 6 -44 -34 -194 92 129 -246 123 142 136 74 -137 30 247 -221 91 -240 -166 -179 133 -86 -211 224 -148 234 -188 -87 68 -171 
TEST 17 ARG:232 44 -13 -49 -176 -160 237 -130 -92 -196 -155 -15 -185 -189 114 4 107 -191 94 -97 -69 49 -172 -129 -83 -137 124 187 126 -158 -159 -167 -173 185 64 109 -4 -109 -117 74 -188 28 -68 199 188 96 24 -42 -226 127 -106 249 -181 1 -55 45 -223 -152 54 159 152 -1 182 186 55 161 110 -141 103 170 163 106 168 115 -195 -229 33 -134 -46 50 -114 248 108 32 -230 -101 -22 225 -17 83 36 43 -38 236 175 -111 60 215 190 -150 196 15 -11 -243 68 -52 -12 95 245 141 -118 229 148 66 -20 -182 221 151 -187 34 -139 -142 204 -7 150 -177 80 241 -164 67 -28 203 -222 -34 21 -5 -80 154 210 77 205 72 7 98 233 -63 134 102 -239 155 -107 90 -174 -2 -193 -131 184 14 -79 220 -161 -31 247 5 181 -124 27 -208 234 160 79 -194 -171 12 -18 -65 193 -200 153 -123 -59 -175 -8 239 202 -205 41 -234 -60 129 201 -51 -25 144 -58 -149 -110 -210 57 177 164 -24 -95 -227 -209 183 86 -212 -119 -247 0 -232 172 -197 -104 97 -39 -100 -105 165 -184 -112 162 -133 -26 23 61 -201 -145 -54 -136 -89 104 -48 -138 -122 -37 -90 -213 -180 208 -121 -218 125 -238 -168 118 -113 -108 142 -81 62 123 -217 -228 16 17 137 128 -70 -250 122 -66 -135 149 52 -23 -156 -98 101 -179 -116 8 -233 238 166 -75 158 216 -27 48 218 38 105 -153 63 -14 -85 59 -99 179 25 136 51 13 130 -78 91 171 -125 -21 197 -53 -216 -235 143 73 18 -224 -16 140 -215 207 85 -72 -204 223 178 192 9 56 116 19 -211 -32 -91 112 22 243 -236 224 89 11 147 219 -198 111 2 195 -206 -102 -71 -57 217 132 198 191 -115 -147 180 76 -29 93 70 -203 -219 -77 -61 47 -43 -157 246 145 -154 -244 222 228 -40 -207 -6 29 133 -84 40 26 -146 226 189 -214 212 -225 92 231 240 -127 -231 -220 -35 -96 131 -126 -87 -192 88 -76 31 -94 42 244 146 -44 -202 84 242 -74 230 -165 135 -245 65 -73 35 -190 -248 157 30 69 -3 -128 6 206 99 87 -170 -45 -237 -162 173 235 120 -132 82 -241 -19 37 194 156 -50 -249 -41 138 -64 227 -144 53 -148 -36 -246 119 -47 -221 -140 -88 -178 -151 214 71 -183 81 -186 -103 -56 3 -9 -67 209 -143 -240 46 -163 -242 174 139 -10 39 100 211 -82 20 200 213 -199 -62 -166 176 117 121 -93 167 113 78 75 169 10 -86 -33 -169 -30 58 -120 
TEST 18 ARG:-177 -249 -15 -178 185 -125 213 137 -205 245 150 -44 163 69 -232 -16 220 -71 -12 -160 -146 104 -101 65 -107 189 -195 246 -48 -138 -176 -94 -168 45 10 205 -231 -52 248 -56 -199 -206 -228 -76 146 151 -58 -11 -223 -245 148 175 242 -189 -3 64 -83 -216 119 -32 80 5 -161 -7 187 91 71 102 -1 -236 -88 -8 -230 54 -26 -233 -209 195 21 225 44 -9 191 -164 -244 -181 152 -13 -239 63 116 89 0 132 139 -247 166 126 79 -218 232 -227 41 -82 -242 -133 -87 -185 121 -153 201 168 -202 55 95 -141 194 -215 -147 111 96 241 -31 200 108 -28 2 62 57 -238 128 -214 -29 -6 8 40 -68 -119 7 -53 -144 -154 12 107 -61 -145 -90 -165 98 51 -222 153 90 -65 -109 -122 87 135 94 -248 -188 160 188 -79 -97 233 234 190 -54 100 239 32 228 70 -204 243 204 -25 192 -111 20 -19 183 -155 -182 169 43 172 52 -213 37 120 230 -50 83 66 149 133 -38 -134 -229 -130 -126 237 236 227 -142 -129 171 -163 -36 219 -131 68 218 -183 -159 -17 -41 -217 -84 -136 -20 73 197 186 -123 4 -157 31 229 -121 -207 -23 -95 214 161 -194 -212 -132 134 109 -124 -49 75 48 77 35 3 -156 53 -70 -191 36 -57 46 -93 -98 -148 16 61 -72 -197 -69 159 217 56 84 82 -30 -140 60 118 -174 72 122 1 -27 -149 -201 215 99 206 -162 -203 -235 97 13 202 238 -151 247 -118 27 -78 173 103 -114 127 -73 222 -66 -91 29 -237 -246 -39 -179 -77 101 130 86 -186 164 240 -226 -33 124 38 58 249 -180 49 -5 198 207 22 -64 -99 -220 167 -55 -250 223 216 -221 -169 154 -152 -117 -108 123 19 199 -2 -167 211 145 -210 67 140 244 147 17 81 125 50 -198 -113 59 9 47 -80 23 179 -46 -4 -192 156 131 76 203 231 181 85 -100 42 -128 157 162 -51 136 144 224 106 208 182 -24 -175 -34 212 74 -22 -103 25 226 184 18 -110 180 129 174 -196 165 221 155 -96 15 93 -75 -86 209 -200 -42 105 -243 -14 110 -102 -193 -225 -81 11 -116 -106 117 -150 -170 235 -173 -143 -104 -112 6 -190 78 26 -171 -67 28 88 -92 210 14 193 -208 -89 -137 143 112 141 -62 -35 24 -127 -139 178 -166 -21 -135 113 -234 -45 -37 -85 -187 34 -115 92 -224 -47 177 30 -43 -74 39 138 -240 142 -211 -219 -10 -63 -60 -40 -105 -18 33 196 114 -172 115 -120 -158 176 -59 170 -241 158 -184 
TEST 19 ARG:226 -243 184 -129 -9 -169 21 234 -245 203 105 52 114 25 219 18 -54 108 123 -165 128 111 36 -38 156 96 142 -201 -220 -213 -189 73 -121 -139 130 -80 -137 -163 -240 115 146 -112 -153 163 126 112 181 19 173 -61 -168 -35 -147 72 -40 93 200 -236 101 86 -131 -115 -195 143 34 102 -119 -42 -150 155 13 -232 -109 57 -81 -31 208 -104 186 -116 191 -79 -26 95 -128 97 180 68 192 177 84 -117 201 -246 -157 -228 -74 -97 -8 -190 -203 29 6 -152 -214 -170 67 -233 56 -239 -145 -25 245 239 17 -146 137 -215 11 80 -47 188 -107 -95 -166 -88 -186 -212 -208 -223 -16 -249 246 -7 199 -244 -14 -64 9 -90 31 152 -198 -230 -164 -136 -206 -23 145 -58 -171 -53 211 -87 -122 -123 175 237 144 -94 85 -6 158 -127 33 140 -24 131 -225 -192 -161 -75 -67 189 182 -174 138 -15 99 66 -227 -39 118 -37 37 60 46 -89 169 222 69 61 132 59 43 -133 94 119 176 248 -140 -135 106 87 -149 -180 -193 -98 196 26 -34 -143 83 -209 193 -68 109 107 -238 205 220 194 -248 148 229 -48 -158 -218 -172 198 -83 15 -93 -221 124 -108 -226 -44 -55 -49 100 -57 -204 -175 -106 104 41 -96 64 -33 122 -17 63 -71 -11 141 -72 -77 8 206 116 150 157 -217 232 190 20 -235 50 81 -3 -211 197 -179 -30 42 -70 -13 185 -242 -138 -219 -27 2 -111 160 -247 103 53 -99 135 172 90 -52 133 -102 -162 -231 113 -229 -2 -28 -144 120 89 22 76 23 -155 -241 224 -199 51 92 -224 174 -234 228 -20 -181 -50 -237 28 249 165 230 231 65 -167 -197 -188 -65 16 -60 -43 75 -110 54 5 -21 24 183 -85 154 238 -100 -141 241 164 79 49 -76 -1 166 -184 -56 209 240 -134 179 221 233 55 149 -41 -86 -91 -114 -183 110 214 -148 71 129 215 0 153 -101 -63 -113 -151 -207 -182 167 27 -12 247 -62 -178 -210 -18 -5 -159 82 125 -92 -19 -250 -66 -194 38 -202 136 213 195 -46 74 14 -59 44 -120 204 35 236 147 32 -191 227 134 -29 -132 -51 202 -73 121 7 170 47 -176 48 -126 1 -78 244 -160 223 45 -205 235 -124 161 117 207 -32 -154 -118 78 243 4 -36 187 -173 70 168 -22 -177 -187 58 -10 -105 88 -45 40 62 -125 127 -142 -185 162 139 -84 217 242 3 171 -216 77 159 151 -196 216 30 -69 -200 225 210 212 -4 -222 -130 98 178 91 12 218 10 -103 -82 39 -156 
TEST 20 ARG:230 -193 -223 -81 157 -181 22 217 -5 145 -225 -124 -145 -164 -127 139 -114 -22 10 171 87 64 155 -190 161 209 -202 33 243 -23 20 73 -17 41 166 -84 14 184 244 110 153 170 102 -152 -67 4 77 40 -102 -243 168 242 92 61 101 125 137 -158 -32 -159 -182 223 -201 -24 62 -1 5 -237 83 -139 -13 -247 -92 -103 -10 -54 123 12 -130 -123 159 -60 78 -192 -163 144 246 -53 -248 118 202 149 207 134 -212 -36 -28 80 -62 176 -187 106 113 47 186 21 200 -179 -120 205 84 34 -180 114 52 -184 -228 169 210 46 -109 193 -141 -11 126 212 25 194 221 167 -72 181 82 -97 -129 -7 -211 -133 50 -104 -8 190 37 234 -41 -165 -238 225 -222 54 220 -227 71 -121 -236 -199 -12 -57 -51 -239 32 -171 165 -197 233 74 -128 -246 240 70 185 -74 96 -108 -43 -86 -136 58 -229 -77 -88 -78 -40 -216 -15 11 67 -153 -112 68 214 -111 -178 -200 35 -46 -31 247 156 222 0 158 88 55 -207 -76 -226 -224 65 27 196 235 109 -157 31 -132 -35 -107 143 -151 199 -61 -89 173 136 -14 -250 191 -161 -126 112 -143 -85 172 -140 -94 -206 -69 -135 124 162 59 108 43 3 85 249 -3 -142 105 -48 237 119 147 -101 239 -186 -100 151 215 -232 -185 -174 -122 132 -93 -117 66 79 -241 -167 18 -45 76 187 -68 183 -147 -221 135 -118 216 -34 69 -220 -82 197 -56 -146 93 -249 -244 2 -210 -176 23 224 -188 -219 -59 -149 81 146 19 208 29 111 -70 9 -150 142 99 -44 192 -156 97 248 -30 -191 -205 30 133 45 175 107 -33 17 51 -80 -2 -75 130 -203 218 -155 -173 -63 128 -73 38 -52 206 91 -154 -189 48 1 -169 150 -16 131 36 -195 -218 213 39 -18 44 122 232 86 198 179 -91 238 104 8 -194 -64 -196 -83 -125 188 57 211 28 -4 174 -29 -231 -113 -233 219 24 16 -58 127 -137 -116 182 -110 138 236 -235 -38 -144 117 -230 241 203 -49 75 121 -19 -213 95 13 115 204 140 -90 -215 -55 53 -217 160 -65 15 -79 163 6 -166 -99 -27 227 195 94 -183 -115 148 90 -39 -105 -208 -95 116 -148 -21 103 98 -160 89 245 -96 -234 -245 -168 72 -47 -26 -71 -9 -6 -37 -209 100 -119 42 -177 178 -138 -66 60 164 -162 226 -242 -204 56 141 129 -25 -214 -134 -50 26 189 49 -20 -175 -172 177 120 -98 231 -240 201 -170 152 154 -131 -106 63 7 229 228 -87 -42 180 -198 
TEST 21 ARG:249 47 174 247 -244 221 143 157 151 55 53 -79 163 -68 -1 244 -220 240 45 -191 248 -5 203 -204 245 -67 -196 12 -53 118 -23 -147 92 -194 -21 29 36 -36 68 -86 132 -207 1 -218 167 -141 11 142 -193 2 -126 -236 -164 238 -153 230 4 119 -33 190 -160 -57 -99 -217 -140 56 79 215 -226 42 -34 160 99 80 39 -16 43 -10 211 -59 134 75 61 -35 59 14 -50 -43 -65 127 38 -177 97 -142 -49 128 -11 20 120 -183 58 152 -150 65 -74 229 -104 -27 71 -24 -145 180 93 -124 102 153 -216 112 204 129 76 -46 -32 -4 -138 -209 5 103 -77 -106 -248 -41 62 -143 179 -242 -76 81 231 136 -93 -135 -154 -229 24 -129 90 146 -84 108 21 -103 -249 -82 187 -125 175 -225 3 -188 -189 -111 16 -122 -14 202 -240 184 -133 -190 -52 198 189 149 -83 -151 -224 192 148 77 -120 98 101 -91 -157 -210 -243 66 233 -25 115 124 -227 235 -182 -178 88 -127 95 -39 -28 -181 -108 -176 52 30 73 117 181 -239 107 22 110 232 -109 100 27 -171 125 -114 173 34 200 -247 -31 169 -132 111 -44 242 8 147 123 158 183 -165 28 15 31 106 -26 -8 -158 241 224 -30 -221 37 -152 -115 -2 -250 218 -184 121 -58 -85 -211 -88 46 -89 -186 177 48 161 223 74 -198 194 195 -110 84 -163 83 191 -101 -42 54 212 0 -215 -144 -78 94 -40 116 227 225 44 23 -45 -87 -167 49 -179 -20 139 -199 13 -131 -97 57 -174 -232 -102 168 -214 216 193 -116 -73 131 69 78 18 246 -117 -61 150 67 -81 -7 220 165 -98 182 -71 -238 197 -119 -15 171 -64 -180 206 -201 63 -94 -19 51 -60 9 154 -3 -172 -205 -66 -90 104 226 228 210 -62 205 -29 133 -161 137 -202 -245 -212 -162 -70 135 201 10 -95 185 -56 199 217 -149 -18 -223 109 -22 -128 -200 -80 -166 -6 239 178 -54 -130 -72 208 -121 -159 -156 237 126 140 -137 64 130 33 19 26 234 -136 -168 -187 -173 -213 -206 156 -234 236 166 -237 -47 50 87 -63 164 159 -75 -139 209 -69 -107 172 105 -113 40 -118 196 -12 35 176 -241 -155 -169 91 -105 170 -112 138 -219 -48 -123 -197 -235 6 32 -231 122 70 -96 -100 -13 7 82 155 -92 -17 -55 -195 89 -230 85 -134 -9 17 214 141 86 -185 162 188 222 96 -175 -203 145 -146 243 -222 114 -38 113 144 72 -208 213 -228 -37 41 -148 219 -246 -192 207 25 -170 60 -51 -233 186 
TEST 22 ARG:140 249 95 17 230 -109 -108 -84 -3 -236 12 -62 -228 -177 104 177 174 6 -112 -184 108 -104 -2 -47 -210 -93 72 -239 -234 -63 42 -231 -198 165 76 110 214 204 78 -40 -14 32 -172 159 241 67 -220 51 -55 20 -13 198 54 176 158 208 -98 82 -17 -78 -9 -215 52 40 160 -245 111 181 30 -60 -25 -193 -59 -118 7 132 -111 81 -163 151 83 137 161 -160 -57 113 -218 152 -166 -46 -105 -103 109 144 -80 219 -76 -101 -65 39 163 -175 -11 155 -188 145 41 201 197 22 149 -209 178 -190 -223 114 -227 84 -107 -100 66 156 -119 -128 62 -224 -153 154 48 -92 121 130 -24 -90 -189 228 225 -180 -164 28 190 234 239 61 -132 -206 135 182 -37 218 202 8 122 -182 141 -50 100 210 148 199 -157 162 87 139 186 73 179 53 85 242 -1 -36 191 146 -212 -146 244 -87 -155 29 46 24 14 -88 -208 90 -127 -138 183 193 98 221 203 -96 105 -6 231 238 -207 -145 -171 123 -66 70 -69 -72 36 169 153 -22 116 33 -192 -136 -39 124 236 -79 -244 -159 3 -183 166 -214 -158 4 -238 -38 -102 -154 -241 0 -173 120 23 -48 -4 92 117 147 -147 217 -242 2 -52 -53 170 129 -174 -83 -120 10 -247 150 9 -99 164 235 -246 65 -125 220 -94 -167 131 213 101 -156 93 128 58 -225 -82 -170 -56 -248 -91 -43 11 126 -10 233 68 -195 -121 -30 -149 1 27 -178 -61 -19 69 -67 -131 -162 -68 212 127 -148 -203 56 175 187 47 -240 248 -23 59 -26 -113 -15 -27 -140 -168 -126 86 -201 77 -133 -115 -95 60 240 -64 -5 -77 43 189 185 -124 -249 -217 -141 171 -129 -18 50 44 15 79 -130 246 -194 -86 206 -81 195 192 94 63 71 222 -230 -74 167 26 226 229 125 -185 45 -237 55 96 -20 37 118 -29 49 232 -54 115 25 -122 -200 -28 35 -222 -58 -106 136 -114 200 188 -42 245 168 -197 -161 -216 -44 172 -229 -85 88 -137 34 -213 143 -89 -179 -32 -150 13 -35 -49 -232 -142 -16 112 237 247 106 -70 224 75 134 205 196 38 180 215 243 89 -187 119 74 -110 80 216 -71 -116 -151 -221 -169 211 -235 173 -226 -123 -8 209 -202 97 -33 -134 107 133 5 19 -41 31 -196 -21 -165 -205 157 -176 -45 91 184 138 -75 142 -199 -97 -135 -211 99 103 -139 227 -186 -144 -34 -51 -12 18 102 -204 -191 -152 -7 -233 223 64 -181 -250 207 57 21 -117 -31 16 -243 -143 194 -73 -219 
TEST 23 ARG:-192 -236 185 -26 -17 -30 242 -62 239 -162 49 -172 -87 -6 13 80 -68 -137 -8 -195 -16 104 -56 237 -21 140 179 -248 55 172 -14 58 203 -183 162 161 -138 -204 -114 77 -225 182 153 -145 177 -106 -118 -110 61 164 -117 30 158 183 -49 -78 93 194 -150 -214 197 33 -232 -161 -111 -241 143 -1 43 190 -127 -179 -146 128 -199 94 36 142 91 69 -65 -112 178 146 -167 -53 68 -175 -217 -226 -139 83 64 -196 -51 165 99 16 67 223 44 206 12 114 125 -245 -98 -240 -13 216 38 -166 209 9 -246 -28 -103 -219 -99 156 97 -149 1 -210 56 59 200 -47 148 66 210 111 32 -4 201 -50 29 -37 -177 -122 14 107 71 -157 70 -24 -228 -35 145 -187 -237 8 -193 -165 204 92 -144 121 -249 228 82 159 -52 131 -23 57 62 247 -44 2 -140 19 189 -42 -128 7 202 218 184 -141 95 -63 -19 199 21 -88 -61 -222 26 173 53 -143 -58 -116 74 -18 -89 24 -169 222 137 -239 -142 -164 54 -190 134 123 106 -134 -209 154 -200 -20 141 -75 -242 212 10 -104 110 -227 115 149 -234 88 -132 60 118 -159 -156 -119 73 -95 35 -2 -155 103 -31 232 -97 219 -3 -148 -93 169 -163 65 147 130 -189 -205 -32 167 193 230 -108 -84 122 -9 -194 -182 138 -43 246 72 -235 101 31 -55 174 -170 -102 -39 221 -244 249 -101 -115 -178 -80 168 208 -216 -223 213 231 -208 191 4 20 -77 225 -7 23 236 -126 181 135 -233 46 -73 75 192 -113 -184 227 -191 224 -220 119 -231 117 244 102 -33 22 -158 -91 132 105 -133 211 195 -243 -25 48 5 17 -247 -60 -85 63 136 113 37 25 109 40 -174 -124 -147 -82 50 215 84 0 79 -203 -29 -130 -125 207 -107 98 -171 -22 -54 238 -207 243 220 87 126 -121 -71 -215 217 -202 -46 180 34 -15 -38 -153 -12 86 47 -41 -66 -160 -64 108 39 90 6 -168 196 160 -123 -152 112 -129 -120 133 124 -90 127 -59 187 76 -218 -100 166 85 -212 -48 -67 -92 -176 -173 89 -11 205 3 -45 -81 171 151 27 41 186 -5 234 175 28 -109 -72 152 188 -181 -40 51 52 -230 214 -34 -69 18 229 -211 -238 116 -154 -229 -96 -27 233 -185 163 11 -70 -186 -201 -57 96 235 -86 129 -135 42 -36 -180 139 100 120 -136 78 170 -151 150 81 226 241 -105 -94 -74 144 -250 -221 -206 155 45 -76 198 -224 -188 -197 -131 -198 176 248 -79 245 -213 -10 -83 15 157 240 
TEST 24 ARG:30 -61 -235 -134 -157 35 -128 183 68 -108 201 -39 -143 -221 74 15 222 100 -168 -96 119 -45 104 238 79 -246 -140 147 122 94 64 60 156 114 179 49 -103 4 -151 2 -85 14 123 219 -88 217 -220 -129 115 71 -188 75 -62 87 132 95 -2 107 78 98 -187 210 -217 -12 148 63 -80 6 -110 -1 -121 -194 155 -65 -180 139 38 -66 -248 187 121 113 -72 -178 33 -137 213 18 46 -196 -237 206 246 -64 -111 198 -69 -223 -233 242 -5 192 52 -213 194 76 -160 223 -145 -156 -147 29 -158 67 21 -162 80 42 248 106 249 -205 62 -153 178 226 45 -106 53 197 -216 149 -70 153 -198 -109 -148 -234 -40 -207 160 -33 7 40 -46 -142 -4 -195 -6 -240 175 -227 -48 -30 89 232 -146 215 -47 203 240 181 -169 228 -75 -102 -138 12 -155 -84 28 244 -19 -176 -144 -161 -34 -100 -31 72 -86 90 97 -15 -249 231 -245 36 152 157 185 174 184 9 -116 -186 -127 31 159 163 -173 209 105 177 -78 -206 37 23 102 136 -107 25 -21 164 86 70 0 22 39 205 92 -201 -130 27 32 171 -51 65 66 -14 -73 -22 -177 108 173 176 -152 -225 138 50 -190 -91 -83 -60 -135 -54 59 161 -24 127 -10 44 116 -92 -87 -99 -8 110 -166 -114 -20 -126 -50 220 124 218 221 -120 214 96 -16 51 237 82 61 -164 91 -44 -38 141 -43 211 -93 118 202 129 120 -193 -182 233 13 -210 133 167 236 125 83 165 142 19 191 -136 182 -232 -179 -165 170 -115 111 145 168 -27 134 -3 188 -154 227 143 193 11 -167 150 5 241 73 -55 151 -97 -197 103 -74 -184 -131 -9 81 -95 -105 -94 -52 58 117 -211 -89 -239 16 -172 47 -174 -242 101 212 -208 -175 84 -214 8 166 -181 -202 -59 -23 245 -133 -49 -230 189 -228 -149 -67 169 -35 229 -104 146 -171 88 186 -36 247 -57 -247 -76 -236 137 -82 -119 -123 -159 56 -203 -37 -68 -215 -113 77 -241 109 -11 208 -77 204 69 54 -81 -231 234 190 -219 -124 130 85 -163 -192 -28 243 -238 135 10 -200 140 -98 -101 93 158 -118 -189 -41 -29 -150 24 -122 144 -53 3 99 -212 200 -185 -112 199 128 41 224 -229 -204 -199 -226 -63 -183 -71 -218 112 180 172 -243 -244 -141 17 43 -56 57 126 -117 -125 225 -209 207 239 131 -32 -13 195 -191 20 235 -139 34 -18 -224 -7 -222 1 -90 55 154 -42 -250 48 -132 -58 196 -79 216 162 -25 230 -26 -17 26 -170 
TEST 25 ARG:-128 222 -198 -70 -59 171 135 -8 106 234 -129 42 114 154 124 72 217 -130 10 40 -53 147 195 105 -18 216 242 -120 59 -107 178 -165 56 119 38 -55 189 -36 -45 71 117 -100 61 51 168 161 -214 -245 -239 95 -43 -139 236 -30 184 64 -212 46 202 -74 78 77 221 -203 -244 9 -202 82 -24 228 26 -127 -169 53 -25 -223 -197 -148 -200 232 113 -16 54 -121 -79 -144 191 -19 -58 -101 196 -50 -166 -78 -32 163 98 -235 -106 -109 137 -47 28 -141 31 -9 138 -167 -14 -192 -85 8 -233 16 -232 -199 126 90 128 36 -89 -73 144 -99 2 76 -234 194 -11 -179 151 -221 -64 103 -172 219 -94 187 -150 139 -135 215 -35 -157 -205 -96 -142 -146 -153 -227 -125 -156 165 175 -155 104 -69 121 -117 73 -133 -116 18 -3 84 -229 -149 -111 -124 116 74 -246 -84 48 123 102 -163 167 30 -51 -75 -104 122 201 198 -242 -209 -231 -82 142 -123 100 -102 -49 220 -220 241 240 70 -44 -196 172 5 -46 150 -160 -1 166 -143 164 183 87 -168 -222 -174 58 210 247 -23 44 7 -243 182 -158 -240 -154 231 65 -17 -152 13 176 86 174 -5 83 3 -122 -145 69 129 -195 206 62 193 -57 -65 -68 -91 -178 -72 -48 179 -151 -217 -28 -216 177 120 235 0 130 -132 -77 75 89 -137 -147 -87 190 -187 -218 140 213 -67 -224 230 132 233 79 -61 162 -41 108 55 127 80 -93 -113 -7 -83 248 155 -108 148 24 12 -207 -105 112 -114 -60 -38 -6 145 205 -112 -126 -39 -22 169 -119 -159 35 91 34 101 153 223 -118 -225 152 93 -180 -249 211 -164 -175 99 -66 186 -189 115 -88 67 -188 239 27 160 81 -27 -215 -29 -140 -26 33 50 134 92 136 32 -90 -183 94 -98 -208 -237 -63 224 -33 143 133 131 -52 -162 -62 -219 170 6 97 -103 -194 225 -182 -191 -138 21 41 68 173 197 22 181 110 -161 -54 45 -80 107 96 -12 25 -21 246 57 111 88 192 218 249 -92 109 -184 85 -37 -211 203 -15 -170 -238 149 199 -136 -131 -86 209 208 66 -81 11 -20 29 1 180 -173 200 -4 -134 -71 19 -241 -206 141 39 229 214 -177 188 -76 37 207 226 20 146 -181 -250 17 185 -236 -201 -185 237 212 243 238 156 -56 47 -226 -42 118 158 -97 -95 -115 14 -190 -31 245 159 -176 157 -34 -110 -213 43 204 244 23 15 -248 -40 -193 -186 60 -204 -228 63 -2 -171 4 -10 49 125 -13 -247 -230 227 -210 52 
TEST 26 ARG:125 -179 47 119 -195 -52 99 234 -128 -38 96 -188 9 -157 -132 -17 194 73 178 69 -96 -56 -79 92 -8 13 -244 -59 145 141 -63 174 133 176 -203 135 -174 1 -137 150 -176 182 89 243 222 -209 -83 26 197 -234 37 249 -10 134 -193 230 54 83 -196 -191 -120 -111 -219 -154 -78 211 -202 177 -177 -240 -217 63 154 -147 -183 -153 55 -106 -187 155 -197 142 -14 196 -218 -66 -160 14 118 -123 128 123 161 -2 -210 25 238 -249 77 235 -31 -198 23 242 231 -5 227 84 151 169 -25 -156 7 -133 -216 42 -94 -220 221 -119 -55 -206 65 74 223 46 -190 220 -7 85 115 44 0 -143 -230 -97 95 -228 228 -114 -250 48 -19 -39 -155 -110 41 -149 -26 146 52 22 20 -101 -171 -204 -231 -189 -247 -70 -235 167 15 17 -57 66 212 -104 -166 -214 205 116 -175 -43 140 181 137 -75 -134 143 -61 -178 156 53 120 136 165 -212 -27 -42 82 213 -167 -131 -99 -112 -146 -151 206 -4 -88 -100 -18 195 101 217 -211 -227 60 33 210 127 -68 -139 72 -48 -237 -24 29 -127 -161 -60 -225 32 -226 -136 163 78 2 -172 224 -89 158 56 76 -117 -92 -62 229 45 43 -73 49 -245 -224 36 -158 86 31 204 -163 175 -76 -71 38 -201 -107 -215 91 80 109 -36 -182 189 -144 -65 180 -50 126 -122 -80 -3 -180 39 70 103 10 187 -142 -124 152 4 -98 -221 -233 27 67 -121 -222 -102 111 -168 -69 12 122 -199 -90 168 -141 57 61 59 8 -145 -33 -186 138 214 -229 -81 -84 16 246 244 102 -148 98 51 3 -77 -74 144 160 87 -35 -170 202 -159 131 90 185 88 -152 -239 -105 198 170 64 62 -243 132 -9 -41 -113 104 239 -67 -64 188 -138 130 93 -150 -126 -129 233 -20 -40 -46 -82 -213 -32 -11 108 94 68 218 50 -6 112 121 186 81 225 192 -115 -51 162 -58 -86 -30 6 113 110 35 -22 106 -205 -184 124 117 -238 248 79 -13 245 -246 -241 166 -194 153 237 -173 75 208 241 21 -12 -16 -93 -118 -91 -181 164 -236 71 -169 -15 201 -223 24 -109 105 247 -87 -34 215 30 97 -165 236 232 100 -185 18 207 -21 -192 226 171 40 159 -103 -49 -1 216 157 -108 183 -130 149 -200 -44 -232 147 -140 129 -53 107 114 34 -95 173 -85 179 184 200 5 -162 -125 -28 -207 -135 199 -23 58 139 191 -37 19 -45 193 203 11 -29 209 -242 -47 -116 172 148 219 190 28 240 -248 -72 -164 -54 -208 
TEST 27 ARG:202 85 210 -77 91 196 217 60 19 -217 -179 -18 134 -28 98 -191 -125 -184 -54 45 -51 -163 229 61 -36 -63 149 -152 -190 99 -245 -162 -185 -127 82 -214 -83 -229 -165 50 241 -96 88 94 -155 103 -31 223 -219 -196 89 148 100 -90 -32 -150 22 186 36 203 218 7 112 104 4 142 146 -24 -33 107 46 59 -93 -110 12 29 84 -201 -38 -238 -88 -35 -154 141 -97 -129 220 169 -73 -14 -153 -39 174 122 -45 -107 226 205 201 245 -208 -16 211 129 -27 -75 -161 -240 -23 230 69 57 68 24 -211 -188 -142 151 124 164 -249 -139 125 -92 173 -26 204 -134 -140 79 206 214 37 34 -68 108 -177 -4 -111 39 233 17 63 5 190 -76 3 -204 158 -21 -55 119 -65 136 -108 -109 137 236 118 -17 1 30 -87 23 -218 165 -15 -101 -66 -226 -124 168 -181 15 14 -216 133 -102 -42 138 32 -67 111 -138 -222 247 114 166 -232 83 212 -212 -206 -106 135 58 193 -13 -187 139 -145 120 10 55 -69 -57 -205 161 -95 33 44 197 75 -80 189 -169 110 -71 67 -213 -60 -120 101 -20 2 180 215 -203 228 -121 -146 243 -59 -237 -62 25 -72 -40 172 -143 176 208 221 73 -166 -29 -207 -144 200 -6 -104 -43 21 -2 -135 -180 -198 -246 115 162 238 153 -10 -3 183 -61 -151 -175 209 9 47 192 -8 -234 -84 90 -99 181 159 -52 -250 78 121 -49 -112 48 -47 -81 170 97 64 -50 -115 154 -126 -195 237 -244 194 155 167 163 -128 -130 213 43 54 56 53 -235 -58 -137 109 -136 -168 -221 72 -12 81 -197 -220 -117 195 171 207 -30 -119 -133 -182 -159 -82 -118 -56 42 -7 0 128 -178 132 -239 26 -199 -225 96 105 -1 225 -233 -22 -156 -85 -123 -167 224 -100 156 -160 -200 -189 177 184 -19 -79 6 222 131 150 144 -243 41 244 239 188 -192 175 -170 77 145 -173 -174 179 185 160 16 -194 216 -91 -114 -157 130 35 219 80 -183 28 157 -158 -172 -5 -202 113 -149 182 8 248 76 123 -25 -228 -227 -147 198 187 106 -122 -9 40 -34 -46 11 199 74 -11 20 -186 -248 -98 234 -113 66 102 38 -74 -176 -53 -103 -131 -41 -64 51 -171 -193 -78 -236 -241 87 70 240 152 65 140 232 27 86 231 191 249 -86 31 92 -94 -210 71 -132 -242 117 127 -215 246 227 126 -37 -247 178 -230 -164 -209 -141 52 -224 93 -105 242 116 -223 95 235 147 13 18 49 -231 -48 143 -44 -70 -89 -116 62 -148 
TEST 28 ARG:164 -155 136 -234 73 233 -179 92 56 95 194 140 53 45 141 -113 -16 -48 -40 13 -118 -39 -224 58 -95 166 200 118 -93 22 30 -219 135 -70 -18 -241 184 -201 203 -250 32 -184 248 88 -71 106 -233 85 66 -20 -90 124 -143 142 172 153 4 -52 -61 186 -66 -22 -146 36 -103 154 -108 -72 -196 59 -57 -10 -84 26 -178 -183 -150 -188 -136 -168 192 -79 132 -176 -38 145 9 75 158 -243 189 -3 -171 -77 -187 -164 138 188 -181 -35 -156 134 209 -206 -130 -216 137 190 -19 42 2 128 -2 44 57 -137 205 146 71 99 -58 -125 -122 131 39 -220 -203 232 -149 -144 47 -111 226 -194 227 -238 109 97 249 -46 225 218 -244 125 213 0 -114 -189 23 76 -5 -127 5 -145 -115 231 -94 -69 -31 68 -15 65 -195 -160 -175 91 -21 -208 -30 63 -88 -141 -199 -7 19 -166 -222 183 -107 79 -242 -24 -228 35 212 -226 -36 -37 -109 185 -139 176 -131 224 -75 33 -232 -73 -128 -74 239 210 -51 -91 93 -65 -86 121 105 -81 18 161 -67 -97 110 -26 193 204 64 -162 -112 -207 198 -191 77 -6 215 -63 -215 -157 78 -214 148 14 197 46 -106 117 -193 -102 -41 223 -240 101 -17 208 51 -165 -28 -123 -56 6 219 11 155 62 -173 -148 -205 163 12 100 152 191 10 202 -133 173 -105 116 21 -213 -227 -98 -82 112 -186 115 69 55 -138 -140 -45 206 119 -60 221 -197 -221 -14 195 -230 15 -121 174 -161 -92 -12 201 240 16 -44 17 29 151 167 -4 -202 -177 50 -124 -119 220 244 247 243 83 -172 -89 -163 -190 60 242 -151 -100 179 -62 177 236 230 -217 107 238 -116 -200 70 -239 222 157 -147 207 -55 211 37 237 -135 -235 -85 160 -236 -47 -185 86 156 41 -210 -211 90 -132 52 149 -246 169 -33 178 120 -101 -34 -54 -249 -110 -154 82 139 -158 -218 -96 27 -153 104 199 246 -120 34 245 -8 49 7 -42 -169 234 89 -117 113 150 -25 81 102 -59 3 123 -129 74 67 96 -198 175 40 61 216 -209 -50 127 -126 -245 182 -229 -64 171 -49 162 130 143 -68 241 28 -182 -53 180 38 -231 -159 24 187 98 -225 87 114 72 43 -76 181 -80 168 94 -192 235 -23 129 -99 217 -43 -248 196 1 -11 126 -9 165 228 108 147 -104 -170 31 80 -204 122 -87 -134 -167 159 -78 48 -223 -27 144 133 -83 8 -32 -237 -142 25 54 20 -212 170 -247 103 -13 -152 111 -1 229 -174 214 -180 84 -29 
TEST 29 ARG:45 77 49 116 237 39 111 -221 224 239 -122 -79 202 81 184 124 105 12 -132 95 205 204 54 101 -102 220 -63 222 -217 72 58 -74 -94 190 167 151 -207 94 -23 -155 8 200 -187 104 -196 128 -92 225 24 146 14 140 -134 103 118 31 -124 -15 -103 -83 20 170 196 121 112 -109 66 -216 193 -121 -145 172 169 71 156 26 -11 -106 32 178 212 52 -90 -235 213 158 48 -192 206 155 -210 -72 135 177 138 -222 -227 41 -41 125 -135 233 10 -172 -182 -2 -136 -113 -80 236 136 -26 -204 241 160 -120 -129 -206 -131 179 -170 108 131 -50 -152 37 199 -56 195 -245 87 38 -167 61 -123 -110 -147 119 -133 134 208 -77 34 -250 -1 -82 183 150 -205 36 -164 -200 -144 -225 33 -247 -211 -176 -45 21 139 -52 110 -151 232 -240 -27 -76 159 -190 214 -19 -128 192 -127 -218 -224 -78 -10 113 191 -153 -24 197 242 -12 109 147 240 -158 80 -73 -180 -238 -104 -7 137 234 165 -159 129 181 157 -4 245 42 67 55 148 -195 -220 145 123 144 -126 -66 59 -85 2 115 -100 43 -57 -230 -168 149 -169 16 -47 -119 -40 168 51 -143 -208 153 29 223 -112 18 -44 -175 -140 171 -25 -95 -249 246 231 -115 -32 -214 247 -215 84 117 107 -86 -177 93 56 -149 249 78 106 -9 22 132 -246 98 -188 -142 -197 0 97 174 -234 -174 -198 -35 -31 27 7 -20 -61 -118 -186 -233 -209 -185 -229 -241 186 -89 -6 211 -194 114 -39 -16 -191 -62 40 13 70 -108 53 -189 -91 -48 -46 82 -84 19 -138 -156 -226 50 46 -70 228 187 5 -228 -242 -88 -114 -49 -98 -105 4 -201 99 -137 -181 -213 122 35 -171 92 209 -239 100 69 9 -219 68 235 230 141 -154 -29 -163 -13 -150 216 218 -130 62 30 -22 126 89 -232 102 -148 227 75 -36 -173 28 180 85 -161 120 -237 -14 -65 -60 243 -117 248 -107 217 11 194 79 -116 221 189 -64 -231 65 -125 -179 -223 -99 76 17 -34 -8 -93 166 -87 -68 -165 -193 73 -141 207 -212 201 -166 -139 210 -51 90 44 3 238 -146 244 215 154 164 -42 176 219 -248 130 163 -53 -184 -236 -178 -59 185 -97 47 23 86 -81 161 -162 -30 74 88 -28 175 -58 -3 91 203 143 -101 1 6 -75 -157 -111 152 198 15 -244 162 -67 182 -243 -5 63 -54 -17 -37 -55 226 -69 -202 127 83 60 64 142 -160 -18 -43 -199 57 -71 133 -21 -38 188 -33 -203 173 96 229 25 -183 -96 
TEST 30 ARG:83 -64 71 129 -57 150 59 211 -250 194 -51 -100 99 -2 151 -137 76 199 -90 20 -29 242 121 -238 -216 -141 155 -32 144 141 220 122 -61 -52 13 31 206 -75 -248 -70 -7 -10 -213 -164 -36 126 -104 -120 -222 -204 -206 0 -155 43 -110 33 241 -228 119 55 1 101 205 212 -25 247 203 146 -111 -19 -16 -178 -130 44 163 -84 -65 -227 -152 -147 -76 181 165 -154 133 240 -56 -166 112 -44 170 -126 172 -219 210 -66 192 -5 149 156 131 -73 61 173 -247 -220 201 209 -185 166 -33 -86 222 204 -218 -221 125 108 132 -193 191 -246 -201 103 -148 138 221 -136 -74 231 -11 -242 164 -87 -127 187 143 -117 153 229 -186 189 -245 42 197 -99 23 217 -139 -162 -239 -229 130 -215 214 -93 186 -31 96 -81 -209 239 -233 159 88 -105 -55 87 16 -62 -83 234 27 68 -71 -140 228 12 142 193 86 208 36 91 243 225 -150 -225 9 -210 -211 215 -143 195 -172 24 -124 -205 118 -236 -46 -149 113 84 -60 169 -226 -157 -113 7 -15 -22 207 56 -20 29 -35 -158 -234 90 -146 2 148 74 -207 135 -114 -138 -85 -123 -45 -176 -174 -194 49 223 22 236 -109 -243 10 58 -188 183 38 -241 200 34 106 -34 -26 219 77 -153 79 78 39 -183 73 -144 154 246 -192 -232 248 202 -165 -208 -191 89 41 -47 -24 147 48 -235 -102 66 174 70 216 -18 45 188 -198 -119 -13 -237 47 162 -249 98 -203 -6 94 -156 53 -101 -3 -9 107 105 226 57 -82 -50 128 -122 111 3 145 -161 6 -170 179 28 97 -134 -182 67 114 -17 -168 -177 -68 -8 116 -94 134 35 139 136 -128 227 218 82 182 72 -95 104 -96 32 233 -88 80 -151 -69 -54 -159 -200 -72 92 -107 178 -163 63 21 -14 168 -173 -171 109 64 95 232 -23 176 -77 -103 11 238 -121 124 100 -129 249 -59 -217 -115 25 -37 120 127 -91 196 54 245 171 213 123 -223 -212 19 -181 152 -240 -67 5 185 -98 -112 50 -106 -231 184 -244 -190 4 -89 26 65 161 140 -43 62 -80 224 177 244 -78 -116 137 198 -202 175 18 102 -118 30 115 40 -199 -230 51 -189 -28 -197 -21 -169 -160 -195 -142 -135 -97 -131 -179 -41 -224 -48 -180 -58 46 8 158 81 -4 69 160 -1 -40 110 -92 17 -108 157 37 15 -184 -187 -38 167 117 -196 235 230 -133 -12 60 -53 180 93 -145 -42 -214 85 -132 -125 -167 -39 -175 75 52 -27 -30 14 -79 190 -63 -49 237 
TEST 31 ARG:178 -124 -103 -18 200 8 -214 -50 78 -136 -82 -217 -68 18 177 -21 194 -48 126 1 -19 176 -127 225 -135 54 -30 81 -180 -207 43 189 -99 167 204 182 -54 -209 123 87 220 10 165 175 -107 238 208 164 -201 63 -206 197 -165 -94 116 -147 -163 -166 111 187 -202 237 -122 -158 -195 247 120 -226 29 145 -222 50 -174 -16 -238 -9 49 -234 -225 -187 138 -188 163 16 -159 20 -36 -44 156 144 45 -61 19 -20 -23 160 -221 -185 -243 216 2 -219 -81 113 -244 181 -220 -175 -101 77 210 90 -90 94 -113 -118 -140 -199 192 -100 -88 -153 100 -194 205 -134 -59 147 -123 -137 42 -66 172 47 -116 -172 107 152 114 221 195 246 4 -141 -26 201 230 67 41 -142 206 162 166 -64 218 -155 59 -224 -96 -181 104 -235 92 72 80 199 -105 141 56 112 85 31 26 -236 248 -67 21 198 -177 242 131 146 48 -34 129 -3 -70 58 -228 132 179 -132 202 -115 13 161 -111 207 66 -143 -149 75 -229 55 171 65 -89 -171 110 226 -211 -2 -10 227 -204 232 -169 3 -154 12 -148 245 74 -151 119 -58 -78 -192 139 32 71 229 157 219 101 -77 222 130 155 98 -242 -12 217 -184 24 -125 -13 -156 -231 -162 223 27 62 -4 22 -7 215 -170 6 91 -189 36 103 68 185 124 -95 -218 174 -250 241 96 73 -41 154 -56 -84 -213 193 -179 -160 -71 -130 196 -152 -63 9 99 -35 -208 -87 159 -138 -65 188 -241 203 -46 -210 38 88 137 -85 -198 61 53 105 97 39 -53 -178 23 -237 186 143 235 236 -39 64 213 -167 150 -51 118 -216 170 -223 -98 140 -212 -168 -74 -49 84 -119 211 231 249 -76 95 -93 -215 -139 -157 183 33 -182 17 122 151 -106 115 239 -6 -42 -29 -109 28 -117 209 173 69 -8 -24 134 -102 -233 -110 -161 -247 184 240 -1 212 -17 -249 83 -248 243 244 -92 133 46 -133 -173 52 -191 -33 -164 -27 214 -176 -108 228 224 -14 86 -112 -227 25 30 -114 -186 60 -55 -43 -45 14 -245 -22 -86 0 -28 -80 -240 -79 -121 102 106 -230 34 -196 233 -145 -47 108 121 79 -83 191 37 149 82 168 136 -129 89 -75 76 -32 -246 -38 128 70 -239 234 -203 35 -205 -69 -57 148 -62 44 -131 -60 -97 -232 153 -52 158 93 -25 -91 -40 -150 -72 51 169 -37 -31 -73 40 -128 127 -190 -104 11 -146 57 -15 180 190 109 -183 5 -144 -200 7 -126 15 -11 142 125 -5 117 -120 135 -197 -193 
TEST 32 ARG:-198 -28 57 151 -238 -36 236 -156 30 -246 -133 167 224 -85 234 -178 -121 -4 -163 -221 -130 127 -206 -71 6 -29 112 44 221 205 59 16 65 -99 93 -77 -102 -183 244 75 -95 -74 -180 70 231 187 -38 -170 139 -205 -106 14 190 -52 64 176 1 -1 97 33 189 60 -235 -228 -54 27 225 -7 229 171 -215 149 78 -248 153 -61 128 -113 -226 -34 -68 -73 -69 -153 -181 21 32 191 74 -108 238 -37 -136 23 -225 -51 -199 220 -63 8 -149 230 172 -165 103 235 -236 111 -96 -13 85 240 -62 72 77 39 -115 -57 -87 26 13 192 -239 109 -249 110 -124 71 66 -3 81 -129 -164 48 228 94 5 227 183 174 134 241 -88 -213 28 -218 211 222 -80 54 -159 155 -67 117 118 42 -212 160 -58 -90 -22 40 -15 114 43 212 223 197 34 -173 -223 215 -116 161 -158 -86 35 148 -39 -107 -243 135 -93 -41 -207 164 -189 36 185 -185 -224 -70 -229 -140 202 -166 15 -172 126 -40 -14 -92 -44 -66 62 -97 239 96 181 20 29 47 -174 -179 -18 -82 -190 -12 -43 91 -237 -104 87 -187 -210 -91 141 -188 -42 89 -89 -196 99 170 4 -216 -197 -150 -5 -76 -111 101 -204 -33 -244 -177 -147 145 63 -192 154 -233 -203 -211 -123 219 -144 -146 130 196 58 -209 -184 -64 156 -122 169 -20 104 163 120 -112 -56 -132 108 105 157 247 150 -139 -98 140 90 52 210 -127 95 -134 46 -145 19 -201 -17 143 -138 -81 -250 152 -241 86 -125 217 -169 -24 -135 129 53 -46 -84 -154 -167 -200 -143 -230 159 -49 -25 -59 226 -2 -16 -105 -141 98 -19 37 -148 -103 -155 -78 147 -157 12 84 137 -195 -110 119 -60 166 -247 -30 125 177 69 -10 -202 -151 -55 203 -9 107 7 182 10 146 -126 82 124 -26 92 -240 50 -131 68 56 -186 186 -72 -227 -50 -231 3 179 -208 208 -48 -191 -53 246 216 131 -128 106 80 61 173 17 218 -232 -182 -220 -245 -162 -214 79 188 38 83 73 -114 -6 -118 178 -142 -11 209 11 -31 -161 102 158 -242 49 100 121 51 232 -194 -100 -47 168 -120 31 249 -94 -217 245 -75 242 184 -152 -35 115 199 25 -222 -137 41 76 24 213 243 -176 194 180 195 198 -83 175 9 -175 162 123 -23 132 22 -117 -109 136 2 122 67 -8 -27 -21 116 -160 -32 233 165 -193 204 206 133 142 193 201 -219 -45 113 -79 88 -119 -65 248 237 -101 214 -171 -234 45 0 144 138 18 200 -168 207 55 
TEST 33 ARG:215 -182 -54 -71 -135 -36 -56 162 157 -88 20 -28 -93 -136 -147 -186 -107 -31 96 214 132 73 -12 -103 125 -230 225 -16 -126 210 43 172 221 202 232 -51 -141 -148 -179 -104 -4 -111 -96 228 -160 -21 -67 195 -14 49 -62 134 -218 36 12 112 75 -24 -202 0 -120 141 218 -192 -43 -223 -3 44 242 31 103 -44 -72 175 219 -57 -81 146 64 76 -201 200 211 4 115 -134 -121 -220 -151 -33 152 53 -137 101 15 187 171 26 46 240 65 -50 159 3 -243 227 -106 190 248 67 48 -236 -97 237 116 -171 88 163 -95 89 -75 -164 -138 -18 -83 128 100 -84 -108 198 -165 -196 233 -65 207 -59 6 -73 77 30 -212 150 -39 247 95 -132 203 -17 127 29 222 194 -216 -130 217 -249 -23 -233 -114 -234 -250 25 -152 173 206 -210 -143 182 69 38 -110 -8 -245 160 56 -150 224 -112 -222 -38 -238 -189 123 -85 -19 78 70 -41 189 -79 102 176 -180 35 -156 107 209 87 -101 -161 -9 -40 109 -29 183 161 -228 -99 63 177 -217 151 149 223 -176 -239 -188 -125 -113 -159 -53 -26 -30 14 139 -203 -86 -127 80 230 -89 136 -139 -34 -207 -247 169 140 120 153 66 -181 92 119 -197 154 105 40 -215 114 59 -82 -42 -177 33 164 24 -122 -242 -175 144 -49 -55 2 11 41 9 52 -118 -244 60 -226 -70 -46 -221 -74 -15 7 -184 85 51 -167 -5 174 -64 -78 97 -22 -6 42 -195 37 -241 -68 235 -52 -102 246 -219 94 10 244 -131 170 -27 181 145 166 -98 245 -163 142 220 148 23 -37 -205 -91 -66 -183 -25 -119 -193 243 -191 -69 5 83 158 50 199 57 130 90 82 -224 -109 28 -10 -229 99 178 -190 62 -153 -105 -168 124 131 -178 197 106 72 -76 -166 17 1 -92 -149 184 117 193 79 -45 -187 -77 -1 201 135 236 -204 84 186 129 -58 98 -117 -232 86 118 180 -227 234 212 -144 -123 22 -133 -11 -225 -248 -208 -63 16 68 21 -173 -185 110 -47 -115 74 -174 104 93 18 -213 -157 47 -61 238 -48 185 39 55 -209 179 -211 192 -116 204 32 138 -13 -142 249 45 111 239 71 167 -100 -235 -200 -194 226 188 -60 19 81 168 108 -199 -214 156 -172 216 147 -237 61 165 -7 13 126 -169 137 -240 -2 122 54 113 205 -87 -206 196 133 143 34 -162 58 191 27 121 241 -231 231 -170 155 8 -32 -198 213 -128 -94 -154 91 -35 -146 -155 229 -145 -20 -80 208 -129 -124 -246 -158 -90 -140 
TEST 34 ARG:-73 20 -169 196 62 -249 -244 104 -200 67 -17 -230 -234 181 39 -104 -8 -215 126 -24 -71 145 153 238 -164 85 -184 -62 46 -38 121 -247 -28 30 15 143 -52 110 -37 179 -143 0 216 -29 -189 -145 -99 -105 78 166 -245 215 226 244 219 18 101 -124 -140 76 -221 -202 -178 189 197 132 168 -65 -232 -175 -78 -132 -139 -185 169 172 207 -36 221 -102 227 -186 19 248 -96 -81 123 65 -171 -158 -39 -79 148 90 -66 -58 152 -112 -152 31 -97 204 -77 -246 93 200 -126 135 243 202 117 48 134 119 195 151 103 58 241 -4 -19 -159 136 91 -130 81 159 184 -51 -87 -74 229 125 94 113 107 164 -100 180 -170 14 203 -209 87 -236 49 -85 -172 -13 115 128 -82 239 -3 -125 129 99 -177 -122 -196 -115 -240 137 212 186 -98 56 27 9 83 -111 -118 105 -14 -217 234 -212 32 225 -167 146 -190 140 -15 -204 -11 249 41 -34 -235 133 -45 -101 80 -162 246 -179 -61 77 -84 -180 -56 174 -210 -153 1 111 60 173 -2 -142 -25 -248 209 -165 92 36 150 -120 -154 141 130 -10 33 -80 -91 175 -181 -216 -166 235 201 42 -231 79 45 11 -131 -206 -22 -113 -12 -198 -141 -30 230 -35 29 50 -47 157 22 -106 -107 170 -6 -149 -32 -90 -48 -138 12 237 116 -136 -226 -201 224 106 156 -1 23 160 127 57 -135 178 206 102 -117 34 199 -57 63 -63 35 142 61 -109 211 -108 -151 8 89 193 72 -213 162 -26 55 -157 231 -53 2 70 -161 185 188 191 131 -228 -229 -174 -64 86 -199 -207 53 75 233 171 -146 109 -46 167 38 218 -168 17 187 -183 -220 -176 -187 -127 43 240 -110 138 26 154 149 -160 -233 247 -43 -5 -72 -75 -42 -93 190 -222 -7 245 -123 -148 -18 -193 100 -23 112 176 24 236 -219 108 -241 69 124 13 -237 88 -76 208 223 -41 3 -67 -250 40 -205 -173 -182 -238 -68 -227 -147 7 -55 -121 51 -150 -218 73 -70 192 -89 -103 139 -44 21 118 232 -243 198 -69 95 59 -33 -163 -144 213 16 -92 183 -214 -128 -27 68 28 25 54 120 -83 177 147 242 4 37 -54 -203 -114 -191 6 98 144 -224 10 -59 66 -40 -194 217 -133 52 64 -129 122 210 -137 -21 -155 205 -242 -16 44 -188 194 182 5 -94 114 161 71 220 -119 -50 47 96 -60 165 -195 -225 -211 -31 -86 -156 -239 -49 222 -134 -208 -192 -9 -116 -223 74 -20 228 -197 84 -95 163 214 82 155 97 158 -88 
TEST 35 ARG:-38 113 30 -122 -21 -17 62 -145 101 156 -239 241 -203 155 197 143 219 -158 -214 -75 -199 -192 -72 1 66 239 86 -141 -204 -206 167 -200 -238 -118 -230 -233 75 244 -127 35 47 -234 2 -236 -173 235 50 151 -119 -98 -153 -78 -208 63 44 208 -245 -142 -130 199 195 -108 212 -128 135 -249 -14 60 -19 -63 -157 53 -202 21 -55 120 24 -113 -229 -51 126 229 -84 26 -76 -248 -162 93 -80 -198 87 153 -224 205 142 51 -3 -191 -180 -121 176 -15 -10 -183 55 111 -79 134 70 164 -177 -91 45 245 -196 -69 -144 -29 -212 15 -4 -226 -172 -64 238 -44 -231 -125 124 189 73 168 -54 85 43 14 96 211 -205 -71 9 180 22 -150 38 -169 -48 -215 182 152 82 -163 -26 141 227 -201 -147 183 -155 -134 -58 -175 -120 8 39 -123 186 48 -70 240 46 19 -77 110 42 -86 -27 89 213 -171 88 198 -220 -45 69 -148 215 237 243 160 123 80 -23 222 206 200 233 214 -210 221 105 -164 -60 147 -217 -7 106 -161 52 169 -85 184 154 224 177 -66 -195 -61 -225 -152 -156 209 -81 102 171 -216 140 125 204 -49 129 3 -103 234 -159 -209 -39 203 -25 108 185 -18 34 -11 157 18 249 192 -197 217 -223 -30 190 -186 -92 -132 78 -176 -151 -105 -37 247 226 -190 91 -1 -31 -101 -28 -57 100 58 -143 32 174 -100 173 231 64 -114 196 -20 138 -6 -135 10 172 -129 -207 178 -181 57 -160 33 194 68 133 -170 -137 128 201 -228 -95 158 -40 170 223 97 -93 207 -111 -74 188 31 -33 -34 77 202 218 -97 191 139 103 67 59 225 -240 76 -42 56 -149 181 23 0 -146 -179 72 5 17 98 -182 -110 -187 132 -107 -62 -232 -32 -24 -115 -244 -104 83 166 -12 -41 94 -73 95 144 71 -154 -35 -52 162 136 -184 -246 -194 54 -174 -136 216 -237 148 -112 28 -102 -167 -133 119 -222 127 -126 -193 -242 74 -219 -138 246 -82 179 49 -65 61 -168 242 -8 20 -50 36 99 -241 161 228 -46 4 115 -96 27 65 25 131 107 -94 145 -53 220 37 210 -227 7 -189 -235 187 -2 -67 -213 114 -99 92 236 -124 -247 109 -109 150 175 6 -13 146 -221 16 -188 165 -131 84 -106 163 41 -243 -89 -9 130 -16 40 -165 149 81 -87 -43 116 13 29 -68 -88 121 137 122 104 -47 -166 79 117 -218 -211 193 11 -36 112 -140 -139 232 -83 90 -22 -5 -116 -250 -90 -117 -185 12 230 248 118 159 -59 -178 -56 
TEST 36 ARG:-204 9 58 -64 -52 -61 -33 140 69 -116 -207 109 84 -230 -100 -213 -172 121 -227 -2 -32 -189 201 -15 -246 210 -139 -93 -35 -147 -144 -41 89 36 78 -89 -199 -103 21 -55 234 -182 205 -98 -152 103 -209 161 215 111 59 -126 -75 194 110 158 171 43 220 149 128 -141 219 148 16 -7 204 -22 -216 -6 -215 142 -53 162 -4 -107 189 -198 118 174 -250 -40 13 2 243 8 -138 -151 117 -219 124 113 135 209 55 -156 159 218 236 131 3 -195 -228 180 -94 145 -175 -203 -208 -222 -237 -225 -191 -91 199 -97 154 -243 223 87 157 -148 227 -81 195 225 -16 -45 -193 1 -188 150 44 14 147 -95 -241 193 -21 104 19 125 -132 -192 -118 -233 25 51 -102 -42 -187 98 73 66 206 63 -8 173 -155 -54 139 -10 -80 129 -101 46 187 108 -43 50 -166 -44 242 -1 37 -134 -84 177 -140 -245 200 137 -25 75 115 -47 -72 -56 -202 -112 237 -83 53 22 99 79 -165 29 -29 32 -127 -185 122 -131 67 -5 -223 172 -49 17 -135 164 190 224 -168 68 -104 -105 -159 41 152 -59 96 -235 77 -130 239 -177 -122 45 119 245 -51 233 -133 207 217 88 182 -226 -57 81 40 26 -234 -146 -69 168 -236 -76 126 183 -70 23 -196 -160 91 230 -82 -79 -180 -20 212 -247 186 -167 112 27 -11 6 -205 -211 -176 -46 10 -119 -212 -78 74 83 -92 11 -62 153 -23 -18 34 235 181 47 -87 133 -67 -111 49 191 -206 197 -231 31 175 -110 -109 48 -117 -27 92 -214 -239 -26 -125 -63 134 -153 192 -163 -179 52 241 33 -137 240 -106 114 90 -224 -242 -136 4 76 130 170 65 86 146 30 5 -24 228 -145 -124 244 100 188 -60 39 72 203 -158 247 -229 -99 -31 -170 -161 221 -113 -50 24 232 85 -38 28 138 -96 120 214 0 196 -244 -143 -178 -12 -71 35 -201 -248 136 -73 -58 -48 -149 70 12 -190 -221 185 -129 -240 222 249 -123 -90 -77 184 -232 -86 -164 -210 -197 165 202 15 -108 38 144 61 57 160 176 95 -9 -121 -150 231 151 -184 -217 102 166 -169 -249 -142 -17 213 97 -171 -39 -30 -238 -186 246 116 -14 -34 60 94 -37 -218 211 -74 107 -65 -114 -200 101 -181 -183 127 82 80 93 179 -173 -174 143 18 141 -28 54 178 -88 238 105 226 -128 169 -68 216 208 156 20 163 106 -194 -120 7 42 62 71 -85 -19 -162 -13 198 64 229 -154 56 -220 -3 -66 167 -36 -115 -157 132 123 248 155 
TEST 37 ARG:137 -116 -42 -224 123 -65 30 -203 173 82 86 235 -13 81 117 245 -36 -229 223 -147 -199 80 -131 47 -157 -200 187 73 -183 24 -114 -145 -12 -237 -18 63 151 174 -218 233 -19 -126 -95 175 -72 234 94 -134 -63 77 -215 -144 238 -242 15 -210 23 200 -41 189 25 44 0 241 -75 75 97 153 -11 236 112 226 -24 46 -236 45 -221 -60 -104 69 19 143 98 -139 26 -189 154 -244 -196 -54 53 -62 -14 -86 246 -235 -249 148 10 215 243 17 -207 39 -66 220 65 -78 -118 60 -6 -245 152 56 196 50 130 104 -238 4 -110 48 -87 -17 64 -181 213 36 96 113 178 -135 -197 -193 159 -161 201 -85 -106 -166 83 208 -160 -9 182 -172 158 -176 -58 -92 183 142 -53 -84 21 141 -88 157 222 -214 192 -204 29 102 91 190 225 -227 -222 249 -217 -90 76 -142 -188 203 -122 101 41 218 212 16 -206 67 242 -91 -108 132 -44 188 -26 -136 -195 -191 6 193 -194 33 -73 31 42 -117 -113 118 134 78 194 150 -101 144 121 186 -246 -156 162 95 -102 237 -69 -169 -51 43 -232 -170 -79 20 1 -250 198 180 79 -202 -180 106 -151 -71 170 -247 -103 -25 -127 12 229 61 -152 165 -34 7 -46 85 32 49 -171 -47 -22 -248 40 149 -186 -80 128 -192 139 240 -154 38 -59 231 -93 -140 171 -55 -31 -37 74 -155 -8 52 -33 -111 -120 -158 -141 -148 -167 -220 -67 -225 110 -2 71 -23 -209 181 9 179 -10 227 -115 -177 90 18 247 -3 219 -49 -97 -208 34 111 -100 -20 100 57 202 -231 -223 -216 -89 -205 -219 54 105 -143 -99 -163 -43 13 87 230 -201 -187 168 -30 207 51 124 211 84 -4 -29 -133 145 -81 -146 114 -52 92 58 62 129 -35 -56 197 103 184 -150 228 209 -233 136 210 -50 99 -162 -243 109 -74 -57 169 156 -82 155 140 -70 -128 185 120 -5 -185 147 -241 28 11 66 -226 -83 70 125 172 166 2 -239 205 8 -153 -212 216 195 -178 115 -173 14 68 -149 -165 -175 -121 -174 88 -164 -182 164 133 160 -109 -228 59 -21 27 -230 -112 93 -129 -7 239 -39 217 -159 -27 -77 5 138 -119 -48 -38 -130 89 -211 126 -179 163 -198 -1 -16 -125 -76 244 -64 116 206 119 221 -15 -137 -138 -213 -40 146 199 -234 -132 3 131 -98 224 22 -168 214 -107 167 127 122 232 -123 -61 -190 -94 -45 -184 176 -124 161 107 37 -96 -28 248 55 177 108 135 35 -68 -105 72 204 -32 -240 191 
TEST 38 ARG:-10 -59 83 82 -121 -146 203 4 225 172 -198 70 -1 26 -189 109 180 -173 188 139 -236 -113 110 -39 -161 -88 -229 -107 -140 128 -169 -78 144 -233 150 -132 -196 76 -234 -7 218 2 -221 64 192 232 65 86 -49 137 36 -208 156 91 -8 15 -109 224 -18 140 -156 237 243 94 98 136 -150 54 44 236 -148 0 111 -230 -225 -56 -232 51 -191 234 -186 -207 -57 -222 153 -203 -181 112 -101 -95 48 157 106 87 85 -187 -122 130 -73 -90 -20 -215 102 60 -105 -130 183 89 221 104 108 -47 -46 -71 147 -5 222 -228 18 187 210 -125 -34 148 -93 -238 -104 -124 42 13 201 -141 -182 138 239 19 -159 245 238 -155 240 -80 -89 35 -21 -86 242 197 -74 -138 -237 191 152 216 170 122 -72 8 -45 129 -114 189 141 14 -106 124 -250 84 -158 -249 93 -2 -145 -248 -12 -175 -200 -139 105 195 -63 -217 -70 -44 133 220 -213 -55 126 25 -235 246 -24 204 179 -117 -115 -22 131 1 52 31 21 -123 -214 -149 45 -246 135 -209 151 208 185 160 3 -9 196 171 24 -188 155 92 -52 -243 212 199 -36 -205 229 -76 -171 43 230 -13 -29 74 -216 198 -184 177 -84 34 116 -239 27 -179 223 -14 174 30 -27 -32 80 103 162 73 154 69 11 -23 -193 217 -126 -62 -231 16 39 231 -174 90 181 163 -199 -108 247 -162 175 -144 -16 -116 101 184 12 77 -33 23 -166 53 -60 146 -135 -98 75 202 -218 -120 -163 22 107 132 -153 96 120 -165 -82 -11 -152 -183 -194 -192 49 -48 63 -167 41 -172 193 227 -223 248 176 61 167 -164 186 95 38 121 166 88 -242 -81 -40 -227 194 -206 145 200 -118 142 -35 228 -176 20 -119 -204 -103 -30 161 -99 149 67 118 -110 -168 213 -210 113 -43 164 249 205 -190 -157 -201 -61 -92 -151 -69 -51 -177 56 -96 -94 211 -79 -134 -37 -195 62 123 -245 -42 5 165 -147 182 168 -38 -67 -25 143 47 -131 244 115 -75 119 28 158 46 -142 -160 -143 159 -185 -241 215 58 33 -197 127 6 57 -91 -170 -28 235 -128 209 -68 -112 50 117 -26 37 169 241 -244 29 206 59 -226 214 -111 97 100 66 -77 233 55 -180 226 32 -65 134 219 -178 -19 -129 -53 99 -87 -66 -85 -64 7 -3 -15 -102 81 -240 72 -6 71 -247 10 -97 -54 9 -202 190 -219 -58 -220 -154 -211 -50 78 173 -31 -212 -83 -41 -127 -17 -136 -137 114 17 79 -100 125 -224 40 -133 207 -4 178 68 
TEST 39 ARG:-212 -147 116 -153 -238 -67 -242 180 -129 -40 -221 32 -118 -171 -218 198 30 216 95 94 -150 161 -16 65 151 66 -90 -8 4 -160 205 179 172 217 -100 26 195 -229 144 10 -248 79 215 77 -22 111 126 117 -215 243 -170 133 -75 -177 -184 58 -112 -241 153 -64 52 8 124 -204 203 213 59 -30 -194 -17 136 -237 -192 -133 206 187 114 22 -137 -187 115 -245 -142 70 90 244 -141 92 -152 227 76 -82 -111 -24 28 -196 235 -5 189 -41 220 -83 -50 199 31 3 175 -180 -60 -21 -156 183 -119 -55 134 -81 150 -65 230 -240 140 222 108 -198 119 -175 -148 138 159 249 -159 -39 67 192 141 -34 83 -44 -166 -140 102 40 -183 145 53 93 -200 -199 -87 122 84 -53 -143 173 -243 9 208 185 -43 19 -250 -66 139 -186 -23 -167 -73 86 -205 2 12 170 -208 57 196 103 -244 51 -214 109 -134 -59 -149 -217 -84 -29 132 -20 -136 61 -79 -213 -165 -49 174 42 -76 -1 54 60 -114 62 152 47 -3 -14 -38 -93 239 -35 -89 -7 -123 -91 100 39 -231 -68 13 -31 125 160 -58 219 27 207 171 -86 190 16 -25 -106 147 167 184 49 89 -138 223 -173 128 68 -127 229 -110 -207 -190 -105 99 55 237 38 240 -4 17 120 -179 -227 -94 -109 6 -178 105 -195 -97 -233 -235 -32 164 101 -151 148 -232 -226 121 -46 118 -19 247 112 24 -12 34 232 238 -124 72 74 -197 137 -228 -174 226 -211 -144 110 7 -42 -51 98 228 -36 -246 -220 211 131 -28 107 -61 106 178 -176 157 130 -98 1 225 85 5 231 63 -101 -157 -139 33 -193 41 -70 -181 20 14 82 -77 154 -26 -239 -71 -224 -27 -80 -234 -188 -185 -57 29 87 78 97 -52 -45 -154 -85 -210 248 177 202 -33 18 241 71 -6 182 15 56 23 181 44 -122 186 -128 201 129 168 -74 -103 158 162 -69 37 -236 -48 -189 236 -115 -18 -201 -209 -88 96 155 50 -108 245 -56 45 -191 176 210 75 188 -107 143 146 -99 -117 73 194 91 -37 127 246 69 212 88 234 233 -202 123 -11 -9 64 -182 -172 -95 -132 197 -113 35 -169 -54 -135 156 46 -2 43 -161 193 -247 224 165 -96 -47 -10 -146 -163 191 -126 166 142 -102 36 21 209 48 -164 -219 204 218 80 -216 -125 -206 -223 -63 -155 221 0 81 -222 -116 -78 -92 -120 -225 -249 104 149 -162 -158 -62 -131 -72 -104 -145 -168 200 -230 163 -15 169 -121 113 135 11 242 -203 -130 25 -13 214 
TEST 40 ARG:9 -35 2 -49 199 224 242 -244 -204 134 -8 47 230 -48 -201 -170 -78 -199 42 127 25 -25 144 103 -45 -70 172 -55 16 -168 -182 -217 80 191 143 132 -222 180 -85 170 -92 -130 -167 -177 6 151 48 24 -11 -16 135 61 -56 147 -155 -146 -91 -196 -107 10 4 -193 236 174 64 152 -23 8 102 146 38 214 -34 91 -52 -247 -96 -234 -47 30 20 -7 -148 201 -87 100 57 171 86 43 234 -89 247 -61 99 -134 220 5 -192 -173 116 -43 115 202 98 161 -246 -183 -227 34 -103 -81 -159 81 219 -163 -93 -161 83 -90 59 -13 131 69 54 107 -216 -26 192 -3 -73 -111 101 140 235 -128 -74 21 -147 203 35 -160 121 173 196 31 -169 -67 114 240 194 78 18 110 55 46 -221 -211 -206 177 -181 231 209 183 204 179 -194 39 126 193 58 -104 136 153 -1 197 -215 -157 159 -99 157 -207 -153 19 -63 -132 50 11 -151 -15 229 210 120 76 17 23 178 208 -9 -20 212 -65 -40 237 70 150 186 -235 218 -198 -88 205 94 122 45 -226 225 137 22 72 123 90 -2 149 -175 248 187 154 129 -72 104 -233 158 -138 -50 -95 -100 217 -250 -76 -39 33 -58 -223 -172 92 -176 -136 -200 -109 -184 71 -195 181 -41 227 74 63 -64 -98 226 -18 -102 88 -174 97 -144 -213 163 -178 -225 -84 -241 -79 148 -38 -17 -4 -238 112 -231 -179 -135 -94 221 -239 -110 -129 -113 190 -162 166 -203 213 -29 105 -123 139 44 -44 -121 -209 -106 195 -60 40 -116 96 -240 51 7 168 -6 108 -42 -122 -28 95 118 138 223 -37 243 -125 82 -57 -75 119 79 -10 66 37 3 93 -117 12 84 222 -66 -229 -14 -228 73 -119 -237 246 -120 -152 -248 -36 -105 -141 117 162 15 200 244 -188 29 -27 -31 -30 -156 -154 -191 -145 -212 -214 -205 -62 87 228 232 77 106 156 75 130 -53 189 -180 -140 -82 -24 32 175 53 27 167 113 -224 145 -46 -133 216 -189 206 164 -114 -33 -54 207 56 14 233 -249 -5 -32 49 52 -230 -143 -69 62 -115 -118 -166 249 111 -112 -190 -197 128 -208 211 -108 13 109 1 -59 26 -83 188 -139 -142 -202 -101 -124 -22 36 -185 -137 245 -186 -97 28 -232 -150 -218 155 -68 -164 165 -245 60 238 67 -51 -80 0 141 133 -127 176 -220 -149 160 -158 -187 -165 -126 89 185 -171 -243 -77 -19 -131 -86 198 65 -219 215 241 -236 85 -242 -21 124 169 125 142 239 -12 41 -210 -71 184 182 68 
TEST 41 ARG:67 120 -48 -125 -107 51 232 140 -232 -248 -149 4 -132 -233 69 -202 -74 233 165 6 -26 166 56 -197 213 -170 -75 80 -243 -131 -23 207 -29 -17 176 54 -231 244 -123 -191 68 -163 -51 36 11 214 190 156 -158 163 -80 225 -120 -210 -7 -235 40 -227 172 -28 175 -99 -50 -160 -117 230 242 -40 -4 174 -136 -25 249 139 183 136 63 -138 -57 26 1 171 143 -189 -213 118 -31 -167 -178 -41 188 -139 -127 -171 116 -100 164 212 33 -21 -215 210 -140 208 81 98 150 77 -240 -2 28 -14 -166 -141 231 73 -157 -1 -79 195 159 224 130 88 -46 60 -146 -142 125 148 -206 154 218 182 49 87 201 -44 203 -22 178 -112 -238 -9 20 -175 -190 223 -20 -81 -180 -89 105 -145 121 3 -148 -169 235 -211 147 -129 151 -230 179 8 -52 187 -173 -36 2 85 -72 110 209 135 169 32 -60 126 -54 -11 -61 144 220 70 -8 173 -98 -154 58 -234 37 -193 158 124 -55 13 104 -45 -5 -93 92 -78 -222 102 211 153 96 155 -47 -30 76 -187 79 -185 -76 -164 -221 -12 198 206 107 91 -64 -172 31 57 216 -177 -217 90 -208 39 -27 99 128 42 -218 -195 113 -161 -130 43 52 -128 9 82 -242 -106 -245 34 -244 47 59 189 -159 204 -88 -16 -143 15 -224 -196 149 109 -83 -137 -228 -118 -176 94 83 84 168 -207 -121 114 -220 17 -6 10 138 61 219 237 74 -104 -53 228 -181 -43 24 -3 193 -151 -241 -156 -38 186 -24 240 97 133 -85 -94 53 222 -203 44 -179 -133 217 0 192 -18 -192 45 -153 157 -239 215 -199 146 64 -165 -124 72 -101 62 -183 137 111 -249 -250 -152 23 -219 -226 -229 25 -69 -223 -188 -150 119 -33 -32 -56 71 -109 -168 -247 200 180 35 177 -58 -108 -65 -246 14 -90 -212 30 -201 248 185 160 21 115 181 -110 122 -86 117 205 -91 -82 -147 191 236 -225 142 -144 -15 196 243 -62 -182 -155 41 101 -237 -67 93 48 131 -205 -84 -34 -63 221 -216 -122 238 -115 -96 152 -77 161 66 29 86 -214 18 -186 78 7 16 -97 199 170 106 -68 95 197 -135 38 -10 112 234 22 226 -204 27 123 129 -194 -236 239 -70 -71 -73 194 162 241 100 -114 127 -19 -59 65 -105 -134 -174 -66 -162 55 5 247 134 -87 -119 19 -126 46 -209 103 -35 227 75 -13 141 50 246 132 108 -49 145 -92 245 229 -113 -102 -116 167 -184 12 -111 -39 -103 89 -198 -42 -200 -37 184 202 -95 
TEST 42 ARG:230 196 -38 -138 -240 -88 67 -49 44 -199 34 -113 -57 147 -231 -35 31 128 -201 136 -11 76 78 -30 248 189 -153 200 -148 -9 124 -193 -173 -31 24 -54 -154 47 28 -106 143 75 -169 -41 245 117 -13 132 239 242 -43 149 175 9 -69 150 -50 15 -202 -59 -249 -99 -214 -58 107 33 139 -177 138 170 219 -118 123 -232 -144 56 88 -19 -95 -87 65 -220 -90 192 203 214 -211 -52 -167 97 -76 -24 -185 18 246 166 -81 -94 134 -82 83 -3 -122 48 -112 -23 99 172 63 -101 -156 27 -33 194 -188 217 -16 -143 121 -85 0 -1 20 -62 -5 -135 91 116 -160 179 218 14 -17 70 -4 -61 -189 -182 158 -216 -175 -227 -78 152 -67 -119 -155 95 -187 -142 -225 -46 120 140 -55 -149 199 25 233 -203 213 130 104 90 -77 -151 -181 153 155 -228 211 -86 223 86 62 144 -218 -98 -10 165 222 -72 37 -250 -236 236 126 135 74 111 6 122 -163 -102 -178 202 -190 -115 -37 -180 -168 182 -147 161 -70 118 -79 156 -108 191 -18 45 -129 -246 -96 -121 -241 -114 105 -204 240 -165 -40 10 69 -191 4 -207 16 -14 224 216 -192 249 106 148 66 -212 232 -200 237 -217 185 -117 244 64 -39 188 -36 50 -238 -32 112 -120 -146 30 7 -71 -12 55 -109 -74 176 178 -128 210 -15 -68 -27 -84 -221 -66 231 -26 -210 177 183 72 -248 173 53 29 190 101 227 142 193 -132 -244 12 -162 -28 -222 35 -6 -75 -42 169 -80 -53 -124 60 -184 -208 -63 -174 180 110 32 -219 61 160 -158 1 146 115 13 92 -140 -107 225 125 -234 229 -131 243 73 -21 82 -29 3 -48 131 -25 102 -103 113 -223 234 57 206 164 -44 11 -195 41 -194 85 77 -164 -171 141 38 238 -136 -161 -125 -111 204 -60 -159 43 93 80 -130 109 133 -20 -233 59 84 -145 235 171 209 81 103 226 127 100 54 197 -51 68 -197 87 137 228 159 201 181 -235 -206 205 89 -186 151 8 162 42 -64 168 46 58 -89 -215 220 -127 221 96 52 195 212 39 49 71 23 -91 -170 -83 -198 -176 247 -237 119 -205 -97 2 -183 -152 -116 241 -73 129 -110 145 -126 -196 19 36 -2 -226 114 -133 -47 -245 -137 -242 184 -100 -8 187 208 -157 94 26 -45 -243 -209 -230 -179 -166 22 215 -247 -105 79 -104 -139 167 154 5 108 174 -134 -92 186 -229 -123 -239 163 207 198 17 21 -34 -93 -172 -224 157 51 -213 98 -65 -150 -7 -56 -141 40 -22 
TEST 43 ARG:49 -192 -181 228 122 69 -51 -165 220 241 177 -96 -36 71 242 162 -208 -233 -103 150 234 -33 -210 -135 174 205 -156 55 72 117 104 -64 -218 -62 -160 -159 -83 227 -14 -205 16 -168 -86 21 120 -77 -215 -28 -73 119 -199 -229 168 -197 57 224 79 -46 206 52 54 -123 -139 176 -178 -133 -234 50 200 38 0 84 48 -12 212 -99 211 167 14 127 -177 223 -144 -149 -141 221 -80 100 -171 231 -52 -175 -27 26 30 75 -102 201 -45 -70 -230 -153 -249 -65 -104 -134 190 238 77 111 134 -147 -132 154 -155 -226 -95 -222 209 -10 197 -68 232 58 -204 144 -88 137 -184 118 123 207 215 53 156 163 -24 236 32 44 -232 193 -110 -58 -31 132 61 -140 -17 -29 43 -186 51 -39 -148 128 -78 10 217 -4 -20 -138 126 -191 180 -195 135 112 194 86 185 -217 203 -67 41 -250 -82 -183 -246 -224 -235 60 13 62 204 149 -243 243 141 -131 -130 67 -166 -150 -38 -245 -118 89 136 -248 181 -227 -72 -53 -157 130 225 12 80 -240 29 164 88 -180 -71 -108 20 74 -107 240 114 -225 226 -127 214 -239 3 -117 235 195 210 -116 -209 90 37 165 -142 -112 -137 83 -220 7 202 59 -146 -121 239 -47 143 36 96 106 -202 -188 95 76 172 -190 -200 246 -201 -60 -59 183 -91 -170 -119 216 171 -100 178 -35 -173 113 -213 -87 99 -85 222 140 249 -97 65 -74 98 -129 -56 -79 -93 6 -244 -1 115 -207 -9 33 8 -221 124 229 -228 82 66 198 103 166 17 91 188 -172 -89 170 -143 187 -54 34 25 -84 -198 -223 28 108 -216 105 78 -69 237 -106 175 -81 192 68 -182 1 -76 -25 19 -120 -7 125 142 -113 70 -238 218 5 -23 -3 -15 116 -32 245 -22 93 15 46 -219 131 -40 -48 139 -13 191 146 248 18 -41 147 182 -114 56 -16 184 107 87 160 -49 -154 -152 133 -5 -167 -66 -163 -185 2 155 11 22 40 42 151 -158 9 244 -44 -101 -18 -115 47 157 -37 -43 109 23 153 4 -34 110 94 92 -2 -50 -111 81 179 63 -126 -42 -11 -164 -109 -162 101 -125 -193 97 -236 208 -19 -21 186 27 -194 219 39 -75 145 230 -63 -247 129 -174 85 -203 -237 -26 -176 45 -122 -212 233 24 -231 -55 64 -179 35 169 213 -242 173 196 199 -189 -92 189 152 -98 -124 159 -187 -30 -214 247 102 -8 121 -206 -145 -105 -90 138 -136 161 148 73 -241 158 -196 -61 -6 -211 -57 -161 31 -94 -151 -128 -169 
TEST 44 ARG:143 179 200 56 189 155 204 215 -2 -237 -70 159 -97 245 -16 40 181 -236 -242 -160 130 -28 -30 195 165 98 -216 -104 -74 99 145 -176 -144 135 -33 -6 -122 4 33 -138 95 -11 157 191 -47 -250 188 -108 234 211 -101 -222 74 -43 51 194 190 -202 -241 -207 -137 205 -230 218 109 -127 -190 167 -135 -78 -166 229 243 -167 -103 -80 173 -98 -203 55 37 117 -149 242 185 59 -44 62 249 -131 -172 -159 -35 -52 142 -39 193 29 127 -183 -231 -82 -18 -12 -219 112 -4 87 -193 -88 11 144 107 -105 81 -248 182 100 -121 223 -217 46 -56 64 -123 -199 141 192 32 105 -1 -180 80 -184 67 206 171 -153 233 -177 -187 -197 35 163 161 -147 -234 -246 13 -136 -110 -204 -208 -63 -125 42 77 79 201 -182 75 50 -114 -139 -188 -155 170 156 -238 5 84 -191 -26 -173 -179 -175 113 240 237 -85 -247 26 -128 -41 -91 -59 248 172 202 -249 -73 -209 10 199 244 -224 -93 149 43 -75 197 89 -206 -233 227 187 -145 -15 108 -67 41 -20 -157 -118 116 -34 82 -226 214 133 27 184 -164 -94 140 -181 8 -45 91 28 65 -115 -170 -37 15 125 1 0 22 -196 6 78 147 -117 186 -169 -71 3 -109 -150 -27 -83 128 24 58 -53 -140 12 54 -126 196 -119 36 123 -42 47 -107 -211 -3 210 151 -245 -10 73 39 -84 -23 53 -154 -152 -161 106 134 177 231 121 -46 -165 101 66 138 -171 -48 131 132 120 -17 -87 -32 136 83 -60 -7 -141 34 209 25 16 102 60 -227 -38 241 94 246 -116 -240 158 220 -198 -146 -22 52 -205 86 21 -178 160 219 23 -185 -213 168 -111 119 228 -174 63 230 -69 104 103 14 -58 97 -86 225 -76 -163 -13 148 122 -89 -102 169 -77 -232 -192 -95 -57 -21 198 175 -129 57 -142 88 -186 -162 -14 -54 44 126 -120 -168 7 -194 2 -92 114 18 -36 -143 -215 -100 137 222 -65 -225 -243 30 203 -31 19 -130 -244 178 -64 174 85 129 -51 207 146 -210 48 -158 212 -50 152 118 247 -24 115 45 -61 139 31 -156 -49 92 226 -9 -19 176 -148 -200 70 93 -68 -113 162 -62 -40 221 -72 61 -214 110 -229 -124 -112 38 -29 -228 -212 150 216 -132 -79 -90 -218 -66 -99 -8 -133 -134 -189 154 76 71 124 90 -81 239 69 17 224 96 -106 232 -25 235 180 -151 111 -201 -195 -239 153 -5 217 9 49 236 -221 208 213 72 183 20 -220 164 -96 -235 166 238 -223 68 -55 
TEST 45 ARG:20 -168 -36 87 96 -18 -34 203 -243 -210 -118 -14 -229 -105 -182 -66 92 -204 -47 177 -163 41 -61 -180 -103 22 -201 56 146 -211 -135 179 45 14 235 -172 -237 143 -234 50 -114 -55 -141 55 7 156 -79 -160 -173 -27 -115 -109 77 -167 9 -136 -150 -148 -95 21 -25 66 -241 -127 237 186 -192 94 117 104 123 154 -78 -126 233 -64 111 -62 139 194 -235 107 243 -113 121 -228 1 -110 -177 -134 -225 219 16 -38 141 159 142 75 -170 -8 -41 -63 221 158 -57 83 -121 -49 -71 -194 204 153 -233 -248 247 81 25 150 231 -46 57 61 23 11 -159 -226 -216 15 -131 -149 208 -153 -124 69 -138 -133 149 -215 -92 217 6 -51 164 -146 161 -59 185 -165 -238 155 228 -230 -142 -161 -143 -171 199 29 -239 30 -2 157 -240 207 -12 246 -245 128 202 -37 5 -217 -88 242 -32 129 -197 -11 -184 88 232 40 -45 -91 28 -96 -70 -82 -122 244 239 106 79 224 -28 222 13 -6 17 -76 -108 -156 -222 54 188 -186 -129 78 -52 49 -166 -132 176 196 -3 209 27 -145 -83 138 105 165 144 -98 -13 -179 -120 182 80 62 223 -199 -90 249 -158 195 -227 -35 -80 -164 99 127 130 171 -29 215 -174 -100 18 32 -196 -43 36 187 -40 -42 -72 226 70 132 46 63 -89 102 95 148 33 134 100 84 205 -24 51 119 58 -246 -144 -205 -207 -54 31 -69 240 230 -195 -191 43 -220 -130 229 126 10 -250 197 -107 133 -178 52 145 -200 -190 -176 -5 125 -249 68 59 -67 91 -74 65 37 -208 168 71 189 67 211 0 -44 114 -218 236 4 -22 -157 -86 -56 206 -10 184 -112 -214 -188 178 24 12 97 -244 89 -77 191 213 -169 -58 -4 -65 169 -99 44 -85 160 85 90 -221 113 181 -97 -189 162 192 38 180 193 73 -232 -68 -231 -104 -198 -137 116 35 -94 218 -185 122 42 216 8 248 172 19 -9 -116 -48 110 -50 -128 34 -102 -212 -162 60 82 -223 170 -23 -242 241 3 214 210 -152 -17 108 112 -60 -119 -15 93 26 -154 147 -219 -193 201 109 -181 -33 175 -21 -213 47 -26 -30 163 -139 39 -53 -16 183 -187 220 -73 115 166 -39 137 -1 -7 -147 152 101 136 173 72 -93 -224 -183 -209 245 -87 76 124 -101 234 48 131 -151 212 -84 135 -236 238 -175 -203 174 -111 -155 190 140 -123 151 2 -117 200 120 53 -202 -75 -19 -20 64 -106 86 -31 -206 98 227 -247 -125 74 118 225 167 103 198 -140 -81 
TEST 46 ARG:22 113 -71 -38 29 236 130 112 -154 129 -185 165 17 -56 209 -99 -44 171 -111 -211 119 -238 183 18 36 215 138 231 -214 -82 105 -4 188 152 12 73 190 141 58 -47 35 179 155 -90 -11 -239 108 180 154 72 -209 176 -139 -129 -74 -216 -190 151 -91 -124 -165 -45 -226 -183 -106 69 217 232 -19 -191 -83 -150 91 14 60 235 -93 -75 120 50 -243 -60 30 162 110 -146 201 -145 49 211 88 39 115 185 -138 57 5 65 -237 -79 -121 214 225 -30 169 54 -136 -172 -120 153 -230 -181 61 56 240 -104 193 3 79 24 140 199 123 -42 132 198 -202 -250 -189 101 -5 74 -144 127 150 -76 23 -160 -21 -116 103 147 100 -33 234 243 104 84 -20 146 -84 -141 -59 -12 -114 -166 184 -161 -9 -143 86 -72 145 -18 11 -58 38 -248 207 9 -195 1 25 -107 -158 -48 247 221 -142 182 -212 52 178 41 118 -176 -203 200 -27 -155 81 -77 -95 32 230 4 114 28 31 -78 164 -51 -109 -134 -205 7 137 195 -92 -39 -26 97 90 133 -217 135 -1 -89 -151 -207 170 -153 -173 48 142 -123 -188 -15 -186 242 -128 -127 -133 -167 -131 -194 78 233 13 -2 -162 -178 -67 157 -64 139 216 -220 249 55 -223 8 -246 -206 -225 -208 -62 181 -113 -242 70 122 149 -43 62 -100 -213 -94 212 246 -219 46 -171 16 -6 197 -17 6 245 -184 -96 126 -249 -201 186 -247 53 95 -152 238 229 224 -204 194 -31 -41 -159 -101 -135 -86 -70 15 111 159 -179 -118 98 -215 -16 45 -177 -68 93 204 124 83 -140 76 -65 125 117 -130 82 -137 121 172 128 92 -32 43 -24 -147 87 -224 -102 187 20 109 189 148 34 161 94 37 -198 177 -108 -132 173 144 -148 222 -182 96 -28 220 191 244 -105 248 -119 19 -14 -61 -80 -240 -168 89 -199 27 237 -232 -236 167 203 210 -37 64 80 131 -10 21 -98 -8 75 -57 -81 -40 102 33 -87 -163 2 85 -222 -244 -235 -25 143 -175 192 -197 -156 158 205 68 -169 156 228 -245 67 -3 -229 -112 218 163 227 -34 -69 175 -46 208 -125 -7 136 -149 -13 10 63 241 -221 -196 106 40 -180 -210 77 168 -50 -85 -29 -36 219 160 66 -110 26 -97 -193 -157 174 44 -227 -115 99 -233 -54 -192 -187 -103 -231 -88 -241 59 -23 -122 116 -55 -63 -126 71 206 196 -73 -164 -49 -52 -117 -170 -218 134 -35 -228 166 47 -22 -234 -66 -200 42 202 226 -53 239 107 0 51 223 213 -174 
TEST 47 ARG:234 -122 65 -235 41 127 198 -14 -189 164 -217 -201 29 -147 -177 -63 -137 108 97 -115 126 33 -57 -178 61 -79 47 119 -209 -40 150 207 -243 37 44 166 -208 0 51 76 72 195 -62 -166 -72 -61 -238 -92 66 87 152 226 -130 -154 46 -69 -219 -160 -2 -50 16 182 24 -142 80 193 -156 -165 240 -140 84 -97 131 158 -53 -85 106 178 -152 -185 -192 201 -74 9 30 -205 -211 146 238 -149 111 165 63 -110 77 -87 34 55 90 3 116 6 168 103 -89 -163 60 50 242 39 -5 -200 177 149 190 -131 7 -45 -119 64 171 95 -155 -184 110 -214 70 -249 130 122 -134 231 -55 137 129 236 -225 -139 115 132 -124 78 176 125 184 4 191 -82 -117 99 69 12 -78 -188 -71 -245 221 -230 -223 45 141 -103 -105 -250 -112 -12 209 248 -94 11 8 223 32 27 -108 -17 -70 145 -169 -75 62 -150 23 -33 -26 -7 5 -229 -24 210 233 161 38 -100 -197 -81 128 -173 222 -65 194 -187 71 246 56 -109 107 239 241 -66 160 -34 220 105 -220 -123 -98 14 -60 91 -207 35 85 17 120 -174 143 -30 15 225 -64 100 -36 -138 -133 79 -199 -212 118 -8 -59 -128 74 -91 172 192 133 -13 -118 -210 -29 -20 -101 -113 -158 -77 -102 -52 -38 -172 188 -203 -196 -167 -170 -226 -132 68 -145 113 -148 229 138 -179 -120 109 -224 57 -242 196 -93 -44 -213 42 245 -51 -4 96 21 -104 -84 -125 227 -234 -54 224 -227 136 212 202 -37 -129 169 187 102 163 -168 86 26 -195 -239 -204 -127 43 199 167 -182 -146 -218 -49 -10 219 189 144 147 217 -68 -215 73 49 204 -76 183 -106 -39 -143 148 -96 -246 237 31 -35 -121 -162 140 -43 156 -83 -126 -32 124 173 228 -19 -21 179 123 -1 -206 -190 -175 67 52 -180 -11 -176 -202 -22 -191 -18 13 -181 -194 36 185 203 -107 249 -141 104 -135 40 -228 89 -28 -151 139 -144 -42 197 1 213 98 -221 19 -244 -27 -3 -222 180 75 244 -216 -231 -9 28 -232 155 117 -233 -90 54 -56 157 159 58 181 154 -171 -198 174 -241 -157 186 -99 211 -193 -46 18 -236 -80 230 112 153 243 -95 142 -116 101 83 -31 214 151 94 232 92 -25 88 -15 -183 -47 200 2 -48 175 -136 82 -67 -88 134 10 -111 -247 -16 53 -41 -159 -164 135 205 -58 170 114 218 48 22 -23 162 121 -237 -114 -186 235 81 208 216 25 -86 -161 -240 -6 20 215 59 206 93 247 -153 -73 -248 
TEST 48 ARG:180 248 -131 -158 -18 35 -226 -228 55 -136 186 -13 -199 -154 27 229 -205 -231 152 44 123 -104 246 -1 234 82 137 1 142 -41 -32 -112 -139 -14 -108 -128 163 184 161 31 -73 -197 -111 -85 -119 122 61 -3 -209 18 -4 -34 94 -165 77 -86 -126 74 140 105 -87 11 14 158 -135 -137 207 41 143 -83 -171 -74 42 6 66 195 227 -51 201 154 121 172 93 -215 64 -159 -121 -59 -194 241 78 -149 3 -174 -39 67 222 -162 -120 178 134 136 141 -9 -81 -222 -91 -177 228 -185 -237 -67 -80 23 -114 -90 202 -224 -243 8 -7 -70 156 -95 -142 -25 -123 127 34 -5 -200 102 -43 20 -17 -58 -93 -240 -36 -127 230 5 -186 -250 -113 149 -42 110 -98 -249 -57 69 -179 -213 203 -189 235 -207 232 56 -156 -146 244 168 -190 135 -40 -246 -71 240 71 245 176 -99 -117 -170 -225 39 -116 10 76 212 36 -79 -125 113 139 92 80 68 -182 115 -78 -210 -124 192 221 37 -62 -204 -196 223 197 -233 -12 249 -134 -11 209 126 -140 231 51 -147 -75 190 85 -144 -176 -214 218 164 -208 120 -235 0 38 15 131 225 150 -238 200 -100 133 -152 159 21 145 165 -61 43 -169 -232 -60 217 57 -155 28 -183 -72 175 -24 -101 148 -242 -38 19 173 -88 -77 -150 -141 24 -10 65 193 125 171 -33 -211 -118 -22 -46 -69 128 63 167 79 96 -133 104 -28 -219 219 -244 155 -102 -64 -29 132 60 -201 -181 199 130 -203 -157 182 187 -56 -27 53 -148 237 -187 50 205 72 220 103 12 -122 -19 147 -202 -66 -173 -82 -129 -138 -217 -143 109 -30 194 144 -49 106 196 49 146 114 177 -107 183 9 -218 -195 216 -48 -15 -192 160 236 157 91 118 58 -132 98 -198 211 -50 243 129 -53 -52 87 2 198 -84 174 -172 208 238 -247 -97 185 -175 26 226 107 -94 -63 -16 83 -26 -184 73 89 -166 29 -2 -161 117 -191 -220 -216 -178 247 30 17 189 -160 188 -239 -68 40 -21 -180 -248 233 -54 124 45 22 -227 -8 -130 239 -164 86 88 97 151 -20 -23 -229 -145 191 -206 -234 -45 170 99 119 181 -31 -245 -37 -106 81 47 75 166 -103 95 -163 -221 215 138 -212 101 -65 -55 -167 -47 210 116 48 111 -115 -6 90 13 4 -89 -96 242 -153 16 -188 -151 112 -241 -193 179 -92 52 59 -105 206 -236 32 46 84 -168 -109 -44 224 214 62 7 100 169 153 204 54 -110 -223 213 108 25 -76 -230 -35 33 70 162 
TEST 49 ARG:-179 -190 -248 -155 -222 -5 -214 -11 173 -48 -216 44 -51 85 20 -29 -90 -68 -174 4 -21 227 107 -136 201 223 -55 -1 -22 189 86 -26 103 45 247 142 -141 -66 99 198 -77 -35 -120 -247 -243 16 3 109 -23 218 150 -34 165 -96 -230 -94 50 -97 7 -37 131 -129 -69 -70 192 -53 6 213 -118 -145 -119 -58 145 -206 -164 8 94 -147 221 237 -112 162 26 -80 -9 152 -193 48 -50 -200 -195 -106 137 -192 143 -232 -189 0 234 -8 -88 43 -38 30 -152 179 96 49 -40 159 139 -15 -218 -207 -114 69 -205 -19 -176 190 -135 70 146 220 193 75 -131 -221 72 -242 -191 224 -87 42 -79 -160 -10 -226 -132 209 151 -78 73 167 122 174 38 102 -166 212 -16 -180 21 202 156 117 -225 -235 -31 5 161 -71 -130 -154 204 -199 -246 19 -14 92 -32 -127 -25 -99 -138 78 206 197 -168 80 172 169 -142 95 -63 239 28 1 235 180 132 53 226 108 -210 -224 33 225 114 219 116 -188 15 -111 -45 -67 -92 89 -165 54 183 -126 111 41 68 243 98 -161 240 148 -249 -228 203 -36 76 -186 -185 -43 46 -101 31 -197 -128 205 2 -183 -213 -139 120 93 -149 125 128 -143 -181 -20 -17 56 18 -203 -6 -59 115 87 -52 -49 14 215 -82 -212 160 -39 248 -47 81 112 228 244 -233 -144 -41 133 -122 176 181 -156 -198 -60 -173 22 -219 -72 127 188 135 -98 77 -162 -89 61 -100 52 79 64 -202 118 -175 59 -73 -124 27 184 91 141 -140 39 -121 71 57 -157 -231 178 51 170 -208 -7 195 -93 144 97 168 238 -61 -194 -220 -24 -105 -4 -103 -65 -178 74 -244 10 153 129 214 -12 32 194 140 185 -167 -250 13 233 -158 166 -56 158 25 90 -241 -187 -201 123 121 66 -54 -133 232 134 17 -177 -172 -107 -74 23 -57 -236 88 -109 -182 11 154 187 -84 222 138 -85 82 -108 55 62 58 191 -196 -137 65 -62 163 -209 47 -227 -184 -150 -148 -83 164 -104 -237 246 177 136 36 -229 106 67 113 -116 100 157 -134 207 -44 182 199 -245 216 -75 171 -234 110 147 -46 -42 -102 84 -151 175 -215 208 101 124 -115 210 -159 35 37 12 -170 -125 -95 -2 -27 -30 155 -217 -33 -211 -223 -204 242 -28 130 186 -238 231 -171 -76 24 196 -123 229 149 104 -117 83 -169 -239 -113 -81 245 249 -18 -110 236 63 29 -91 34 40 105 -146 200 -3 211 9 126 -13 60 241 -163 119 230 -86 -153 -64 217 -240 
TEST 50 ARG:-185 -219 -124 175 16 177 -134 -140 212 -73 -35 -240 -109 4 -210 -106 157 -150 -164 -232 -162 -207 -82 -75 -173 -136 -141 91 109 -34 -212 -180 -101 49 245 61 -250 210 -126 -88 115 243 -179 -44 -211 100 -123 145 137 230 -146 -55 -204 -149 -100 113 -191 143 -79 172 104 -245 -108 -238 -20 162 55 -23 238 53 31 -67 -118 -111 -12 87 82 -102 -221 146 1 -127 14 -156 -76 211 46 41 169 -26 155 -176 -45 249 -80 -183 -139 -83 233 -70 -206 6 170 -239 -226 -33 42 -47 -54 -97 -48 160 52 -113 187 206 227 -172 130 226 -4 -87 81 156 73 122 -10 -217 -27 -155 -195 -214 -96 167 125 -2 -65 223 -130 -52 135 -197 248 -56 -154 -19 -143 -228 182 85 129 -89 29 128 43 -46 -224 224 -71 232 153 -151 26 235 116 236 32 203 -223 247 33 -60 74 -187 -168 194 -209 152 54 -99 -77 -235 183 -104 -11 196 79 -188 86 38 -229 58 -78 -234 13 -50 25 173 40 -170 -220 7 -90 -174 24 -243 140 -237 132 -138 -193 134 -29 174 -120 197 -63 -117 -142 66 2 110 112 -95 56 205 190 99 126 216 -166 20 19 -246 -69 107 28 208 147 -43 166 127 -201 -177 202 37 64 50 22 149 47 -194 90 -200 244 119 -58 51 -30 -13 -125 -64 -186 -3 -115 -122 191 -231 -84 -222 -86 -32 0 -42 -178 103 78 -203 -230 -175 -37 -132 69 218 18 -192 178 195 138 106 21 -181 -9 -249 -8 -93 70 60 105 102 -59 117 -236 8 121 144 45 -182 95 -145 -160 -18 139 204 136 165 -14 -244 171 35 108 88 186 101 201 179 -39 221 -208 -248 -85 -184 83 -74 -112 163 -131 27 228 241 219 71 141 65 -171 -159 131 142 120 -98 -121 193 -199 68 62 34 -94 -24 -169 -36 3 -15 39 -163 75 -62 -51 181 168 -16 207 48 15 98 97 -158 -7 209 213 220 63 185 93 -216 111 240 5 89 -110 -17 -40 215 217 30 -61 -49 161 -129 23 80 77 123 151 188 164 -205 -66 214 -198 -31 -105 -241 189 -22 94 150 10 44 67 76 -92 -81 57 -165 -91 234 -135 -128 -6 -103 -147 -202 -153 -116 -213 -38 -161 11 -218 -107 200 -72 17 199 133 -227 158 -157 -133 -5 114 154 -53 229 246 92 -189 -137 -41 -1 -68 36 -196 -190 9 148 159 242 -114 198 231 72 -144 192 176 84 -233 -148 -215 180 -152 -25 -28 225 118 -242 222 237 -225 184 12 239 124 -21 -119 -167 96 -57 -247 59 
TEST 51 ARG:-249 223 -134 9 -125 -34 -77 225 60 0 236 29 -52 130 108 165 -106 -67 109 -186 -212 -188 -108 53 74 -76 5 58 -156 174 -59 -217 54 -160 161 84 61 154 -175 -27 210 -228 52 -120 57 -236 -163 -16 221 23 -201 35 -2 -51 -227 31 228 -189 235 -63 -207 -190 142 42 -225 145 75 156 -157 -19 231 -101 -210 -69 -90 -140 248 194 -242 -158 -219 87 -81 -31 143 135 -7 -200 186 -55 -195 -6 152 147 240 -174 -36 199 18 47 -37 185 -49 192 -28 -136 -29 -74 37 110 -176 -95 36 -183 201 95 -145 -85 -98 -187 -5 -185 40 245 -75 -84 -9 -172 106 168 28 -149 91 -44 89 -243 -148 181 -232 -66 220 -230 -21 -205 128 20 12 -144 -113 56 239 -153 -122 7 144 198 -181 46 205 -89 -17 69 62 -73 92 -194 6 189 -88 246 -40 49 -103 -155 -178 93 -224 -62 219 -139 43 -93 183 159 215 -250 -226 203 -115 244 137 139 30 238 88 166 241 -222 193 -23 66 -38 3 -168 -26 -53 -70 126 -91 70 -11 -166 33 22 229 -20 -179 -32 71 175 247 224 132 -100 90 -123 -117 -48 -165 -246 -184 -198 -220 38 -30 153 -102 -13 -138 96 11 -161 -247 -244 44 121 177 -43 163 125 -111 -24 107 211 187 -35 -124 -128 134 -209 123 -56 -143 -142 208 48 -202 213 214 222 86 51 65 190 -208 -152 204 234 73 169 -83 -78 85 -79 -241 212 -169 -68 102 -42 149 -47 -193 100 233 155 202 -126 -54 -233 14 -177 -109 195 209 101 -3 67 164 -41 -8 -61 249 -71 -92 111 -235 122 -170 -99 218 178 -82 141 78 -159 -234 184 16 -146 -214 206 26 -46 -129 243 146 171 -218 -130 98 64 13 77 -240 -116 124 -114 182 -15 196 -203 180 17 -206 21 216 -127 105 118 15 -60 217 99 -14 148 -192 133 -164 -154 114 79 -118 39 150 -239 226 160 -216 34 -50 -133 68 -80 120 -215 81 179 -22 157 -4 -112 188 200 -97 227 -229 136 112 -223 -65 50 -237 -211 176 82 63 2 59 129 -119 -96 -221 19 24 27 -147 -173 131 140 197 -182 -94 -238 -171 41 -110 -58 -151 191 -10 151 -204 117 -57 -72 80 76 4 162 -248 230 -12 -180 -121 -231 -45 116 8 -141 158 -64 83 -18 -33 170 -107 45 -86 25 -131 94 -245 138 -162 -104 -1 172 10 -191 232 -137 55 -132 1 -213 -25 207 -39 32 -135 -150 127 173 237 -199 -87 104 -105 -196 242 115 -197 -167 72 97 119 103 167 113 
TEST 52 ARG:46 69 169 79 -202 -115 28 84 -51 -142 248 -76 -211 -64 -160 -40 -6 170 -186 195 -207 -18 -155 222 -41 122 201 -31 -191 -5 24 39 158 31 225 167 -124 81 -72 135 64 130 -50 -209 -106 -233 -196 20 -33 -220 66 -212 -197 183 -230 70 -48 -179 234 -243 -88 220 -239 -162 48 156 -71 -39 -2 -137 -131 -249 -96 51 22 8 -95 82 196 133 182 -224 98 -3 249 -62 -154 -201 18 58 -118 -20 -29 209 -241 203 95 -114 -151 92 -200 242 -47 166 -215 -159 -225 -116 -56 -150 157 240 -156 -234 -25 -132 181 -176 -144 -167 244 -27 -43 -83 -108 7 5 -127 -157 208 -61 -111 112 -145 -190 23 -216 62 -105 -206 173 99 91 -109 30 63 -237 -100 -248 218 -77 -229 -238 -158 -161 -70 147 2 229 -22 -91 -218 117 15 -107 11 194 -34 -203 -60 -174 97 216 -14 25 -4 -104 -54 -208 -213 151 77 -133 132 163 205 -11 44 80 -75 -221 214 109 59 -195 124 34 -112 100 -130 -57 155 111 -17 186 6 -74 165 123 125 4 -21 -146 83 -231 224 -80 -125 -166 -119 -103 43 -28 -143 -37 202 27 -204 190 -15 150 246 -153 56 29 9 71 3 -117 148 -148 118 57 1 -65 96 146 -126 -245 149 -89 -222 -171 -140 119 -219 174 230 204 -240 236 -35 184 144 -98 55 -87 -66 68 200 206 -113 -122 -92 54 -173 131 -226 179 -129 102 -68 -58 -198 232 -193 33 -85 -102 -93 -242 10 0 243 45 154 136 -138 36 128 142 237 172 245 -1 87 129 -110 143 74 73 -44 188 -169 -16 -7 164 -79 -46 -30 126 76 72 -199 -36 -84 239 -244 -73 153 -10 -8 191 47 -134 -26 108 178 40 159 238 78 -52 161 -99 -217 -24 38 198 162 168 114 -227 -185 50 101 35 -180 228 -164 -165 -63 -53 -12 -235 -170 106 138 41 213 -228 12 -188 -128 13 -152 197 -187 -178 32 160 176 -120 -49 180 -236 121 65 226 -246 217 152 86 -223 221 49 53 212 21 223 235 110 -247 -250 233 -175 116 241 85 185 -9 94 -194 141 104 -97 -42 -139 -69 17 -210 -141 16 187 207 105 127 -123 199 120 -32 140 93 -55 -59 227 -86 37 134 60 231 -38 61 -149 137 -177 -78 175 -67 247 -45 -19 211 113 -181 26 75 145 107 89 -168 139 -183 -163 -81 215 -189 -232 210 -135 -121 -147 -82 19 -90 219 -136 171 52 177 67 115 -101 -184 -205 189 -214 -13 14 193 90 192 103 -94 -192 42 -182 88 -23 -172 
TEST 53 ARG:-98 -164 40 193 -24 -32 81 -216 -217 -152 118 -206 -33 224 -244 -160 64 63 -207 247 106 -191 -107 172 -55 145 -233 -139 -105 -156 5 68 237 91 7 -72 6 117 -163 191 -84 240 -142 -120 -134 -248 229 36 150 -82 -173 -13 -174 142 20 47 -208 221 167 186 -44 35 120 -39 -242 -200 132 163 48 -189 -231 238 225 -146 104 -227 -79 -130 144 56 162 -213 189 -41 62 -131 171 216 134 -190 55 148 173 111 83 4 146 -91 122 203 8 181 76 222 -210 -57 11 -166 206 -20 188 249 -100 -67 -58 -51 37 -46 -192 -56 161 220 -153 -212 21 78 0 -119 140 -126 -81 22 -145 93 -113 226 213 -158 70 137 92 -249 -230 53 -225 170 -66 28 73 -172 147 -54 -23 -159 -8 82 -137 -47 -124 -38 19 -222 17 -4 212 -187 202 49 128 235 -144 -236 121 -170 -69 153 -219 -246 -185 -17 -65 -177 -136 -116 -197 178 -108 58 -240 -183 -87 60 -165 -223 -40 -229 -104 95 205 192 -201 12 -15 90 75 -103 125 -60 -27 -180 -96 109 102 88 -245 -52 230 210 233 52 169 -49 127 -221 -214 -95 -128 218 -247 246 135 -238 151 -234 129 -5 131 -85 244 18 71 14 119 195 -188 234 61 209 50 -31 152 84 219 215 51 2 124 112 -64 -92 184 3 227 41 39 115 -215 241 155 33 -19 67 166 -138 -37 43 -93 16 27 59 -28 214 243 -148 197 -30 223 80 -239 -161 -203 -25 136 10 157 -76 159 79 -11 57 242 -88 86 -155 -77 -235 -109 77 -162 -22 -243 -135 13 -10 -110 -112 126 139 -3 -182 54 185 -226 -196 -89 -101 194 182 30 65 -202 -250 -184 -114 -90 175 176 211 -2 174 208 -6 199 217 72 -151 -175 -18 -241 -157 -132 108 156 -62 231 -14 101 248 100 -63 -102 -129 -97 -237 196 -204 -106 15 -147 236 158 160 97 168 -141 98 -16 154 165 99 149 -86 -198 23 -125 -149 -181 -199 198 69 89 114 34 -195 -209 26 -220 -34 232 -143 143 -127 -78 -29 -70 -167 -123 -75 -1 42 103 66 32 -21 -218 -228 -224 245 141 190 110 107 123 -80 -74 133 -36 -48 46 207 38 -232 -111 -178 -53 87 180 -133 -99 -73 29 -140 -121 1 -61 -26 228 45 -115 -45 -186 179 25 -71 -42 -94 -194 164 -169 31 -50 44 -83 -118 -168 -171 -12 116 -35 177 9 239 187 -7 -9 113 -68 74 -211 -179 -176 94 204 -154 201 85 -150 -122 200 -193 96 183 130 -43 -59 -117 105 24 138 -205 
TEST 54 ARG:168 -67 -14 -35 -151 -98 70 73 -75 -195 -68 194 -24 104 193 149 24 -202 203 246 94 169 -62 137 100 179 -141 -210 27 184 -99 207 -115 51 -26 -46 -168 -193 209 -223 91 143 -11 162 232 -91 195 -125 -44 -15 145 -90 -38 -4 -8 -97 -120 -126 -83 45 47 76 -163 -128 172 -185 106 130 82 128 -196 -59 198 -58 57 -221 226 -104 -149 -127 -82 -178 -155 218 233 111 185 -63 131 -174 -190 -187 -208 -131 248 34 -200 -77 -143 225 17 -39 -207 -145 87 -159 16 170 -108 99 -232 -152 -188 213 -211 245 231 30 123 3 138 31 175 -226 161 174 54 78 205 40 176 98 -132 19 32 50 -217 -16 -36 -50 -228 122 -186 -57 13 -54 -222 80 -34 155 -87 242 83 221 -235 222 7 144 234 79 247 189 -177 -173 25 71 188 37 115 216 249 -144 -124 -48 -172 171 -204 124 -9 224 -80 72 1 74 12 152 -140 23 227 6 -5 120 -45 139 -32 -139 -118 126 64 181 -2 -167 -1 238 186 -249 22 -3 -189 -169 60 -81 -219 -216 -246 140 77 -231 -133 157 190 68 -19 -134 237 -12 159 43 -238 -114 -122 136 -23 -70 -110 -240 -47 -206 -218 107 92 95 -41 -160 -213 86 236 -51 -130 66 -225 -161 -164 -31 53 -40 -101 -105 14 10 -166 -53 -205 -109 156 -65 -181 117 -76 -248 -242 39 -89 36 -33 244 113 85 167 -86 142 -72 -10 29 -22 -156 -42 -157 199 191 59 214 -49 88 -230 187 90 220 2 -69 -52 112 -191 -85 -71 196 -233 119 165 -18 -227 67 -220 -175 -184 18 173 -170 -21 -111 -138 240 135 -95 -107 56 129 192 -236 93 132 219 164 197 8 -136 -209 62 -165 63 212 81 -180 -192 65 110 210 -247 108 -64 -123 141 -79 15 114 241 147 41 -78 -250 -183 -96 -154 -153 146 158 -117 -150 -56 178 101 -162 148 -103 55 133 204 -74 -129 -135 215 102 121 163 11 -30 -171 -148 75 -137 5 58 206 239 -147 -121 61 -84 -7 -20 118 -37 -197 -88 38 -194 -92 -214 -234 -229 -6 42 -102 -106 4 105 28 20 -237 229 -243 109 -201 180 -119 -198 -203 202 -66 52 151 -245 182 -27 217 201 69 -61 -94 134 -224 208 -215 177 -158 -25 153 46 127 150 -182 -199 228 -146 -116 243 154 21 -55 44 0 -43 211 -100 -212 -28 9 35 160 33 235 89 103 230 -179 223 183 -176 -73 -239 -113 125 116 -93 -13 49 166 200 96 26 -29 -241 -142 -244 97 -17 84 48 -60 -112 
TEST 55 ARG:242 36 -131 -66 -236 -121 113 -52 -112 -134 -215 207 -151 -240 -124 139 -221 106 136 -243 111 -77 81 -181 -69 54 116 -239 -56 161 -197 -170 145 135 -227 50 -211 141 131 103 204 -113 -142 211 -40 176 -39 -242 76 -45 -119 30 37 -156 230 80 -247 74 -68 122 -104 -101 -49 -132 -5 -46 -234 148 -93 78 -126 24 -224 -183 -85 -192 138 -146 -21 156 -133 -122 -11 0 226 -200 -226 -43 164 -193 -115 -81 182 217 -89 -53 -60 -26 125 241 228 25 240 150 -31 -203 62 108 142 5 -187 -233 -127 46 -16 -250 -229 -207 -189 158 146 168 -195 155 -191 236 -27 -141 180 32 -130 38 -32 -48 -209 90 206 216 95 2 215 193 41 169 -15 201 -188 23 -208 218 -168 -41 120 -98 9 20 -148 -223 -71 -176 -90 191 43 -63 98 16 157 70 -80 -19 -12 112 -94 -150 -163 162 -105 117 49 -6 -199 48 -238 -210 -231 -178 149 219 -201 45 -72 66 231 -83 93 173 -29 -219 63 -161 -70 31 -164 183 96 190 184 -116 -155 163 65 247 39 -225 60 235 100 -20 124 -149 -3 229 4 -154 126 -245 83 -212 170 51 -220 188 237 -28 101 178 110 77 -246 143 94 -205 166 -117 115 172 165 246 64 144 -217 -91 -179 33 208 3 197 -74 -232 223 22 -57 61 82 -61 26 28 -184 -50 -235 -111 -2 118 -76 160 89 58 75 53 -173 57 -109 167 -78 -129 133 209 212 -228 105 -180 -84 -23 -177 -216 19 -114 -51 -139 -165 234 222 -62 -88 119 91 72 -75 56 -10 -123 152 17 109 -9 187 18 177 221 47 220 -79 189 -47 -120 -34 -190 35 210 -4 59 92 -147 205 140 -37 154 151 147 -159 -137 -160 186 -182 232 -44 -167 -107 -65 214 -103 159 -25 -86 107 -1 243 11 -30 10 -82 224 -64 -171 -157 248 -172 128 225 88 202 -38 -230 233 -237 84 -138 -59 227 -22 12 -140 -67 -206 244 121 -143 -166 249 -24 -214 40 27 175 -174 -13 -158 -152 -97 -14 -249 34 -55 -102 15 -169 -244 181 194 -36 238 114 130 85 -87 -58 -92 -17 203 213 137 21 -204 -175 132 -8 -96 -194 -222 127 -106 -198 67 245 196 13 192 -33 104 -185 134 71 123 -248 -73 6 199 86 198 129 69 153 -136 -35 171 -125 73 79 68 8 174 -108 -118 239 -100 -128 -196 52 -202 29 42 -99 179 -42 -186 -144 195 200 -153 -213 -241 44 97 185 1 -135 -162 -18 55 102 -7 14 -110 -95 -54 7 87 -218 -145 99 
TEST 56 ARG:-60 147 15 143 -210 -207 -9 -138 -37 -141 2 -247 12 212 -110 -3 109 232 135 -128 -7 133 -126 196 233 207 -114 -151 26 74 -203 -88 108 68 146 -85 -232 195 -43 32 217 -169 -76 82 41 -79 -205 36 188 197 -130 203 -19 -112 -214 175 -63 -11 -83 234 -243 112 151 -39 132 -12 -160 239 -117 169 -25 -31 7 86 30 -120 172 182 202 -62 -21 -249 189 -101 -122 -56 -13 228 -179 67 77 53 -22 89 153 248 -190 -5 -40 -159 -227 -42 75 -45 243 -124 40 51 139 8 -71 190 158 19 -108 -246 121 129 -104 28 -230 166 66 -211 -194 -134 -55 -158 -250 97 65 -192 -165 -95 -61 46 130 -50 -24 14 185 62 -168 -198 13 210 -150 -34 -125 -116 176 -178 148 -148 -186 11 221 137 20 -38 -244 45 -204 -172 -215 25 116 -46 21 93 141 -17 -4 -154 3 -27 -68 -176 -2 -70 -212 -140 -242 205 -157 204 -245 199 -121 81 -92 150 71 -238 -183 58 29 18 113 22 -129 -28 -193 -36 244 211 -218 159 226 -208 235 -163 24 -216 171 23 230 -133 39 37 -93 -106 50 191 -107 144 -94 142 -162 -171 57 -44 -167 164 200 -64 216 -156 -90 -224 98 -58 100 -221 90 -144 6 122 -89 -225 99 -15 -147 219 -91 -72 206 -10 -123 -149 -187 -220 -239 120 -234 -29 88 -20 38 49 -23 138 224 4 -115 78 -206 -67 -69 -184 -136 -49 114 -145 64 -152 -229 -18 227 -26 -241 183 136 -182 161 117 -175 94 87 128 247 -1 -132 -59 125 -66 54 145 56 174 59 -8 -98 -16 155 186 27 17 -84 102 43 -223 -65 -153 96 -32 -99 222 -35 -74 -119 70 85 198 220 187 72 -102 -47 106 -41 -82 -248 80 -200 201 163 115 -75 -235 -81 -185 149 231 60 -188 5 73 44 83 -57 241 -195 -87 124 92 -48 110 -118 -155 -103 61 181 126 131 225 -33 -113 213 229 -52 -173 -228 -213 246 -143 152 42 140 -161 240 -77 -181 91 -191 55 63 -14 -105 192 -51 -236 -6 -174 236 179 76 95 31 215 177 -201 84 193 -96 48 111 160 173 -164 -219 16 162 -135 -78 47 -202 103 154 -73 -97 52 237 -139 -109 -226 104 -237 -166 165 -111 194 -197 238 69 167 -180 119 -100 184 -222 -127 170 35 9 180 33 157 -189 134 -196 -146 245 101 242 -170 -199 -137 -240 -131 118 249 0 -54 -217 -30 168 -142 10 -209 -53 214 223 105 79 1 -177 209 -231 156 178 218 -80 208 34 123 107 127 -233 -86 
TEST 57 ARG:109 71 -92 -54 -159 73 168 25 -179 115 35 58 -142 54 -169 -195 -242 82 -227 187 -86 -7 -112 222 51 127 174 147 15 213 215 -215 61 -44 137 167 249 104 -129 -167 210 -12 129 48 -198 182 -193 -71 143 138 -94 -208 176 -164 -93 -228 -51 95 -210 -14 -148 -132 -49 34 64 -182 -184 247 -127 -222 175 -136 233 184 -68 27 -158 100 -16 -78 68 -66 232 190 90 -74 70 94 225 173 78 2 7 -188 83 -100 -130 -134 19 123 40 -155 114 157 159 -4 -57 88 -175 199 -8 -105 -250 -160 -237 223 -90 -26 -81 55 24 196 122 -75 12 -38 -37 139 53 -3 -87 -177 -241 -203 162 -118 -194 -146 -189 221 204 76 50 156 -65 8 -29 -46 -115 -213 -41 158 -124 -96 151 -196 -170 242 135 -88 -119 86 52 -147 -243 -120 -35 -113 -30 46 178 96 -60 -166 -190 102 -246 -154 22 -144 180 -197 -11 188 -106 3 101 -24 62 224 160 -56 -25 11 243 6 26 134 -173 -234 216 117 -114 -226 -107 -104 32 -174 5 108 -79 -19 -157 -123 -163 -229 170 -185 -133 -111 130 -221 220 118 -47 93 92 185 21 -1 -232 -64 237 -183 -219 43 212 99 -207 124 -45 -223 -55 44 146 111 -28 -247 -116 -2 37 -98 -95 192 238 126 -128 197 -50 30 -216 -89 194 207 103 -33 -102 16 164 165 -77 113 31 56 116 -161 -145 75 23 -23 -171 -176 179 195 112 -22 -53 235 231 -34 228 39 -225 201 -238 41 38 -186 49 -217 236 -18 208 125 -73 -108 230 -162 -67 131 -131 239 20 133 -36 214 -126 186 29 128 245 121 -244 -143 244 -248 -10 234 -139 -110 -141 -214 161 -199 9 -85 -137 -187 142 -63 217 -40 14 -91 0 209 -168 -5 -125 183 33 200 -152 166 153 81 241 69 -27 -117 -191 -109 -6 87 -135 67 246 106 -153 -70 -80 169 47 -140 -231 -233 -59 -211 -201 120 18 150 89 98 -220 -245 77 177 -200 148 -121 65 189 -32 -212 226 97 84 4 240 -48 -204 198 -39 -224 218 -83 17 -149 229 163 10 59 145 -218 191 -61 248 193 -151 -43 -230 -42 -150 202 119 132 80 136 144 1 28 171 107 72 -103 155 -180 -101 219 -209 -181 -240 -72 -97 -165 -235 63 -9 -205 91 203 79 206 -138 181 172 152 -178 85 -206 -84 -58 110 74 -156 205 149 211 -236 36 -62 -202 -69 -21 105 -249 -192 66 -239 60 -31 -99 13 -172 -76 -122 154 45 141 -52 140 -82 42 -13 -15 227 -17 57 -20 
TEST 58 ARG:225 110 83 31 94 -40 28 59 228 -178 -202 -22 37 -144 238 112 33 -150 -108 -136 58 -28 -127 187 -110 -212 -126 -32 -158 171 98 -188 196 137 -79 5 -189 65 -76 10 -201 -176 42 -192 -49 -236 -205 109 180 -195 -186 40 67 -208 24 165 -199 -244 117 21 199 -123 -60 -71 160 -66 155 -58 203 26 -106 107 -82 127 -63 218 11 -59 149 208 -204 -57 204 118 249 -37 64 45 -133 -193 132 -243 -8 -3 -194 -88 -112 -14 34 151 113 145 246 -145 223 -70 111 -80 143 62 -134 234 157 124 166 -89 108 -167 19 -81 193 -132 -20 104 -44 214 -180 -165 161 121 -16 152 -72 27 77 -43 -119 -203 -25 194 -68 130 -219 -86 -125 158 -221 128 -48 -26 -30 -75 -177 38 -168 209 -64 -240 -54 178 142 122 -162 48 78 133 -101 89 72 -173 242 164 221 -241 211 205 191 41 -77 162 -138 -151 -147 -95 -90 12 -12 -91 44 -121 173 169 170 168 -210 102 96 49 -122 -69 -6 -182 206 97 -116 3 -226 231 116 182 -216 -85 2 248 -163 -245 17 53 243 95 -100 -222 71 61 73 -250 -55 235 -105 -87 241 -34 -234 -50 -140 -96 -246 52 147 -148 68 -230 30 -73 -130 103 54 39 -156 224 192 20 50 -153 213 -31 81 46 8 184 -237 -19 202 -232 232 -53 -42 80 -92 -141 -36 134 233 -228 -161 -78 226 -118 -137 140 -187 186 66 125 -211 154 -155 -65 75 177 -93 -35 -115 -27 240 -120 70 -233 -29 -171 207 -15 120 55 -247 -249 190 -51 86 -62 -24 63 -206 131 148 -46 92 201 22 25 -169 32 16 35 -111 -99 239 -166 135 129 -142 -124 188 138 220 -109 222 219 -45 236 -131 -181 -242 60 -154 69 -139 -61 174 144 176 215 -114 76 -220 -164 87 -231 -157 1 85 195 -128 7 -190 -129 115 79 105 -235 -113 210 100 29 -83 -23 -17 123 227 -143 -102 244 -248 -159 -117 91 -10 114 217 4 -5 43 -209 -184 -175 212 90 -13 -215 229 -97 9 -104 99 -152 -56 163 146 -9 -239 -47 139 -146 -217 167 245 -207 36 57 185 141 172 -135 101 119 -223 88 -218 -238 84 6 -4 -103 237 247 -200 156 -2 47 -67 -98 -1 -21 -149 -224 -214 -11 -74 -225 -197 -185 153 -41 200 179 181 -172 -191 15 -33 106 56 216 13 -183 159 -179 189 -38 74 -170 183 -7 126 23 -174 93 -94 18 136 -227 -198 0 -107 -18 198 -84 51 82 197 150 -39 175 -229 -160 14 -213 230 -52 -196 
TEST 59 ARG:-83 -158 -45 77 -38 -29 -80 -52 130 249 135 203 -189 -27 -183 -43 -44 -156 132 88 -232 -101 58 -202 -56 75 12 171 -103 -199 -19 137 94 97 -39 166 -125 41 -98 177 -49 118 179 -197 -231 -4 -26 -15 64 -111 73 230 -25 -148 -184 199 -95 -115 238 165 -120 81 -141 154 -153 -142 191 7 214 -239 9 -220 -71 189 46 217 -171 -67 95 76 -208 -195 -79 112 142 25 -82 50 196 145 -36 113 134 243 -50 -164 223 -7 -233 -244 80 172 151 -138 -47 5 56 -200 23 -168 -30 123 125 215 225 121 -53 -221 239 -145 -117 -236 49 160 176 -245 -73 178 105 -201 -213 -130 221 86 233 -113 -116 -136 102 195 150 39 -147 143 -186 -177 148 -242 18 -173 219 -114 -107 149 146 -133 70 -23 0 -66 -17 -99 -214 37 28 169 108 242 -34 231 -247 -63 -33 158 -75 84 21 -150 193 -143 -159 126 -77 164 208 -3 -1 22 184 91 -31 -226 -35 -243 104 47 129 -5 -235 -6 -9 3 29 -163 157 78 35 -210 89 144 20 -205 -204 -178 -37 -28 222 -109 53 92 159 206 -65 218 -93 234 -124 168 -212 -84 120 -246 4 197 -106 -228 187 173 -91 -134 17 -118 192 180 -174 106 31 133 -54 -32 55 -105 -51 68 -8 -161 24 204 210 -78 216 -127 122 229 111 -198 -41 -194 -217 2 -10 44 83 174 -22 140 -211 -61 220 27 -110 200 85 236 163 -96 167 -62 -108 11 116 183 139 -157 -224 -222 205 -219 201 115 16 98 119 232 185 -72 -2 -179 14 52 30 61 -176 -87 155 -229 -169 -185 -46 -13 13 -155 -167 38 181 -60 141 -24 19 136 -237 -160 -121 237 -154 -250 188 96 -40 -227 -123 -126 -249 -14 -74 43 198 69 -122 82 170 -76 212 -128 175 -182 -12 -203 213 93 -140 -81 162 -162 138 -18 -152 -48 -240 -215 -89 -234 -97 -90 8 -216 245 -181 -180 79 -20 15 -85 -59 -86 -100 194 -188 248 153 241 -172 -55 -192 -70 -146 -165 -218 60 99 128 57 -223 -193 66 71 -196 131 -58 247 110 240 40 147 51 48 211 -230 72 -207 182 101 32 207 -42 156 -132 186 127 -104 -137 87 26 161 45 124 -149 -119 228 -175 42 74 -57 114 -88 -68 -112 -209 109 10 227 -144 190 -11 -92 152 -16 246 224 226 -94 67 103 1 -129 90 -166 -191 244 -64 -139 -170 62 54 63 -248 6 -238 202 209 107 59 36 -102 33 -131 34 -187 -225 65 -241 -21 -69 -190 235 100 -151 117 -135 -206 
TEST 60 ARG:-56 48 -245 -89 -28 -194 -243 -19 27 98 -34 73 -41 230 245 -220 115 -200 31 49 220 175 246 -135 -167 -15 51 71 -149 218 -221 -127 -155 -18 -151 -236 -104 -87 180 -133 242 -99 -85 -177 172 157 32 219 -93 57 -136 237 -102 34 160 195 112 -75 -45 203 87 91 -223 179 45 3 -152 38 137 243 -244 -125 -62 26 101 19 -225 44 -143 208 176 17 30 -59 -26 147 247 -234 199 -105 248 28 -181 193 110 70 -175 23 -134 -52 -165 67 -121 177 244 194 63 -7 92 -183 106 -70 119 191 83 -101 -219 215 -237 162 -83 53 -128 -156 231 -13 -131 213 -207 -228 141 -227 -91 249 56 69 148 -230 226 -229 -2 -150 96 117 -98 -92 62 168 192 -242 -231 236 154 165 -213 -186 -248 39 113 233 -55 202 22 -116 -68 123 150 223 97 -139 -114 -132 82 201 -48 -3 -197 66 189 -130 50 -206 -96 -187 5 -179 -30 185 7 190 -16 -144 183 -168 -119 -166 84 238 174 204 222 2 -21 146 -184 -172 -161 -240 184 94 -246 118 164 89 -115 140 -241 -27 -71 122 -25 -44 75 -142 81 1 105 95 -76 211 -65 143 18 -190 -212 -36 79 24 166 54 -126 -38 -80 80 229 -8 -64 181 169 132 -214 78 -4 -14 -145 163 198 14 -176 -66 -109 109 -199 -210 232 -117 -100 173 214 139 182 -72 -169 -218 52 -250 47 -5 116 -58 -129 -6 46 -137 6 125 -43 -74 -201 -103 126 40 -239 74 43 -232 103 -163 235 167 102 11 -108 -147 -67 -120 -233 -37 -118 35 -31 156 100 -123 88 -78 129 151 64 241 -171 221 85 12 -79 134 205 149 224 -141 -42 124 -178 158 111 -51 188 228 209 107 8 -204 131 -182 -226 -63 -146 65 -73 -46 93 55 76 227 206 13 90 -154 20 104 -162 29 135 216 68 0 -40 -174 159 16 -84 -249 -9 10 138 -47 239 -235 133 152 -88 -216 -185 -224 36 58 -138 -22 -17 -173 127 178 -158 -180 -247 225 -1 142 21 -57 186 144 114 145 -35 25 171 15 -211 -86 61 77 130 210 99 -49 -203 9 -90 -192 -195 -32 155 -60 37 -215 -77 -140 33 -39 -50 200 -160 -106 42 153 -29 212 -205 187 -54 -113 -10 -153 -61 -112 -238 170 -208 -170 -111 -94 -217 128 161 -202 120 -222 -11 -95 86 -189 -110 196 -157 -164 234 217 108 59 -53 -159 -191 -33 207 -107 60 -209 -124 -20 -24 121 -82 197 -196 -122 -81 136 -188 -193 240 -97 -69 4 -23 -12 41 -148 -198 72 
TEST 61 ARG:215 222 -182 -209 3 -123 207 122 -59 244 -132 -139 -72 89 189 7 -90 -48 204 -124 29 47 -84 5 -6 -100 12 210 242 238 233 77 39 152 217 55 -237 -76 -216 -70 123 2 -92 -37 -120 150 -224 -247 33 -82 51 -201 223 -186 111 213 229 11 -211 193 -44 -15 18 177 20 -157 -65 166 -183 -23 -19 158 176 10 -81 -122 -177 -233 -166 -160 -14 239 -42 30 169 -118 -97 -222 246 85 56 -208 155 115 194 -212 199 133 -27 53 -56 95 153 79 -52 157 -140 -145 -231 -121 179 40 -45 -8 80 -168 -200 143 -26 13 118 -119 162 170 -150 -205 -163 -241 146 149 17 -60 182 -108 37 24 31 -156 103 228 202 -103 -13 -187 211 181 -32 -24 45 138 190 100 -110 78 60 63 161 -203 -153 -95 -232 -164 156 -136 -80 -113 167 32 186 126 50 -35 -250 -152 237 6 65 243 -5 121 -235 98 -180 97 -43 62 21 54 -238 -148 148 234 -7 -53 -102 -143 131 -1 116 -239 -173 -71 -36 -4 -11 58 230 248 212 61 165 67 -228 41 36 -106 -223 184 96 231 93 180 69 140 -210 84 221 43 64 185 -189 -127 110 46 -116 135 -225 -141 -67 203 -101 -66 -41 -191 151 23 -204 -165 -171 125 -91 -87 -214 -184 -174 -159 163 175 -68 -112 -137 145 113 82 26 -244 -151 -188 -125 27 15 -198 -33 -54 236 -62 114 -34 -242 108 128 147 -138 -58 206 -175 120 -55 -130 -88 -63 -234 83 124 208 -114 -39 -169 195 91 -105 57 28 88 -181 -22 -20 -86 -61 -246 1 -196 -202 38 209 -154 178 139 14 -117 -111 249 -248 -107 168 200 -85 -21 16 -213 49 102 -229 -162 66 -217 214 8 -31 -46 -172 -49 -195 205 164 34 -99 -218 -206 -89 74 -129 -167 -50 235 105 107 -30 -40 106 -77 -146 -126 -227 173 191 -243 192 -75 -249 216 132 -109 76 75 -79 73 -25 -93 -74 35 -29 224 142 68 -28 -47 112 72 171 48 -64 -104 -245 -96 101 -240 137 -73 -192 -215 -9 -115 81 -199 -69 240 -16 226 127 188 104 42 159 -12 -135 -17 198 183 -170 -155 134 -161 129 -78 160 -83 71 136 19 -178 -94 99 86 -57 -147 90 -176 241 44 -220 -10 -2 4 -3 245 225 -207 -197 141 232 -98 -230 -38 -193 130 -133 -18 70 -142 92 -131 227 59 -194 94 -158 -219 -144 109 -149 187 9 87 247 201 119 52 117 196 154 144 174 219 -179 -226 -221 220 -185 -134 -51 0 22 -128 -236 218 25 -190 197 172 
TEST 62 ARG:40 -56 -203 -21 -218 -195 -69 11 235 81 164 44 -26 -202 109 -167 -176 -20 -72 -18 -67 21 -149 119 96 59 -211 -248 -217 -111 -141 35 234 195 243 28 37 80 -156 233 -14 -48 -250 34 16 -121 53 -233 -169 -245 43 239 208 144 240 160 161 -223 236 179 -107 -70 -115 -42 97 -81 -132 -114 -126 142 107 199 42 120 23 -214 211 -53 -110 -87 8 106 77 -236 212 174 46 -3 183 -78 228 132 -64 -243 -239 65 201 -226 -249 -17 7 -205 -7 39 -93 138 -144 -219 205 31 -159 202 61 -227 -6 -185 -92 -91 71 22 -164 -191 147 54 -12 166 19 -199 -85 185 49 -241 182 -46 -158 -106 180 134 -213 38 89 -28 12 124 219 151 -76 -181 -49 118 154 -108 111 -112 68 -39 231 175 101 159 -73 128 125 181 69 150 -22 30 223 82 -240 -82 51 -89 -86 139 126 13 -36 -24 -128 189 -150 70 224 67 -129 146 -200 -117 -207 29 -104 173 -228 131 225 85 168 -175 141 114 -103 -40 -138 203 -224 -31 17 -198 -153 -193 -142 -154 105 -44 196 129 -157 -222 -192 -83 -196 -35 143 247 -244 163 -32 135 27 158 148 10 216 220 -210 62 103 167 36 52 140 -134 -143 -119 -204 116 -95 171 112 1 94 229 -212 32 0 -30 58 -168 14 91 2 210 -101 -45 -216 78 45 9 153 165 -133 -51 -163 -77 176 -68 -15 5 -186 -178 152 -84 187 33 -43 127 227 56 -232 -99 115 -237 188 104 226 79 -125 -246 130 -13 47 -147 55 178 232 -238 -140 244 66 87 -60 -190 -242 145 -180 -137 -145 192 200 206 -19 184 -50 41 -166 -221 245 -188 -90 215 -183 -234 133 -116 -1 -173 60 -58 122 241 -177 -74 -131 -34 -201 217 -118 90 75 -71 177 -148 156 169 64 -215 100 -4 74 -171 4 242 -100 -57 -25 -52 214 204 -47 193 137 -9 149 -55 157 -37 191 -94 92 -124 26 186 -122 170 72 83 -197 190 -209 -102 209 -59 249 -27 -16 123 -165 238 117 197 73 108 88 121 246 218 213 -146 -187 15 57 -135 -194 20 -61 84 -54 102 -152 -170 -38 18 248 -105 -123 -229 24 -235 76 222 -5 6 198 -174 -79 -113 -189 230 99 -206 -172 -136 95 25 113 207 48 -63 3 -208 221 -151 -220 63 -11 -155 -97 -80 -139 -120 -231 -88 -75 93 -225 -66 -130 -96 -65 -98 -127 -161 -109 172 237 -160 136 155 162 -247 -8 110 -230 -182 194 -23 -29 -33 50 -2 -179 86 -41 -162 -184 98 -10 -62 
TEST 63 ARG:-10 144 83 65 26 115 176 -58 -74 221 -20 -169 170 38 210 151 90 -115 -245 220 -9 215 195 235 166 174 137 -144 155 -36 -205 -128 -200 167 -204 -18 -65 202 -233 -103 -70 -206 105 179 -99 237 62 -232 -197 -71 116 -238 -123 -82 61 -96 -6 -234 -5 -56 -236 162 3 -151 -193 21 72 -239 17 -133 -44 -120 34 57 -108 40 108 -152 -45 -112 224 59 9 -80 -110 -29 19 -235 240 -41 159 -192 -117 -106 79 153 106 -31 74 218 -93 86 13 -154 241 -194 133 -35 -226 244 -178 -72 171 -162 -134 216 -241 -16 247 82 -19 212 127 -113 -202 -89 96 -116 100 192 120 191 163 -177 92 -81 -64 -76 -37 85 76 -94 -182 -215 204 -95 209 -125 -92 -229 103 58 189 7 165 111 118 -3 33 87 -186 -43 36 -57 -159 -83 11 -157 -143 70 -24 5 -59 236 -173 -84 154 78 20 -98 139 23 245 -124 -237 226 53 14 48 -25 197 -101 138 -220 47 1 -14 18 -141 -102 134 -148 93 169 -87 -73 89 -111 2 -23 -212 126 -161 -114 -109 -17 135 -48 39 128 232 -188 233 -219 -55 -246 182 -201 88 242 107 230 -97 -104 -52 143 -214 185 -198 -195 -7 -12 8 -28 69 -179 -163 -137 67 94 -240 200 -122 51 -88 198 158 -8 104 -138 -158 -118 113 -225 -242 75 -33 223 150 -60 129 201 102 -50 217 41 234 -30 148 0 -196 54 164 -32 -244 211 15 142 -222 121 188 124 35 225 -216 -78 112 98 249 183 49 248 -165 32 207 -207 10 -69 -228 73 -75 4 -227 147 -90 -248 145 -147 152 28 178 203 -121 -184 -156 -127 25 180 -199 71 214 63 -68 -210 161 173 156 219 175 -100 123 27 84 66 110 -47 -185 -224 37 246 114 -146 186 -2 136 -11 229 -190 -180 -86 196 205 -1 227 -170 -132 -153 -105 190 131 -145 157 160 -79 -130 -66 122 -142 -22 -164 80 -208 -119 194 -85 16 -249 52 -247 -171 24 -221 222 213 -155 -53 -46 91 187 -218 -209 -150 68 -62 -231 42 77 101 -49 -126 231 30 -139 -107 22 -42 140 132 -91 95 -217 -191 146 56 97 149 177 -15 60 -77 -167 181 243 -4 -140 -189 6 -187 -250 -181 130 12 141 239 -183 50 -175 -168 119 46 -223 228 -40 208 43 -230 -21 -203 -34 29 44 -136 125 -26 -172 117 206 -135 172 -243 -131 193 64 31 -13 55 -160 238 184 -129 99 -174 -51 -39 81 -38 -213 -27 -67 -63 -54 -176 -149 -61 45 199 109 -166 168 -211 
TEST 64 ARG:230 -120 -34 -54 150 239 229 -156 -193 112 155 -149 199 245 228 -8 -234 17 194 -210 64 24 14 117 -184 205 219 116 51 131 81 -224 -178 34 151 -109 71 -140 -46 -165 -128 -69 50 -237 -189 -80 209 49 -223 163 -155 118 -238 87 103 115 44 -78 -173 -115 -32 11 -86 -83 -187 168 67 -157 -22 173 48 7 15 -212 -48 201 -111 -66 -217 242 -5 80 -31 193 183 -169 -205 -43 -53 -90 78 237 -12 0 -89 -167 27 28 -25 -130 -21 -245 198 -208 66 -141 65 -3 -37 139 233 45 105 -106 240 221 -100 -38 72 142 189 -211 -118 156 232 145 -241 -112 -91 -250 39 98 -45 61 126 54 -188 -107 -203 -85 -197 -103 138 -44 52 130 178 210 202 -68 -95 -75 -33 -2 -127 23 -1 -28 128 -214 -67 -171 38 200 10 1 123 -116 223 69 -240 -42 134 -243 21 31 -126 -11 159 84 -113 25 -191 249 -170 95 211 136 188 -233 -190 29 177 -84 -228 -230 -99 207 186 40 106 -51 -196 125 73 206 79 26 83 -204 -248 -166 -74 -76 -102 -35 247 -49 235 -209 -124 -13 124 -135 -104 70 58 -82 197 165 -147 -152 -235 13 -41 -81 -161 94 88 -192 -242 -219 46 -55 -9 20 208 213 121 238 -97 -168 -65 57 241 176 92 108 -139 172 190 -225 -72 -142 218 -215 -105 43 104 -14 182 62 -56 74 96 -198 -137 -207 -110 187 243 -199 -150 93 248 167 -145 -227 -39 -134 60 -249 -194 -6 -57 -47 -226 149 -174 -123 -87 -244 22 -182 148 86 162 114 161 -26 -71 -180 185 -108 181 -138 -93 -151 75 47 -98 59 141 217 -96 -17 82 -62 -236 192 -88 -163 184 -7 -158 175 97 -231 12 -201 9 36 -218 -195 222 195 8 -246 -164 -58 -159 -27 212 -60 214 246 133 37 180 234 -18 -50 164 -229 91 203 -146 -179 174 132 -61 30 -92 204 -70 236 -175 -117 191 -247 215 179 -94 157 -148 -220 226 140 -144 -36 16 -15 -206 127 120 63 -213 6 111 -125 90 -131 119 152 2 41 220 137 -77 225 -183 18 -136 -186 -119 143 169 89 -73 170 102 153 -20 -153 196 135 33 -221 -202 109 160 -132 -30 -10 216 19 -114 110 -40 -16 85 -4 76 122 -216 -160 171 -24 -232 -121 4 -129 158 -59 -19 -154 -122 113 107 -239 -185 3 99 77 101 227 -177 -52 55 -176 53 -200 -101 68 231 35 32 -79 56 244 -133 100 -29 154 144 -63 146 -181 224 -23 -222 -172 147 5 -162 166 42 129 -64 -143 
TEST 65 ARG:198 248 -19 154 128 -221 193 -217 191 -47 117 116 123 -64 -53 147 232 -83 43 -218 -59 -189 177 -153 22 -98 -31 -168 169 -81 69 -113 -232 -60 -158 -133 -36 -210 230 -116 -66 124 -25 -17 -228 9 160 34 0 86 97 96 -39 39 222 -212 -146 174 -32 -62 30 -239 23 -157 8 131 -10 126 197 -134 14 85 107 -145 -152 152 186 -173 -124 11 45 -179 -230 -129 33 223 -44 -219 -3 205 40 -227 -67 73 180 215 246 156 142 -54 -139 -50 -85 -106 -72 -196 -108 24 76 233 -105 218 244 130 -30 -211 192 -248 -229 -207 74 83 -55 -194 66 -154 41 207 214 2 -118 -90 54 7 -223 42 138 26 35 -24 159 -213 -101 146 125 -69 122 -241 -121 105 28 -186 -61 -34 172 80 209 50 -148 -15 245 25 15 -79 -52 -35 99 -136 168 -126 -225 157 -40 189 -9 -222 181 -130 -88 -92 199 134 -202 -156 -209 47 -41 127 -159 1 -127 235 163 3 6 -234 -63 37 242 182 239 -27 65 -109 -86 -235 231 -174 149 100 106 -114 -122 -215 -188 -137 58 -175 -26 -120 -51 -20 139 176 -93 212 171 145 151 -38 194 64 -71 226 95 201 -46 -160 -250 -169 150 240 -2 -131 -110 -243 110 167 165 213 4 -164 -208 204 -87 -216 82 -49 60 -94 188 -21 -125 -75 -193 -140 115 -107 48 -240 -170 -123 -95 234 -185 -132 -177 -201 -14 109 166 184 140 63 94 -197 113 -233 -128 103 52 -167 62 -246 -56 16 -149 173 238 162 -70 -76 5 21 -180 247 17 -162 77 155 87 29 -184 225 -5 -84 90 -96 175 -18 120 195 49 -192 220 219 -244 228 141 108 -78 70 -165 112 183 202 -16 187 32 -45 -74 208 31 190 27 211 -195 -117 56 -8 243 -7 -111 -150 -205 -199 -183 -142 206 -171 38 -166 102 36 -249 -99 92 -100 114 144 -181 203 71 51 68 -147 -12 136 118 72 -224 -247 59 55 200 237 -89 241 224 -1 -112 -155 -141 -198 101 -91 -4 19 -33 -203 -68 236 -161 -226 -200 -204 -220 -6 -23 210 111 135 -102 227 196 10 -187 -28 -245 13 148 -73 164 153 89 -178 -143 133 -77 -176 67 53 -42 158 44 -231 93 -82 143 12 -104 -206 -238 121 -151 91 -80 -182 79 -242 -172 104 -119 -43 -65 -13 -138 217 -236 216 129 137 221 84 170 98 -115 -191 -237 46 -103 185 161 -97 -135 81 -29 57 -22 229 132 -11 -37 78 -48 -57 18 75 -190 -144 88 -58 20 -163 -214 179 119 178 249 61 
TEST 66 ARG:-198 -131 4 136 102 -48 9 -169 -239 66 -246 243 108 -88 -195 16 -35 193 232 -46 -141 -240 152 191 115 157 131 -30 -174 64 82 -209 -49 -199 122 164 242 101 73 -118 197 -85 20 -150 -167 -79 -111 -158 96 -233 85 -225 -181 70 170 68 195 -104 -135 -47 -24 92 35 -67 125 -17 207 -188 45 150 -18 -121 147 17 -132 -10 -250 156 -89 -92 -211 149 84 23 -96 123 -151 178 233 246 234 -201 30 213 -71 -153 205 -116 -3 145 -59 218 13 -148 65 -75 28 169 27 -41 128 78 -2 -133 -190 -55 210 98 226 -214 -186 158 105 43 -144 -228 167 -105 -113 142 -63 81 -77 93 -11 90 126 50 106 211 -218 -44 -20 -235 22 -7 74 118 148 235 -154 236 -138 133 230 -73 244 173 -205 216 -248 -173 -129 227 -100 -34 168 -21 -124 161 190 120 -176 183 80 41 184 223 24 51 202 -90 -146 -29 -93 -107 -217 29 -237 238 -216 -164 219 225 -187 -102 107 6 46 -6 -80 -60 -231 -61 -229 249 -182 -15 -207 229 140 177 -70 198 -242 62 245 -156 171 -82 -165 165 217 119 -64 94 -241 34 38 -222 162 -157 -249 181 129 37 -247 -244 -87 31 -50 -234 83 49 8 -243 -43 237 -114 -184 -227 -26 -145 54 185 209 -106 87 -81 -45 151 -212 -117 -1 63 55 75 -31 -39 -238 32 -140 44 146 86 -204 -159 -108 137 -23 -103 224 -27 56 166 88 -42 -196 221 -9 -152 172 121 26 -16 -193 239 -69 -178 -51 -137 47 -115 -14 -28 -4 95 -52 174 57 71 130 -94 -109 135 5 138 -22 182 76 215 -120 -12 -147 -66 48 -220 103 -149 -185 186 -33 -224 -206 -168 99 -58 240 212 248 180 -230 144 220 -56 -25 201 69 -179 114 77 -38 228 194 141 112 -54 200 116 -65 132 2 -172 -57 18 33 111 176 36 0 -189 189 241 25 -215 -119 12 214 59 14 -139 -155 139 160 -97 -127 -68 -8 109 -36 58 -62 -232 247 124 -197 91 -170 -40 110 -245 -202 -223 -101 203 -161 -122 159 42 72 -136 -192 -191 -72 117 -53 199 -142 60 -166 -99 222 -126 53 15 -98 -128 -208 7 -13 -112 3 -236 -180 97 188 52 163 -83 21 153 155 -78 19 -110 -143 -84 -32 -194 11 -203 113 1 175 -130 -134 -162 -183 -95 204 -213 -210 -171 -163 231 -76 -219 100 208 -200 39 -125 -123 143 89 -37 187 -221 192 -226 -74 154 104 67 -19 -177 61 79 134 10 196 127 -160 40 -86 -91 179 -5 206 -175 
TEST 67 ARG:-199 239 -90 185 79 -110 -74 183 -223 -135 152 -169 -141 230 -129 -167 249 54 -7 -125 45 10 -12 82 121 186 -237 32 189 122 145 25 -65 30 -87 113 -67 -70 -80 133 -245 -163 219 106 47 -14 -48 -73 60 110 179 -153 -130 -119 -126 -170 218 154 -189 -33 213 -89 -180 -188 173 119 207 156 -226 -233 -41 -92 238 -240 -175 125 -43 92 -82 -115 -212 53 241 96 -81 2 135 -10 -40 -244 123 107 -54 42 -103 55 -50 -194 84 94 -60 -247 244 -208 57 -44 210 -234 -104 -95 48 148 66 75 172 215 151 -205 165 -178 202 -28 -242 62 182 -116 -5 227 223 -53 192 -210 103 35 128 -30 160 -71 -241 6 -158 -13 -221 149 26 87 -62 80 77 -227 143 -232 -26 -181 233 -173 -146 -16 -32 -250 126 -39 -118 139 167 -195 120 -193 51 -97 -45 231 191 8 -51 99 -117 203 155 -202 43 -164 -49 232 158 -91 -191 -11 -8 24 242 -185 -57 163 -144 188 95 -19 29 206 -177 -184 -37 14 127 -108 153 -214 -83 112 -243 174 229 11 52 71 228 108 180 247 117 105 41 -42 -105 18 -128 -207 140 187 -151 -225 211 -148 46 -52 248 -31 -4 124 -17 1 -114 100 204 -197 -23 198 -187 115 81 -85 109 -152 -209 201 39 49 -69 217 221 93 136 147 -112 -84 -198 7 -219 -100 178 15 78 131 -111 70 -109 111 85 37 -200 -127 246 -190 12 -64 -156 -94 157 86 -159 225 -236 -155 89 222 -79 -2 142 134 181 58 -216 40 -138 -161 -61 -235 118 -59 -222 72 102 -121 -186 -99 59 -63 141 4 209 -20 -137 243 -22 -66 200 177 -101 13 19 -249 68 -162 220 208 -231 -218 3 98 -224 130 -122 -124 0 -113 90 34 5 -179 236 184 159 -58 20 -77 194 74 76 -68 237 31 -76 193 116 -168 -98 -201 -25 -72 150 -132 -78 -1 -47 197 137 -136 -196 -215 -203 -86 -165 21 -15 64 -123 164 91 170 214 -27 -46 234 97 224 -204 -106 -18 17 235 -9 129 -229 -36 44 -171 23 -131 240 166 162 101 -142 -140 -107 169 -206 27 33 69 -139 -176 -145 -174 114 138 -34 -172 -213 171 175 -35 -217 83 146 -55 -239 199 61 -93 -230 104 65 -246 -133 -24 -6 9 -134 -154 161 -3 144 -238 28 168 50 195 36 -102 16 -157 -228 -183 -220 -96 176 -248 73 -149 88 63 -150 -21 -147 38 -38 -192 205 -56 226 67 -182 -88 216 -160 -75 196 -29 -143 -166 56 22 190 -120 -211 212 245 132 
TEST 68 ARG:243 -89 26 225 101 24 4 -7 -234 171 237 -59 -203 -45 35 -19 3 -33 -169 -143 21 -166 -182 239 155 164 1 64 -75 168 -236 -88 12 133 223 170 9 -28 208 -21 -149 182 -159 178 -68 -146 167 -184 128 -29 -194 104 206 -25 34 -43 -56 82 -177 -61 -132 -58 -168 -73 31 65 -41 -242 -213 -10 -94 20 124 58 -178 68 -20 211 -110 -90 -55 145 -83 214 -204 -63 228 -156 -109 226 109 -232 143 -51 -144 6 163 -87 156 46 -186 -226 197 -38 38 117 -139 27 -202 98 -152 -118 59 86 188 -173 219 -217 -27 -84 166 -9 -197 -233 216 55 83 -138 -180 232 -126 71 187 66 -191 -30 144 221 -205 235 172 52 -64 97 30 -229 19 183 -71 116 -215 -47 224 -185 236 200 175 -153 -128 -2 240 213 -130 -81 -160 -145 50 -216 193 -176 -66 -115 -16 234 136 -241 -11 -105 -34 -189 244 -4 -3 -113 111 49 85 120 191 -192 5 39 121 -210 -154 138 -6 -60 181 90 -209 -214 -183 -122 -207 -37 43 194 -116 -62 203 -164 176 -142 -244 -170 201 141 -98 209 180 -46 93 8 -211 -141 -99 245 161 -18 158 -188 -162 110 150 96 76 -171 -199 -31 126 125 -135 -107 -86 139 -239 135 99 -5 218 91 246 -157 -158 146 -32 229 -222 123 -201 -121 217 -44 102 -206 162 192 -228 100 36 165 233 -221 -227 -247 -74 -14 -24 -100 28 -150 -54 -129 95 199 227 40 23 119 -117 -249 63 2 81 160 -225 -187 -134 -12 -85 18 25 238 -223 -167 129 -196 -175 78 17 -174 -219 87 -248 105 80 114 72 -108 230 -72 -39 -165 -148 198 79 -42 -114 159 -238 247 -52 -36 -77 108 -76 -8 -57 -1 -22 189 -246 7 -40 -136 -78 -70 179 -240 84 -123 142 249 153 204 42 -95 130 -96 44 69 248 -137 131 -212 -218 -93 196 67 54 11 106 56 10 13 53 16 242 32 -48 222 75 -190 48 -65 61 33 51 113 151 220 -15 -155 -237 148 77 185 -103 241 -79 -13 15 177 212 147 -163 45 -91 -120 41 -106 -26 134 -198 -250 74 -179 73 -224 -17 -35 205 -245 132 60 -231 -23 37 -80 112 92 -161 94 -181 210 14 -102 -50 157 -119 -230 152 149 -195 -208 -235 174 127 202 -127 -140 47 154 0 29 107 173 -131 -53 -243 -133 62 231 -147 -92 -124 -82 -151 -67 -111 57 -104 -193 -49 -172 -200 103 169 70 89 140 -220 184 -125 -112 190 207 122 88 22 115 -101 118 186 -69 215 -97 195 137 
TEST 69 ARG:131 -217 -80 -94 200 -47 113 -85 249 124 -226 -190 -162 -1 2 -161 216 242 52 -249 -215 -221 65 119 -61 213 84 -29 -79 235 9 46 248 -113 -172 -56 142 -227 67 -49 139 -42 -136 -191 148 -189 154 -219 -234 -208 -9 -160 107 -128 -11 -54 109 138 -109 -149 -60 -231 -174 -53 -10 159 -244 -95 75 -241 150 -44 208 246 -204 -248 -83 115 -31 -137 -206 -228 166 -38 237 -45 134 -74 -8 161 132 153 -106 57 -21 -37 -102 -140 83 -124 -242 225 82 -166 89 130 -165 122 45 -101 -99 -239 31 -52 234 6 -78 -23 64 233 90 -150 -155 217 -116 50 -15 100 93 -169 -202 203 245 79 189 222 -214 103 224 -107 -98 32 61 44 48 112 140 230 -156 38 -193 69 236 -158 85 39 -132 96 -144 -48 -13 -71 177 -19 151 -141 43 -235 -12 62 -65 49 240 35 -170 198 241 -211 51 -26 -96 110 -198 -223 -97 -184 105 158 -238 -34 -62 -182 -118 59 80 -175 47 211 -236 -229 228 28 247 128 162 58 33 -39 -69 -237 -67 -154 192 -196 104 -146 -246 -115 123 -122 195 -73 40 207 -183 231 121 -64 54 -119 -46 4 145 91 169 178 -171 223 -104 202 -164 -4 12 18 -177 -232 77 -123 -58 81 206 53 201 55 72 -81 97 -213 -5 -185 -14 199 -100 0 114 205 160 120 -70 -222 -176 -153 -147 187 23 -105 191 14 -243 -225 136 176 37 125 186 163 244 135 126 144 26 -110 127 -18 106 -51 -68 -87 60 157 171 -197 173 220 71 -138 -89 41 -86 -192 24 -245 99 -117 -59 -200 -250 63 152 -77 -210 -130 210 -212 -112 -209 -24 -135 29 -168 -90 -72 -127 -120 227 -143 7 8 -148 165 238 -17 209 -163 172 36 27 74 -33 15 101 -218 143 10 30 98 22 190 129 111 116 -188 -199 179 -35 73 -203 -151 -129 -88 -178 149 -152 -28 188 221 1 -157 -159 -84 167 21 147 155 -167 -142 17 156 212 -25 -50 -205 214 -103 174 -20 170 -230 -36 16 3 141 -22 204 95 137 -180 232 196 -126 239 -216 182 -111 -233 102 180 -3 -131 226 -201 168 -30 86 -57 243 -240 56 -173 185 13 -195 218 -55 194 -181 87 -2 146 -133 66 -32 5 164 -220 19 -6 219 92 -75 42 -16 -125 -139 78 -247 20 133 -43 -63 183 76 193 -186 -82 -224 -145 -207 118 -179 70 -66 -121 -7 11 -108 -91 88 -93 215 -41 229 -194 197 68 -76 34 175 -134 -114 108 117 181 -92 -187 -27 184 94 -40 25 
TEST 70 ARG:89 -2 -90 -95 132 -3 -173 -250 -154 -14 238 72 -200 129 166 -9 -54 -212 58 85 206 169 -155 202 146 -228 -161 104 205 53 65 -81 -194 118 -245 208 -13 -128 -197 -153 232 38 -100 -230 -39 -98 94 -34 102 -24 -233 -179 130 48 75 -65 -41 -191 -156 -88 -243 156 -215 61 -92 -20 -60 -232 170 -238 -169 59 -171 -236 -229 23 157 91 -174 173 -162 -42 114 81 -119 220 184 -70 -89 -101 -62 -76 -105 -221 239 33 175 113 186 66 14 17 -152 -246 50 18 -220 43 -129 46 40 74 -77 126 -82 116 -107 -26 42 -4 211 -217 201 -112 -27 -64 -142 -218 -138 -18 176 138 13 125 224 -247 -78 -11 143 117 198 233 162 -144 167 -205 215 -163 115 -48 -240 -168 158 64 -223 101 111 95 57 -193 105 -49 249 -5 -131 207 165 24 -115 -73 69 179 222 -12 -145 160 -249 -183 149 103 5 -83 54 47 -74 -43 225 -209 9 153 68 79 174 210 148 93 -19 172 73 -237 214 -239 -17 -8 189 51 -189 152 234 35 67 -33 203 221 -50 -72 19 -52 -165 -103 12 -99 144 163 223 122 136 36 155 182 34 -214 77 180 -121 32 62 -7 2 -166 -69 21 159 39 -184 96 141 60 190 -6 -80 56 -164 -225 87 -1 -113 -135 -15 248 237 -146 -149 1 88 -30 -213 142 242 -195 -244 -97 -127 -235 30 106 -136 3 -25 -110 -133 -207 -36 -32 -93 -21 -56 92 -134 -79 -137 195 181 121 -201 219 -71 236 -28 -23 227 -66 -45 -231 -139 -234 -124 -85 -120 11 -51 76 -242 161 147 -57 119 226 -175 -216 -44 80 -151 -170 -86 107 199 108 216 -241 135 22 37 -182 84 -123 209 -117 -185 191 139 230 31 -108 20 -143 -31 241 244 245 123 235 240 185 82 -84 134 128 0 212 131 -96 -102 204 229 70 -63 -186 246 -147 -140 -148 -203 52 -46 168 -91 -75 -159 213 41 -210 -198 6 -87 -122 28 83 187 -141 145 -10 99 8 -227 -157 -248 140 -53 -219 -222 178 197 -177 90 -47 27 247 49 97 218 -16 -187 -116 -118 192 86 154 -190 133 -114 -202 10 -199 243 -172 -125 -192 217 127 112 -109 44 -35 -158 -208 183 120 -68 -104 -204 55 193 -111 164 110 -167 -226 -150 150 15 98 -130 -196 -37 -206 -40 -178 -38 -61 25 -58 200 7 71 -224 29 188 231 -126 -132 151 194 26 -22 4 63 -67 137 16 109 171 -55 -94 -181 228 100 -29 -180 -106 -160 177 -211 196 45 -59 -176 78 -188 124 
TEST 71 ARG:212 238 13 -1 -214 3 -157 -24 -222 -216 -68 -13 -59 137 111 12 138 131 -183 -228 150 -101 -122 -121 -250 -106 -80 8 211 50 -60 20 -72 237 227 -201 135 174 46 -148 1 -10 -164 -94 11 103 107 25 -249 -119 222 207 -137 -32 235 -235 188 126 244 128 162 173 -210 -84 194 -155 153 -120 159 28 62 180 31 -86 24 -204 -110 -171 -54 -83 239 -162 220 54 167 -215 89 70 163 178 -89 -11 -193 -187 -19 164 219 -226 -74 185 -130 116 -131 249 -127 42 215 -78 -88 43 177 -91 -196 -174 -192 -232 -37 17 -123 -146 21 -63 175 -186 -103 127 -41 -52 -142 236 77 156 -8 -99 -6 112 -45 -50 96 203 -76 -199 -206 37 148 243 68 105 113 189 247 -81 -48 -160 226 202 -185 229 197 115 -79 -46 -246 -70 -233 35 -49 -207 -177 39 200 -242 -240 -35 59 -182 52 151 -208 -92 -66 119 145 214 165 134 40 -149 181 104 -124 6 4 172 -134 18 -135 -38 201 129 66 -15 -211 27 -136 45 -23 242 191 -231 -113 117 74 120 196 109 133 143 -56 64 118 168 -181 198 141 -26 -237 38 213 193 60 -190 232 -144 136 199 -61 205 224 -245 -90 84 -138 -169 106 -105 -132 32 -93 -118 -156 10 -145 230 -227 -154 95 -36 144 26 -128 -69 161 97 -184 228 225 147 231 160 -236 190 -40 79 -95 223 170 16 93 -97 -2 179 -21 55 -147 -221 -20 85 187 51 183 152 114 29 -31 65 -29 -14 -203 -109 -64 -47 -143 -241 69 -5 86 90 -234 -65 -18 -9 195 -218 -178 -75 -179 -33 -98 -219 142 -165 -209 98 248 110 -247 -172 19 -82 -44 139 47 -238 121 -25 102 208 78 171 49 -53 14 192 210 154 -176 -159 124 23 -213 -189 -125 -239 -3 83 -108 157 217 -166 -102 -4 -224 245 -77 -16 108 99 233 -42 -96 -67 -180 -200 -225 -55 -170 67 149 -112 -243 241 169 22 -104 34 -7 -151 246 -173 184 81 -244 216 -34 33 88 57 146 166 204 221 -115 218 -168 82 -17 -133 -73 91 72 240 206 100 9 48 73 -87 -107 76 -114 101 -129 -111 -85 75 155 94 -62 -161 130 -58 -27 140 -12 15 -194 0 -71 -100 -223 209 -28 53 -191 -197 -116 58 125 -139 132 2 -51 -158 -230 7 -217 -39 -150 -30 -202 -205 -198 -195 -188 80 44 -140 176 56 -153 -220 122 -141 -22 92 -43 -126 186 182 158 87 5 123 71 -167 -229 -248 36 234 -175 -212 -57 63 61 30 -152 -117 -163 41 
TEST 72 ARG:47 36 -123 -171 116 91 232 179 -224 -228 -222 65 -125 153 -69 25 -146 -41 136 243 213 205 122 -77 -144 4 -205 6 14 93 -14 -179 -184 -147 101 -62 236 26 -100 -164 182 -22 71 180 79 20 -80 238 85 -29 245 206 131 -103 231 106 102 86 -200 -68 -111 183 160 -85 -94 -35 -198 132 51 118 -17 28 165 143 -217 -120 -25 -34 -156 -97 38 -78 -33 188 -133 -75 29 -26 17 61 201 217 -6 -89 -121 -101 -84 214 80 -138 177 -149 -242 -63 -18 -95 -27 18 -233 30 191 -114 112 60 58 -250 176 54 -142 11 -130 138 -21 -132 125 -141 -199 -19 49 -86 -113 -185 -193 -110 227 -231 170 10 -54 185 23 -128 -235 19 -59 233 129 107 144 15 -165 -48 164 192 194 68 247 42 -158 186 103 249 -248 -115 7 -67 218 150 -91 171 76 222 -76 -55 172 -202 -140 -127 63 -189 35 -209 -137 155 -212 1 -81 -13 -220 84 -196 -234 -11 -188 -218 181 -66 -109 100 -152 228 175 -207 -52 -28 -236 -245 -155 -112 -1 110 141 -227 95 -104 111 -178 229 34 -82 -20 81 -131 -150 8 89 -70 -213 -166 -57 -148 -206 -126 202 -173 -183 121 146 -51 -215 -122 -221 -172 40 0 -3 -139 59 -238 197 67 126 -24 44 88 135 -244 -119 149 -38 -195 24 -9 244 69 189 87 92 -116 -50 215 55 94 -174 -12 123 130 -105 104 48 73 128 113 226 -88 235 -87 119 -249 -241 115 -117 -151 195 -46 -169 83 33 97 -102 90 167 -232 74 50 241 133 2 145 -175 43 -30 190 -214 53 225 -226 -40 3 66 -99 151 45 -107 -136 32 -229 70 -2 -31 -239 -181 148 193 57 -5 64 142 -93 221 174 -36 -177 200 -108 22 139 -240 -163 -208 -203 159 62 -16 140 -37 -43 -53 209 239 -134 -167 -143 -153 -106 13 -223 -159 -194 242 99 -32 -72 75 -71 -39 248 -64 31 78 -4 -216 224 134 178 96 -201 -170 216 -90 147 -210 -98 -237 -230 207 -74 152 246 -162 124 -190 -60 -92 77 -192 198 72 12 173 230 210 137 154 -160 -191 -79 -73 -23 199 -61 98 -58 223 -180 -10 -182 157 -161 -44 219 156 41 27 -197 -83 -246 -187 -8 9 158 161 -157 -204 184 46 204 -118 -129 5 -15 -42 37 187 -225 108 -47 237 220 109 -145 56 105 211 -45 -186 163 196 -49 21 -135 169 -176 16 114 203 -211 120 -168 -7 117 -219 -247 52 -65 -124 82 -243 208 -56 162 240 127 39 234 212 -154 166 168 -96 
TEST 73 ARG:-67 94 -40 139 -228 -89 186 -149 129 179 180 27 170 178 203 191 -87 189 -212 -219 -201 92 -28 0 157 -50 -54 -45 -81 177 138 -188 107 -58 -172 -31 24 -116 -171 -24 140 -148 72 -99 91 113 -9 229 -11 23 30 -59 47 210 -157 128 106 58 75 -63 61 -35 -106 -77 -27 145 212 90 -5 -159 -92 148 -191 219 53 108 -129 132 -239 -205 -248 230 45 156 133 -140 -110 161 100 65 248 -3 -32 -109 233 -210 197 -206 -207 249 -6 152 -151 126 -145 9 239 222 15 240 4 160 -230 215 -113 -231 -72 -187 59 -41 -235 49 95 18 46 -30 238 -124 -108 17 176 -196 -223 28 209 -227 192 169 -209 -218 37 -142 -160 73 25 -185 19 -65 -177 236 183 188 -224 201 -216 -49 154 42 228 -167 70 -62 223 194 -131 220 124 -33 14 -13 -128 -74 227 87 81 202 -175 -14 55 -183 217 137 93 21 -144 -69 76 63 131 -66 -166 115 -121 -22 226 -36 -37 141 130 -34 245 88 -80 -136 -189 -173 134 -134 78 57 -155 97 167 199 163 64 102 111 -101 123 153 142 -29 -229 60 244 -137 235 -198 83 143 214 162 -127 -93 196 -174 -83 -193 -20 182 -232 -60 -23 -125 -39 208 173 159 -52 -215 -53 5 74 71 -233 155 -234 -238 -95 -105 -84 101 206 -15 -19 -186 171 -217 -245 -43 135 -243 -1 119 40 122 218 175 112 -195 -203 -115 84 -162 32 -154 62 -44 116 52 34 -225 174 -103 -182 -118 69 -163 -38 -139 -176 41 89 -7 8 -100 158 77 -71 85 -111 13 -73 -153 50 1 -119 -123 -85 172 127 -126 -199 -12 -202 -4 -68 165 -156 -170 -179 3 22 -192 144 -164 -249 -158 7 -146 234 -190 193 204 146 241 205 38 16 -91 -133 149 -147 68 36 31 -221 -107 185 -250 -165 -86 6 -236 232 103 -135 211 39 -120 -97 243 -46 -246 136 -56 -21 -25 29 -241 -47 -76 79 80 151 -98 86 -211 168 -70 247 -197 11 -78 -237 -96 -132 195 -10 -214 -18 33 125 -88 207 -51 198 -169 -122 -90 -222 110 -104 -240 184 48 150 -213 -220 190 -57 213 82 -242 2 -8 -61 -94 -184 231 35 96 66 26 -42 20 -247 -226 225 43 44 121 -150 10 -112 -180 -64 114 104 -55 54 98 -117 181 105 -79 -17 -141 187 117 -208 67 166 -102 118 56 12 -244 216 99 109 221 51 120 -161 -181 224 -48 -200 -16 246 -26 -138 200 -204 147 -114 164 -130 -194 -168 -75 237 -2 -152 -178 242 -82 -143 
TEST 74 ARG:62 -22 158 68 -26 69 -124 -210 94 219 -49 29 228 -76 -244 139 -110 230 39 -85 -120 243 57 -52 246 -142 43 22 115 23 -54 193 -106 -238 42 -148 -29 -87 -19 -69 -90 -10 -122 -45 -223 136 171 165 -136 -211 87 119 -206 116 52 110 -172 240 -99 -107 36 -37 -171 24 40 -84 51 -160 -48 -116 109 -144 21 170 -58 15 227 -164 -18 -195 232 26 -191 143 6 237 132 47 159 152 -219 127 108 -113 105 10 -139 120 183 -155 -201 -6 130 5 -198 133 -77 75 85 -12 78 88 147 -108 -123 -32 -249 -105 -214 -135 25 -21 -121 131 154 203 81 245 7 -100 123 168 -17 218 -167 -104 239 211 -151 192 37 199 209 13 -30 -75 114 96 46 150 32 -112 220 -47 -218 74 231 121 -20 -94 -177 -36 -53 163 0 -145 -125 70 -1 208 -82 -131 138 141 90 -241 221 4 -248 189 -216 -27 -147 -159 -190 -224 -95 102 111 -158 -74 -221 -39 175 151 -55 -205 -178 -208 -215 -56 -11 1 30 242 107 188 -63 -202 -83 -73 187 92 -67 -204 244 -115 -80 58 -169 -186 82 -34 191 -101 -70 -165 212 173 14 148 -14 -128 135 45 117 234 247 241 -109 -181 72 -46 -127 35 155 162 -38 -233 -137 164 -35 -153 66 166 -31 48 -146 -176 172 54 215 144 -5 185 126 174 -3 156 205 8 -240 224 -207 -118 77 2 -229 -13 -150 226 67 -78 16 197 76 -199 91 112 180 101 236 83 -197 -134 204 249 -239 149 -62 -154 17 140 34 129 -133 65 -51 238 -88 -98 184 -72 95 9 33 248 -92 -64 -200 -179 -213 -41 177 233 49 -217 -174 -114 50 -96 124 -175 -149 73 195 181 84 -173 -236 -193 -4 -126 89 -246 38 -209 -247 -157 -50 -60 -93 -33 -235 -242 104 134 -234 53 79 -170 210 190 -187 229 -156 -138 196 153 -117 176 86 -15 146 182 -111 201 142 71 3 -8 200 -192 106 113 -230 -212 -140 235 -188 20 -245 -132 -183 -57 -222 -163 122 -130 169 -103 198 -9 167 -225 160 -129 -166 157 -228 -182 -168 -91 61 -184 -61 100 98 11 -152 -162 -226 -102 64 145 161 19 -97 -24 63 214 222 -231 -203 -44 -232 217 213 -243 179 -7 59 31 -42 -194 55 -43 -185 44 202 -71 -65 194 28 -189 -28 -2 128 99 27 18 93 41 -23 -143 -196 -66 178 -161 216 125 60 -141 97 225 103 -68 -227 -81 -86 -25 137 206 -119 -220 -180 -59 118 -237 186 80 -79 -16 12 56 -250 -89 223 -40 207 
TEST 75 ARG:89 53 178 122 189 -151 88 187 82 -216 106 -79 35 160 232 -239 -196 -166 215 90 -208 9 -170 -244 136 -185 193 57 -152 -181 80 -128 -83 -62 -47 104 132 -237 -64 -10 114 185 218 -233 77 42 -23 41 100 43 133 -176 47 95 32 -148 97 -38 206 186 -249 -48 -67 -203 -158 13 26 -3 -175 -21 -17 -250 -66 94 143 -207 83 46 -138 140 75 -189 -27 -115 180 -241 72 183 -84 -130 -183 166 -164 204 -113 -9 205 -102 242 220 182 155 134 -160 117 161 224 -88 -11 -215 240 52 11 4 -123 -218 -95 -105 -136 -219 223 229 131 63 208 -114 195 152 141 -54 102 -90 171 78 -68 -99 48 -32 -26 -220 27 135 236 119 56 -167 -13 207 156 -12 -56 -122 -96 -172 -24 -107 -154 147 -22 -101 -121 -81 81 -143 -80 214 226 -193 -234 67 -125 112 121 108 -85 -205 -168 248 164 -50 -247 174 -1 211 130 -191 191 -236 237 110 -42 150 153 -58 -78 -150 54 146 127 22 86 59 184 -49 -211 -86 165 -240 34 230 -117 -177 245 124 -100 154 -51 -248 -92 -116 145 99 -243 -225 118 -232 -30 -127 65 201 -228 -179 -77 -153 92 213 66 -144 -119 -18 -162 -52 60 107 -169 -197 -104 70 172 24 192 101 -40 -182 44 -8 -194 120 123 19 210 212 -36 200 179 85 -28 6 231 -134 -163 -139 45 238 -178 -140 219 198 216 -199 10 -44 -206 -39 -74 55 18 -231 235 -108 244 -137 91 170 -204 -57 -55 31 233 225 227 68 157 125 202 203 228 21 139 -41 -229 -217 93 177 144 194 -120 -210 73 -184 -159 -212 -157 -242 -89 111 151 39 168 -209 5 -145 -93 -5 -53 15 -63 -245 -198 162 51 -71 8 -14 3 103 64 -214 -222 -173 -2 246 20 249 115 -7 158 221 -106 199 -45 -103 76 -223 175 -70 169 -91 98 -131 38 -190 -132 222 -65 2 -133 -110 -94 -165 -213 247 -97 -161 -61 -111 29 142 1 -155 23 209 0 163 -6 61 -31 -192 71 -188 74 -171 -112 196 -73 -29 58 -72 -129 -174 -246 -146 49 -46 14 -33 -25 -87 197 -76 -195 -109 30 -20 243 -60 37 40 -82 36 241 -75 87 234 128 -226 17 -202 -4 25 -15 62 16 188 96 -69 -180 176 -124 105 -201 -35 -156 -98 -149 -230 -135 190 173 -37 -186 -147 239 -59 7 79 -126 217 -227 -235 137 50 113 33 -19 181 159 -16 -142 69 -43 -118 -141 148 -187 116 129 84 126 -34 167 28 109 -200 -224 138 149 -238 12 -221 
TEST 76 ARG:32 110 104 54 -136 -90 -71 -59 142 -240 34 195 155 44 -95 42 63 -12 149 79 31 220 53 -107 -43 168 -104 230 -236 192 243 -177 247 -113 -89 115 -81 -141 240 -23 -56 55 -74 183 57 -83 33 -96 -78 -168 60 203 70 -232 157 211 -209 84 -147 -26 -92 -227 210 -60 -117 50 -248 -72 43 216 -41 -138 -229 -222 213 -13 -120 117 91 127 133 -73 -8 215 -242 -200 -5 -46 -11 -94 -193 -69 -220 65 77 -186 -112 78 186 -191 -64 59 41 126 -84 -35 -76 -249 -244 -51 -233 98 -250 123 122 -32 100 -50 197 -235 62 51 -99 25 4 -239 116 -154 -241 -230 -214 -118 93 -188 156 82 12 131 40 3 -77 -115 49 -164 -203 206 -125 199 -106 -237 118 81 -25 -210 -52 90 -198 234 -231 -246 -130 169 -109 189 66 -146 109 -70 -196 242 -201 52 -165 245 -48 20 158 177 -88 -114 239 -161 166 140 -192 -79 -212 -91 -204 182 -166 -30 -137 -45 205 -124 -85 143 102 -160 225 -93 236 -142 151 -182 164 132 28 201 222 -217 10 -128 -36 -156 -218 -102 -55 244 97 246 -17 76 -98 179 202 135 -245 68 193 37 194 16 18 64 -219 -167 -163 -31 -110 -27 -40 -208 -197 23 -179 -122 -243 214 -127 -123 233 198 -213 35 -140 -62 58 -215 8 48 -224 -189 39 -157 -38 130 212 120 224 -49 38 -87 -226 -195 5 -82 45 184 238 -173 -21 7 73 -97 30 -67 -184 -54 165 148 153 -134 -181 -207 107 185 74 89 137 196 -28 -187 19 -143 -119 -183 -135 -171 -101 15 -205 -39 -153 86 -16 -131 -150 -29 -174 67 -6 -129 -111 36 219 -149 106 -234 -3 209 105 -7 -33 138 -15 223 154 119 -57 -144 47 -159 112 61 88 -155 2 96 -225 229 -61 24 -132 46 227 -151 22 -42 176 -238 173 1 -4 29 -80 139 208 180 147 -172 -152 231 -169 217 -170 160 128 228 -211 17 146 235 175 141 -2 124 152 95 94 -121 75 159 87 13 -14 221 163 171 111 -216 99 -108 125 134 226 -66 -221 92 191 232 -20 -158 -223 -199 14 108 -180 129 -148 -44 -75 121 -24 -100 -47 172 174 -139 237 71 56 -190 69 -175 6 -10 144 -37 145 187 72 27 -247 -105 83 204 -1 218 249 248 -19 -86 -58 207 136 -9 -116 190 114 -145 -202 -65 -194 -68 85 -126 200 188 80 -176 162 -63 -133 -178 21 -206 -162 -103 -228 26 167 101 113 -18 241 9 -22 181 150 -53 170 0 103 -185 178 -34 11 161 
TEST 77 ARG:115 123 -153 233 -182 -193 -233 114 -66 158 6 108 -161 -131 -215 -13 85 -194 56 -204 -224 146 -21 -20 240 -115 54 203 -35 -178 201 128 170 -97 72 -130 -79 127 -53 198 166 187 139 -228 209 -247 134 18 105 -177 75 -57 38 221 -107 -223 17 79 -77 -14 20 -169 -164 -190 -196 -127 -99 -73 16 -17 246 40 -211 51 -78 -10 -32 -38 -90 230 -143 -15 244 -2 -142 52 -249 -166 -180 -141 47 -68 101 -148 -76 137 -229 30 -41 34 8 -246 -179 136 74 -225 -134 -245 39 46 -244 192 -95 -81 211 106 193 -60 -56 238 -197 98 -7 -241 -71 77 -237 36 -133 -102 -198 -94 -219 185 68 32 -103 81 -98 214 -69 182 -12 -144 249 247 172 23 59 160 -47 -152 -91 42 -30 -238 -220 -124 131 220 -52 83 117 -175 -123 -11 173 12 -231 -88 -150 241 -110 -75 57 120 78 118 206 194 19 58 129 113 -160 243 -250 45 199 135 200 -189 76 -28 -191 149 -46 -25 112 -84 -199 159 164 191 102 -74 -43 234 -4 -172 94 43 212 -62 -85 237 -6 90 -92 155 195 53 97 49 -125 14 9 91 -59 176 -206 -109 -162 216 -42 -64 125 -45 -149 3 -9 11 197 -3 -34 7 -171 33 161 -1 153 37 100 -135 41 104 -227 -242 29 73 215 26 -72 229 -27 196 190 93 -37 103 -31 89 171 -138 -87 24 174 60 133 -44 183 -170 189 -26 152 223 178 -209 217 180 -67 111 -55 -216 148 248 -243 186 162 -200 92 -106 -145 -146 -22 -165 228 116 227 -137 150 71 -239 65 -248 67 2 -151 207 -118 239 -101 231 27 -80 61 -18 66 55 -213 0 -163 -139 156 64 -16 -126 107 110 -158 -218 -187 235 13 99 -230 -183 138 -49 -173 -48 226 141 44 88 -226 140 -70 -121 145 -159 35 219 -207 165 -23 50 213 86 -208 151 -156 -39 -167 -176 132 245 -93 -63 84 -147 205 -51 167 -50 -122 -116 21 208 184 -89 177 -185 -236 -5 236 -120 175 -112 -234 -168 157 31 69 147 232 181 -33 -54 -29 -214 15 -205 -113 28 143 10 -82 -111 -222 124 -154 -157 218 224 121 -100 169 -119 -174 48 -201 -129 242 -232 109 -212 4 -217 130 202 -83 -104 -96 122 126 -195 -108 168 -192 -188 -186 25 179 -19 80 119 1 96 -221 -132 87 63 -58 210 225 -117 -184 -181 -105 222 -36 70 -235 -86 188 163 -65 -210 142 204 -114 -136 144 -61 22 95 154 -240 -140 82 -202 -8 -24 5 -128 -40 -203 62 -155 
TEST 78 ARG:187 248 -161 249 110 23 -220 155 -35 4 125 169 181 93 -109 77 -156 -179 226 -102 -53 57 148 30 242 -85 -190 102 1 -205 -148 205 166 99 243 -54 156 -9 68 97 158 -222 42 223 -27 -215 123 -245 78 -227 70 213 235 202 190 36 -68 -200 128 -79 -103 -151 104 172 14 -204 -33 -152 -26 -244 -173 230 46 122 -169 240 133 -4 -167 -175 -174 -234 19 198 -239 -212 150 189 20 -32 -149 -136 192 -78 17 157 218 48 -75 -60 -165 174 83 66 -243 -118 143 5 90 159 -41 -231 184 -210 54 191 216 -91 -88 59 -128 111 -178 -123 -29 82 -201 -185 -232 170 -65 142 234 76 182 118 -31 52 -80 -45 238 -21 193 -82 -34 115 37 -197 236 -207 -99 -119 -209 -66 -24 91 217 145 -143 -42 -43 -158 228 -127 -241 -71 -97 201 22 6 195 88 -125 237 -192 -28 124 67 119 98 41 -55 219 69 -145 -249 -172 80 109 -177 113 81 -168 231 208 -11 144 -56 -3 53 -107 21 -1 -247 212 -150 79 -213 3 -189 -217 227 38 -117 220 -46 141 11 -74 -166 -83 -7 96 154 -30 -126 233 -142 -137 89 101 -81 -202 -38 138 151 -15 -229 179 127 -5 210 -10 -90 -77 206 94 85 -237 -176 86 173 -20 -186 137 135 44 241 239 -129 -96 -95 -40 43 232 -23 -50 -101 -219 26 -111 129 224 -230 112 117 -196 178 33 -37 -93 126 -105 103 203 -70 71 -100 -164 -61 73 204 -92 -62 134 -226 -57 -110 167 -133 175 -195 -132 105 196 -228 211 -6 -181 -208 -19 120 200 -13 9 32 225 -47 -221 -39 84 -135 -214 163 -144 -139 177 114 50 -73 -84 -170 176 92 10 -240 -246 -72 132 -89 140 -193 186 -218 62 -216 -187 58 149 106 -112 -180 24 -184 -236 -131 -114 -106 63 -108 -2 -134 -206 -44 -162 -25 214 -160 61 100 -242 207 168 247 215 -146 197 -12 -122 34 60 164 160 -157 -198 194 -16 139 -36 -87 72 152 147 -183 27 116 -225 -116 108 -59 25 121 -115 -153 -191 161 31 221 87 -18 65 13 8 -199 2 222 229 183 -223 -98 -124 -86 -138 -51 -250 -94 146 153 188 64 -58 165 12 95 245 -154 -163 136 49 -104 28 -22 -49 -141 162 40 -14 -8 199 185 130 209 -69 -171 107 -147 -121 -63 74 -203 39 171 35 -113 -120 51 -194 -238 15 131 47 55 -48 246 0 45 -64 -188 18 -52 16 29 75 -233 -211 -235 -17 -130 -248 -140 7 244 -224 -76 -159 180 -182 -155 -67 56 
TEST 79 ARG:234 114 127 39 -203 -184 -181 80 224 174 -19 168 105 -3 40 -86 179 -162 208 16 15 202 206 -88 -139 -148 -56 -94 -58 -222 205 152 4 -68 -36 115 -246 43 -249 88 -53 -154 140 -121 59 14 -205 -23 -118 -225 195 69 -229 54 -207 185 70 -43 -73 -195 48 -33 -106 -224 -55 101 13 184 -216 -96 55 -124 45 -230 -70 -220 126 27 156 -196 97 85 8 -47 17 -101 -210 -194 -201 106 -10 244 -241 91 112 63 -95 172 -20 169 -24 -189 -144 -197 -158 -28 72 78 -128 -145 -71 -146 -113 -182 192 -66 9 71 173 133 103 -15 -9 159 147 -87 228 242 -206 -64 142 221 1 -59 136 189 34 -44 191 -90 -212 -123 90 -72 239 -63 248 197 76 -22 12 -99 238 -21 240 226 -176 -126 -60 -175 128 96 -77 -219 -6 -198 237 153 -218 -133 100 118 121 10 -40 -177 -65 20 -52 120 207 -239 49 -93 -8 249 -98 -208 -38 129 188 35 230 -79 -178 33 -57 46 86 246 119 -248 124 -142 68 -16 -223 -54 84 -242 18 -164 -211 -13 -237 -75 -168 -51 31 87 -102 -180 187 -157 -83 149 -76 155 111 -159 2 144 -221 132 -34 -108 73 150 -39 163 245 -129 165 -215 102 154 135 -74 -169 81 243 -173 53 -32 -97 -131 -42 -137 -151 -35 182 200 -161 61 236 -46 209 6 204 95 -111 -100 217 -4 -136 77 -140 -110 -167 145 104 110 -202 99 137 92 -45 74 -191 -232 125 -185 -27 58 98 211 194 229 -105 -116 201 233 -209 232 107 -227 -62 139 131 -250 231 -172 167 218 -107 79 -29 -5 -119 -156 193 116 -69 -217 -7 -49 180 -50 -134 186 -150 -91 -228 -132 38 162 -109 235 -37 -11 -152 -12 62 -188 113 94 -1 -31 -67 -125 -244 134 -85 60 50 -234 -48 64 -115 -141 210 141 93 -127 19 151 -213 29 123 203 -117 214 -26 199 108 176 22 -153 -243 -200 -130 -120 -122 -135 212 -204 57 -192 32 -18 190 -233 -138 0 -183 -235 247 183 166 -171 216 122 -193 24 198 175 146 -149 -89 -166 225 23 89 -163 -238 -114 -226 117 26 -155 82 -245 -80 52 41 220 83 222 -84 36 37 -236 227 -247 219 -214 213 170 196 28 66 -160 47 -2 42 138 161 -25 -61 25 -190 177 11 164 -143 -147 109 215 -174 -82 -81 -92 -104 -179 -14 181 -112 51 158 75 -170 -78 5 241 -30 65 -186 -199 3 7 67 157 -240 223 171 -231 160 44 -187 178 -17 -165 56 -41 30 -103 148 21 143 130 
TEST 80 ARG:-26 67 142 170 11 -148 -185 73 152 -215 -209 -158 -35 -199 -170 -3 34 89 -183 212 128 213 122 -175 47 44 119 148 -145 -48 110 -33 51 158 132 -88 194 205 -156 -102 -91 239 143 -139 -128 -106 -193 23 135 -39 -159 176 -182 136 -237 -23 -58 -67 -202 -149 17 10 69 39 -188 74 -221 7 217 -244 179 -218 159 -166 -76 -206 -96 77 30 196 -194 -167 -109 243 0 -38 -160 -53 -235 -137 129 -150 229 -187 -25 -230 103 118 -43 -174 204 -9 -24 113 -144 81 59 101 171 -165 -36 55 187 -63 -22 92 -229 -125 41 45 -223 85 18 97 -94 240 177 90 -138 -130 130 -49 -239 199 106 -79 49 -68 181 31 -118 185 230 -27 151 80 160 -10 -117 121 -217 -120 96 99 -129 79 -208 150 -45 202 117 215 43 93 6 -132 28 -227 -119 131 54 -50 1 195 -100 192 -30 188 155 9 248 -74 8 61 125 52 -207 -103 -126 -162 71 36 -214 -123 184 111 -61 -228 -87 -112 235 -1 -171 -243 -178 -8 -238 -195 -20 249 237 -12 -4 209 -108 -2 182 133 -14 145 62 98 -70 33 211 -110 -98 153 100 -19 -46 -80 19 -11 -82 169 -107 -242 -248 172 245 -34 -153 -146 25 157 -200 206 -44 -59 -84 -127 2 168 -51 225 66 -55 86 -131 224 210 32 -54 -85 -180 -151 154 -99 -157 173 -89 -77 5 46 165 -186 -172 -190 -16 -115 244 -189 189 -32 -203 -211 201 226 246 21 -65 -93 191 140 208 207 -134 20 -37 234 174 -196 95 -169 115 163 -197 137 -219 65 -86 87 222 -240 203 227 48 -111 12 198 127 114 -204 -222 35 166 147 16 -6 -104 -164 -92 38 72 141 -28 -114 13 -116 238 -17 146 -232 -143 162 -95 -18 82 183 116 64 -136 -60 -81 -124 50 197 -152 29 -133 -210 -5 104 105 -41 175 138 -241 -231 42 -62 -213 -198 -236 24 -7 -113 -154 78 -216 -69 -142 -224 228 -212 -245 167 -40 102 -72 149 144 -15 -140 14 123 -226 -52 56 112 232 27 -83 186 -29 -184 -121 40 -181 200 -249 -155 108 218 120 -173 -205 -101 214 134 247 91 -64 216 26 3 180 -168 88 -141 -220 -161 -97 -57 124 15 -73 107 63 75 68 -247 -78 109 161 -21 156 76 -177 -163 -201 -122 -192 241 223 58 -191 242 94 -147 -176 22 126 57 -90 -31 -42 193 220 4 219 -75 37 139 -135 -105 84 -66 236 231 178 164 233 -13 -246 83 -234 -179 -71 -225 -250 53 60 -47 190 221 70 -56 -233 
TEST 81 ARG:-205 172 -70 117 -188 56 186 178 -218 94 -89 184 223 -192 -48 -88 190 -121 242 69 79 -243 232 -182 -222 144 51 -10 137 -123 -125 222 -3 -21 -45 -221 -81 -30 42 -126 -67 -51 -186 212 -228 -64 -235 4 45 39 44 188 53 64 198 120 102 -13 -127 210 -58 109 54 -237 -227 -153 -133 148 -92 -163 81 166 233 -29 18 219 -23 182 142 203 -183 -96 125 -223 213 58 202 -53 -167 -68 193 -82 47 201 37 217 225 192 41 158 239 26 96 -101 -190 196 -129 60 -236 -158 205 -191 88 -166 -5 197 -142 220 -214 -159 112 -87 28 -171 208 -47 -44 -115 -83 135 -140 -156 -131 247 -175 -102 -134 -185 185 77 218 226 -93 240 24 78 59 43 228 171 90 163 -20 207 -57 82 -233 -12 187 -219 -37 -242 -73 107 -209 73 -203 -199 16 -202 -147 175 23 -26 -18 245 -65 -174 -138 -22 -180 -162 -85 -176 -135 105 25 176 -152 161 98 147 -108 -248 -120 11 224 40 -213 22 -177 243 33 -104 7 -226 57 -91 21 -114 -74 -118 -49 200 -151 110 -211 119 127 -155 -43 66 -132 173 -238 146 248 145 153 -38 -35 238 231 91 -165 -172 -69 234 -208 165 -119 -150 -105 -107 -241 230 129 -31 -33 -137 87 -17 89 70 246 -178 17 122 -79 111 164 159 -224 -250 114 -28 99 133 71 194 0 169 229 -1 162 -63 -106 -136 -76 -246 -41 155 -4 13 -240 -72 67 -198 152 -210 -196 -149 -206 199 227 -36 -169 189 -66 -201 49 221 95 83 180 -230 -231 -245 -11 -117 211 167 -161 237 -197 97 -110 131 74 -128 52 215 236 -2 -86 46 50 -157 -193 168 134 1 143 177 68 -146 191 249 -40 -195 115 -194 -122 103 -189 -249 8 132 -187 160 -24 36 -54 101 14 -46 -111 244 128 -143 86 12 -130 -19 -59 113 48 -239 -179 -124 124 93 76 151 75 85 -170 20 -8 -244 -109 84 29 5 -103 -95 92 -148 -168 61 -55 31 62 65 -113 -229 -232 -34 174 30 138 209 -116 -141 80 15 -144 -16 -234 3 -139 -181 -204 -164 154 -32 10 -98 -62 -80 -217 -56 241 204 216 -71 -160 140 170 -112 -173 -247 -100 139 -42 121 195 181 156 35 136 126 -99 -9 -200 -94 -216 6 19 -77 55 -78 -212 -154 104 130 -184 -6 -15 -14 32 -27 27 -220 -50 235 -75 9 214 -84 72 -52 38 100 116 -25 123 206 63 179 150 34 183 -7 141 149 157 -215 -97 -225 -207 -90 -39 -145 106 -60 2 108 118 -61 
TEST 82 ARG:-89 -161 -206 40 84 -126 102 144 67 -162 240 158 232 -178 207 -159 -7 225 -36 -48 38 231 199 -92 175 -204 -155 223 -200 151 188 -32 -5 -223 214 -174 -176 -96 61 -68 -149 -222 -115 118 -118 -233 87 -189 3 -66 -243 30 234 -49 -152 -215 -127 -58 -55 114 -30 218 -90 76 -133 -26 156 -35 -129 96 159 -202 82 -250 113 -144 157 -181 -22 -244 -16 219 -100 17 -103 110 48 129 222 127 241 -31 -123 -173 -46 -221 1 -6 170 173 70 -239 163 117 -4 75 108 64 13 162 167 -238 8 31 -117 28 245 -63 249 -208 68 166 -11 53 -38 161 -135 -93 172 -52 193 -122 135 130 -60 -101 148 59 -73 126 215 -232 111 -132 224 149 -15 -214 -183 33 -156 185 -191 56 -80 -237 128 35 41 116 -172 184 153 80 -107 -24 -62 18 81 -110 -125 -9 4 236 -139 -136 -153 -59 -34 11 97 0 9 -43 -169 -192 -77 192 55 -120 -138 -105 239 -165 25 -98 248 -187 50 -13 -241 -51 204 164 187 143 -99 -225 -88 101 201 -167 154 -40 227 -230 -14 -54 115 246 186 106 -21 -42 208 89 95 -116 5 152 -249 52 176 -56 -203 71 182 54 243 183 22 20 238 226 86 -227 -212 -171 228 189 34 123 66 216 -57 -201 -41 93 -131 -151 -8 142 -44 26 -157 -37 -196 79 14 36 247 16 137 211 145 134 125 23 88 -205 -85 -10 103 -64 120 -106 -82 32 -210 -102 181 220 24 -29 -231 -74 -142 -145 -108 -81 2 -97 6 140 -94 49 -84 112 78 203 133 229 139 92 200 105 196 -148 124 122 -128 -164 221 -190 46 90 19 72 107 -33 58 94 -147 -75 15 10 -27 63 -111 -79 -240 -236 -158 47 -121 43 198 -65 237 77 242 -170 -184 169 -39 -50 235 -86 -163 -177 45 21 -246 209 -160 -143 -112 -141 73 44 -197 -91 100 -114 -83 -45 171 -17 168 -2 -218 213 -180 138 -95 7 -3 -182 202 29 -198 132 -20 -211 -188 -78 -67 150 -209 155 141 -219 -217 -195 65 -228 -104 -220 -207 -72 -154 -140 57 -245 -175 -1 -242 160 -53 174 131 -76 12 -186 -25 180 -23 -166 -124 -194 -150 -19 -130 37 83 121 146 -193 197 119 -47 109 27 179 -179 -113 205 69 42 177 -213 230 206 -235 194 -185 -134 -168 217 104 -119 -71 -248 -70 -226 165 62 91 -224 -109 -61 178 -18 -87 -199 -137 98 -216 191 60 39 85 -247 244 -146 -69 147 51 99 210 212 136 -12 -234 195 233 -229 190 -28 74 
TEST 83 ARG:-53 198 147 203 -88 97 113 148 -119 48 168 -92 -168 164 -110 -142 76 49 -232 153 100 101 -56 210 -11 -230 -135 221 83 -7 166 175 52 -103 -15 -62 -3 -238 109 247 201 183 104 -25 -176 142 172 103 -150 -46 137 199 -12 122 217 -183 -87 -236 126 41 -172 98 -41 181 123 40 -69 193 -160 74 -163 -179 179 -4 -91 -136 8 -138 -43 -186 121 -196 -151 219 -228 242 30 63 21 131 188 51 -214 -49 -120 4 138 119 -123 -129 34 59 -131 33 61 -64 -237 -204 29 177 220 -81 214 -234 -54 -22 -107 62 150 90 -59 -105 132 215 -113 -134 195 -152 120 -5 -216 66 105 -227 -244 240 -21 -18 -220 82 -39 -17 -83 236 -77 22 189 169 -97 -189 159 141 -209 -167 -78 -181 -207 -192 -203 -124 228 206 17 246 110 -71 -147 -175 222 -109 -14 -96 229 35 -31 140 -233 -153 244 24 162 -141 88 81 133 196 -241 -178 -245 77 238 -248 -116 135 96 241 99 173 -171 112 -111 -45 185 78 118 -37 71 16 -40 -217 -177 -16 234 211 -221 -29 -225 20 56 -82 -117 197 204 235 -9 184 -55 -106 87 -159 208 216 -125 -84 -52 145 65 178 -180 95 -13 5 -213 134 -38 -201 -202 -8 226 161 -144 -174 31 249 26 9 -250 -61 53 124 -211 42 -70 -74 237 136 91 -95 115 -198 -231 -132 14 107 111 -154 1 -34 -195 28 -79 106 -197 79 11 245 -58 -128 -51 -161 157 -139 -65 84 130 144 12 73 -173 160 -72 248 -226 -133 44 -28 -33 231 23 -205 -165 232 186 154 212 -1 60 80 127 -130 -229 117 54 -187 114 209 -73 -170 -157 -155 -122 146 -200 170 -190 -219 -75 -246 139 -60 -194 45 -10 223 72 -143 -121 89 102 -19 -223 46 -2 64 13 -114 -47 218 227 -118 224 156 116 187 94 -164 176 239 25 -85 27 143 50 93 -185 -67 -182 -166 -68 -44 32 -99 37 -210 10 -32 -218 68 -242 -162 108 129 -98 18 190 -42 -90 -249 -148 -80 -184 155 163 -94 174 -247 57 207 -24 -35 38 225 -206 -146 36 -140 -30 -20 -243 -6 -101 -102 194 205 6 86 -127 243 85 125 -212 171 -239 -199 -57 7 -63 15 213 58 182 -215 -224 70 -36 -191 -115 -145 167 2 19 -158 233 -222 -48 -86 -137 0 -100 69 -149 -208 3 -50 -156 -112 180 55 47 -76 -23 75 -108 -93 -26 -126 -193 149 67 158 92 -104 191 -89 43 -27 -240 202 200 165 -188 152 39 192 -235 128 230 -66 151 -169 
TEST 84 ARG:-198 245 110 149 172 -65 -46 -184 64 -166 117 215 -132 94 225 -250 -112 93 219 -142 84 26 82 211 -140 100 109 -237 111 170 89 192 174 -175 65 31 -221 -189 90 16 -119 67 -84 -168 -165 17 -122 -127 -191 -242 -38 187 -130 -243 162 204 -52 -120 -16 121 -219 -121 -177 221 -32 19 52 -244 60 188 234 63 -111 239 -151 -53 139 -164 194 -106 -124 217 -118 200 249 -77 -179 -125 -156 0 78 123 163 240 -11 210 -80 81 125 133 9 -51 -64 -85 58 -74 -108 41 241 -176 -163 -116 -129 -172 179 -183 -247 -217 83 248 181 247 166 103 112 -154 102 47 -148 167 -200 -22 -211 216 156 73 -21 -153 143 -249 46 145 -45 235 191 -135 129 175 35 -117 -199 -149 -157 -25 209 -30 -216 -94 180 131 57 -12 97 224 42 -72 72 5 -167 -150 -88 150 -73 -44 98 -123 -26 -100 -97 -162 193 -34 114 115 39 -230 -236 50 -159 -137 128 201 197 8 -134 -225 -109 -89 153 -91 214 6 -146 -155 -5 -197 76 154 135 -207 -95 36 -147 -3 -226 -49 20 212 32 -181 -39 -128 148 228 -43 -232 168 207 136 23 -139 -29 -78 203 127 161 -205 106 45 34 -79 -40 -171 -55 -96 -68 95 120 -210 -102 113 38 -224 91 -209 184 164 141 116 28 -20 7 88 22 77 -4 -190 -7 105 190 11 -66 -213 -2 -98 -10 48 237 79 -194 -50 185 -14 -104 -47 -37 223 233 -58 208 157 -240 -27 205 -15 33 -231 118 107 -248 -201 151 -228 171 -62 147 -107 12 226 242 59 213 55 158 138 -241 -187 -195 229 -126 132 -76 -227 -220 169 -13 -110 -36 -212 244 1 159 13 66 -131 -141 -133 -235 -41 243 49 -6 220 238 74 -136 27 231 -81 -115 236 173 -90 -206 -93 71 56 -19 -23 -234 -185 -71 137 232 -204 -56 4 30 -158 -8 230 160 -60 -113 152 -229 96 18 -143 -186 189 -57 29 -92 -145 37 -196 -245 69 -33 -152 -161 199 87 -238 -61 -31 -215 43 3 21 15 -170 195 142 218 -83 177 25 86 -192 -99 54 -239 155 -54 -138 -218 51 140 -173 -182 53 144 62 -1 75 -223 124 222 10 14 -69 146 99 101 108 -178 206 178 -103 -28 -105 -9 130 -208 -82 -233 119 2 80 -35 -75 -169 246 44 198 104 40 -17 196 -24 92 -67 85 -144 -101 227 -70 176 -87 61 70 -246 -160 -18 -114 -203 -188 -180 24 -59 126 -222 122 -174 182 -42 -202 165 183 -63 -214 134 68 186 -48 -193 -86 202 
TEST 85 ARG:106 -57 -212 -99 228 -232 -242 -10 -31 -171 -85 55 -100 62 -19 77 -170 -68 123 172 -55 0 218 -168 -58 205 -90 -230 -158 -184 -146 -94 -25 199 11 -39 6 39 58 -78 132 -22 227 137 -181 61 202 145 -176 -185 -234 -164 -30 66 107 -67 -83 -35 223 -245 -219 46 23 91 -130 192 -42 208 120 -225 -121 197 -53 219 149 125 88 -2 -101 140 130 -139 249 220 -161 -235 142 216 79 114 -134 -190 -125 -129 212 -15 -12 -203 -60 -120 176 -51 -126 -179 18 -183 34 -198 198 201 236 -127 -52 16 147 81 -59 83 -36 10 221 89 -160 139 154 -61 -189 -20 -135 -222 53 65 105 144 211 226 -165 157 196 -26 232 -247 183 -223 -149 33 45 75 -215 -77 -111 -148 -226 135 242 -7 111 19 -193 64 -218 247 -205 126 229 134 177 7 -27 213 -4 -34 -38 103 155 -66 -237 -147 32 -109 200 -246 124 112 -96 -21 -106 234 25 30 -86 104 -75 -118 -174 108 231 -81 -131 -133 27 22 -140 56 167 97 -103 -187 -102 -224 -142 241 85 -123 -8 -16 78 151 -153 -56 43 13 20 -5 -64 71 133 -196 -210 168 143 129 -119 187 -69 244 -141 119 -89 148 -169 186 86 -87 -175 41 -150 159 44 113 -108 76 158 -191 -122 214 -195 98 -182 1 -95 -72 2 121 -173 171 -162 -54 -233 -154 -155 179 182 -113 50 -70 -49 -18 -151 80 -79 -24 94 -44 -145 96 122 67 243 217 -229 31 -241 -62 100 36 -117 -116 -32 -84 238 -82 -6 -238 160 72 -194 -243 225 195 74 -37 4 248 -167 -207 237 90 42 240 194 -3 -128 -240 -239 -104 152 -114 210 68 69 110 -143 246 -97 173 92 185 99 166 215 -23 73 54 109 -177 181 5 -46 3 -192 70 -199 87 -63 82 -136 -204 84 -220 51 -11 24 190 -172 -41 235 165 -45 164 127 35 163 -244 12 -228 63 59 -98 17 -217 204 -202 -43 245 170 -88 -1 14 224 -65 116 -201 -248 -50 117 -115 118 -110 -93 -71 136 -208 -157 -14 28 -206 -159 156 -188 -156 -29 -249 -200 48 -163 -236 128 -73 180 146 -92 -74 178 206 -209 141 233 -107 -40 207 -180 -216 52 -250 209 115 -186 9 175 57 188 -137 138 174 -28 161 -91 102 203 93 29 95 169 26 162 -211 101 40 -152 131 15 -76 38 60 -166 -197 150 191 -124 -48 230 -138 -178 153 49 -221 -132 -231 21 -13 -80 -213 -227 -17 184 -33 -47 239 -214 -9 193 -105 189 -144 47 222 37 -112 8 
TEST 86 ARG:-96 -42 -194 -174 42 200 25 112 -49 56 -33 120 180 198 5 -61 225 103 248 -153 -157 214 164 -188 -1 110 -48 -16 -98 156 69 4 205 -32 -246 193 245 176 77 161 -173 26 -165 -106 -46 127 173 168 -53 -193 223 -100 -172 -15 148 -175 224 92 163 131 206 -164 105 -159 -114 44 -9 3 -224 21 32 -199 98 182 -139 -191 -69 28 -90 -247 -143 -6 226 -117 48 170 45 100 140 -95 -59 106 89 58 13 66 -209 7 -160 123 178 -227 -109 -196 185 -29 -26 -22 -116 -105 151 94 -133 149 136 208 20 222 37 -152 40 -203 -181 139 135 -39 104 -5 46 166 247 114 219 -79 232 -233 55 80 -68 -89 -140 122 -76 137 -236 12 -177 -27 79 145 -249 242 188 -206 -18 -10 132 -118 88 -111 126 220 -161 -113 233 33 -7 -204 64 179 87 -38 -31 -243 159 72 -40 75 -121 -123 -219 107 -36 -151 -178 109 -214 -190 15 -176 169 -144 -218 -65 -240 -244 210 -19 -128 154 -60 -4 116 -130 -156 117 204 130 -126 212 183 -64 171 -3 -44 -56 -88 82 244 -245 8 -14 -242 -185 158 -80 -81 -75 228 -91 2 -52 -83 175 -226 155 129 125 213 215 -110 191 243 217 49 39 -67 147 186 -207 124 -202 47 -127 -134 -73 -147 121 187 -237 -84 192 -155 -99 30 216 167 9 -54 -230 -131 138 134 6 -104 -213 227 71 38 24 -158 0 246 -136 -228 172 -12 197 -215 43 195 -92 -86 -55 -163 51 -200 174 177 -82 27 -220 -107 -23 -62 -129 -239 113 74 -238 153 -63 95 85 -72 -71 -24 101 218 202 16 -235 52 84 -221 -45 152 238 -94 -142 -205 -222 91 143 -184 -141 76 68 236 34 -168 1 -148 -34 -201 -217 -248 -216 211 144 65 -186 -195 -169 -47 -132 -108 -41 -112 -182 221 -167 -232 99 -179 -51 -124 -145 194 239 -162 14 60 -30 10 -87 63 -85 36 -93 230 -198 201 -125 -171 -74 160 -166 -170 -70 -78 83 108 17 -35 -20 237 -97 157 -197 235 -223 -212 -241 11 234 -11 -58 150 111 142 -234 -138 -57 189 199 41 -17 31 86 -2 97 -154 -225 196 67 -192 249 -187 162 -37 190 231 119 -250 184 -21 62 54 102 -28 240 93 -229 241 -77 57 -150 -180 -43 -231 73 209 81 -8 229 -13 207 50 23 133 78 181 -135 61 -101 141 -50 -211 -149 22 203 -25 18 -115 90 -183 -102 35 59 29 165 -189 -120 -122 118 115 -137 96 146 -210 53 128 19 -66 70 -208 -103 -119 -146 
TEST 87 ARG:-172 167 7 -205 -136 -153 205 -163 -183 -119 -192 -107 195 -39 -233 235 133 176 -79 -216 -170 -121 -150 -200 -70 -86 -9 244 94 35 -20 -35 48 -28 -66 76 -188 -149 80 -248 138 121 50 -191 -53 -218 99 -25 -137 216 201 189 88 -30 -214 74 -120 215 -131 -4 -34 49 105 123 14 -184 193 39 -241 183 58 -193 139 196 162 226 10 178 27 -113 142 -95 -44 238 95 -180 -209 -199 -67 -210 -117 2 -10 219 -54 15 -109 6 240 102 111 223 5 -138 -96 -83 174 -194 230 -179 206 -169 -125 62 -127 90 132 -244 77 126 -59 17 -48 198 -237 -171 -74 130 141 -135 -177 -24 -223 -159 -234 65 136 -185 -115 160 24 -118 72 -219 239 46 11 52 -51 -157 221 28 -242 -62 -23 213 101 152 137 188 -33 -240 156 236 248 148 -145 -222 -108 -195 -69 233 33 97 -166 -97 147 -56 63 -50 129 204 145 53 -221 187 210 4 -198 175 12 115 42 51 26 -173 59 -187 18 -238 -98 -203 155 -227 186 -224 60 -88 164 166 -22 249 -143 13 61 -245 -228 114 55 -140 -181 140 -32 107 86 78 -45 -75 -100 -175 220 -133 83 -144 87 -239 -11 -152 -134 203 66 -230 149 -8 -101 -225 -7 -129 41 -123 -142 109 224 -18 181 157 44 96 -139 -232 242 -99 -73 -92 -197 -229 -105 -148 202 -141 -36 -122 191 -161 -201 -130 100 36 -132 171 -65 -90 71 -155 -37 -1 159 214 232 -174 169 -81 -167 64 -204 218 -151 8 222 -21 -27 -165 -160 228 112 143 91 54 81 173 217 -186 -217 56 -52 73 40 117 21 67 243 -231 227 -16 -60 144 135 192 98 190 -3 -212 208 -211 172 -85 104 108 241 -29 -71 110 -196 120 -146 70 -46 165 200 -243 245 16 127 -5 225 154 45 43 32 -6 -91 -19 199 -61 -43 234 -13 168 -178 30 212 93 -114 23 -84 -213 -116 -80 -49 82 -182 103 237 47 84 -17 -12 -77 -220 -58 -104 -202 246 -247 37 -78 -112 -250 19 -68 -40 179 25 116 153 146 75 89 -41 79 -208 38 -64 -128 85 69 -246 119 -57 -164 -189 118 -55 209 22 -72 20 -168 68 -93 207 -226 -26 -207 -158 -124 -15 106 -14 -2 57 -89 -110 -206 29 -103 158 151 -94 194 184 3 9 131 -249 -156 92 161 128 125 -106 -87 -82 180 34 -31 231 134 -63 211 229 163 -176 -102 -38 247 0 177 -47 197 122 170 -147 150 -111 -215 -126 -235 -190 185 -162 -236 182 124 -154 -42 31 1 113 -76 
TEST 88 ARG:-123 181 -121 -106 96 -7 -227 -176 36 68 -249 -30 -214 44 247 28 -25 111 -19 230 -23 -223 -248 -238 39 -103 -212 69 172 -174 144 -60 -105 61 -170 -125 -71 -81 -93 95 218 214 15 119 -150 -50 200 -107 123 -207 -88 0 -220 93 -6 -182 -235 235 -239 -114 81 -89 -136 -234 -99 13 192 -33 54 132 -201 177 -219 -232 -186 80 -209 101 178 118 -236 -229 180 -139 -140 12 -119 212 -193 -32 51 131 2 -37 -87 -233 -73 145 32 75 194 -148 -163 -245 103 -215 139 97 -74 -28 164 114 -122 -237 -75 -149 -155 191 14 -167 55 -175 -247 98 -120 162 130 -52 -95 -21 -226 99 25 -191 140 -38 210 -100 34 188 -151 206 186 183 227 19 238 72 47 -240 82 -230 -10 -217 -156 -159 -131 -198 60 94 -195 173 -143 209 -244 220 -77 6 -154 -124 151 242 41 187 -39 -62 -65 120 225 -36 87 -173 -141 -208 -42 -85 159 -158 146 -58 -190 30 40 161 195 -246 152 158 -196 -94 -146 65 113 154 35 -84 52 16 117 201 -69 59 134 -216 -18 141 -132 -224 -194 8 126 -183 137 89 83 -187 -241 -192 -15 -2 -12 58 125 -188 121 106 -13 -138 184 -64 -102 -225 -34 18 -213 11 249 -185 241 -242 -72 237 169 215 -22 3 104 -29 -157 -204 -26 240 78 31 190 76 -47 -96 -46 153 -5 -189 -153 133 86 1 -1 -129 138 142 124 -165 223 -97 189 -86 157 -98 228 -181 45 -83 24 160 27 -11 -211 -210 -205 92 -164 -14 49 -152 -101 207 -63 217 193 48 199 112 203 -184 229 -218 156 -178 135 -53 244 174 122 -116 -43 245 -17 -27 167 29 -67 -54 108 116 -44 -221 198 -70 176 -76 168 -80 53 109 231 79 148 226 -166 -134 -118 -92 232 -16 -162 175 -56 239 224 147 -115 136 -145 62 -91 -55 -41 -82 107 -203 -9 -197 91 149 -177 -250 -57 208 71 -24 -199 37 -206 22 -3 127 38 -90 221 74 26 -172 10 -110 128 -133 -4 33 21 100 243 102 -142 185 -31 246 -160 -168 20 85 165 105 197 -135 -117 -78 163 46 56 -222 236 77 63 155 -109 9 233 222 -228 -144 -51 196 -104 -202 -127 216 -180 42 -108 -130 -66 115 -59 -20 170 -169 -79 -231 64 90 -179 219 4 43 -40 -45 129 213 -48 179 234 150 -49 -111 70 -171 57 66 88 166 -126 23 171 205 -61 5 211 50 -147 202 204 143 -161 110 -128 -200 73 -137 67 248 84 -113 7 -35 -68 17 -243 -112 -8 182 
TEST 89 ARG:-9 17 -75 225 -108 232 -44 196 243 93 -187 213 -114 37 240 8 -185 -26 178 51 99 -13 60 67 190 -223 -190 -16 -33 89 163 -55 63 242 65 62 -51 -61 -59 26 3 -231 -164 -230 -52 46 -146 169 -34 -182 -159 -186 -151 -208 77 159 -133 141 53 -91 43 -221 206 157 -43 -171 204 -109 -90 158 -216 23 226 -202 -42 173 -212 -150 149 -176 -83 -15 -3 -25 -240 -243 -183 144 148 -118 179 44 -17 -46 97 -88 -95 -234 -225 155 -49 -169 -41 -47 -172 -76 68 107 36 227 197 -138 98 -89 45 205 -110 -94 220 132 -48 31 -38 -28 -155 184 -7 -213 80 -143 214 82 -100 -178 131 175 156 -128 241 162 -232 -35 88 -58 -207 -102 55 35 52 -124 -184 -129 -50 5 90 168 -227 129 147 103 33 -134 -135 58 -193 -60 109 -245 -103 73 101 56 151 233 -106 34 245 -242 187 244 -139 84 28 -29 188 186 -5 -132 -152 -215 -40 128 146 -117 -98 139 -249 -217 248 -203 -218 199 -6 238 -122 -204 125 111 -201 106 137 -119 -197 -30 136 234 119 -87 161 32 130 121 164 -72 198 116 -241 -195 91 105 230 -175 16 21 -104 69 29 -153 78 -66 -222 -78 -211 15 -31 176 -19 110 -77 134 -199 -70 246 -163 247 11 150 -79 -20 -166 -12 -23 183 -115 -21 -145 -228 127 235 1 -10 66 -11 -120 18 -148 6 -22 86 208 194 -54 210 145 -81 -233 -18 -82 -142 143 171 -192 10 120 -56 -32 124 -198 74 -149 229 218 -53 54 249 -111 -126 174 -214 -112 -14 -85 -80 217 76 228 0 -205 117 -39 -181 -174 -179 -244 -130 75 154 165 -194 -209 -239 -101 193 -158 138 -71 24 -236 -74 -167 -162 -180 -226 -147 182 64 94 160 -65 -57 -62 50 -73 -219 -99 -210 83 2 71 153 237 -131 118 -86 215 189 61 -250 -45 -156 -238 -84 203 224 13 -224 -27 185 126 79 170 7 212 -154 -168 108 192 -165 70 -246 142 -63 -229 72 114 231 135 -96 -127 27 100 -36 -123 -170 200 96 95 140 -37 59 -125 102 92 181 22 -160 14 112 25 -69 85 40 221 195 39 42 30 57 -116 -8 87 191 -67 216 172 236 166 223 9 -140 -121 20 49 -157 -237 152 -105 239 180 -113 104 -191 115 133 81 -220 -92 -141 123 219 -97 -200 -189 113 -68 -188 -196 -235 -64 41 -4 209 177 12 202 -248 -173 222 48 167 -1 -161 -206 211 19 201 -137 -136 -107 38 -24 -93 122 47 -2 -177 -247 207 -144 4 
TEST 90 ARG:-30 -197 142 84 -77 229 -120 -158 209 217 -118 10 -82 181 -207 -250 -195 23 77 -108 -240 -2 122 6 -180 -107 196 179 248 -141 -214 -224 28 161 240 46 2 -163 -37 25 207 -117 -135 64 208 155 -72 -221 -20 143 134 -247 -90 222 166 -111 -157 -212 7 94 103 -234 -139 -1 183 247 -76 140 187 -123 -143 -12 -21 97 -101 78 -124 21 15 210 -10 -164 -148 128 57 146 -46 -229 -186 -78 14 -150 111 235 41 -70 211 130 -127 -103 234 -62 -225 81 -87 151 232 60 214 200 -153 110 -92 194 -104 230 38 -53 152 -61 31 236 129 198 -26 -48 89 95 -15 -69 158 -203 -105 -22 -173 123 -128 149 223 -14 180 -249 107 -16 -67 147 -178 185 53 39 114 63 -201 -85 -110 233 -27 156 -210 159 76 -140 -232 20 22 -73 225 68 -168 -19 -137 12 137 27 80 -209 -18 -161 99 -40 -33 164 98 219 182 -174 -202 172 -7 224 246 1 212 -45 144 18 245 52 -122 48 29 -57 -13 -66 -113 -132 195 115 -84 -226 49 -185 -216 -218 -106 59 87 -125 213 -23 86 -24 -239 167 -36 50 -152 -215 85 163 -155 -151 -211 177 -63 3 -133 190 -243 -175 154 139 -83 -172 -176 91 -5 40 -193 206 -154 -81 -235 54 135 -116 105 -147 -237 -4 189 191 45 -86 -34 83 96 126 -88 243 -187 -206 116 112 -227 -32 104 171 -182 227 131 55 136 -129 82 -177 205 -146 -159 -205 -47 -121 5 220 70 71 67 175 -99 178 -156 90 73 -162 -196 102 160 -112 -41 -80 -25 72 -75 101 -213 -149 -136 -220 -79 -190 11 -200 -166 -64 9 120 -114 -96 -171 37 -60 93 -204 -246 239 36 -165 -192 188 -97 216 -233 26 -230 192 -51 -134 66 162 -93 -42 -38 79 47 -29 -98 -160 125 -58 56 186 173 42 44 69 -138 113 226 193 -142 24 58 13 -198 202 -49 -115 249 157 244 -8 -131 -199 -28 119 -50 -184 -31 -169 -44 30 231 -89 -219 -95 -55 169 -126 153 108 118 32 -183 -68 -188 17 138 -102 -170 -35 -181 132 204 35 -241 170 -189 145 19 117 65 127 -56 -54 -208 109 221 34 -65 88 16 199 201 -74 -222 218 -217 -228 241 -52 -236 176 -59 -39 -223 -191 -11 -100 4 62 -245 -167 184 74 174 -238 168 -145 197 -242 8 215 -194 -179 -119 -94 -91 238 0 228 203 133 -130 141 61 -71 242 106 75 -244 -144 43 121 -17 237 -248 165 -9 -3 100 51 150 -109 33 -6 148 -231 124 92 -43 
TEST 91 ARG:95 -77 41 -142 -63 -200 -173 -90 -71 87 97 234 183 -28 -233 20 -47 77 -144 243 -131 -155 -242 154 -34 13 -204 24 -39 -2 -98 107 -218 130 -122 66 72 -7 168 63 161 213 115 100 -19 229 143 -154 70 10 -66 -197 147 -224 42 51 202 -222 138 -12 -193 195 -45 78 233 155 198 -52 -78 4 44 -14 238 1 -26 117 -187 -160 131 114 89 -112 205 -3 -81 -206 -79 -177 -110 60 -249 -51 167 -208 -99 28 -103 134 53 37 -238 46 -215 121 -20 222 -6 -205 123 -225 -102 59 140 119 2 -227 -140 -8 -192 93 90 105 -167 -184 -213 149 156 -157 98 -88 29 0 96 177 169 216 -165 -237 -69 247 -25 -42 8 -180 -95 192 -35 -132 237 -76 26 -83 -73 199 -121 -65 232 -93 220 -43 151 179 15 -105 -17 231 146 9 -16 -61 -147 -211 91 224 221 148 21 209 203 118 -108 -210 -64 -190 124 -10 -162 -44 -198 -113 -4 25 22 240 -223 -171 103 -221 -176 -127 82 188 -186 102 244 -161 76 157 57 -230 -123 158 207 -31 -11 -135 94 -41 -159 -163 -5 -126 -191 5 248 -216 -107 111 142 -156 -129 -236 174 -130 153 -207 14 228 18 -106 -241 -243 -226 113 -96 43 -21 125 69 58 -92 -246 144 -181 239 165 -134 -100 73 48 36 -229 17 -217 -178 71 -55 -125 -32 -80 -139 211 218 33 -67 61 -188 -149 -196 226 -138 34 23 -72 -114 -212 -153 -179 -91 214 200 -185 47 133 -62 3 -70 -24 -195 56 -168 -49 -235 -82 -201 -214 120 -203 64 -85 127 -33 -57 -87 -86 -36 -244 137 -119 -27 164 -219 190 -1 -174 7 11 85 185 141 30 163 108 65 -148 40 187 -104 6 186 -111 -145 -15 -175 45 49 83 150 194 62 180 38 230 173 -152 -136 249 227 -232 116 132 196 52 -75 92 -89 189 -97 -56 -38 106 204 101 160 -23 159 -59 -109 -172 -13 162 -137 242 -54 104 -115 67 12 197 -247 -118 -189 206 245 139 32 -124 -94 109 235 136 -170 241 184 -166 152 -194 27 128 122 -22 81 215 -164 170 225 181 -220 176 217 166 -143 -240 -40 54 -245 -60 68 182 88 -133 -141 -182 208 172 236 -84 79 -74 74 -150 -231 39 145 16 -29 126 -30 35 135 210 171 -199 112 -50 -202 178 -117 -209 -48 -18 75 223 129 -169 246 50 84 -120 110 -9 -248 219 80 -46 99 -146 -239 191 31 -116 -228 -37 -68 19 55 86 -234 -53 201 -151 -158 -128 175 -250 -101 -183 212 193 -58 
TEST 92 ARG:-80 -47 54 -105 -121 154 -214 -27 147 -92 -74 135 45 -51 -30 -78 -102 -163 160 134 -81 137 203 172 240 -146 -215 -164 -227 -206 -198 5 247 -161 -99 163 83 -31 -21 -54 44 -221 169 -56 -42 -228 -103 209 -95 -33 -216 125 -234 -191 -16 233 -76 14 159 167 -90 -219 -144 124 -223 220 59 -126 177 157 -249 221 -64 222 162 -248 -175 -97 236 -195 27 219 184 -20 -113 70 -173 181 -49 -205 168 109 183 -186 -37 -226 212 -66 46 75 58 -236 225 -25 17 -243 -114 -166 105 -24 -174 118 -130 -231 62 211 102 99 55 -48 -132 -50 10 -108 34 -142 23 143 146 178 -136 117 244 -169 -117 56 230 -220 113 -86 199 234 243 -185 186 22 -15 -224 68 -107 -34 144 227 42 -116 -10 -187 -192 122 174 -177 -160 -244 -59 52 190 103 151 -91 -140 41 -131 238 53 107 88 -111 -230 -85 226 -204 237 -57 248 -148 35 -52 133 -122 -168 -171 182 -88 194 8 119 64 31 -19 -7 206 -63 38 57 156 -189 1 -207 -89 39 -61 110 -32 121 -152 95 24 131 180 -210 -225 69 -246 202 -84 -53 -11 176 224 50 4 111 100 -218 136 72 -242 213 87 76 218 -232 120 116 -104 193 229 -170 239 15 246 -143 71 -135 -203 204 145 16 -58 205 -153 192 -182 -96 -158 -29 241 33 20 217 -139 142 126 -22 141 21 -5 -145 165 48 82 28 -155 -157 -200 77 -65 89 -202 -138 185 235 19 -137 -83 78 -12 -240 -237 132 98 228 -183 97 -233 61 -87 -39 29 175 85 101 223 -98 -129 -194 -162 -245 -71 -69 -44 18 -150 -112 -149 -119 149 -190 -127 -222 -123 171 -18 -250 210 216 -40 179 -79 -128 -109 -184 198 161 -94 195 -209 -213 12 158 231 94 155 3 166 148 9 -17 114 -45 187 -199 -73 -67 -212 -125 164 -8 36 -55 80 128 -115 -196 201 -167 -100 73 -70 -151 115 138 -208 -1 -159 -217 -118 112 66 -133 79 -235 -14 -60 -35 93 200 140 191 -188 81 -141 -238 30 150 130 208 40 63 245 -106 -110 -134 11 -124 -28 -156 108 43 74 139 -93 -147 -172 -241 -38 -68 -77 25 -4 32 127 47 -179 249 -178 -26 -181 -46 84 96 129 86 -247 60 -165 -82 7 -41 -101 90 -3 -43 242 91 -229 26 215 -6 -75 0 -211 188 -180 49 -2 51 152 207 37 -9 6 2 214 92 -62 197 65 153 -23 -201 -13 -176 -197 173 -36 -154 13 123 -120 67 170 104 232 196 189 -239 106 -193 -72 
TEST 93 ARG:-9 -49 -135 -214 106 -56 80 64 -63 245 247 -3 -187 230 192 -6 -105 71 75 -205 -7 -75 -115 11 -21 130 204 169 -249 -140 -224 -111 -31 -120 42 164 36 -163 52 198 177 -128 -94 109 91 -136 62 58 -96 -14 66 125 173 -168 -200 -134 -185 185 -226 -36 -73 -160 193 -149 121 -119 244 22 188 99 155 37 209 191 156 92 -39 85 152 171 117 123 -169 2 90 231 100 226 184 49 140 -139 -100 -202 -71 -82 -218 -222 153 -101 167 132 -61 122 239 23 225 -118 227 -230 -44 118 -130 223 -13 -143 98 -235 -77 -126 -250 -246 -158 -155 3 34 168 102 -116 -189 8 215 -133 -15 -32 157 -215 -104 214 -210 9 -204 -10 175 26 -166 224 -109 -86 -211 -184 -236 -147 -188 -53 -240 107 -199 -19 53 86 -138 -213 1 73 -59 -91 -232 -4 -11 -51 59 -125 95 63 -20 -170 150 179 17 -29 -102 -117 -45 105 12 110 218 -78 158 -50 -114 159 89 74 69 -198 -87 147 -123 139 -1 46 -196 -142 207 -154 97 57 -85 143 120 41 -28 -228 208 32 113 144 -190 -141 -244 -42 201 44 33 -27 237 104 -34 149 -12 84 -35 -18 190 -55 -186 -197 -207 -121 161 -24 79 72 133 -83 -70 -131 96 138 112 148 93 -201 -46 206 -137 -48 -174 131 -90 240 -172 -216 88 249 -156 -145 194 24 -247 219 200 213 -16 19 211 137 -150 -107 -92 -23 217 170 135 81 234 -64 232 7 29 196 101 -2 199 -162 -164 30 -81 -98 145 233 174 77 39 21 -74 187 55 67 176 160 -60 -40 -65 -84 -41 -80 111 70 51 13 178 -233 -25 -152 -206 -219 205 -144 -234 -208 -57 183 35 43 54 128 48 -173 -177 -171 -153 216 -165 -178 65 45 126 189 180 -245 -26 116 -181 248 31 0 -191 127 61 202 181 16 -182 -69 119 38 -203 243 146 -103 -242 -88 -124 229 -8 -62 -99 -52 50 56 15 10 212 166 -179 -223 18 -132 -110 76 -68 -33 -231 82 -175 115 -225 114 -239 78 -5 210 163 -227 142 4 -148 246 -22 220 -220 -229 -194 228 197 -193 195 165 -183 60 68 -167 186 -17 222 236 -243 -54 -43 -221 136 124 -237 -146 203 28 -241 40 -89 -76 5 -38 -122 83 -66 87 238 221 -209 -95 6 -108 108 -180 134 235 -127 -58 182 -30 162 -67 -93 -151 -217 -37 -112 -161 141 -238 25 -47 -248 -192 -113 -72 241 154 -159 -176 14 129 47 -212 94 -129 20 -97 242 172 151 -79 -195 27 103 -106 -157 
TEST 94 ARG:-166 -61 -205 153 -78 80 -36 -79 50 -101 -215 -228 -160 163 90 94 -92 232 -221 105 56 185 -103 26 223 247 75 -245 -15 135 184 197 -244 51 -249 -70 -242 22 -49 -20 87 -131 60 72 59 -99 83 3 -124 47 41 -219 -57 -139 -239 -42 204 249 7 -81 169 157 70 -189 0 -157 -181 -43 198 -12 -72 147 36 -154 79 -31 -52 21 -35 103 243 166 25 -151 -140 -220 -55 19 -162 161 48 88 146 -76 -4 -172 -113 -112 -193 127 117 -146 20 194 38 -58 171 -138 227 -232 -229 -62 -248 31 174 -64 -194 -87 -106 155 165 -39 9 -40 -129 -7 202 93 14 55 138 -45 -25 -105 -65 -250 -192 16 233 -46 192 61 54 -56 224 11 -212 17 -222 114 -3 240 -234 200 -90 -6 46 -175 -152 -133 -195 -18 193 212 217 -73 -180 44 -111 -126 37 -104 69 136 -80 -227 -207 178 -59 23 -198 196 144 139 39 113 159 -128 -243 -83 81 -118 -130 231 78 -134 152 235 -33 238 -238 -13 -223 -156 226 18 86 89 -149 -132 130 176 140 215 33 164 222 -5 24 218 -32 156 12 -187 181 -209 -8 28 -28 67 120 128 -102 43 58 116 71 6 -119 57 -127 -190 -240 63 189 -66 242 -217 234 225 -110 40 -69 -137 -88 209 158 99 123 -107 131 -96 82 -100 13 -226 107 129 -29 -241 -9 76 151 191 239 195 -114 -108 -235 175 84 213 -218 4 -174 -21 248 -47 30 -97 45 221 68 52 -144 64 -170 -141 -206 -37 167 -27 172 104 -24 -11 -185 -184 -236 -168 42 142 220 -203 -2 -142 187 214 -208 -177 15 246 -67 27 -158 -173 102 29 106 -136 241 -93 170 245 190 -188 34 -176 -38 -14 229 183 244 10 -68 -183 -94 -54 -51 -91 -48 -204 8 -150 -237 -210 -167 201 -120 -60 -186 -10 -77 199 -95 125 -230 -211 208 -53 -143 98 66 179 95 160 228 186 -115 -23 -231 132 -82 149 92 188 53 236 -179 180 206 -41 230 205 -169 237 -148 -214 119 -44 -155 32 -135 126 207 -117 1 154 -123 -153 -16 148 -161 -171 35 121 91 -216 -191 -164 -145 -147 203 115 -116 124 101 -71 -125 -178 -121 -202 112 5 145 -98 219 -197 -213 73 211 210 177 143 -109 162 2 -1 216 -122 -26 74 -84 -199 111 122 -196 62 -19 133 118 -165 -89 110 -201 65 -86 96 134 77 -233 -200 -34 -17 -30 -246 150 -163 -225 109 49 -224 -50 182 85 173 -182 100 -247 -74 -75 141 168 108 137 -85 -22 97 -159 -63 
TEST 95 ARG:66 -221 29 -229 78 75 -131 180 189 -196 82 56 -190 173 156 -239 169 -61 11 101 -14 -182 -132 177 -1 -94 -5 61 -34 213 183 -29 160 186 80 -159 28 94 10 128 92 -27 225 79 27 211 135 -245 -234 -192 217 -119 -178 -91 30 133 -71 -60 50 -81 -144 119 -96 161 210 -216 121 142 -172 -97 -124 -49 106 220 -37 145 -199 -39 234 187 -99 -171 144 77 -59 207 -238 -145 -219 -185 43 -51 -69 -248 203 -12 -126 229 -90 52 -212 60 -118 -93 -26 19 -232 -181 -18 -141 -137 157 -177 59 247 -205 -201 -54 17 212 -50 124 -206 -113 -194 -19 -147 243 -21 -210 131 199 14 32 20 -109 7 226 172 -179 -153 129 -17 -23 55 -62 202 -25 -218 228 -150 5 205 -191 -215 -24 8 -33 204 110 194 15 41 -77 181 -16 104 -148 -164 -236 -66 -75 46 22 68 93 -211 84 163 -83 230 195 -165 143 -55 -193 -108 -58 96 221 -208 115 -209 -68 -230 -151 164 76 -176 146 245 -189 241 103 -102 141 134 49 -220 -32 33 139 -88 1 -115 18 -98 -89 -166 -157 -15 -79 -244 -139 -186 159 -100 -174 138 -122 35 -36 38 147 -214 242 249 73 -64 54 162 -231 -222 -41 21 108 -242 34 -85 -128 227 51 -86 -104 -163 -187 -103 69 198 -223 -217 -9 130 -120 150 -78 125 -195 -53 152 208 206 -250 151 -160 224 74 -22 -8 -247 91 -225 165 -20 -233 62 53 155 -207 248 168 -180 -10 23 126 100 88 -121 90 -42 81 97 65 -72 48 44 -152 -188 -63 -138 182 72 -117 -80 87 -45 99 -70 42 -76 63 -134 -155 238 148 102 166 107 -146 24 -240 123 40 113 -127 -142 244 -48 190 -92 -74 47 6 -38 114 -43 12 171 -161 127 -106 179 214 -202 153 132 -112 -57 -105 -111 25 -143 -130 83 26 158 219 -213 178 -7 -200 -135 184 -6 140 235 -154 -129 -183 -82 -184 -116 -46 39 -123 116 -67 232 215 -95 -204 188 218 -140 200 175 196 -125 111 118 -11 58 197 -197 154 -65 -101 31 216 222 -56 98 85 120 -44 209 122 57 185 -47 -224 174 -30 37 71 233 246 -114 86 239 -156 167 -168 -227 231 -133 16 -2 -110 223 193 112 149 -198 -173 -73 36 137 -203 64 89 -4 3 -226 -107 -243 0 191 45 13 -35 -31 136 201 170 67 -162 -237 237 -136 -169 240 9 192 -149 -175 -228 -52 -241 -87 -3 176 -84 -246 105 -170 -249 109 -40 -13 70 -28 236 95 4 -167 -158 117 -235 2 
TEST 96 ARG:187 -66 242 148 209 165 -248 -69 143 141 237 179 202 169 -98 130 -11 -247 192 -186 -222 62 -182 204 114 31 -123 58 -108 -114 -7 71 106 -125 154 -99 109 -50 -184 -71 -97 -53 -6 170 151 -72 -75 -12 38 -236 91 -197 73 -246 27 213 -176 -229 163 -100 -96 -30 -73 -26 12 -233 146 139 75 -115 -109 -120 -250 47 215 136 -183 26 -152 -127 -20 247 97 -218 153 122 -169 176 -140 212 -208 -56 -42 -85 184 195 -118 -214 -122 125 -60 -91 -226 127 33 52 -130 -150 -68 -163 -74 -63 198 -45 -206 -219 239 -121 -102 185 211 199 -67 -178 -62 240 -112 110 111 -131 -46 76 79 -101 120 -232 -18 -126 -22 -235 49 142 -29 147 35 161 159 -174 -172 244 225 181 188 117 -31 -231 219 -25 65 -79 246 193 -88 45 -223 -143 -111 113 -207 64 -188 -78 201 208 -133 178 234 -15 227 140 15 87 50 -217 -57 93 -95 194 -200 -142 89 -141 72 -77 -129 133 -205 105 100 -242 -179 196 135 -105 0 36 67 -38 -47 -244 -52 -156 128 224 -17 -89 152 21 84 174 14 -104 -94 116 121 220 -191 25 -113 160 -90 24 104 46 241 -238 -151 70 32 -225 145 -157 233 -213 137 124 103 1 -237 -175 -227 167 99 55 -154 83 131 177 -177 19 17 -39 -5 -166 -65 -211 -16 61 118 112 53 -61 -173 -24 -70 -87 -83 226 -212 -54 197 249 -9 -64 51 88 -3 4 -27 29 -145 -195 57 92 216 -187 -190 -43 42 -58 -230 6 82 -198 -203 -124 -84 22 90 98 -76 -23 7 -164 -19 168 -55 230 -243 -103 -28 -204 -171 223 -92 -160 -180 -138 119 222 228 -249 175 191 138 172 -32 -1 -35 -185 150 -40 108 66 -80 -146 86 232 -149 -234 -168 205 44 157 115 -119 -110 8 85 77 -199 60 210 -13 183 200 -153 248 180 -241 -51 171 -192 229 -107 -14 129 30 231 -148 80 238 56 -48 9 144 -158 -21 54 -44 -210 218 63 -59 107 207 -2 95 182 243 -201 -239 -215 20 11 235 -139 -245 -33 101 94 190 -36 -117 -165 -4 74 -202 162 -34 -132 48 186 -221 -209 -189 -37 10 166 69 68 3 134 217 23 123 -144 245 -82 -181 155 16 -106 -193 -116 -224 34 -135 28 -194 -49 -86 40 -10 -137 158 -228 156 203 -162 2 221 173 41 164 -216 18 39 236 -170 96 78 -161 132 -196 -136 -134 -147 -41 13 -155 -159 -220 -8 149 59 81 -93 37 189 -240 102 -81 214 -167 -128 126 5 43 206 
TEST 97 ARG:-1 -177 -21 -78 15 246 -131 -203 -59 -157 24 -70 -144 131 3 -71 237 154 -153 87 -26 -29 171 161 106 -94 -87 217 177 193 -16 -172 33 225 -245 -2 -141 42 25 173 138 -33 46 -206 -110 -116 -98 -247 -238 35 222 -235 -3 101 -96 126 247 158 14 181 238 160 -226 -236 180 37 176 93 113 162 -117 5 7 20 34 142 -186 -114 220 54 55 -24 -73 -36 50 -189 -154 -192 -134 -210 178 -60 -184 187 -133 108 232 -196 95 -48 28 -198 -7 -212 -233 -125 -165 -167 143 116 -156 -72 155 -205 150 -214 -35 183 59 -239 78 92 -137 201 159 -152 96 57 63 -23 31 -66 211 -147 -10 -57 45 64 -6 -93 99 102 216 -163 -25 -232 52 -219 -17 -150 152 -182 -240 81 -62 -168 136 -100 21 -118 207 84 90 -139 118 163 124 11 186 -250 185 -79 47 -138 110 48 18 -63 -197 74 192 228 227 -13 -69 26 -132 -12 -249 38 -88 134 2 -221 -109 188 130 -190 -49 -80 243 -166 -237 -97 39 -8 -81 -54 -37 -120 23 107 -89 240 205 61 112 -103 233 -187 -15 195 224 -58 190 -142 149 94 -199 53 66 -104 -229 208 140 189 43 -151 -207 204 88 239 -244 13 -179 196 -101 203 -77 219 242 -230 -209 165 202 41 218 -128 17 -102 169 -11 184 -191 -160 -5 -27 -90 -143 -65 166 -85 115 231 -248 10 199 12 -76 -213 72 77 -83 -158 -216 223 -44 -222 146 49 -113 -135 -171 174 103 51 -224 157 -164 -121 -67 200 -9 62 -231 -105 16 235 67 -39 65 85 -145 -155 -31 -46 114 -123 -20 210 -53 -124 6 -43 -56 236 91 -208 19 86 175 73 -22 144 -218 215 -162 68 -4 109 -111 -18 135 147 -38 -185 1 151 244 -108 -30 141 -181 98 133 -202 36 194 -86 172 156 122 0 -47 -169 89 -84 -200 230 -68 -217 191 69 -149 -99 -34 179 148 -61 -45 164 -82 -159 -161 214 -201 132 119 145 8 104 -215 -193 -228 153 -119 30 4 -28 -204 128 -74 234 -41 -176 29 -126 -242 221 -188 -194 127 229 129 -227 209 -95 241 70 -174 139 213 249 -130 83 -220 -170 198 -40 -19 -51 125 76 -234 167 212 -148 -52 82 -180 71 -129 170 58 -50 56 120 -175 197 97 -223 40 -225 -246 -92 182 -211 -243 -106 -178 245 117 226 -115 -107 111 -183 105 -140 32 -112 123 206 121 -14 -127 60 -122 137 79 100 168 22 -75 248 -64 27 9 -32 -195 -146 -241 -173 -55 -91 80 44 -136 -42 75 
TEST 98 ARG:39 44 -157 162 -99 238 -205 221 156 -196 71 0 -96 -50 -114 229 -214 56 -131 41 80 45 -54 -219 92 163 129 -224 -223 -202 -184 168 -183 93 170 -101 62 142 -207 -51 113 211 -79 108 53 -106 -18 174 -62 70 199 -103 -90 -38 -185 -222 -231 -170 132 120 -76 -109 -87 133 200 190 -41 -165 5 123 12 -39 -164 49 -144 -55 -120 -141 -126 -180 125 -142 58 -3 153 34 -53 -237 106 137 -56 209 -199 -138 165 -72 59 -203 -2 237 -211 -166 128 166 -151 -163 84 -111 -68 248 -135 110 -34 -43 -45 -216 90 212 193 186 -46 207 91 188 -246 -132 -66 -234 -105 226 -65 158 219 35 -172 179 -130 217 -153 -125 -73 176 216 63 173 -8 117 140 1 47 230 -37 79 36 172 -100 -152 236 -69 115 51 -233 -115 -122 -182 -194 104 -29 116 206 99 -155 -25 18 201 -208 -192 225 -206 103 144 33 -94 43 -147 160 152 192 30 -124 245 -249 191 -169 -85 -148 -26 16 181 61 78 -80 -30 21 -110 -4 -71 81 -161 100 135 -200 -75 97 231 -133 -77 -241 -32 17 182 69 77 -57 -226 151 -64 -212 24 119 -27 -86 146 -22 -128 -137 -204 -95 -36 66 -162 -118 -6 -108 205 -146 -5 235 -97 28 227 -7 178 31 29 -240 -104 65 127 -139 -91 213 154 249 -42 19 167 -190 -217 74 -13 -117 -218 -215 -156 40 218 -250 42 138 -52 37 -213 177 -89 210 197 13 -145 145 -16 -245 46 159 -198 -67 157 175 6 -247 241 194 -123 234 -232 183 83 -188 -82 -1 239 -116 -174 3 -113 -191 -24 -236 228 -33 -112 38 -159 48 204 244 -21 98 -83 86 -44 -102 85 -189 118 72 -197 76 111 -119 -88 -186 -129 202 26 82 -15 180 15 126 -61 131 -49 -187 -171 141 60 52 -210 -230 -9 232 -248 -220 -158 -47 196 -160 -31 134 136 20 -58 -173 -242 -78 -239 94 64 -243 195 27 -168 50 -92 101 -23 -176 -177 -209 233 -14 67 -136 164 169 22 23 122 203 -12 -11 112 -40 143 -193 11 189 185 -20 -179 75 147 242 102 4 121 -140 -167 114 -235 208 -225 -238 54 -10 88 -28 -127 25 57 9 -149 198 105 -59 -143 96 150 -48 73 8 -93 2 -60 95 87 -178 161 14 -229 -195 -74 171 -17 -70 155 214 -35 32 -107 130 246 68 148 107 -227 -150 149 -81 89 -181 247 -201 222 124 109 139 7 -221 -63 240 -19 243 224 -244 -98 -121 220 -175 215 55 10 -84 187 -134 -228 184 223 -154 
TEST 99 ARG:-198 -107 -63 -230 -9 -32 -80 -33 -224 -71 -150 204 55 181 123 94 -245 -67 -78 162 245 40 100 -23 31 146 134 -129 118 30 -195 193 -165 213 -58 -68 62 -106 -135 -99 189 -77 -232 78 87 107 -215 -248 36 -147 226 191 -204 -34 168 -148 -40 70 197 -153 45 99 -17 -194 -42 38 -110 244 160 -190 110 183 102 -11 172 -66 34 21 -13 89 -130 -27 -187 -189 214 -90 228 -56 229 210 41 10 -137 -239 -169 -100 109 224 -210 -21 105 -218 -125 -52 -157 9 -212 108 246 128 -50 141 -24 -120 -235 -142 -114 50 137 -145 15 -18 -74 13 76 129 -241 -229 -183 -30 -166 81 -108 -214 -247 -10 35 49 33 -7 -57 243 166 -141 232 -87 217 -15 -61 -228 -213 -69 11 -163 71 208 -105 117 138 -98 242 187 179 7 -164 77 195 200 194 163 199 -31 175 -128 186 159 -151 64 -85 139 101 133 198 157 126 -173 211 -91 176 201 -199 1 196 147 -62 -55 222 -96 -168 -154 -92 124 -220 120 -76 -186 51 237 47 -43 111 219 72 37 -191 46 91 -20 -38 -201 93 -44 164 -244 0 58 -122 158 -29 4 -192 -89 156 43 2 238 235 88 -216 -109 -60 19 69 173 190 -160 83 161 -185 113 -86 203 -118 85 -207 -116 -112 223 -249 -94 103 -36 225 -182 -225 116 56 92 -176 -25 73 202 -41 144 -16 -88 169 97 -22 -54 90 -14 82 -174 231 -8 -113 247 42 74 -179 121 140 167 154 66 8 -5 136 215 130 -81 75 -138 27 249 -134 -181 53 -156 153 54 65 -123 -171 -144 127 230 -196 -188 212 -131 -211 -79 25 -46 -177 -250 180 -28 234 6 -47 178 -155 -175 192 -205 24 52 206 29 205 -143 174 -221 -197 207 -158 -84 -206 -146 -126 -59 -95 106 240 -103 -234 209 -93 3 -136 -102 -26 216 115 171 -73 59 -231 16 79 86 60 84 122 -140 -127 -178 61 -51 131 148 -226 5 -70 -12 -104 112 -227 -101 26 80 -162 -152 22 -133 104 32 -53 -115 68 -119 -180 -35 -170 -49 -117 -139 -184 -97 -72 57 227 188 18 -159 -236 151 -83 -111 -19 143 -223 165 -200 119 149 184 182 -222 39 -6 -45 -203 -242 14 -48 -1 236 177 -64 -121 221 -82 145 -208 23 114 185 -193 -161 48 17 -2 248 -75 -172 152 -124 241 132 44 135 -3 -37 -149 -243 -217 63 20 -209 125 12 233 -238 95 150 -240 239 -167 -132 -202 -65 -237 142 220 28 -246 -219 67 218 -4 -39 155 -233 96 170 98 
TEST 100 ARG:-174 164 227 81 223 -21 125 39 -142 -117 102 57 50 -233 -54 -248 82 112 240 -183 -101 151 -59 8 -249 188 65 165 -244 -9 -158 -209 -181 24 172 26 -241 -146 210 175 -231 -116 -235 -194 10 76 -118 68 -228 -127 22 219 46 169 87 -88 -133 159 170 231 -201 96 -23 195 72 -210 -8 61 71 -93 -80 -247 1 -223 145 74 -143 45 -188 190 186 187 -109 -160 -32 107 167 130 -131 -7 -213 249 -72 -126 -71 -37 -237 106 -90 14 94 -121 -105 -214 129 -120 -82 35 0 52 -151 -226 -187 197 225 20 53 115 55 42 -96 228 -4 64 181 224 69 113 -192 182 -134 66 -207 -141 -87 -135 -225 203 239 111 173 16 -46 -128 119 11 -84 132 -148 -66 -243 116 34 -172 143 245 6 -99 158 -139 -15 -49 -34 -236 171 -22 110 137 -19 -239 215 -45 48 2 -81 -216 -196 -173 90 -83 248 -98 79 -75 230 138 -184 -221 -73 -178 109 -2 -185 3 -250 -177 -36 141 -159 -108 246 -79 104 152 -25 -195 47 120 37 93 85 244 -78 176 -35 -122 -232 54 -218 209 -52 29 105 51 95 49 154 -97 -1 -138 58 126 168 -63 30 -166 -103 -62 -76 183 242 114 128 -114 -137 99 -217 -170 -31 -92 77 218 -18 220 -152 -130 -229 -60 -200 -193 -169 89 134 226 -190 101 -51 241 -55 -50 -150 -132 -43 -125 67 -33 -238 194 202 234 75 -28 -100 97 100 -95 156 153 166 -230 91 -3 211 62 139 127 131 -129 -30 -182 -64 -17 -199 162 178 -203 -211 206 -212 -44 -156 -204 -69 -13 146 -42 237 -39 -67 70 -68 201 229 -70 214 -163 -240 192 -215 -145 -74 -198 -165 144 233 205 150 -65 88 103 23 238 18 -119 -206 208 5 -147 243 -53 -115 177 -107 -191 212 19 60 -47 -26 213 -189 198 9 -14 174 -155 -86 -124 -102 200 -234 179 32 31 -144 -154 -164 -149 78 136 86 38 21 -162 122 235 -246 135 43 -89 -227 222 -153 7 27 196 -104 -208 247 80 160 121 -167 -179 98 148 180 -29 -11 41 142 -10 207 155 161 -91 -40 -136 73 217 -77 4 92 40 149 140 84 -12 -245 -186 15 124 216 44 -202 33 -123 157 -161 -112 -106 -168 -57 -6 -85 -38 123 147 25 13 36 133 -24 -175 108 -94 -222 59 -242 232 83 -197 189 118 -58 221 185 -20 -205 -41 -61 163 -219 193 -113 117 56 63 -220 204 191 184 -176 -180 -111 12 -140 -171 -16 -224 -27 199 -110 17 -56 -157 236 -5 28 -48 
TEST 101 ARG:-169 -47 -45 18 3 -70 148 233 -177 77 -75 186 78 48 -61 192 -197 -73 33 6 -217 -133 36 139 -128 201 -181 -105 209 -20 -218 227 86 37 133 -178 27 -96 -147 -118 40 -160 63 -93 -2 -113 -43 -28 -9 4 137 -205 -100 44 -34 -44 103 -200 -48 -17 16 -64 -208 203 -235 131 79 -94 -132 89 93 -60 70 66 85 217 -90 -168 -148 -46 -102 -4 -195 -84 -5 -110 -234 -10 -40 -77 -172 173 32 226 46 151 214 213 49 98 221 -81 147 88 5 -145 -226 84 74 -76 43 76 56 64 -67 143 65 180 -99 118 108 -215 -184 -8 31 22 167 178 157 -170 -136 80 163 175 -65 -16 161 10 -242 8 134 240 -114 145 21 -162 -131 -122 -244 -182 105 -143 -158 14 28 -246 107 -51 155 41 -159 15 -31 190 -179 -98 114 231 182 166 219 168 -38 62 -107 -144 -111 53 12 112 -213 -150 2 11 237 -221 119 239 -192 244 71 150 -57 -52 30 243 -119 17 -25 116 -238 -14 246 94 -89 -19 120 -7 140 -233 -126 -210 224 111 123 -53 -80 204 -155 129 176 -183 58 91 -129 -66 189 144 69 -187 222 -229 191 23 -42 122 -117 -95 165 13 207 -124 206 81 142 194 115 223 205 113 -166 54 -180 82 -82 0 -55 -185 128 -175 -212 135 102 -112 72 124 35 149 -219 152 19 -101 50 171 -164 -245 -134 -83 195 38 -33 210 -220 172 -78 208 -203 -85 -29 -87 235 -140 -249 154 -37 73 83 -50 156 211 162 -241 -153 174 248 -142 200 -22 97 95 153 202 -92 34 225 249 -194 125 -190 -116 -63 216 -165 -27 -201 -228 -104 -24 -152 110 160 -204 104 196 42 45 -163 106 -18 130 229 -188 51 -62 -106 1 -135 121 -103 159 141 181 234 75 -189 -247 -6 -56 24 7 198 -230 -237 127 -11 199 -127 -121 -21 -176 -74 -146 -216 238 20 -157 55 -12 9 -68 126 109 -13 -139 -202 245 -32 -199 -88 -41 -86 -167 -156 -225 170 241 68 59 25 169 101 -59 -91 -227 184 146 230 185 47 164 -58 -154 52 158 236 -120 96 -193 -174 87 -224 -79 -1 -141 232 -26 183 -151 67 -36 215 -130 99 -109 60 -123 92 -250 -138 57 212 -223 39 -39 228 -211 136 179 -71 -137 -23 -186 132 -248 -171 -72 -149 -232 29 -222 -115 -125 -97 -206 -15 117 -231 193 -3 -30 -243 -214 -198 -173 -236 61 -209 -196 197 26 242 138 187 188 247 -207 -49 -240 220 -35 100 -108 -239 -191 218 -54 -161 177 90 -69 
TEST 102 ARG:-219 246 233 244 110 189 138 26 -208 -188 -71 152 -95 -96 -196 112 -167 -62 -235 167 -144 249 199 -214 242 -117 -59 -224 -4 -248 39 -230 201 -48 198 -187 123 50 21 229 64 -171 85 -41 170 -237 -85 151 98 231 -79 104 -130 -136 103 -20 42 -36 -25 -108 -200 -52 59 29 30 3 69 178 127 -46 -131 -44 9 203 -47 -236 -22 31 -28 22 -191 217 227 172 4 188 76 13 88 -202 248 72 130 36 -127 -242 89 -241 99 -56 -99 -81 -170 -194 70 -13 19 -21 -19 -101 -222 -139 -142 -138 225 -216 124 87 118 -68 78 -217 -232 228 -58 60 -218 194 179 245 -87 174 6 -229 214 82 2 117 223 216 208 -125 -40 153 219 105 52 -32 224 -90 206 -233 164 -182 -76 238 67 -184 -31 65 -104 -24 193 -33 -39 -51 -181 186 126 23 149 -84 18 -227 119 -10 134 -221 -105 150 71 -204 -220 237 -14 -213 221 -100 -63 -64 -148 -86 -2 44 56 -18 171 -111 -109 162 -211 -60 35 175 163 80 90 -116 -249 168 -192 -42 61 202 166 -186 46 196 -78 -107 25 11 -5 145 -132 24 54 74 -61 48 115 -175 -129 -174 -135 195 -149 -128 -197 -179 -50 -102 38 -77 -83 205 34 190 146 213 -124 -226 -49 -207 226 86 -75 91 -134 176 -161 215 15 41 247 165 125 108 -215 -38 147 114 -67 184 182 -206 -123 -205 209 -12 -82 143 -238 -177 17 -110 136 -98 -119 -190 102 -94 -122 -26 37 -93 -89 -57 180 97 236 128 -152 28 -106 212 -92 204 -70 -118 -165 133 239 155 51 100 109 -245 -121 157 232 169 -225 -199 197 185 -30 8 33 -203 32 27 94 -69 -189 -15 1 -97 192 -45 -163 -223 -88 -115 0 43 -11 -164 -65 -145 7 140 -151 -37 111 154 -74 161 -160 -150 173 187 -169 47 79 -157 135 113 -9 106 -17 -103 -159 -209 12 -183 -23 218 -140 -147 81 131 -27 -133 92 58 120 -243 -153 158 84 -143 -228 -176 93 -34 -173 142 129 -6 -120 148 -73 234 -240 243 -155 139 -185 73 -35 207 -234 -126 -113 -244 177 -114 55 16 -156 200 -137 160 -53 222 -198 116 191 -193 95 241 40 -162 10 122 62 -247 -154 -195 159 240 230 183 -172 77 -166 -91 -250 -29 -3 -180 156 66 20 -16 68 -66 75 -231 220 49 141 -210 -54 235 -8 144 137 -141 -112 107 -80 63 96 210 45 -246 -146 211 83 -55 181 57 -239 -158 132 14 -1 -168 -43 -72 53 -201 101 -178 -212 121 -7 5 
TEST 103 ARG:-45 50 38 233 -155 205 217 201 -237 152 -26 51 53 124 -232 -195 43 -27 234 -47 -99 74 -70 26 194 13 -183 108 -201 197 204 200 228 -205 -3 61 171 107 -105 -73 5 103 65 -114 76 -38 122 155 -119 -216 157 -135 86 -193 -166 31 -41 82 189 161 242 -100 -50 -158 -231 -88 148 -67 -10 21 162 226 -57 146 -198 -127 71 -236 -68 106 134 236 52 -112 -90 -109 -160 37 46 -83 190 -122 150 151 -178 9 245 -87 -21 -75 79 -233 -240 210 -223 -220 0 209 -91 80 104 211 -53 23 -17 172 -28 -11 -203 66 224 48 221 15 -138 -12 -131 215 198 118 -52 -169 -145 -104 -43 -116 -25 114 27 45 99 88 97 -102 -65 177 -247 -250 3 73 -56 -137 -40 4 -59 17 185 -186 -2 -197 126 -148 -128 24 -199 202 -140 70 81 -95 22 85 -101 -168 168 170 -98 -39 109 32 -162 227 -82 40 102 -176 216 -151 -185 247 -79 -175 147 -111 225 -62 -235 133 -226 195 164 244 90 42 -238 127 -219 105 -7 207 95 -213 -241 232 -133 -66 243 -54 -142 -230 96 231 41 135 -163 60 -44 -211 -115 -37 237 239 143 214 -243 -117 -210 30 -113 -31 100 -33 -8 213 -51 183 167 199 165 -239 -228 -29 -152 -141 -154 -4 55 -172 -234 -165 -126 219 -180 -134 169 77 19 208 -130 156 -103 138 16 -245 -246 10 139 -164 -16 -229 179 206 -174 203 181 -72 -159 67 121 -202 72 249 94 -22 -6 120 -143 -224 -106 -248 -244 -207 -46 188 -225 180 -173 -191 -97 69 223 173 119 -63 -242 -214 193 -108 142 176 -60 220 192 -42 64 130 92 -89 -190 -249 212 25 -20 33 -215 -206 36 98 -77 54 -64 -181 248 -123 6 110 20 136 -227 57 158 -167 123 -139 -69 -19 -81 -92 75 47 -150 -146 7 84 186 117 -84 -14 1 -171 112 191 159 -107 -1 125 -76 131 -189 144 87 196 91 -132 -78 184 -147 -24 89 -5 2 68 129 -184 187 -30 116 238 -187 58 14 28 78 -34 166 149 -188 -144 101 -156 -58 -153 -18 -179 132 34 174 -23 229 218 -200 -96 -49 113 -110 -74 -55 246 59 93 -121 56 241 -196 140 -120 222 -71 -93 18 175 -222 12 145 -9 163 -161 -80 63 49 235 -86 35 -170 62 -177 240 -94 -194 44 -125 -32 178 -61 83 -212 230 -124 -182 39 -129 -217 -192 8 -48 -204 -13 111 -208 11 128 154 137 160 -35 182 -221 153 -149 115 -85 -209 -15 -218 -136 141 -157 -118 -36 29 
TEST 104 ARG:-202 -230 -178 -16 -94 80 14 235 -1 64 -26 -65 83 107 -215 -176 208 51 -6 84 -163 -181 62 -70 34 147 -186 -190 68 -210 -156 -237 72 -44 -35 9 173 -120 -74 201 8 101 46 -84 -167 159 -76 -234 -15 145 -132 10 -39 -239 103 -21 118 116 26 37 130 57 97 -104 158 219 78 5 -123 -147 199 228 162 -138 146 -222 -33 -129 11 135 49 -38 -152 -66 186 142 -2 232 4 123 206 180 -141 28 222 217 179 70 213 -169 76 139 -69 -10 126 114 -119 183 -72 -248 198 -249 99 -64 152 -223 144 -42 188 -19 -68 -92 187 131 207 224 -191 82 117 7 -96 43 6 -105 221 125 -112 160 241 -153 87 -165 -71 113 15 -162 -56 -43 -170 -216 -218 81 -127 225 -183 247 -225 53 -151 -188 74 -118 -209 161 -116 104 -59 -217 140 218 122 -146 77 -207 -219 -175 248 233 172 -95 33 -177 149 -75 -32 148 166 69 157 -62 -135 60 -87 167 177 -101 67 -102 111 95 -242 108 -89 -78 -192 -106 204 176 229 238 0 -20 -214 171 -115 85 230 215 212 -34 -137 -86 -28 -145 -67 -187 239 220 -12 -161 -79 154 137 -203 200 -246 -23 -48 216 -109 -139 -83 -13 -227 -27 128 3 -29 -150 -205 -9 -184 -229 244 -160 -55 -50 -97 90 -4 202 -31 -45 -193 -41 65 132 36 -46 -159 119 -7 -196 88 -63 24 -108 45 -173 52 -213 -244 196 175 242 86 29 -240 -53 109 -136 59 41 -25 50 -221 73 100 -128 -125 -155 237 -117 182 -80 -82 -228 -143 -11 -172 138 -60 -149 21 178 -171 191 -195 127 -148 164 89 -54 31 141 -231 2 -220 -201 143 153 63 163 -199 -107 98 -174 -8 -243 192 205 193 181 35 112 -179 -206 133 102 231 42 96 -122 -200 -238 203 93 -77 156 91 124 170 -5 -121 -52 94 40 -14 -158 25 190 -166 -224 236 -110 1 243 211 -18 -212 150 226 -133 48 58 134 30 -247 79 234 -194 47 18 240 -114 -73 -100 -157 -130 -204 -245 32 -154 -111 -81 -37 56 -99 -185 -126 227 -236 -57 75 106 -124 -211 44 209 115 -88 214 61 -98 -17 -168 -93 -51 20 169 -226 -180 -85 71 -235 249 54 66 136 92 -164 55 22 -197 110 189 -3 194 -189 -250 -198 -22 -30 -103 -241 38 151 -140 184 23 195 223 13 -36 -233 -232 121 -208 -58 155 27 -113 -47 -24 -91 129 245 185 -61 210 -90 120 246 -144 17 -49 19 -134 16 -131 -40 -182 -142 174 168 165 105 197 39 12 
TEST 105 ARG:-38 47 212 34 169 -56 111 -233 221 -173 104 -13 -139 41 145 49 -102 63 -107 66 -79 -193 -246 160 -95 -113 134 -128 -55 207 178 88 -242 -190 -239 -106 115 234 152 -80 125 -4 -154 -9 208 -109 90 77 98 -185 64 218 164 73 -138 220 114 -22 -14 11 -207 -203 -206 -82 150 -65 -212 -184 -48 -208 143 -91 -226 -236 -26 6 -200 -78 -157 -188 165 -187 140 206 -51 -199 -250 -189 -70 172 -240 -126 -81 -120 155 -209 -222 14 213 246 95 185 27 205 15 138 -150 -114 179 223 -149 23 -29 238 239 29 -122 -74 -35 -124 0 -30 171 -34 -192 89 -61 -178 186 39 -27 61 158 -148 -105 183 -147 43 -163 201 170 180 -210 8 -213 189 -85 -133 -248 -41 173 -179 -220 227 45 -244 -142 -202 248 233 106 -186 -127 -108 199 2 -63 -62 -162 -67 -25 -53 -23 -72 -49 -33 46 85 121 -83 108 -90 231 -43 71 -73 187 -101 202 -36 -60 50 113 214 10 119 -231 13 -84 -143 -218 -135 -46 -171 67 26 211 -243 -219 22 -172 204 74 -7 75 -183 55 -140 240 -130 210 166 -77 167 132 32 -69 247 243 -5 -134 176 -169 87 154 -201 -32 110 -31 141 -151 -88 -6 241 -235 -216 1 -174 101 236 -245 -76 -195 -86 196 24 195 -54 76 -221 -40 44 -15 31 123 -175 60 103 -198 -21 25 -227 -177 54 -156 136 -117 226 -241 69 229 129 182 -93 52 107 -71 200 209 -230 -153 -194 219 -100 159 135 168 131 -197 53 -214 48 -238 97 -131 -52 -132 51 244 -182 -57 -58 148 78 -121 237 149 -181 5 -47 151 3 -129 -205 86 -19 -217 56 -159 -89 194 7 -125 -176 225 -112 -94 -224 142 33 83 -168 -166 -103 116 177 144 4 100 184 157 -223 109 80 193 232 57 127 -137 -50 -196 -39 190 137 -44 37 70 162 -204 245 9 -111 -161 215 18 -146 122 12 -115 21 -12 118 217 -225 79 -234 153 92 35 139 36 -66 -92 -118 156 -98 192 -116 99 133 -87 -211 224 -164 -8 161 -2 -249 68 93 -24 91 -215 126 -64 191 -104 62 -144 203 105 174 -158 72 81 -123 102 30 -228 -59 -99 -11 -75 147 59 16 -155 230 -165 -119 -229 -97 28 94 20 -160 -96 -68 -45 -237 19 216 -42 222 120 188 84 -152 228 -10 -18 197 -136 40 117 -170 -110 -37 198 -232 -145 146 -141 42 -16 181 249 82 235 130 163 -17 112 65 58 -3 242 -191 124 175 -247 17 96 -20 -167 38 -1 -28 -180 128 
TEST 106 ARG:183 -132 155 -127 163 219 -228 -242 -15 161 209 4 235 110 -18 178 -27 17 -129 -149 58 -107 176 97 248 -176 -81 -156 27 98 -34 -8 -146 -98 206 -191 -198 -38 -233 106 41 227 -52 -22 216 24 -93 -206 88 -223 138 -73 222 221 134 -16 211 -82 198 108 -101 -104 125 148 140 -111 51 -109 164 212 -185 162 -163 237 -114 -174 -30 81 -193 52 86 182 -131 -209 79 -173 -232 159 126 82 -32 145 95 -66 -71 249 139 -249 -125 -25 246 -80 151 -17 177 -99 147 -217 132 230 47 -130 166 -65 60 29 116 7 200 197 -164 96 -128 -50 172 -215 -78 -167 170 28 -166 -39 105 168 -48 -84 123 -64 -175 -165 128 226 40 -187 -208 53 -201 6 5 -196 -21 70 213 30 16 -141 -250 -240 -133 127 131 -110 19 72 169 -62 231 238 -23 -74 119 -105 50 -113 -143 74 -43 -57 243 186 154 -241 -205 -134 78 234 185 26 179 -186 -46 59 165 -60 56 -10 -225 -248 136 -70 -147 -12 -87 150 -160 -219 -183 99 -67 -151 224 180 -168 -95 130 -47 -195 -247 -224 89 -5 92 20 -142 8 -137 190 -115 11 -246 -145 -204 75 -192 21 66 12 -92 -116 -234 -200 -24 156 67 63 192 -108 100 -245 -90 -45 -227 -139 -126 199 -91 9 76 -202 -124 -96 229 -161 -140 0 -33 57 -122 -83 -235 -59 208 93 84 167 191 85 -153 135 174 49 -231 -58 -7 152 46 236 -85 48 91 -218 1 -229 195 -182 239 -3 13 -144 -100 71 -152 -51 107 205 -216 -44 69 83 68 -97 -172 187 -69 -194 87 54 42 129 -155 -20 -14 -211 -239 153 141 -180 -222 118 133 -11 -61 101 201 -170 112 -1 -188 -197 -207 -177 32 -236 -169 36 157 120 232 114 -2 -119 210 228 -190 -238 202 -26 33 143 3 233 -123 244 160 240 115 241 204 -158 -181 38 189 34 73 23 -112 184 -36 171 -244 149 245 109 -54 242 -13 90 -150 158 -77 121 214 -179 -178 -29 80 193 45 64 -28 203 -171 10 -154 -86 -19 22 137 104 -117 -35 -162 -56 -94 225 15 -230 -220 207 18 -75 113 -210 -53 -136 -157 -135 55 35 43 -221 196 -68 -4 142 117 37 -79 44 -138 -37 -9 -148 103 146 -243 111 -118 65 39 194 94 25 61 -89 -106 215 173 2 -213 -42 14 -88 102 175 181 -72 31 -189 -103 -40 -76 -226 223 124 -199 -120 122 220 77 -212 218 62 -63 -31 -159 -102 -203 -121 188 -237 -214 144 -184 247 -55 -49 217 -41 -6 
TEST 107 ARG:-214 -123 159 112 87 -37 -164 221 -124 56 -193 -221 -149 -174 91 -135 116 141 -125 -210 186 -163 -34 133 -88 68 -136 -33 -80 25 -154 -82 -11 28 -18 125 -230 155 -201 200 -180 -39 98 183 243 -19 72 -218 -68 49 191 -178 -203 229 -35 100 144 -119 179 -220 -141 -196 193 -99 85 20 121 225 -60 -92 209 172 -97 176 -217 -74 -144 -208 222 194 86 160 -69 -244 -6 107 -22 -50 106 -190 119 -93 -131 -105 173 35 -120 94 9 146 -116 22 47 -246 -247 -91 18 208 -62 -160 -245 39 19 -179 -115 -100 -58 -139 -185 233 83 95 -202 138 117 -205 12 184 -107 -54 219 -84 66 -9 -78 -90 82 6 57 -241 129 67 120 10 38 76 -143 192 30 182 46 157 88 13 241 -36 -55 145 -234 234 249 115 -23 105 -222 205 -156 147 -165 -191 239 248 237 245 217 -56 -171 226 -104 -133 -184 -229 165 14 -250 -187 -94 136 135 11 -215 4 -20 73 214 27 -70 -146 -162 -182 -211 -24 -12 246 154 163 29 -161 206 230 3 -227 -49 -38 -151 162 126 -236 -199 -232 161 -85 -200 -102 -140 45 -198 103 -239 -249 185 140 110 -223 63 177 -66 -209 -127 93 32 139 -48 180 36 -89 -117 -152 150 -86 -13 -228 151 -72 -106 80 178 -112 -83 168 131 -225 170 -52 99 -142 -57 -122 -30 242 118 232 134 96 -128 40 -240 -28 108 -134 211 -59 -77 240 -16 -87 101 58 2 171 -44 236 196 -121 97 -172 -138 -147 -219 210 169 54 -129 -53 -98 -167 71 124 181 148 -195 42 204 84 70 -103 228 137 -27 231 -235 -248 175 -188 -155 -15 -31 -226 224 238 -96 -204 -41 43 -159 -118 -75 -79 34 -130 158 -51 197 -25 -153 111 143 -170 24 -212 213 -173 78 41 -176 153 113 -181 -3 164 -189 -166 92 16 26 69 -206 130 -4 -73 132 127 8 149 75 -14 -2 -177 189 -32 218 -207 -168 -194 201 -113 207 102 -108 89 122 61 -81 -61 190 -192 -224 79 52 166 53 74 -21 44 -46 -148 109 -45 37 142 60 90 123 23 -111 -17 216 215 -137 -43 -169 -26 212 -47 -110 -10 -95 -64 -1 31 -7 104 -67 -213 62 59 -186 1 48 174 17 220 -242 -8 199 227 -126 -175 188 -76 -238 247 -237 -197 -216 77 195 50 114 -71 51 202 167 -233 -63 -157 0 198 -5 15 -183 -101 -114 -132 64 -231 187 223 -145 7 -158 -65 -150 203 -109 55 65 128 -29 -243 33 156 235 152 -40 81 5 21 -42 244 
TEST 108 ARG:80 -236 61 -141 -229 34 244 11 -35 -128 -125 100 -167 143 111 131 107 137 -33 -180 -166 -174 -230 65 -145 -205 -157 -121 58 234 -47 -94 -66 -218 -138 -8 225 134 -51 136 238 -136 178 -122 87 146 175 151 -69 -56 -210 157 -188 91 57 -197 -249 43 120 166 -242 -213 83 84 -91 54 210 29 -124 133 -22 196 224 -101 0 -178 -81 -240 188 -132 -212 -191 -237 9 230 190 -238 72 -84 163 63 -119 41 10 35 88 -55 -103 241 214 -70 187 228 48 145 -219 211 200 152 -126 209 168 -59 20 -233 -184 -155 3 17 219 105 218 202 -43 193 -85 177 -142 -203 -232 197 -130 -143 115 -131 -176 114 -30 -200 66 132 141 -24 -113 155 165 67 129 -44 -89 -61 -2 -153 138 173 -140 -163 -135 198 -156 113 235 217 249 52 199 191 -112 7 149 79 233 -246 -170 5 22 8 -158 85 -172 -34 -202 -93 222 -183 215 -97 6 -86 60 -16 135 174 -107 -148 47 -162 23 223 -11 -165 -21 -1 -244 171 227 -108 -4 -99 -228 176 -60 -5 76 -98 -208 -149 -64 243 -28 182 94 -194 4 36 -137 -193 -7 160 -134 -199 -221 172 -105 -62 -100 -211 -37 92 -36 -106 126 -127 -151 90 158 -110 55 -144 119 62 15 -248 130 -192 -225 -82 -63 49 19 117 -13 116 -39 128 -227 -154 106 2 -31 123 50 201 -243 -6 30 -80 70 -117 232 154 101 -198 -96 -207 -26 104 27 144 240 -159 170 185 246 -216 221 14 13 183 195 231 -120 -71 164 -139 236 -152 -52 140 -181 -76 -20 77 181 124 -54 74 213 -160 247 -79 112 -88 -168 25 97 96 42 -102 -115 81 -245 -15 -118 78 -226 184 -23 -217 118 110 16 -17 -123 162 -9 -57 -247 -215 -231 -209 82 -147 -185 237 46 169 203 125 229 -129 103 -133 -116 -146 26 -206 -161 21 1 108 -41 -27 -65 156 40 -177 -164 -25 68 189 98 32 248 -196 159 51 -204 139 -68 207 -222 -49 73 147 89 -241 -75 -10 -223 239 -220 -189 -72 -73 204 33 161 -46 -214 -14 -114 86 208 -29 -12 -50 212 -32 -18 -201 24 -95 -53 -45 -48 142 148 -92 71 45 53 -186 -175 -235 -19 -182 -3 109 -150 186 -87 -187 -171 102 245 216 -78 39 127 59 -77 -195 37 180 242 12 -90 18 75 44 121 95 179 56 -179 64 -74 122 153 167 -109 38 -234 220 150 -83 -224 -58 93 -239 -104 -38 -40 206 -250 192 -42 -169 194 69 -190 226 -173 99 28 -111 31 -67 205 
TEST 109 ARG:1 107 -205 218 -196 -129 -13 -109 -231 60 -24 163 176 -118 208 89 -40 27 -9 -116 -25 228 -48 74 45 -148 197 -156 -49 132 -180 -159 -223 88 200 -197 153 203 -211 90 194 -2 21 202 15 -240 -3 230 -71 0 -221 -8 -158 207 -102 -157 -45 -130 -82 -239 -47 244 -103 -248 -11 24 18 83 -181 22 -95 -99 181 75 229 -36 139 184 14 19 -191 175 125 -204 -190 189 141 130 17 239 -33 -110 -227 -106 -50 136 -184 -224 -185 227 -226 -144 -218 106 234 245 -16 -219 108 68 -232 -18 144 190 124 219 -31 69 -164 -79 -175 30 -20 166 -234 66 164 -195 11 -127 -241 -120 -186 -90 -214 120 94 -171 -179 26 150 -176 -32 240 214 201 -140 -167 -213 -1 242 -100 -138 -4 -163 -97 198 56 -22 99 185 -43 222 -6 110 25 -7 4 13 -203 -246 -53 -35 225 64 62 -238 36 216 41 -212 84 -10 180 3 5 9 77 138 -208 -154 -183 47 -162 156 -37 -160 -168 -28 209 -133 -161 -166 165 63 100 -72 -216 73 76 -188 -155 -142 29 -86 58 96 199 -170 -123 112 -245 23 145 -39 171 -27 -143 -85 -88 -249 -21 37 -112 117 -51 -215 -220 33 243 -46 -201 44 50 221 -74 -141 -12 158 -233 123 146 -80 236 42 210 79 -107 114 -56 -135 -23 35 213 92 -192 127 196 121 134 -19 104 -68 -84 177 211 -134 192 -104 142 80 78 -76 249 40 135 43 -173 -177 -94 -228 -73 223 67 -165 -34 -121 -108 82 122 -236 -101 -172 -152 155 -87 87 -75 -91 46 109 -117 119 154 8 -244 57 -83 -206 53 152 172 143 -65 159 -81 248 -67 -60 -182 204 205 -153 -230 167 -78 170 -146 -250 148 34 38 -92 -15 -125 -17 151 137 -26 31 -137 131 55 -187 71 -131 116 -229 -58 91 -66 186 232 241 129 61 -132 103 -63 -222 -93 246 16 86 238 -210 160 -77 149 -44 59 -54 -122 140 -124 54 39 105 206 -242 102 98 -128 188 -52 128 226 231 -5 -29 -243 -149 -89 -61 -41 247 97 12 217 -194 20 6 -199 -59 -200 -14 -96 -38 72 -247 212 233 162 81 -150 -225 -64 -42 235 -169 169 237 -151 -105 -235 195 -98 -139 93 -114 -217 -193 85 -145 48 70 224 28 215 -30 182 193 -189 111 10 7 49 52 -178 -237 133 220 161 -111 174 187 147 101 -57 32 -55 -174 113 95 179 51 -69 157 178 -207 -198 118 115 -62 -119 -136 173 2 -147 -113 -70 183 -209 -202 126 -126 168 65 -115 191 
TEST 110 ARG:-48 71 -78 -227 199 33 -117 118 -98 170 7 -65 25 -50 -200 -109 221 -156 -60 161 32 35 79 -231 39 20 101 85 -183 151 -20 -27 67 218 -44 -247 225 -17 146 -114 58 -248 130 -143 56 239 181 -26 105 -120 166 114 27 -162 201 -151 162 -195 14 -166 -59 -194 -28 -221 12 45 116 180 -224 49 235 16 -153 62 -226 -159 -202 3 -62 226 -94 178 153 -74 -187 53 -188 -55 5 -115 -47 -103 78 164 -32 -142 1 -176 61 215 46 9 -197 -216 -163 36 4 -30 -138 -16 -52 -220 -141 -75 -54 -111 73 -182 -63 155 134 128 -126 -36 -112 137 21 -123 -210 64 106 77 -245 -172 66 -124 237 -1 -72 214 -84 123 220 213 179 247 169 -87 100 -211 29 -180 -4 244 131 -90 68 127 242 241 15 -223 -39 157 -160 -246 -10 81 28 -145 205 -170 145 -29 -38 -127 13 219 124 82 -80 -191 84 96 88 197 -239 224 -228 -46 42 -57 142 -209 -168 -2 -19 183 -135 -199 76 211 163 202 120 69 -14 160 228 -97 -133 222 89 -99 -41 -122 -186 -105 -177 -93 206 83 243 0 -82 113 140 -219 -243 -101 -165 -217 91 -21 -5 184 90 125 246 -154 -139 -6 -121 -15 -189 17 198 -198 -147 63 -157 95 70 43 -181 -225 -51 143 -158 47 98 104 51 -69 -107 229 129 -116 -167 34 156 144 236 -169 -134 -40 -42 2 -140 -12 -81 231 38 18 148 -71 41 150 135 -61 177 -70 11 249 87 -250 203 189 -196 188 -232 -212 190 -222 -58 -34 245 194 57 -238 -155 -66 31 50 -108 136 -104 217 126 -204 -89 -148 -64 -130 -3 208 -13 -8 182 -83 154 -175 132 117 -233 -125 -242 -201 115 54 103 40 165 -45 -18 175 -85 147 -208 -213 -164 -132 210 -22 -92 112 -73 -235 -190 191 -244 108 204 97 -35 -33 172 216 -171 -77 -149 80 93 141 102 -11 240 158 223 -185 -179 -91 -230 99 -96 -118 -205 -102 193 -119 -68 37 232 186 8 195 209 -24 55 -110 -241 248 121 59 65 -173 86 -249 -88 -53 19 44 -237 60 48 233 200 -174 22 122 159 111 -214 -131 -129 -234 -37 24 207 152 107 119 -206 -203 168 212 185 74 109 -150 -240 -161 -152 187 -86 -67 139 234 -229 -7 149 167 133 75 -100 -218 26 138 -137 -192 72 -144 -146 52 -193 110 -113 92 -31 -178 -43 -184 173 227 -76 174 -23 238 176 23 -49 230 -136 -207 94 -25 -236 196 171 192 -128 6 10 30 -9 -79 -106 -215 -95 -56 
TEST 111 ARG:175 148 -228 -17 86 232 123 -247 87 155 -14 -33 240 143 228 35 131 120 184 198 55 -125 138 201 4 -222 -140 91 95 72 -105 74 -24 187 47 152 -36 -29 174 239 -169 -50 61 94 53 -170 192 190 -126 176 -5 -249 -176 -100 -25 83 147 -235 -2 216 -49 -110 248 -128 77 -112 -80 197 12 119 92 1 -41 -6 -59 241 -197 159 98 204 213 -234 -130 231 242 -78 -53 -18 57 116 121 -113 -200 132 142 -124 -38 -69 -20 -248 39 -227 -12 102 -4 225 149 113 -46 84 133 -190 183 -178 -77 111 -214 -237 -162 196 144 -115 208 17 167 58 170 -40 -66 -219 -85 88 -72 -98 -120 -206 16 -205 211 -245 22 -60 243 43 125 -194 229 -55 -88 21 -139 -81 -175 180 236 -157 -94 -47 -141 -26 56 118 -118 -106 -39 -48 -165 -92 -9 -196 48 -74 101 76 164 153 -160 -114 69 172 28 49 29 105 171 233 13 -236 73 -232 -108 -86 181 -122 191 -152 -34 177 -109 -180 14 5 -218 -42 -45 100 -144 -149 135 -95 -138 -207 -117 -148 -158 185 214 -195 -15 -101 -22 -246 115 -75 109 -241 151 -83 -135 -231 206 -151 8 -102 222 -71 -8 -89 -220 179 -191 -142 34 -211 -131 226 -44 178 60 -19 136 161 -70 -156 -30 -51 -215 63 67 186 -186 163 169 -134 194 -116 -52 65 54 -91 -58 -119 188 59 -146 -209 -212 114 217 51 -224 -198 -242 -145 78 249 -192 -127 30 246 -136 145 -159 212 112 -43 156 168 -27 -82 9 -250 162 -223 -216 -189 -68 -23 -1 -11 11 139 160 218 -7 25 45 234 -167 238 223 93 -103 150 41 -93 80 97 215 -63 -208 -213 -155 -179 203 -225 37 -56 68 200 -76 85 -210 -16 -177 -21 40 173 247 227 -143 -229 140 71 -238 -107 -13 209 -62 -164 90 103 -221 110 193 195 -37 -84 221 -243 -174 117 31 189 -233 146 -184 -31 -161 199 -99 18 -79 205 -181 -121 127 42 75 -199 -3 -129 134 129 -240 -226 70 157 -183 -201 -35 -150 -188 122 38 -173 141 7 126 -172 182 -57 -185 -182 130 27 62 -230 96 165 128 -244 -64 -87 -90 44 81 210 79 6 26 24 -147 158 235 66 124 -166 166 -32 3 19 230 237 -137 -202 -239 32 99 -96 -153 -132 -65 33 20 -163 -123 46 -28 -54 -73 207 -67 -203 244 137 10 154 224 -104 -97 52 104 36 220 -154 -217 202 -10 -187 64 -204 107 -171 0 2 82 50 -111 108 219 -168 89 -133 106 23 -193 -61 15 245 
TEST 112 ARG:113 -169 230 74 138 -142 -110 -96 244 -184 89 -78 -207 -212 -204 -137 -53 -197 173 225 -82 -101 -76 186 112 -6 79 -147 -250 58 -225 -145 242 212 -7 -148 -132 160 174 -146 49 110 11 -81 1 81 14 -220 109 -3 -208 249 -186 -34 -118 -190 -185 195 132 -217 27 121 227 216 -2 -206 46 162 44 87 9 93 -97 -244 55 203 -108 -191 -136 116 206 -167 137 6 72 238 -182 -36 88 -139 -213 -228 -99 7 -203 -105 191 -20 -14 -174 -24 -59 -111 114 -52 -181 -45 135 8 211 60 223 -183 -168 80 -195 218 26 -5 213 92 196 233 102 -80 -17 -93 234 143 51 241 -107 -42 -247 124 -178 207 31 -114 205 -65 -163 34 -226 -150 194 -229 23 154 59 245 -21 -27 98 90 -113 106 -211 100 -104 56 -58 -25 35 17 192 -85 -133 -188 83 189 0 236 76 94 -29 -179 -39 128 -219 197 103 18 -87 -239 130 -46 -89 -33 -201 -54 -94 -90 188 179 53 246 155 -215 32 144 219 -117 107 4 171 -209 -187 2 3 215 199 -245 115 85 -1 -240 52 40 -237 62 12 -143 -41 -141 119 91 67 -112 -30 54 -83 41 -69 -19 139 -51 68 -221 -164 -216 -126 -86 -144 181 -151 -47 200 -162 38 -95 122 172 142 217 175 -28 118 65 -88 152 -40 -57 204 66 -200 125 147 166 -15 -77 15 -175 141 226 -131 169 95 210 -155 -50 96 -249 -127 -224 21 13 -10 231 16 -199 -238 123 50 -92 -192 -37 -165 24 -248 20 43 45 131 232 -109 78 -161 -61 39 190 -243 202 -235 136 47 214 69 -71 157 -202 184 -68 -234 -35 239 -231 63 -9 -205 -233 -124 149 -31 -98 -159 99 -4 220 -72 -116 33 167 97 30 221 -246 140 -70 133 176 -172 -115 -100 -189 -152 -154 -180 84 187 -60 86 -149 -32 222 -103 64 -160 150 -120 165 -44 -158 -48 -121 25 -128 -138 -236 -11 178 111 -64 -227 -49 57 -23 193 -171 48 145 -153 -56 -79 73 224 5 37 -223 -38 -134 -193 -67 153 -177 -135 161 183 -194 -176 228 235 146 -13 185 247 -26 -157 104 28 22 42 -123 229 75 -119 -125 77 -241 151 -198 -214 129 -102 -43 -62 134 180 243 -230 170 -106 61 -74 168 -55 -222 -166 198 163 -16 182 117 -63 29 -66 209 -130 177 -156 105 -8 36 -122 -170 148 -12 19 126 156 208 70 248 -22 -75 -140 201 -173 158 -196 10 127 71 -129 240 120 -73 164 -210 101 108 -232 159 -91 -18 -242 237 -218 82 -84 
TEST 113 ARG:47 -124 31 120 41 230 -102 239 85 27 -193 -49 73 -239 205 196 217 33 201 184 -234 -221 -80 192 -98 145 110 190 152 189 -111 243 32 -37 -219 -142 -69 63 -87 159 -224 -137 -177 18 59 -64 -17 -227 -198 -245 99 -186 156 -225 64 101 -76 -130 168 -116 228 -50 -250 117 34 -226 -72 -212 154 -73 195 -33 -197 -61 -248 -29 -34 -19 139 -159 -223 -166 -31 -81 226 -210 76 -55 -42 112 106 141 6 -207 -2 -85 -7 -106 104 -22 24 -228 -75 183 -15 -113 -96 161 233 -195 193 58 -209 -35 -57 14 -190 98 -45 -119 -247 75 11 125 -126 -246 10 180 36 95 -143 78 128 87 -86 -23 173 -162 -238 -240 21 -213 3 -79 155 -117 -163 28 23 -194 209 51 118 -174 71 -46 140 174 -97 -18 5 -167 186 -241 -4 57 96 -3 -211 9 -205 -92 -95 61 -203 148 -88 -24 -184 136 130 -152 -10 215 -104 -147 107 -127 -216 -109 20 -58 227 83 84 77 129 -83 29 197 179 43 -202 -105 100 -8 74 81 241 53 -155 -71 -138 -151 70 214 -243 4 52 170 133 -132 109 91 -218 -14 -89 137 -52 225 38 -196 127 178 -112 -145 111 143 220 -77 -66 -40 -208 208 246 -115 -108 -44 -229 203 142 -215 93 -26 -172 187 -185 -125 244 -129 -135 82 169 138 35 164 204 162 198 -168 185 114 -114 102 -179 -54 -47 219 218 54 -99 40 -249 -56 166 199 -217 171 -12 -136 -175 -30 44 -150 249 -9 92 -5 229 231 213 -48 108 223 -59 116 90 150 -180 8 -149 56 -178 176 72 -32 -107 68 -173 -187 39 25 -133 -20 -53 -233 -232 123 -220 206 157 221 79 -94 153 55 16 94 37 191 -144 131 135 -16 237 -199 222 211 -51 -131 -160 -242 -78 -11 19 119 -148 -230 2 -141 -28 -43 240 -1 113 122 -67 1 -231 -101 245 -128 126 -237 -103 89 97 216 50 158 -90 12 -60 -74 62 -170 80 -63 66 121 -110 207 132 -6 -204 22 -25 -192 -62 -235 151 167 -156 181 -38 247 69 105 -206 160 -146 144 235 149 163 -158 -68 242 103 -181 165 -118 182 -123 -169 -13 -165 -200 86 42 -182 -82 -139 -65 -222 67 -201 -161 45 -93 13 212 172 -176 234 124 -120 -154 200 -183 -100 202 48 146 -36 -70 194 -164 177 49 0 -214 -236 -134 236 -122 -189 26 -41 -140 46 -157 7 -84 147 -121 -191 -188 134 238 248 -91 17 -21 175 60 -244 115 65 188 -39 224 15 88 30 210 -153 -171 232 -27 
TEST 114 ARG:13 -213 -67 65 -7 28 226 150 153 -118 98 -127 175 -17 215 -92 -165 140 6 71 -124 130 89 97 25 18 21 136 88 -171 122 -27 -58 -9 152 -126 248 23 114 151 -70 -13 235 177 135 56 14 173 103 110 63 79 -48 223 -135 156 -80 161 -232 -174 -56 -76 -87 -64 -34 119 83 -32 168 178 -193 185 95 -113 -178 -191 38 -45 180 221 -65 -199 -74 -37 -12 -159 -214 0 147 -189 -5 -110 -168 -162 -180 36 187 234 86 209 -229 239 224 -115 3 93 -195 -143 214 -144 146 -61 -146 -6 -46 242 -43 9 -20 49 117 -145 -198 -141 54 -68 139 5 217 -223 20 169 37 -128 124 120 70 -140 -72 -116 236 247 91 -150 116 -41 176 -63 -226 -172 -44 -15 31 198 7 -248 -185 61 -25 -57 -181 165 -246 -227 182 148 172 -155 -220 137 -176 45 -86 -230 -197 -202 66 44 -28 -148 29 -244 158 -156 -206 113 206 219 -39 166 15 -136 238 -107 145 -123 -117 92 -188 193 154 229 100 75 -59 -207 60 4 -125 8 -108 51 -88 227 -85 188 -245 -158 -52 -71 233 68 -231 -194 160 186 -142 -53 27 163 -161 170 -114 218 245 -30 -31 -131 184 183 -216 104 -10 -75 55 -250 85 -234 212 -218 174 -94 -204 -78 87 -91 132 -62 -219 -130 220 134 -54 -119 -2 149 -98 48 197 64 -247 -241 94 59 -200 30 -95 -166 210 -164 -240 -249 -69 46 -11 -177 57 67 -167 -106 167 222 -224 96 225 -222 35 40 -242 144 -203 78 50 -24 26 -101 -21 181 -149 162 -14 195 -38 -16 -228 123 2 -50 -209 99 52 -147 203 -208 -196 -102 -66 -212 157 109 216 -26 179 112 189 17 -153 41 -18 204 125 127 -122 138 213 228 131 -8 -157 -93 77 -29 -239 230 -225 -99 -42 194 -104 237 -205 -190 -35 -233 -19 84 80 190 -81 141 128 159 -100 -60 -184 -152 -97 -163 -182 72 -40 201 -134 171 53 108 -236 249 69 -169 16 -47 -96 -137 -133 208 118 -154 -238 102 -211 -186 -201 231 191 155 -103 243 39 196 -22 244 -1 32 33 10 -84 207 -89 192 81 12 -129 -132 42 11 -73 101 -112 -175 -105 241 -83 121 47 199 200 24 111 -120 115 -221 -36 246 -243 -138 -90 43 142 211 -121 -23 -139 -151 -111 106 74 -217 107 58 105 -33 82 205 -82 -51 -109 -173 -170 202 -55 -215 19 62 -210 143 -187 -179 -192 240 73 232 22 34 -79 -3 -4 -160 126 164 129 -49 1 -235 -183 90 -77 -237 76 133 
TEST 115 ARG:65 189 48 221 188 164 -193 178 -44 -99 -85 111 -128 211 -235 171 233 183 -15 41 53 -70 30 -219 -237 134 -213 -115 -123 -26 -140 75 168 -23 96 -45 -114 9 -242 -127 116 214 -32 24 248 240 -151 -50 -59 -176 28 203 173 -124 228 229 -147 -245 -22 -35 -91 109 -108 56 22 -53 235 60 36 13 162 86 -121 80 175 -224 -166 -229 -187 201 -125 194 153 -102 -241 66 -165 239 -244 -238 161 54 76 -144 166 -183 167 92 -75 152 137 -81 135 -234 -73 213 -4 209 -66 -158 181 44 -10 95 67 158 -136 -52 -77 -9 -30 61 -18 5 -221 64 141 -17 -199 238 -169 -83 190 -198 91 73 -110 10 121 -58 217 -101 -119 -142 151 -103 156 26 59 222 -152 172 103 -2 159 -134 25 177 219 118 -46 55 -191 -155 -210 142 -97 4 -29 69 206 138 -247 -239 139 143 -38 82 -113 -246 108 114 223 -243 215 20 198 2 191 232 234 -105 128 15 -232 12 -215 -189 212 -98 49 -231 144 -5 -207 93 101 119 117 186 -250 -175 -202 -34 -11 187 -164 -180 -216 -201 -161 -56 220 -138 0 -170 112 -160 244 110 81 115 -69 -196 236 -206 84 -204 -79 -205 230 -146 227 -27 85 78 -61 -135 -192 179 -117 247 155 57 -145 -139 150 -21 208 249 -37 131 -51 -222 246 207 -86 33 -178 6 -153 133 -96 19 79 -31 -157 157 -28 -163 -76 51 23 237 -33 154 180 58 -19 102 -172 -13 -226 127 123 200 -72 124 -7 -122 242 -112 3 -233 -24 -89 105 72 -230 77 -80 -248 40 231 62 104 29 195 31 -60 -84 35 185 -240 -171 -218 70 -64 71 129 -228 39 -186 11 89 -214 -149 -150 122 199 -236 -62 146 -217 98 -87 -82 14 145 -195 -181 97 -57 120 176 -200 245 18 -39 -133 106 -168 -54 -74 -12 7 225 16 -3 -63 90 -190 94 -188 -71 216 -223 52 169 -211 21 45 125 88 38 113 1 224 100 -154 -107 -40 -184 -20 163 132 -159 136 -47 -49 -182 184 27 165 -68 -212 87 182 -126 -132 83 68 -116 -106 126 -109 -78 192 -16 210 -131 -8 -130 43 218 243 193 -137 -173 47 202 8 170 241 -179 -185 -143 -95 17 -25 226 -48 -67 147 50 -141 -43 -203 74 140 99 -227 42 -194 32 -100 -55 -94 -177 37 204 148 130 -118 149 -208 -90 174 160 -92 -36 -111 -167 -174 196 -6 -41 -197 -220 -148 -65 -104 -225 -120 34 -42 -88 46 -14 107 63 -249 -156 -209 -93 -129 -162 197 205 -1 
TEST 116 ARG:-4 99 -128 -3 -197 -161 95 -153 160 156 -9 155 -107 -7 -41 -221 30 -179 10 -109 -185 -232 168 -71 -5 48 216 97 -237 109 102 142 -191 191 129 -163 15 -56 -69 -21 210 -70 -38 231 -203 140 198 50 -118 207 -55 230 52 -25 167 -53 -164 84 -132 -138 244 33 147 -247 217 73 -200 -174 -222 -117 196 -45 173 -46 54 -2 81 -129 -173 41 77 -100 151 -8 -104 243 51 123 -77 21 100 115 -28 205 32 124 194 -94 189 185 -54 85 -63 71 -59 178 -17 -244 -215 -176 248 153 86 212 74 116 9 234 -227 -68 119 -137 -93 -235 188 -146 36 -29 247 -214 -106 223 76 242 18 126 183 -111 -141 -34 -49 -6 -154 -76 28 101 -110 -67 -240 -102 93 -199 -47 203 -194 83 -238 103 215 92 208 -98 -14 -224 -212 -207 -36 75 226 -23 -216 146 -210 237 -127 82 -186 8 -65 -206 -108 -134 -239 195 -26 166 -144 -16 176 -10 25 172 171 42 -213 -120 -248 5 190 169 -165 -116 -142 -204 158 -96 69 -61 135 -152 -250 59 -246 -158 -119 -84 -42 163 -135 161 182 13 -22 118 -241 -183 -43 58 202 -229 -231 206 22 179 -192 -30 192 -115 98 -159 -187 3 -219 -114 187 -233 31 111 80 12 -167 110 45 26 -202 -160 -35 120 -184 211 134 -125 -180 133 -143 229 14 -91 -89 -249 -181 -86 108 -39 -234 -130 91 145 38 -124 47 121 -126 53 -50 -73 -242 227 175 -230 -178 17 106 218 132 220 -139 49 214 89 197 -37 -103 -175 141 213 56 -12 233 -64 -133 -243 232 224 70 -113 137 60 66 -66 246 -33 -196 157 127 -188 -195 130 -236 64 -24 154 104 24 114 -223 193 96 144 -13 55 90 -78 -189 34 -121 -92 -72 -147 -80 -27 1 37 -83 150 -97 239 117 -225 20 44 46 65 -136 -62 -122 -245 -177 -44 67 -60 72 -169 219 165 -220 -90 221 16 148 27 19 -95 35 204 -99 249 -101 0 -228 -131 131 -149 181 -145 164 -79 -87 7 -172 -112 199 238 -208 138 136 152 222 -151 -15 -140 180 87 201 -162 -150 -18 -168 88 -31 -11 -51 23 -75 174 -218 -201 57 139 29 170 -211 39 -198 -74 -1 -148 -217 -19 -52 125 228 107 -105 -81 -85 -193 112 40 209 -190 122 177 -20 143 -123 -226 -166 68 -209 62 11 2 78 105 -157 -40 240 -82 -88 -205 235 113 186 94 149 61 -32 -170 43 241 245 63 -57 159 128 162 236 -48 -156 4 -171 -155 6 -182 79 200 -58 225 184 
TEST 117 ARG:-7 242 -196 177 209 99 -43 167 -17 -199 122 -101 -221 -57 -11 227 -203 207 123 82 141 -160 231 -208 -41 193 -21 11 -100 -77 8 -218 1 17 29 -140 -126 -207 -82 -81 219 58 -99 -146 196 28 181 -44 -2 147 112 -202 41 19 120 -53 -24 -40 165 158 185 -28 240 195 239 -206 -132 48 -26 35 -232 -123 119 -88 -229 -31 53 26 -32 -131 0 87 -175 -49 -19 199 -227 152 -127 -205 51 96 -118 -194 -60 -163 -149 -125 -18 56 32 -214 154 -64 94 229 -39 -108 -166 -50 -182 -9 93 129 150 -13 211 186 -36 -174 -178 172 -243 -180 -22 204 176 -247 224 -168 -14 74 200 -110 104 78 -90 -113 222 -216 155 -58 146 -59 144 -74 -147 237 230 134 -224 -148 85 -102 83 81 148 79 133 108 89 46 -219 -1 -141 5 -225 -10 -143 -138 24 -27 -144 168 126 -5 92 66 -154 109 140 -170 15 95 -167 170 -121 54 -139 -249 12 243 -12 -20 184 169 -217 -105 -98 -91 -169 72 -152 -115 -198 -106 -165 3 117 -211 -246 127 -187 191 77 145 124 -197 245 223 21 -42 -173 188 57 103 -164 7 68 247 -71 -222 -186 214 -136 -235 -201 173 -142 107 -122 -107 52 218 -151 -51 -89 -76 -86 -226 102 4 202 157 -114 -109 -240 -228 -63 -238 194 44 142 61 16 175 -33 -73 80 198 -128 36 -94 -233 213 248 -48 114 -236 216 -37 -16 45 70 -111 22 40 128 192 246 130 69 151 2 38 -45 -213 67 189 -212 -181 220 -96 23 -35 14 -83 225 -46 -223 -61 -159 50 215 -195 43 206 47 190 -70 174 -130 71 6 -72 86 228 125 -230 138 -242 121 9 -95 -78 39 -68 -239 163 171 -153 156 249 100 113 33 111 132 -119 20 101 -209 -84 160 -220 -55 -25 197 -241 244 -231 -85 97 -87 88 -112 -6 153 -215 -191 76 203 98 -155 -134 -245 143 -103 60 183 115 59 -3 116 178 105 238 75 233 -137 -92 236 -75 217 -29 -54 -117 55 -210 -93 63 -79 37 -193 -145 -80 -30 -189 -124 -120 -177 -47 -188 91 -150 -97 -104 49 106 -67 -176 -62 -179 -8 -172 13 -158 210 -200 136 73 187 -185 182 -65 -204 -156 149 235 162 65 18 139 -250 -190 -34 62 -135 -66 27 201 241 -129 -157 64 137 10 -56 -162 31 -52 135 221 -116 161 -23 226 110 212 -15 118 166 131 -248 90 -161 164 34 42 205 -244 -184 -38 234 179 -171 -234 30 -4 25 -69 232 -192 -133 -237 -183 159 180 84 208 
TEST 118 ARG:-137 154 -130 -96 -188 72 57 159 -154 226 -80 -144 67 131 102 238 -146 -223 -26 164 -190 80 152 60 -121 -56 -106 -53 98 -227 95 -171 -6 -99 -113 120 -60 -159 84 34 82 206 -228 89 49 63 26 -225 192 136 -76 228 -193 19 182 168 -174 -242 -118 59 25 70 -245 -103 165 -108 -135 176 -71 184 39 -210 40 175 -181 -208 -178 37 -151 156 -68 166 245 -102 32 48 239 190 -207 248 -145 -229 -194 -169 -249 -33 -21 129 65 246 116 -35 -42 204 -24 170 -25 -4 169 -221 99 -128 -115 241 -38 128 183 -134 187 7 46 -182 9 198 81 -44 109 -192 216 -161 43 14 -224 -46 -136 -191 203 -204 112 -62 45 -2 219 -10 161 205 -197 218 -247 -105 36 -155 -86 69 -237 223 -109 -110 126 225 -83 107 101 -55 -124 -101 -162 -16 -9 -97 -168 -158 194 68 15 61 -49 11 162 -177 -147 134 16 29 0 224 -65 191 167 -234 -78 -133 117 -112 231 54 229 127 -138 221 -73 110 -205 -244 -185 186 220 133 123 -219 -88 -122 78 -209 -104 100 151 -220 104 -52 -180 143 21 242 -230 146 20 -189 -240 158 -231 -28 -167 -120 -132 51 47 -94 -179 235 -89 236 -250 -183 -66 -85 -81 -141 -59 172 -61 44 171 193 -152 79 -186 56 -8 -127 90 53 -111 71 -226 140 52 237 139 -131 -39 -203 -1 -82 -20 -92 -29 111 23 -142 178 -15 83 75 -93 -239 249 -149 233 42 -206 -12 -176 -215 96 189 247 177 -232 -198 -90 -95 -75 -150 -67 208 -84 -48 173 5 -164 10 -125 118 -123 -72 -163 35 62 243 106 87 -129 211 195 -57 -214 185 -235 -100 -175 -233 -139 209 38 88 -51 -70 8 196 -58 3 -107 55 -31 114 -5 -45 -50 108 73 141 -98 -243 -173 212 207 122 -13 50 157 -241 132 222 66 -74 -212 -47 -79 137 76 -23 -140 -201 58 -202 -156 153 -30 -32 77 31 113 2 27 234 97 215 74 217 -236 -248 200 -17 230 197 -37 -170 -160 -184 -116 30 -3 174 22 -18 -11 -195 -41 -14 -196 -222 -165 -172 103 -77 33 202 180 -200 115 6 18 148 -187 -126 160 86 -199 -43 -40 163 28 -211 -64 -69 4 147 119 94 150 12 213 188 181 135 24 -87 179 -114 121 -36 64 17 -63 149 227 -22 -91 138 199 -213 -27 -54 232 144 85 -7 -117 -238 155 142 124 -246 -119 -153 1 93 92 214 244 -19 41 125 201 -143 240 -216 91 -148 13 145 -34 -218 210 130 -157 -166 -217 105 
TEST 119 ARG:215 -64 -88 36 238 -12 235 82 -40 66 -36 -43 129 -104 140 -49 53 241 70 105 -29 126 -3 81 132 -236 -141 -206 228 -187 -9 -92 -147 -165 131 -140 28 -77 218 -144 144 247 -155 -190 -244 200 190 -225 -59 110 -168 -199 -91 -238 225 179 -38 -170 -85 -174 211 189 85 -151 -247 -183 4 -163 -200 -70 -160 38 158 146 -232 52 -108 -67 13 114 150 220 149 -229 99 35 93 171 166 -210 226 47 153 71 -203 78 174 73 -112 117 191 88 -240 -207 176 104 177 246 16 -35 227 -208 3 243 112 -121 -245 92 -76 5 -178 -149 -213 128 45 -68 245 -78 -192 167 -145 69 -99 86 7 -114 -50 178 -201 -45 -63 -22 232 -185 -97 204 64 90 1 187 101 26 162 -87 -19 239 134 -8 15 -126 -101 -198 -109 -231 -120 -166 76 154 -235 91 -95 -211 -132 180 159 142 9 -230 79 -4 -249 -124 -227 205 37 214 -73 -66 -182 113 148 207 127 181 -55 62 -48 143 172 -139 41 -135 122 116 184 -51 68 -24 23 -169 182 20 164 -14 -215 -28 87 183 -74 46 -83 -242 -173 -6 236 50 108 77 -113 -154 196 -110 230 -243 118 -148 29 123 -134 -228 -237 -34 -248 161 -2 -13 -33 -89 95 188 -179 212 100 -150 -162 234 141 -47 -57 -10 -32 89 192 -217 -241 -52 74 210 121 224 111 202 -146 240 -216 56 -209 8 221 -196 -214 163 -118 -158 102 217 193 -125 -94 -61 -137 -188 -17 -172 -103 25 165 -212 2 63 -175 160 -79 237 -54 -133 -131 -157 17 -27 31 -205 18 -84 -15 -250 -156 -107 34 84 -204 6 139 22 219 -218 -111 -1 -117 -11 -195 170 115 12 -119 10 11 -193 195 -96 -171 -115 -7 58 94 75 -239 -176 -143 103 209 173 -223 -186 -127 -181 130 -82 -65 194 -194 -100 -116 96 98 -58 21 213 -69 -180 222 156 -93 60 49 80 136 -23 -177 137 249 125 -219 -136 -220 197 39 -18 229 -233 119 -189 -234 -222 67 -105 244 -5 57 248 -75 0 -167 138 -221 -31 -60 201 -80 -81 -42 48 155 135 -102 198 -130 27 -16 97 175 -161 43 -44 -159 109 61 231 -30 216 83 133 -20 -197 -90 157 -202 151 -53 -184 185 -138 33 24 -41 206 168 32 -164 120 -122 -128 -98 -56 -72 19 -106 40 -37 -86 -25 14 -123 199 44 233 -129 203 -246 51 -21 59 208 -71 -26 42 -39 242 169 186 -152 152 145 -226 65 106 223 147 124 -191 -224 -142 -153 72 55 -62 107 -46 54 30 
TEST 120 ARG:51 -10 162 -95 105 -124 240 -5 -28 -64 169 -22 147 9 104 -200 243 -127 249 -123 154 198 73 -158 -97 44 -165 -91 199 145 -227 42 224 194 -244 -176 -223 -114 23 141 25 -197 -144 98 208 200 0 -240 -217 89 -21 -148 -108 -214 120 195 -173 234 -202 178 -39 160 101 -220 -161 -143 174 -30 196 57 168 -210 -235 219 -46 206 166 -141 148 -224 21 -211 12 -54 28 122 183 37 -45 125 15 78 187 -184 27 80 -34 -222 134 237 -207 -16 -12 -99 53 -82 -113 212 -137 -100 -109 13 233 45 138 60 -233 79 -44 -186 -228 -79 103 -129 -36 20 -242 -25 59 -225 -243 150 151 76 -121 -101 49 -59 -49 -77 17 179 70 -155 230 -102 -98 210 204 -245 164 -239 127 -50 228 -241 239 176 106 -218 30 -152 -43 -71 29 -180 -35 -250 113 52 192 -55 96 -194 91 -215 -172 -132 144 -1 -88 39 190 -107 1 153 171 82 -149 184 -183 -204 -193 -76 245 -48 -72 -17 16 -150 132 -146 92 -33 218 -135 227 94 193 136 215 48 -139 72 209 116 -32 -133 143 211 -188 -246 -237 126 -13 69 -231 115 -151 -122 -8 149 236 -118 109 -249 55 -31 -19 -52 -177 -216 -160 31 -234 -219 108 63 121 71 97 142 146 -62 32 180 50 -185 66 62 -53 -191 117 4 -145 -94 -106 129 -73 110 114 56 124 -3 -170 67 163 159 205 -11 -116 100 -23 -126 83 -189 -169 -105 -66 -115 35 -20 -167 -60 -201 -175 -206 -190 -14 -140 231 197 123 -159 -42 88 -84 170 189 112 -117 -179 220 185 95 47 -212 6 -196 -7 36 34 247 172 -112 161 157 -24 -192 -78 -199 238 203 -83 2 -74 140 186 214 -120 -156 222 226 -58 -130 232 -171 24 -182 -26 -80 -41 165 248 41 18 -247 10 -221 -203 -195 102 -248 235 246 -147 -47 111 -67 -90 43 68 202 81 -63 -2 -238 77 86 119 177 61 75 -37 207 -4 -157 -85 -178 -93 155 225 -229 -56 -103 244 130 167 19 -6 11 -208 158 137 -29 -87 -89 -236 -174 -9 139 14 38 -154 -136 -111 -134 201 -213 22 133 -131 181 -68 -70 -65 -142 128 -226 26 -15 -104 8 -75 229 3 40 84 -166 242 -198 -181 217 135 74 65 54 221 -128 156 118 87 5 -18 -92 58 -164 223 90 213 7 188 -138 -81 191 99 131 -230 -163 -232 -40 93 241 -57 -86 64 -205 -38 -61 33 -187 -168 -119 -27 -209 -96 175 -125 -69 173 46 -162 -153 -110 216 107 152 -51 182 85 
TEST 121 ARG:33 41 -245 -166 73 230 24 246 -124 -82 82 61 60 -49 -63 229 12 126 -173 -145 227 237 -213 -79 -47 -24 -131 218 197 83 -78 233 -120 -103 -235 70 -99 -247 78 4 141 -126 -162 19 -55 -223 185 149 -21 -8 142 108 102 -80 175 132 -141 216 196 -119 -152 -224 38 179 169 -161 -137 -178 144 -26 -242 -93 228 -4 192 209 236 220 29 195 -125 -117 127 137 165 84 183 -155 57 226 -193 -72 58 128 -238 231 72 -42 -62 -115 31 225 -61 26 -127 9 -75 -186 -23 18 -171 92 150 -32 221 -114 198 247 -163 40 -116 71 46 241 182 -20 249 96 76 -184 -236 118 -140 -18 64 -54 -237 53 -69 -51 -3 110 -84 68 104 34 -183 -147 -194 -43 174 129 -34 -108 -227 50 75 -105 -230 99 -222 77 -109 28 -91 181 80 -168 -150 -7 -27 114 163 173 -134 212 -192 211 117 139 -157 3 -85 -118 -241 -70 187 -136 22 -248 171 -206 134 154 -44 45 207 130 55 27 89 133 -239 160 -33 -243 -10 219 -38 -249 172 157 152 -97 -113 86 167 -185 23 -191 -216 100 -41 240 -197 148 -30 59 202 -195 -17 -31 -170 -104 85 -102 -212 161 -211 -174 213 166 -210 7 -135 243 -25 -39 -94 -1 -81 151 -73 177 -228 43 176 -232 -107 -64 87 119 204 -101 -169 -76 106 -188 42 -56 -67 11 51 -187 245 135 208 52 2 -50 186 -142 205 -148 74 232 143 206 -68 -123 -240 190 105 -15 -48 -112 65 -189 -154 -77 155 -129 -226 -199 217 98 136 -89 -130 -146 -182 -86 91 235 48 -90 -13 95 -60 200 -40 156 49 15 -198 -229 14 56 124 -121 125 -143 199 -65 147 97 191 193 -196 -45 140 113 20 93 -217 -122 -12 -156 210 194 -52 -22 101 90 189 47 -106 146 164 -219 -208 111 -158 -132 -111 153 -201 -190 242 215 -203 -59 224 -218 -164 -37 -167 -225 36 -87 -250 112 248 -92 -95 37 238 -53 -46 214 -14 10 -2 159 -6 -144 16 -29 121 178 -19 44 0 -138 69 -28 -221 180 162 88 1 81 -165 138 94 -179 30 145 -83 -160 184 -214 -110 -128 -215 103 -36 -98 66 32 -204 223 5 62 -234 -16 -202 -220 -180 -233 -88 6 17 115 -11 -153 -96 21 -100 -57 -9 -181 13 -71 120 39 79 131 25 170 -177 -175 63 -231 -246 239 116 -133 -151 -159 67 -149 188 -74 201 -205 -200 -58 8 123 107 222 -66 -209 -5 244 -35 -207 -139 168 109 -244 203 35 54 -172 122 234 -176 158 
TEST 122 ARG:100 -208 -52 92 187 21 219 -89 -158 182 220 67 158 4 -154 246 3 -34 23 -78 -79 233 221 214 -130 12 -116 116 101 151 112 -86 -90 87 -94 -244 8 -162 -249 -108 75 -70 245 134 -77 -92 -102 89 -223 -203 -82 -56 169 10 -40 103 168 216 -48 -144 -180 86 -166 18 -51 -5 19 -1 -183 -54 190 -165 11 -146 106 -91 -150 208 -228 210 -207 229 166 76 -118 -125 -132 34 200 118 70 63 -17 -73 172 -95 150 -126 71 186 29 28 -230 45 -61 -23 60 -149 129 -174 -21 -124 162 193 161 -113 -220 180 185 236 -75 237 148 38 -25 -49 114 65 -26 -209 -157 -186 -217 -119 -65 123 -6 -227 120 -37 15 52 211 -182 -112 43 -46 -140 224 213 -111 -170 94 -68 146 37 128 -66 -238 -14 -198 -222 98 -96 -233 -133 32 49 125 -236 239 -204 -71 -104 184 115 232 44 160 -135 30 78 -194 107 -64 -18 -224 -225 -193 -81 238 -137 126 -72 -44 197 -58 -248 -156 159 -175 -98 -136 79 136 176 -226 201 7 -139 -240 113 117 -192 142 167 33 72 -16 -212 -115 6 -117 17 -243 -177 -60 -8 111 41 53 189 138 62 -74 -199 -142 31 230 -191 -131 -164 -210 -231 35 209 -196 -29 -128 -12 64 153 24 -127 -179 174 102 95 218 -85 222 -57 191 36 -232 -10 178 -153 -99 -229 140 2 -211 -28 -15 149 131 -39 119 -7 -88 205 225 42 -24 -62 217 -87 227 175 -218 181 25 77 163 -143 -138 81 5 68 -172 -2 -69 27 91 39 212 196 -114 59 -190 97 122 -219 -242 195 -206 137 -214 -122 228 104 -43 206 -178 -234 -181 240 57 -147 141 127 241 22 85 -97 -247 46 192 -163 -159 -148 173 157 179 -245 249 -83 -167 -76 -80 -107 -31 -221 13 -110 132 99 14 139 124 235 -216 164 40 -20 -215 -184 -13 105 -32 -246 -55 244 231 84 135 -36 247 -35 145 -168 74 -53 58 215 -197 -205 226 -155 171 170 -33 -67 -176 242 -161 177 143 -201 96 130 -195 121 207 83 47 -187 -59 -30 -93 -9 204 110 144 -19 -189 -123 0 223 156 -152 50 -134 -213 -47 26 203 -241 -235 -129 -38 -200 -250 -151 -169 80 -171 82 56 -4 -42 -63 16 20 -22 188 9 183 90 -27 55 155 -101 -105 -109 -173 108 234 199 -50 -145 147 -103 54 -188 243 -84 -100 133 154 -45 -160 51 248 61 198 -202 48 69 -11 -185 -141 73 -239 88 -237 109 152 165 -41 -120 1 202 66 -106 93 -121 194 -3 
TEST 123 ARG:69 -101 -96 -76 -58 239 9 -222 -228 -32 34 73 101 37 248 112 214 160 -185 -219 -244 41 -109 -33 182 1 108 122 234 -134 -66 201 159 189 -233 230 224 38 -81 238 -191 84 3 -116 223 -2 194 212 -79 123 92 142 114 -47 45 22 145 10 63 -234 26 -61 -154 104 -102 57 64 14 -157 -225 -188 72 -126 -111 -224 177 -166 -85 -172 24 -151 -208 -70 -90 -130 -108 17 -248 107 -173 81 40 -67 -120 -227 219 15 -82 171 150 55 -95 151 -1 -35 -229 62 100 243 90 -207 -180 157 52 -165 139 -147 -62 -162 -124 -163 -112 -5 56 233 -161 -194 -55 -65 -15 31 -92 -196 49 -34 216 -187 -39 -218 -245 -195 -193 199 70 -171 134 215 131 59 144 -114 117 -142 -57 96 186 -83 8 87 -80 -107 -140 -170 -206 210 98 149 235 -122 19 -141 126 -221 121 -84 97 -182 -148 138 -133 218 80 192 6 -197 110 -184 204 225 -232 135 -105 7 42 -68 -181 124 -77 -209 -6 -200 -103 -91 2 36 106 -159 -214 -220 -237 249 -131 226 -26 246 184 130 -135 187 165 175 -71 94 -63 119 -201 155 -156 -42 -198 -139 222 -149 195 -118 -217 78 -54 -40 -46 -202 -16 -243 193 -115 102 -167 143 -175 209 60 -183 89 232 191 -31 -238 206 -240 -204 -56 152 178 -29 11 137 -74 -236 -87 188 -123 -203 -53 -3 -145 217 -246 -100 154 211 158 39 140 227 -160 162 -18 -211 -119 25 -192 82 136 -44 23 -144 -43 0 -7 147 85 93 -22 148 50 -153 208 54 99 4 43 12 166 -14 183 -226 83 231 -24 103 180 -75 -129 -137 141 -155 86 33 236 -12 13 53 245 207 44 167 105 161 -104 -38 -158 -174 47 -164 -125 146 133 -212 174 -27 190 -98 -186 244 -97 -10 156 -205 -127 203 -249 -199 -51 172 -178 -216 91 -45 173 66 68 196 -19 -235 -49 71 185 -241 -210 77 125 -110 -230 35 -231 -48 -72 -73 -179 -250 241 168 74 127 -150 -59 -168 67 -78 48 18 202 109 132 -28 -242 176 169 -99 -52 88 -223 -213 163 27 -132 -146 -93 -239 242 -9 95 -177 -215 120 213 205 61 -176 115 118 -136 -37 -64 79 -86 -13 -21 75 -169 170 -23 113 -25 76 181 -4 128 -89 -88 -20 -8 164 16 111 -117 200 -143 29 240 -11 153 179 -94 197 -128 28 -138 -30 -106 20 -247 -41 -50 -36 5 65 -121 220 -60 -17 51 58 247 32 -189 21 221 -190 -69 30 -113 229 237 46 -152 198 129 228 116 
TEST 124 ARG:-47 142 109 -168 -108 223 177 131 -63 -123 -113 203 -148 168 -35 -188 -31 -206 36 187 197 157 146 -198 155 -69 -87 194 199 24 90 100 65 -219 -41 79 104 -100 178 -145 -147 139 84 -39 247 -197 222 133 180 -24 56 -20 -237 237 -174 88 -193 -37 129 227 118 -137 -103 246 -170 -8 -118 128 249 -48 47 -201 -238 186 -81 -13 60 -233 19 -194 -131 71 242 207 -129 -80 -162 20 -179 -127 97 195 -55 -248 78 -18 -229 150 -247 206 -16 -182 -216 -4 209 37 -220 198 -49 220 83 -88 -56 -175 132 -242 163 -93 -98 -95 -177 70 57 -240 -97 127 -215 138 110 -62 130 25 16 -106 231 -184 -250 -167 152 -28 116 202 -32 17 107 8 7 -239 -57 94 -109 -235 140 -191 -121 184 43 -14 28 -26 179 -217 -110 224 101 123 80 -112 -227 55 -42 -101 -163 188 -183 -204 48 102 134 -96 82 191 -2 9 -125 -228 -133 -77 -151 58 162 218 -53 91 204 208 76 201 -15 -128 -70 -150 112 34 -46 121 -165 212 248 234 96 -67 -3 166 0 33 -72 -164 137 67 -186 226 117 173 68 5 221 40 85 -211 106 -68 -105 -136 145 42 233 -159 -243 -74 -192 -134 164 2 108 229 -11 -140 -155 -25 -21 54 -45 -166 205 149 -34 6 241 -59 -249 -156 113 -141 -130 -64 244 219 -212 -185 -9 -116 -214 -10 -12 -196 -104 -76 -187 215 18 -30 -207 81 26 -172 -208 -51 -234 -66 -144 11 29 236 -91 -115 175 125 -157 210 161 52 95 -231 -149 59 41 4 111 -226 74 -200 182 -19 -78 192 239 -244 3 200 -178 53 -230 -1 -73 -61 -246 -176 87 30 -114 174 -142 190 -50 -54 136 211 31 238 -139 -213 105 -138 -7 169 183 13 -209 -117 -152 185 240 -222 -203 -241 -124 -84 46 -171 -38 -181 -58 73 -36 -146 -85 -6 176 189 153 217 -29 147 -65 -60 171 228 92 172 -143 66 143 69 99 -94 32 159 124 158 49 126 -223 -44 15 167 141 38 -199 12 -126 -122 -119 -107 235 160 -190 156 -90 151 -33 -173 -195 196 193 62 -40 120 -225 -158 -43 39 122 51 144 -132 -154 21 154 148 -189 27 -86 -161 64 1 93 -5 -160 89 170 216 -224 -83 232 135 23 245 -99 -180 50 14 -75 -210 243 -79 -102 -22 -89 114 72 -232 -169 115 -111 181 -205 77 35 75 61 -71 165 214 -153 98 -221 -236 230 213 -17 -202 -245 86 10 -135 44 225 -23 45 -218 103 -120 -92 119 -52 22 -27 -82 63 
TEST 125 ARG:-88 -118 52 160 5 224 -81 152 -190 76 18 -229 -242 -206 -198 46 248 53 220 116 -54 94 -247 -73 -83 206 201 -3 -102 -162 60 -48 -167 -214 -211 208 -166 72 -33 209 -172 236 197 223 50 -140 195 8 93 64 -76 -205 -11 -142 -241 -49 233 -151 -100 210 54 179 228 -117 66 -31 144 241 -186 -226 -60 205 -123 -243 -111 140 -7 -127 22 -32 45 -116 213 -120 -14 118 -250 84 -53 -212 -156 12 -222 -217 7 37 217 -208 -126 133 -87 -13 -246 -193 20 108 -189 30 123 -230 180 -133 0 -188 24 232 157 80 156 67 -50 33 -20 -45 -221 71 -184 -44 -132 -128 86 -124 178 -80 103 -29 -223 -170 -98 -121 -94 190 13 170 161 142 21 2 -136 -90 97 176 -159 203 19 227 42 -37 -9 -194 -160 -72 -174 119 -224 -145 114 249 -105 -42 243 85 212 99 57 -249 -70 245 70 -225 172 51 -47 192 184 63 130 -12 11 -67 -40 -165 -62 -78 -149 -200 -245 185 -209 182 242 -79 -231 132 -220 -71 -125 104 -66 -129 -122 231 122 146 235 -107 -21 -108 -213 16 181 14 137 35 -84 -182 -238 -51 -56 -191 -96 226 -112 216 151 31 -228 162 -248 55 121 27 -18 44 -68 -24 -146 -5 -185 -153 158 -86 -163 41 -158 126 240 -74 -30 -17 139 -82 -61 141 -109 246 -181 -144 -210 -57 -147 124 15 -207 -39 -101 81 28 49 4 -63 101 9 -215 -177 100 -232 175 -103 187 -164 202 78 65 -97 -38 82 154 -36 69 131 -85 -237 62 -187 -93 -34 174 113 173 56 -179 -23 128 -16 135 -113 -183 25 225 -192 -218 -173 23 234 186 -169 218 59 -69 -89 194 -197 -180 115 17 117 150 -19 -4 -58 79 47 247 -204 106 -235 -114 43 165 -110 163 164 120 177 87 -2 26 -27 -91 127 215 90 -239 -95 166 -59 -199 96 38 129 107 229 -92 89 -131 92 -155 189 168 -157 239 -65 75 199 -35 34 149 74 198 109 188 -196 -28 -26 125 68 -52 159 -134 -236 -152 61 200 -178 1 83 -115 -106 110 112 145 -137 88 167 -46 -41 -244 -75 244 36 -175 -154 204 -234 -195 -15 237 193 48 6 -161 -240 238 155 -148 29 143 -130 196 136 -203 -6 102 -99 -1 171 183 222 -176 -227 91 58 39 148 -43 -150 10 221 230 -10 105 -55 -138 -219 153 -22 219 214 3 -64 -135 98 -233 -139 -141 73 138 147 -104 191 134 -202 -171 207 -25 40 -119 77 -8 211 -143 -201 95 -168 -77 32 -216 169 111 
TEST 126 ARG:-88 39 24 -225 40 -49 215 164 29 -167 -194 -164 146 88 203 -179 -240 46 14 -104 -57 -217 22 -73 -113 37 -239 95 -172 -132 -149 70 -107 213 212 -134 234 -139 -146 -93 -78 125 -186 -58 -158 -120 -212 -127 -208 -87 -15 -52 85 -103 42 -35 155 -200 168 249 -17 -24 116 -100 133 186 182 -124 67 -13 131 209 -71 -106 100 31 -250 -64 -27 140 179 -207 -196 -67 240 198 -32 -50 -171 77 174 63 244 -56 49 -183 75 102 137 111 -219 -43 122 -8 -242 -249 148 -178 -184 224 237 162 71 36 239 130 17 -75 221 -223 11 -16 145 194 -144 225 62 21 -151 200 -65 41 -237 79 10 50 -185 161 -3 245 138 -163 27 235 -175 154 -123 -128 132 -224 -118 150 210 -108 165 -213 -136 13 143 -48 -28 243 -55 -7 207 106 18 -53 -61 187 -126 -10 99 144 189 89 57 -162 -159 -60 80 208 229 188 -18 -188 -137 192 -85 81 87 119 123 -206 -199 34 -77 -211 -1 -12 97 -21 -133 -157 -111 -226 120 -14 93 -195 -112 -191 214 -141 -2 44 129 -23 206 74 -92 90 -19 124 205 -91 191 58 -98 -5 163 47 158 4 -214 15 -86 184 59 -81 55 227 -135 118 -29 -4 -109 151 1 45 -229 -30 64 -37 -221 101 -76 -165 -160 73 211 -62 230 -99 -174 -42 -218 35 169 86 -131 117 217 -80 108 -83 242 -31 183 -116 66 -204 -119 -26 -110 -245 193 -232 -154 -215 92 20 -161 -197 69 -89 157 247 -202 104 -140 -82 -74 96 -148 -147 -11 -198 72 -68 -79 -117 60 -121 -36 52 204 76 -177 -231 -205 -216 6 112 159 7 2 -22 -115 -138 219 220 199 -248 61 -40 -166 -190 -95 226 -238 -192 -97 201 28 48 110 98 -168 65 0 94 166 -94 -187 -69 142 -96 -220 196 -66 236 -182 -9 152 -189 51 -70 -145 32 -193 -246 -150 126 84 238 223 233 78 -122 -47 156 -203 222 -72 178 -241 91 231 177 -156 121 8 -33 -90 241 68 -105 -155 -169 -130 -210 134 195 -170 175 -20 -247 -143 -209 -234 170 -230 -114 -34 -236 56 -101 -222 180 -41 103 -201 246 33 25 -244 5 171 160 23 135 -51 202 136 197 172 82 149 -152 -233 105 107 176 147 -142 -173 -181 -228 228 12 141 -102 -38 -180 16 128 -153 -54 -125 -235 248 -63 -46 53 218 114 232 -176 83 30 19 38 -59 43 -227 -129 127 181 -39 190 26 115 -243 -6 173 -25 153 113 -84 54 -44 109 -45 167 185 216 9 139 3 
TEST 127 ARG:144 -16 -58 211 -53 137 179 -180 56 130 -113 -103 -239 -47 173 -229 -65 19 246 145 -62 166 -85 -120 181 -28 40 -71 147 94 -121 -165 215 -122 -209 -36 238 -84 -92 244 128 42 -227 -146 -214 -15 -21 65 49 -235 99 123 167 -163 -55 -5 -189 85 -217 21 -173 -208 98 223 79 -179 -34 239 -170 158 -57 -186 178 159 52 -90 138 -94 110 -178 199 -37 -46 8 112 -39 175 7 -183 1 73 -32 31 140 -199 168 214 174 -67 126 -74 -238 48 104 248 -142 -225 58 -138 92 44 62 -49 -3 -118 228 90 119 -243 124 -23 229 -134 -157 34 129 -25 -75 93 -13 142 -45 30 -40 -248 -202 12 -116 -182 131 218 50 204 -50 135 -132 219 -223 -205 -35 -42 116 86 165 22 24 236 212 -219 152 69 -232 -220 -203 188 -249 -162 -174 -140 -201 -29 33 202 -17 60 187 66 -54 -151 170 -128 -233 146 97 27 -236 16 225 -211 -200 221 -145 176 -6 232 77 -131 -93 -156 -210 -193 210 9 28 -63 26 -111 -97 -108 120 148 203 -143 68 -98 -31 118 89 100 -104 78 47 193 -26 150 -27 -117 -207 71 198 -247 72 -101 15 -72 -48 157 -237 -83 -250 -187 96 -241 -148 10 160 -105 -59 -38 -144 206 -77 -161 -218 -44 29 -60 -139 -130 -171 149 -166 -64 205 -89 87 14 -230 -216 67 37 -194 -245 234 237 169 162 -110 -19 106 213 83 -80 132 43 233 91 249 197 -68 -102 45 192 -61 -79 -95 59 6 108 217 -153 57 102 227 182 224 201 -107 133 -33 -172 -8 117 -197 196 13 -22 -114 -7 -99 -244 -119 243 3 242 -2 143 51 80 115 -246 2 207 -188 164 -224 163 189 -69 195 216 18 -125 -30 139 -81 127 -195 247 230 122 172 134 32 -185 -126 -204 183 11 220 -109 -1 95 -11 17 -78 -234 121 -212 153 241 61 -9 35 70 185 -159 55 76 -127 -147 -106 -221 -240 -150 46 -181 -242 -96 -51 -198 -123 -41 -100 84 -158 -228 200 -129 -191 -70 -222 -135 -155 -73 -66 -192 245 -91 -215 235 -164 184 -175 194 74 5 82 81 -12 20 -24 -136 -226 231 75 -43 -133 -141 -196 191 125 -124 -76 -10 177 186 -206 161 4 -82 -149 -231 63 -52 151 -169 154 156 101 -154 -176 109 88 240 -167 36 -87 190 25 103 -115 141 -213 38 -137 -160 -14 -18 0 -190 113 -168 105 107 155 54 -56 -184 -86 111 114 180 -112 -177 -88 171 209 39 53 226 -4 23 -152 64 208 136 41 222 -20 
TEST 128 ARG:99 -82 -90 -99 112 -243 -140 -44 -129 221 245 246 -211 -8 -29 -165 -247 174 85 56 173 206 -207 -185 -212 179 -141 124 -110 43 158 -137 61 111 117 187 62 81 -15 249 191 159 18 -117 -33 95 -161 242 52 162 -114 -23 227 64 -96 -250 217 -153 -18 171 137 -14 -150 19 -249 218 -241 -184 25 156 -45 236 -48 144 220 175 203 31 -64 -118 72 23 24 -5 66 -106 96 130 -149 194 219 202 -83 -12 -57 -234 200 189 -126 -193 115 -87 13 208 -123 60 29 230 41 14 15 -227 -3 147 165 -142 35 -52 -27 89 8 107 -58 36 149 9 59 -73 190 92 -131 184 -17 86 16 -36 237 -35 -116 -213 118 -194 79 -56 229 -46 -135 -155 142 69 26 -245 -180 193 181 91 -112 -9 -75 146 -183 -148 -237 -85 -128 5 161 113 10 -108 -47 195 -41 77 199 -134 -210 63 -97 178 -151 -63 -215 -146 -50 154 97 80 1 225 -113 -115 172 231 -179 -81 143 -163 -219 205 -32 139 45 -218 -104 101 163 30 37 87 -79 119 183 -10 -107 78 -236 -191 160 -70 22 -94 73 -239 20 240 -187 -226 28 55 -195 -25 168 39 140 -2 68 50 215 166 232 -170 -164 129 71 176 -7 2 -230 -39 -181 -61 46 138 -34 76 102 -127 -71 145 -224 -189 34 27 204 -78 -121 75 -24 169 228 197 -225 -138 -174 198 -143 -49 210 -125 21 -84 -13 151 0 -76 -244 -206 53 -60 233 167 -167 152 -93 -204 44 -166 -103 -1 136 67 7 -182 -162 -59 238 12 106 -199 -217 -37 212 33 40 -40 74 126 -100 -19 134 -205 90 188 -160 -101 -62 -235 -229 -98 -242 4 -38 -88 -102 -66 -130 -11 104 182 -21 32 247 -69 241 -209 -208 248 128 58 186 155 -221 131 -124 -175 57 -133 -157 244 226 -53 105 120 -147 6 -171 -28 38 209 224 -173 88 -172 82 94 -119 -86 -240 150 -54 47 148 -201 -105 -74 116 235 -154 -72 132 -67 192 -190 196 234 -223 -89 -65 42 -152 -216 -20 -120 -122 -31 -144 65 -136 -198 17 -109 -186 -203 -139 49 109 -192 11 -159 -168 -169 170 185 -132 110 121 177 -238 -145 3 -188 51 -158 98 -196 -248 214 -156 153 100 239 -6 93 -111 -231 -80 122 48 -220 223 141 -228 127 -232 -177 -42 -200 -95 213 133 -176 -26 201 157 -222 -68 -51 -214 -91 211 207 125 -178 -197 222 -246 123 -4 -16 83 108 54 180 -22 84 70 -202 164 -30 103 243 -77 -43 135 -92 216 -233 114 -55 
TEST 129 ARG:-154 221 69 170 -88 139 119 96 -85 -181 65 -58 245 -122 -219 -214 201 177 -60 186 249 -130 -3 162 -158 111 -35 -165 143 58 -16 -226 -86 -244 40 -12 -146 -73 -163 -231 123 -53 -102 -5 101 -123 85 35 -78 24 152 -237 213 218 -45 10 -43 -223 183 210 176 199 228 230 -157 -91 -202 188 59 -201 -243 -90 207 -166 -217 223 142 -150 -168 -232 -176 52 39 145 9 203 -118 -37 47 -11 -184 -95 -183 -39 110 -105 1 191 -134 38 57 -236 150 15 68 208 8 -61 -218 6 -192 174 22 -29 -144 109 16 243 -173 169 -199 -33 -22 244 90 -172 -1 112 129 -18 43 87 144 202 54 -81 -89 -21 190 128 197 104 -197 114 75 63 46 91 -215 248 -177 237 185 156 36 -40 -151 -250 -115 -206 -116 -69 -212 -87 105 89 -221 -24 67 226 -28 3 45 160 48 -80 -72 229 70 95 -104 5 -7 -36 -145 -155 222 -179 -110 -222 -68 -26 -135 28 -51 -204 234 -17 -164 164 -178 240 94 126 -174 -139 18 165 79 -99 -20 37 180 163 -124 113 189 -96 214 -141 -128 -180 80 64 -25 -42 33 149 204 140 -143 195 -65 184 -4 17 131 -169 -77 7 198 211 -208 -75 173 241 147 2 -6 49 44 137 117 -200 -229 86 193 -48 -52 154 -114 27 56 168 192 -34 -175 -162 42 -66 25 122 -30 -13 -103 0 239 -170 227 -92 -44 -245 -246 161 99 -148 102 205 -132 -125 181 93 61 132 133 34 -185 -187 -188 -196 92 98 -112 -227 200 -225 30 167 -15 -149 -153 -159 -8 187 -93 19 196 -82 -94 -224 106 115 -62 171 -117 77 157 -182 -171 66 -106 4 -235 100 -70 -107 -23 73 246 -9 -213 212 -19 -247 81 51 21 -210 194 -109 -127 -241 175 -191 -27 209 130 103 138 166 97 71 53 -142 82 84 -249 -233 206 -147 -47 -207 236 242 -189 72 148 155 50 217 -193 74 -74 247 -63 -10 -113 -31 125 13 -57 153 -32 -152 -59 -203 235 -240 -205 -98 -129 78 29 -49 32 134 159 41 -76 224 -194 -97 -209 225 -230 -234 11 -2 14 116 -136 108 -186 -67 12 -211 -119 -140 -238 -195 62 88 -50 -131 -84 124 -239 216 121 136 -83 107 220 219 -242 -71 -228 -161 118 60 -55 -41 -120 -198 26 -167 -126 -156 -160 -111 -133 -190 -220 -14 23 -108 -64 141 158 182 -101 233 146 127 238 -137 -56 -46 76 -38 -79 55 178 -100 20 215 31 232 179 135 -248 231 120 -138 -216 151 -121 172 83 -54 
TEST 130 ARG:-232 -243 30 -189 196 178 142 103 92 50 -242 -141 110 226 227 34 -84 241 190 13 18 -239 108 206 -4 -138 -34 -125 -52 -222 80 186 -80 -28 -81 -50 -126 53 72 -39 -19 -221 -17 -224 -203 -160 -36 -124 -127 52 238 -71 121 126 56 234 -1 155 191 -132 -101 -99 -110 130 26 245 -220 -155 33 104 139 220 -123 68 -202 164 214 -161 59 216 -45 -154 -106 -120 187 24 76 14 55 -5 -40 -217 140 132 -197 111 -231 58 154 217 62 247 -185 204 -46 -72 138 -204 -188 94 -64 -233 -32 -59 -11 -247 -31 41 -169 -38 192 175 229 -51 -168 15 143 -56 -167 -20 -244 -104 -44 -96 210 182 -114 125 -227 7 -190 -8 -22 -186 63 -77 211 -153 -35 75 -205 -62 177 -192 100 146 -14 -70 36 -107 -94 179 -249 47 -42 -18 -87 -157 244 10 -53 105 95 236 198 219 11 -113 -23 156 -108 22 -143 54 -68 -245 -89 159 -33 -133 -92 -66 89 93 61 -178 25 40 -60 -21 197 -79 -206 -86 -54 215 35 2 242 181 -211 86 149 -137 -78 235 -201 73 161 -237 -2 203 4 201 28 85 -250 -55 -47 243 78 -198 21 12 60 -63 184 185 -212 -156 98 -236 116 -27 -180 225 -210 199 -165 -41 -228 -235 -82 20 39 -128 -129 -240 -24 -119 44 -182 223 168 43 -152 -91 45 166 37 65 193 29 -225 -83 189 -9 -144 -118 -234 46 145 -139 233 -181 -200 -140 -145 -69 -61 -30 88 102 8 -246 -159 117 -15 194 82 -105 -171 137 150 -67 -58 91 32 -173 174 -172 48 248 -130 188 109 232 -16 147 212 123 81 158 -116 99 127 -88 38 69 153 -147 -223 160 -214 180 -97 118 -90 -177 -57 -29 31 3 -158 151 249 209 136 -49 -229 83 134 -93 17 -193 171 -102 23 -195 112 -226 228 131 115 -248 -26 97 106 49 1 -115 -184 246 -163 205 67 66 -164 -209 135 202 165 -6 -25 101 -100 -103 167 -162 -151 -43 -187 -134 -111 -175 -166 -37 -85 84 -146 129 218 -98 51 240 163 -219 -75 -76 -3 144 -109 -7 -174 0 221 -73 122 -176 -194 183 113 162 64 87 -196 -191 207 19 176 169 -213 71 42 107 231 16 79 -216 27 -208 57 237 -135 -13 -95 119 170 239 200 172 -207 6 -117 128 -149 157 -170 -131 -150 124 9 133 152 96 195 -136 120 -199 -112 77 -218 70 -65 -12 141 -179 -121 -230 -122 208 -10 -48 -215 -183 173 114 222 -241 90 213 148 74 230 -74 -148 224 5 -238 -142 
TEST 131 ARG:-135 197 -54 -41 -61 -28 72 125 212 163 103 -21 -225 -56 -186 -214 10 -116 -213 -181 -124 68 194 76 -100 192 -12 66 184 99 21 155 120 12 132 157 -66 -192 -102 0 196 -239 -169 56 135 90 85 -6 -175 177 52 -40 -205 -114 53 242 -68 144 128 -36 -78 17 -197 113 -117 168 -229 -77 179 -204 -107 -1 -24 77 189 30 -207 170 -247 37 -18 64 -191 5 -249 -44 140 -105 -37 213 33 11 23 -33 -212 156 81 110 -79 174 46 -201 -125 -202 58 112 141 15 -226 50 -143 191 7 -193 -82 -16 -11 61 -46 205 241 47 -158 -122 -20 228 -188 137 153 183 34 199 245 2 97 38 -211 -242 201 -15 -111 -71 -109 -63 -118 -222 202 -87 70 -38 -217 83 -162 121 -180 69 -223 -9 181 -96 -155 -224 198 175 -112 -3 -13 -8 -127 -156 -173 -160 43 -133 225 92 127 -73 -120 -86 165 -23 91 -98 -227 -2 -182 73 -250 -130 -62 40 -129 -157 20 -236 104 -119 -137 -210 -85 42 105 243 51 -152 88 235 13 164 -97 176 4 -30 -163 102 28 -134 101 -237 -179 -159 -80 -140 18 -220 -243 -138 -183 31 232 -171 -234 -233 -241 -216 -172 -115 41 -232 -121 -52 -99 -148 -126 -167 226 -32 118 236 65 160 -218 49 171 -195 -151 224 75 -83 -165 -168 210 239 214 -113 147 -10 115 -4 178 89 -104 -170 217 230 -154 -67 -25 134 -64 -48 16 6 62 142 93 -29 229 222 -17 -103 14 206 -95 107 -88 248 -198 -22 -244 211 -139 -70 -145 -177 -91 -149 63 94 -231 24 96 -14 204 -203 166 -196 -93 -75 -123 3 -89 39 -39 84 78 208 -72 145 151 152 -146 -5 -240 -141 129 143 172 79 234 -59 106 -144 8 -132 207 -150 -176 -49 158 74 48 227 188 117 -161 -153 126 55 190 -45 108 57 -164 -58 -128 29 209 45 122 148 146 136 221 26 116 -74 -190 -189 -174 123 186 -26 -92 71 -194 180 35 32 -208 237 187 1 -248 195 -19 233 -50 -90 -42 27 -246 -187 -131 216 -76 133 54 -235 -245 119 249 -221 231 -7 246 44 223 238 -65 -228 -81 124 82 247 161 -51 -215 167 130 220 67 -110 -101 173 154 80 -147 59 -94 -178 -230 111 -84 60 -219 -108 138 139 95 -166 150 193 109 169 200 114 87 9 -57 -53 -238 -43 219 182 86 244 98 218 -106 162 -136 -35 -142 -60 185 100 -27 215 159 -31 -199 131 -184 -200 -209 19 -206 149 22 203 -55 -34 36 -69 -185 240 25 -47 
TEST 132 ARG:-226 216 -238 -1 85 32 99 125 49 183 -161 -12 187 15 169 147 -2 -221 -63 -210 -230 -141 194 38 -67 72 164 -206 166 -224 190 118 -102 -6 104 182 -227 -58 -36 116 124 -47 -208 202 203 160 -153 -31 -170 133 -187 121 -32 -154 163 -216 68 -220 33 -174 -240 50 -157 27 -78 -176 86 -83 -241 211 -57 195 -205 -148 185 -181 -190 42 46 -130 -249 192 230 -169 179 41 76 30 -204 -75 -207 -120 11 37 172 77 157 206 61 -59 105 31 240 244 -7 18 -231 -20 -46 94 -41 -23 78 26 -117 242 -88 122 29 -105 -114 -184 -61 16 12 143 -66 74 53 -129 -211 -90 220 247 97 -71 -162 176 156 110 -18 6 -76 -142 223 -146 -171 -98 -133 0 -19 148 28 119 226 245 -28 224 165 66 9 120 -69 213 -35 -248 63 -159 -22 96 -152 225 95 127 155 -145 -178 233 -29 111 161 -233 90 208 51 52 -218 243 -100 154 -53 20 -180 -191 39 -119 -149 196 -173 60 106 210 136 -192 -14 168 83 139 186 204 1 -183 159 117 -110 -200 -156 177 -158 65 -42 -132 -124 249 56 -144 45 -93 -198 -92 -38 -121 123 205 -34 209 -49 -212 -164 -134 141 -140 -108 181 70 81 -33 -39 191 -193 -237 178 13 222 -163 -239 -97 151 24 100 -209 -40 -225 3 212 239 113 150 -5 -52 214 -104 -24 -118 -128 -131 198 -214 -112 -70 -219 -242 -87 -106 54 -26 91 4 102 114 -79 227 217 144 138 -177 35 135 21 -37 -151 170 -115 236 -99 -228 235 -217 -172 -247 58 80 -85 -72 -82 -236 84 -3 -107 -203 -111 126 219 14 -65 152 -139 200 -80 -11 -155 5 -175 75 115 55 -167 59 -234 103 129 -81 82 -186 92 -51 140 -127 -16 -89 238 64 175 107 231 71 69 -199 34 -95 79 25 19 248 -15 44 -196 -166 215 -54 47 -232 -4 -246 137 -101 184 23 -109 -94 7 -137 -55 246 132 167 -126 173 -194 36 -43 131 -64 -103 -116 -62 -13 -188 180 -229 88 -245 -86 -201 -48 197 130 201 40 98 93 -113 153 -147 -223 -215 -136 -197 199 158 228 -250 48 17 -160 174 -73 -21 8 207 -96 162 -8 142 -213 -68 10 73 -185 149 -74 112 229 -9 108 67 -125 -182 -189 171 -45 134 101 232 188 -17 -235 -243 87 2 -25 -50 -222 -195 109 62 22 146 -10 -165 128 237 -56 -27 -135 -138 193 -150 -168 -202 -91 218 -84 -30 89 -143 241 43 -123 57 145 -77 -122 234 221 -60 189 -244 -179 -44 
TEST 133 ARG:-101 -162 220 -23 -149 -220 -172 -77 120 192 -155 -240 -195 -47 134 203 196 -103 130 -51 202 21 124 -175 198 -160 -33 179 -229 137 38 -225 -32 -191 121 -48 55 225 -147 -141 -72 92 -226 -156 -145 188 160 -115 239 222 -140 99 178 101 -136 42 57 231 -118 -4 -68 -44 100 24 -237 136 -131 27 -218 -55 -95 33 -65 148 -176 234 -12 -109 -242 154 66 164 -211 128 174 41 -80 15 -138 -200 97 -180 -122 67 112 1 -52 193 194 23 -5 -60 74 -79 147 88 233 34 -42 -249 -181 -18 -35 18 71 -89 159 102 -88 75 22 -129 -248 -124 -197 243 -165 217 139 -239 -1 207 35 -135 -17 51 -83 5 229 247 204 -73 -193 84 -196 -246 107 -82 119 -167 200 211 43 61 171 -185 -91 235 63 50 -107 -235 125 -123 48 114 103 4 79 163 -203 6 -233 46 176 -36 62 -158 197 142 -117 -96 162 94 -177 -106 209 -50 89 -224 76 138 186 238 -93 -62 -159 -22 228 167 -84 145 -13 13 -20 -116 -27 -110 3 -130 59 168 242 -10 -102 -245 -100 58 11 -119 206 -219 -201 -21 31 85 69 96 60 226 236 -61 169 -232 240 210 26 -94 -230 156 19 224 241 -24 -64 -25 -143 16 -28 230 -182 187 -76 133 189 25 191 -161 246 -137 126 -153 -164 70 113 2 49 -186 185 215 -39 -29 -38 52 -207 -69 -210 86 20 212 -126 -190 149 140 -247 -46 98 -57 152 -81 227 150 -111 132 -163 141 155 143 219 109 105 205 -148 29 -6 122 -86 -144 14 218 123 -223 249 54 -41 -170 -120 -154 -121 -45 -99 -174 115 244 144 -212 170 68 90 -37 78 -178 223 -194 -215 -234 -169 -75 208 -19 81 213 -250 -56 -151 -104 111 93 172 221 32 -133 45 248 -152 9 7 -183 131 -67 245 -179 -85 177 -204 -70 -49 73 -150 8 -11 135 44 -53 -63 151 28 -173 106 146 -78 -97 95 39 166 -15 195 129 -206 201 190 -90 -40 153 -208 -114 -2 165 -66 199 -54 181 -188 -16 -217 -125 17 -3 -166 -58 161 -187 -108 36 -87 -216 -92 0 175 184 127 -213 -134 -199 12 -34 -142 37 -227 -71 47 180 232 80 -132 -139 -238 -157 -214 -30 157 87 -105 182 158 183 40 64 -59 -112 -236 -14 -228 116 -192 -74 72 -171 118 -8 -146 -184 173 53 216 -243 -189 -26 -168 30 -128 -98 -198 65 -202 82 108 10 91 117 -127 83 77 -205 -9 -31 -7 -209 104 -43 -113 110 56 214 237 -241 -221 -222 -231 -244 
TEST 134 ARG:-188 237 102 105 192 220 -31 -238 -96 240 89 194 -130 -157 -144 14 109 -3 248 -230 -105 185 -93 40 -56 -249 100 -12 12 16 -154 76 -155 -44 30 -95 90 77 -245 -181 22 140 169 31 182 96 -5 -222 246 -180 186 181 166 -80 156 207 -21 98 -211 -86 -186 80 221 -17 -83 171 -184 198 -236 127 29 -124 -159 245 -53 138 -187 -33 28 -215 -126 38 -132 -145 143 -160 20 46 -6 233 -219 190 71 -123 -209 26 -226 -41 -177 125 -135 202 -63 -2 200 173 120 11 45 -176 163 -1 -92 165 160 -52 146 50 151 104 -57 -220 -146 -35 -13 -90 -197 223 225 -118 -191 -79 107 239 69 170 -246 -202 -47 -112 64 -109 37 79 34 -82 62 -175 -23 242 -10 27 -20 -77 73 23 -139 66 118 -190 -140 -39 18 155 111 -243 1 -46 122 212 -172 201 8 152 142 -49 32 208 119 148 -111 176 168 -73 -9 112 -147 52 -239 -59 68 -26 -74 -34 164 -189 175 -199 133 -203 -142 196 177 222 -198 224 216 -117 -72 150 -120 209 75 94 -115 -71 -29 -196 206 59 39 -99 -81 139 -85 -22 129 -232 -210 -134 191 17 238 -43 197 217 135 -213 97 88 -161 -64 110 -38 -204 -200 42 82 36 93 -136 -54 -179 -62 243 236 -233 72 -182 -50 99 -241 101 218 -193 -150 83 65 -218 48 128 -61 25 137 -8 49 219 132 116 -206 -195 -45 95 -15 232 -227 4 136 147 -163 -170 193 -14 134 -11 2 -143 215 61 178 131 247 6 149 -55 106 231 -194 63 154 0 3 188 -168 -100 70 -247 -102 -148 144 13 -25 195 -167 153 -27 21 -16 -248 -127 158 -65 -133 234 -153 -37 -30 -173 -78 -28 -122 -174 -51 172 -137 51 -113 103 -151 -75 117 180 -104 -60 -66 -166 -58 54 84 78 -192 -164 15 92 -214 -84 -116 161 213 -152 -171 187 33 184 -98 227 174 -141 -235 211 -68 -48 7 -129 58 -221 -250 230 -169 214 141 67 -225 -91 -244 -178 -229 -228 204 -158 -19 60 85 167 -201 162 249 -138 -24 -89 241 53 91 -216 130 -114 44 -76 -128 -207 -101 114 -217 57 -156 -119 43 -107 159 -234 205 -183 -205 -149 86 -40 -237 189 24 -70 -110 229 -242 -240 -231 9 108 -223 87 -162 183 -212 -4 235 -106 -36 113 126 81 157 124 145 47 179 -69 74 35 -125 5 -88 -131 115 -32 -94 41 -97 121 -67 -18 -224 210 228 123 -103 226 -165 -42 244 -108 199 -208 -185 -121 10 55 56 203 -7 -87 19 
TEST 135 ARG:-105 -185 -33 171 4 71 187 -210 151 182 -249 129 -82 -102 74 56 -15 -71 217 116 -55 204 -155 43 45 72 -6 -221 -180 146 -52 202 -227 -224 -134 36 -72 191 -41 18 92 193 10 79 206 197 -146 102 -214 52 177 76 162 -57 70 -217 -240 -211 -186 -3 -51 169 -38 -26 196 235 133 -88 -106 -125 -83 3 -111 58 -65 135 69 -133 117 -202 -200 112 198 224 -34 248 -127 -17 -53 54 97 242 16 172 225 210 60 88 42 -29 155 173 -1 -129 -229 223 77 39 98 -61 -208 82 157 84 -62 231 -144 -163 -8 -24 180 -237 -47 55 -94 -101 -250 -5 80 -154 -93 -2 190 -86 -110 -27 212 96 37 13 -92 -78 -22 195 83 201 -132 184 230 207 144 33 -162 -95 -32 111 -79 51 -165 46 -236 -124 -220 194 73 114 226 -167 -153 -242 156 101 85 164 -215 -99 -136 21 178 -212 -243 192 86 87 203 -209 -30 219 -19 -232 -170 -60 -179 -228 -177 -35 34 -10 28 -21 -122 -70 -150 -192 -169 -207 -164 186 68 109 213 -156 122 108 149 44 166 -183 -216 215 24 -119 134 -128 188 181 -80 -218 218 -123 148 128 -171 137 -54 90 -175 -114 -225 161 -131 -184 -64 -58 -181 228 -231 170 153 53 -117 232 -12 22 145 222 47 -130 -241 -159 136 -36 105 130 -104 -138 154 -141 -178 -182 115 221 -74 220 106 57 65 239 -40 139 119 -204 110 143 103 95 -89 41 -168 -66 26 241 20 -42 -91 -120 -196 175 99 61 -90 75 199 -48 59 -84 -45 -166 121 -109 -187 17 -76 12 -121 -112 94 -20 -152 -230 -103 208 6 185 233 0 -126 -16 -23 89 132 -116 38 124 -223 216 -203 237 -9 -49 -149 -191 158 126 -67 -69 -226 15 19 240 -195 2 247 152 -63 -234 150 -100 -145 -96 211 49 127 64 -176 -108 -97 -113 -14 -160 -172 -28 138 -244 -151 -235 113 -87 -233 11 -190 -18 -73 -222 123 142 93 -139 -148 159 -4 7 -118 -46 140 -140 -137 244 27 -157 -13 179 -206 165 -50 -107 209 189 -197 -238 -98 -68 -56 9 91 -39 120 5 104 -213 -85 -199 -77 100 -115 -59 160 -147 -44 167 -31 243 62 -75 -143 8 -173 29 131 118 -81 -219 -188 174 229 168 205 -158 238 -174 163 107 214 -11 125 227 -245 -246 -194 63 -37 200 14 25 -142 -193 249 -205 78 -189 -247 -161 183 236 1 245 -43 -239 -198 -248 23 -201 40 147 67 66 -25 35 30 141 48 246 234 81 -7 176 31 32 50 -135 
TEST 136 ARG:-67 153 -22 182 172 -155 -6 -134 -75 128 155 -25 -207 50 192 168 -45 120 234 244 -121 158 -2 208 229 75 -29 -150 -249 41 -243 132 -136 -100 217 -117 131 -140 -132 116 -187 -235 239 180 -18 -52 -188 -250 195 159 -116 74 -49 -197 147 222 190 -104 70 -125 49 31 -193 -167 142 -42 194 -151 8 -20 23 -226 -123 -229 199 -127 -240 14 223 101 -53 -89 67 11 -198 57 243 -31 171 -143 -101 188 -37 136 127 203 130 -40 -128 60 238 -196 -5 189 -80 211 -36 173 68 -160 200 197 59 -54 -175 117 165 216 -68 -4 -70 22 -129 -61 -71 -1 237 66 94 139 -170 42 174 -172 246 -178 184 -222 21 78 -50 -133 -241 -201 30 -8 -232 -213 71 -209 -76 241 73 63 79 -204 141 230 -65 93 35 5 -63 227 193 83 -138 -32 -202 29 -162 2 114 20 140 176 202 86 206 -119 -91 -171 18 -26 -174 34 -237 167 -146 160 77 -180 -166 -15 -77 -30 -217 98 226 99 -33 65 248 -142 196 55 80 115 125 -27 -83 -9 110 233 245 -14 37 -111 198 212 183 27 224 -163 -233 209 228 -158 -17 -131 -179 44 156 17 -23 -79 -81 -114 -191 -84 -11 -184 -3 -137 164 -238 -234 118 84 51 -92 -247 -124 96 -56 81 -110 207 89 -19 -57 -103 -190 100 146 109 138 232 -16 -98 87 -211 76 95 15 -157 -118 -7 -139 166 105 -164 143 -34 56 -59 90 -90 25 26 -13 -192 152 213 -44 24 -88 -24 129 218 -169 179 36 -165 38 121 92 113 19 47 -109 -99 231 -200 151 -112 -73 134 149 -60 -156 33 91 -177 -182 0 -35 85 -82 72 88 249 4 205 -102 111 -120 119 -236 -203 -224 -153 12 126 -144 242 219 1 -122 -173 -58 -141 210 -181 -176 -227 177 104 61 -69 -115 157 -94 -21 161 -28 -48 -43 137 -245 225 -223 -242 10 -220 -218 -152 102 220 236 178 -135 -244 133 -189 52 -214 123 170 181 9 191 221 -228 -113 -246 148 -219 40 214 -221 -62 -66 204 53 124 -93 45 54 150 -38 -46 -205 43 -55 -41 -212 -154 187 -199 6 169 107 97 -231 -186 145 -210 13 -126 144 -97 185 -147 28 -39 -85 7 58 215 -248 64 -51 240 -239 108 -130 -74 162 -168 106 -78 -208 -95 247 -161 82 48 -64 -86 -148 -12 32 -216 -107 135 -87 -194 103 -215 -108 -149 16 -106 201 69 112 -145 39 235 -159 -10 -230 -185 175 3 -183 122 -96 -105 46 -47 163 -206 154 -72 62 -195 186 -225 
TEST 137 ARG:-241 -9 141 239 -95 -112 -121 -174 87 75 51 148 91 20 21 -55 -246 -35 -195 58 237 -183 135 -13 -60 38 -107 -105 181 -231 64 138 -10 122 12 45 101 61 -18 -109 -11 33 46 198 -58 -171 137 -244 160 5 191 89 189 -89 -44 -152 -238 -16 -36 -162 162 244 -239 68 74 -245 105 -65 43 -40 145 18 -117 3 -98 -96 166 -118 -72 143 28 -129 236 -173 -237 81 26 125 -197 -203 178 -110 171 11 123 27 -226 -116 -33 -230 77 -249 -210 -114 76 158 -156 -157 60 -37 -248 175 37 -196 -242 169 48 98 -141 151 15 -99 -233 164 -50 -229 -216 -186 224 211 204 -235 -207 84 184 67 23 111 -61 121 -167 132 16 -31 -74 152 -76 -187 -108 -150 -29 159 232 49 139 146 -184 163 -168 -151 -20 79 -144 -32 -97 -222 199 -178 208 -217 249 97 225 190 -123 173 56 -232 248 62 -2 106 -56 206 -137 -12 -213 59 35 -155 108 -161 102 -243 172 -17 -177 78 207 161 4 229 42 -125 -128 -28 -67 -236 -181 183 -78 -220 -179 226 -87 113 -142 228 130 -247 112 -92 86 -1 34 -159 119 -30 9 154 221 -240 -39 -84 -100 2 -102 -200 -214 168 114 32 -7 17 -215 -160 -140 -219 129 0 176 -166 -27 149 -77 -8 -193 6 63 126 -250 217 -15 100 50 117 195 -169 99 -126 194 107 -52 -4 124 -111 -48 -182 55 -176 205 192 92 116 -115 -120 218 196 -62 115 -86 140 220 -175 223 118 -209 227 -57 -75 36 -106 -83 -24 -103 83 -26 -91 -145 245 82 -66 -122 -153 -143 213 186 103 233 -85 -199 10 -94 -3 167 203 187 -46 1 -164 156 54 -198 -88 185 -101 242 -218 -73 -14 25 -124 -190 -79 -191 80 -69 216 110 -38 44 247 155 193 96 -172 -165 -135 -23 -206 7 29 202 -139 -149 188 -43 70 73 -19 243 47 -41 -192 -6 157 142 52 -163 -127 -53 40 180 246 -188 -223 -54 -42 -59 -189 230 85 -201 65 57 150 39 41 219 -227 182 197 95 53 131 -208 231 174 19 209 71 128 -148 -82 147 -63 -25 212 -138 214 240 -119 104 72 -170 31 170 -93 -212 222 -90 -225 90 30 -68 24 120 241 134 133 -224 -34 -71 -234 215 -81 -221 200 109 -194 14 234 153 -51 -133 179 -21 69 -228 -104 13 201 -131 8 210 88 144 165 -113 -45 -134 -211 -64 177 -136 -158 94 -185 -80 93 -202 -147 -49 22 -205 -132 136 -5 235 -180 238 -70 -22 127 66 -130 -47 -154 -204 -146 
TEST 138 ARG:-83 -169 -167 213 -189 209 -122 19 124 130 0 -75 136 49 -110 -34 -35 -228 -146 97 -11 70 156 118 13 22 -33 -198 138 -199 6 80 -129 186 244 95 -82 248 -202 -97 -112 211 -154 -145 -51 -196 242 -148 -193 103 71 -244 68 229 -68 -1 -93 -39 113 -139 -216 236 -120 246 249 -18 142 -65 -151 -53 157 53 84 202 189 -178 183 -13 206 -89 -76 -2 12 -197 -85 -60 -208 56 -172 61 205 -54 24 -79 45 -95 66 154 -140 -92 -152 105 28 -147 -223 -187 170 -229 -111 192 78 -177 -231 -42 -241 -84 -135 228 -55 94 -113 196 87 -67 -184 108 147 -6 91 39 27 240 -211 225 60 81 -20 -166 217 146 -4 -173 -131 -27 -3 104 -91 -70 180 -17 -180 191 -108 -69 -212 -242 232 48 -57 -121 -22 34 167 -125 8 -117 -203 149 18 245 -168 215 238 -37 -29 107 -8 -21 9 35 77 -7 143 -115 237 21 -156 123 62 -74 -185 75 -56 120 -204 -98 -19 -24 -213 -190 127 239 -80 -237 33 -175 -200 -126 -50 -224 88 -90 187 58 139 176 83 197 -234 85 -164 40 207 -209 -38 133 221 -134 -58 7 -227 73 -236 151 -155 -214 161 -158 112 -160 -28 -235 194 -233 -162 178 57 110 30 -220 38 198 155 115 72 203 44 92 165 193 -250 -30 -246 -64 148 220 -201 99 -150 -9 -23 -194 -165 -210 117 -96 177 79 -221 -47 247 -73 134 46 -10 65 -63 -149 -179 43 -207 -14 182 188 -45 20 15 -141 -103 173 -163 -116 -183 214 50 166 -133 114 171 86 -78 -109 131 -31 -15 11 -102 36 175 -136 121 159 235 -130 -71 63 4 140 -48 -101 -81 -171 -188 102 31 -153 162 -192 231 119 59 -170 -49 23 -137 47 -174 69 223 160 141 168 137 76 96 1 -219 179 25 241 -226 -72 -132 -100 227 -44 181 -118 89 174 106 -225 26 150 -43 -106 200 -52 -206 -99 93 -181 230 210 -240 -245 -32 218 -61 5 -123 -138 -5 -215 172 -157 -182 -62 -36 158 -248 54 125 10 208 -144 -230 135 -46 201 -88 -232 -87 -186 -217 -105 190 14 -94 226 219 109 -25 101 90 17 243 2 222 129 -243 126 195 -86 122 41 -77 212 -127 145 -12 -114 -176 32 199 -239 111 16 185 -195 98 -142 -249 234 -104 100 -191 -66 164 -40 52 -161 64 -238 -16 74 29 184 132 216 51 67 153 -159 42 -128 169 -218 -119 -247 -222 -205 55 37 204 82 -26 -59 233 152 -41 116 224 -124 163 -143 144 -107 128 3 
TEST 139 ARG:-217 222 189 167 132 -94 194 -223 -108 -142 42 225 176 -213 -44 -141 24 -97 -237 -21 -85 -122 227 -178 142 187 -19 -154 -128 32 -6 61 -145 -53 123 -191 -3 -71 193 -216 -184 103 -211 154 37 57 -239 -197 217 -101 -229 88 -77 -39 -147 -250 209 -230 97 173 169 -57 -99 141 -31 79 -64 -46 -61 109 17 184 -208 -106 -65 -139 94 -11 51 -68 -88 59 -236 164 -110 -143 -241 -225 147 -60 139 -33 3 -161 125 116 87 221 -30 182 207 232 -193 134 14 -195 -62 -103 -58 -165 27 166 -118 -121 63 48 230 56 -228 66 124 -38 128 -136 172 1 -82 -41 64 -224 -150 -78 215 92 73 -199 -164 -98 -48 -32 15 -105 186 -146 191 10 -180 -181 -202 -24 19 -188 145 38 -17 -131 135 21 235 89 175 86 -47 69 101 -81 23 118 -137 152 -116 -234 144 55 198 180 -22 9 -148 34 4 113 25 41 -87 249 20 -109 -37 60 -59 -218 -90 -129 -133 102 -5 137 -16 -80 157 -174 -196 188 29 -246 114 -144 -14 -96 201 -114 18 190 16 153 -160 -28 83 131 146 28 -232 126 -74 2 -157 -169 185 -111 143 -84 75 -86 -70 -73 -198 68 -66 199 -226 80 163 204 -170 -126 -104 43 122 85 -42 -247 -45 200 -91 -214 -117 -40 -76 -221 53 -210 226 -54 -12 -231 -240 -83 229 -204 206 107 -200 40 -156 181 129 -55 -29 -209 -49 -140 120 -182 -235 50 115 -243 -201 -212 -2 74 -36 171 -159 -189 -172 -186 237 -138 119 159 117 35 -113 149 26 -10 247 -132 76 -215 -43 220 77 71 -244 245 -220 -179 231 39 151 228 -27 168 240 95 211 158 -51 72 65 156 100 183 5 -130 238 174 -119 -67 -176 223 -192 -242 0 160 -206 140 -166 -13 84 248 218 192 -120 -205 13 246 -162 36 112 202 -158 91 90 233 -233 52 162 -149 -107 208 -153 127 46 148 -93 196 -95 -52 203 161 82 216 234 67 31 197 81 -124 212 -63 -183 -26 -171 111 138 108 210 11 -194 -175 150 -177 -25 -190 96 -89 155 -151 98 6 133 110 -207 -92 121 106 33 -187 -18 -8 -238 179 239 70 241 -7 -15 224 105 78 22 -50 213 -163 -173 177 -185 -245 219 -35 -115 -23 104 54 236 -100 30 195 -79 -9 93 -56 -123 -125 -127 -249 49 -248 178 62 -227 -102 -34 -135 -134 7 -222 130 -75 -219 -112 47 214 -69 -1 -20 165 -203 205 170 -167 12 242 -155 244 -168 99 -72 -4 243 8 58 44 136 45 -152 
TEST 140 ARG:-189 84 187 -125 83 -94 103 -63 102 64 -18 -245 -68 -229 -95 -41 -123 55 -48 107 168 148 66 48 42 71 -82 -126 85 6 50 155 -89 -110 -69 -115 240 -72 79 -197 10 188 2 -208 192 241 -212 56 29 211 227 -243 200 -240 -190 154 -54 204 -249 -101 124 210 -203 -49 -3 184 59 233 -24 -1 -129 -171 -76 -85 -62 116 91 -233 129 26 99 -136 175 202 -172 -11 67 -187 96 -191 -16 231 -242 125 -121 218 232 11 -194 118 32 153 53 -113 81 -161 -15 -201 127 249 78 58 -244 -155 -102 40 -165 -193 179 182 196 -223 -39 117 -164 137 -27 -114 0 -93 -145 239 224 246 5 151 207 -116 -55 -207 37 -79 -124 212 -220 -159 28 -130 -236 -192 -58 -200 57 -7 -9 44 -179 -50 228 199 134 -241 -4 -182 68 -154 -183 136 -140 -20 -149 88 -120 132 -6 -19 -36 105 -148 41 220 104 21 195 -26 18 -8 -147 243 -106 126 247 185 1 4 209 -131 193 -227 38 33 -211 -51 -158 25 -198 86 13 -213 -142 -10 -163 -5 -231 -184 -105 -33 -112 -224 -225 -196 171 -97 -74 77 3 159 -17 -56 -29 -128 -221 115 -88 -137 -66 -44 219 98 -186 74 34 135 -119 -77 112 -160 -118 61 178 22 -32 -59 222 121 -176 -99 238 170 169 -232 -235 172 -25 -177 -157 -70 -222 70 144 162 -239 -135 -150 139 -37 49 9 244 108 157 -60 111 -206 198 191 -14 -31 100 -45 201 -42 20 17 -218 -162 51 -166 -139 -38 -103 -127 39 221 -61 -234 -205 7 30 206 214 -67 -46 -185 93 229 149 248 109 164 -248 -214 -47 176 152 -199 -86 -2 166 -178 208 128 97 45 52 35 92 -117 -170 167 -230 133 -138 217 63 145 -64 65 216 197 8 -134 -141 -169 230 245 -53 -90 -132 31 -71 87 -108 19 226 -80 234 69 -173 -167 138 -151 -181 62 183 -98 94 173 15 -104 -210 131 -188 106 213 119 177 -73 -226 143 82 43 142 23 -13 -28 -40 89 237 161 -217 -216 -237 122 -146 130 -175 -156 215 120 203 -174 -87 75 -107 189 114 -75 -246 60 27 205 113 -30 -247 72 -219 -215 -92 -65 147 12 194 -168 14 36 -209 -43 223 -91 73 174 -202 186 165 -133 -35 -122 141 80 150 235 242 -111 -52 158 -152 -57 146 140 47 180 -250 181 46 -34 163 -23 -109 -144 156 225 236 -180 160 -195 -21 90 16 -100 -83 24 -78 -12 -204 54 190 123 76 -238 101 -143 95 -84 -228 -96 -22 -153 110 -81 
TEST 141 ARG:-11 -131 93 11 -142 -165 -69 -70 213 28 -57 -189 -250 -157 -108 -68 -145 -7 -27 -91 -138 -73 -98 196 231 -124 208 -19 81 -175 141 136 127 34 23 120 27 -65 -135 103 13 44 -153 -48 -106 88 -197 -151 -3 22 139 -2 29 132 100 64 -209 204 42 -242 198 -193 167 -79 -117 119 -4 -62 218 190 161 18 -207 162 201 229 242 -225 -103 -28 -185 -15 111 -243 -118 24 -38 86 -245 10 -199 -83 38 -72 -36 154 164 -123 -93 225 -61 -164 43 78 63 72 -222 -161 -80 -59 -6 121 118 184 182 -47 50 158 163 25 -221 234 169 -58 -50 -54 -39 137 -184 214 -22 -236 -217 219 -139 105 -136 -102 -53 181 -182 -147 4 98 191 115 -74 -168 -183 221 238 195 -214 -200 -14 3 -100 241 -64 -49 -35 114 -140 186 113 -32 -198 -66 15 75 -146 156 36 -228 210 -90 49 227 -97 -213 -191 -95 70 -233 -122 108 249 179 -170 147 -132 199 65 216 -77 -86 95 -144 -115 -148 178 -34 -203 185 212 8 -210 126 -226 94 -241 -9 239 -44 -55 -60 -101 -84 133 101 -92 -26 102 -85 -127 202 109 40 46 -234 -237 -99 74 -141 -87 31 7 -201 205 223 -173 150 30 -88 -56 203 62 -239 -89 -29 20 12 159 -211 -129 188 56 55 -76 -180 -246 220 226 -71 153 58 69 6 -195 157 51 151 170 168 -244 123 -143 66 79 131 -42 -166 -205 -23 -13 -159 149 -25 -41 -177 209 9 -155 224 -174 -37 -116 -43 37 1 233 -227 124 146 -179 76 142 -30 -40 -223 172 248 77 222 -110 -107 -188 -150 -104 176 -219 166 68 87 -212 -75 -137 236 -96 61 243 97 215 -232 -202 232 135 -192 54 -224 183 -81 89 53 171 200 -12 -229 -128 -230 -125 180 187 -152 39 -52 -18 134 -114 -206 85 107 128 48 -10 -178 122 -171 -120 116 -63 -17 5 211 237 228 104 -194 67 -20 -172 112 84 148 207 82 245 -181 -216 173 244 206 91 19 -45 41 -134 26 -121 -160 -51 189 143 247 60 -1 -167 57 -21 -24 -176 0 145 106 144 -154 -208 -187 -247 -249 33 -220 -190 -33 -111 -8 140 45 -31 230 96 -240 -105 2 217 138 -169 175 192 -238 246 -158 -231 80 99 -133 194 -119 21 83 -112 17 -16 125 165 -94 59 -5 -149 -113 73 240 -248 174 235 -218 -162 -82 -109 -163 71 32 177 110 -46 197 193 90 -196 -235 -186 92 -130 52 129 -215 160 155 -78 -126 130 14 16 -156 35 -67 -204 117 47 152 
TEST 142 ARG:-218 -40 139 -141 -233 105 9 -86 -190 118 -56 202 -217 167 200 -58 -39 25 -174 -47 2 227 61 238 4 -117 205 123 -8 -249 72 -250 236 -235 -9 -5 -60 164 -77 233 -245 -115 109 -114 173 -177 -79 99 -236 -97 90 -100 50 190 177 134 -229 -49 -73 214 107 -158 -45 218 -196 -242 34 60 -74 -32 65 -4 41 184 8 -140 -22 -175 -85 172 -193 -59 -166 -34 148 149 -192 -213 -3 -234 -147 197 -155 -102 -90 -98 213 -197 -121 -221 -107 64 -31 -134 86 81 186 144 -137 71 91 -159 -84 55 128 -66 -18 -199 -186 -165 192 -42 -63 -71 47 113 121 89 -113 140 -230 239 -24 -176 114 -96 -240 -181 208 -111 -91 229 -19 182 151 -226 110 235 20 136 247 -172 -185 217 -135 219 -11 74 97 157 -162 -133 -152 226 -65 158 85 -127 222 32 -16 185 133 88 79 102 59 -223 143 -108 -201 -143 -183 174 22 195 75 -38 -214 28 159 48 1 84 106 -198 170 111 27 68 -69 -21 73 244 -35 -13 155 -191 -202 31 -118 40 115 -239 -54 -94 124 18 -203 -61 175 131 -68 -225 -132 -156 35 -52 -139 -62 -105 95 -231 -164 160 -30 -70 135 132 -80 -244 39 83 -220 162 -151 -104 206 -247 225 198 -189 -154 -82 15 117 150 -51 -145 -15 -160 178 5 -128 87 -173 44 21 163 130 -169 -64 -78 -44 6 58 -46 241 243 -41 -37 -207 -99 119 -6 70 -146 -136 116 125 17 212 -123 246 -83 101 196 -81 -144 240 231 -101 187 -76 7 -209 -248 242 -12 -109 42 -28 -161 129 216 -20 -232 -14 -208 19 138 23 248 11 63 -167 -33 -148 33 -188 189 -206 52 98 -36 -93 -138 171 179 -142 29 191 36 112 -243 -29 66 120 249 -163 51 -168 -88 -2 220 -237 165 193 230 -67 13 204 -122 -23 223 -200 104 -57 199 100 146 0 16 -110 -205 -157 127 -228 126 181 -194 -171 183 -103 152 166 94 142 228 108 -112 -211 37 93 -238 -124 92 53 -182 -210 -184 -170 153 221 209 237 122 147 224 141 -204 -222 168 -180 -215 -120 24 49 69 -153 -246 194 -195 -50 -72 62 76 45 -150 -130 -216 -125 26 78 -106 -10 -219 154 -212 -129 232 -1 103 43 -7 56 57 82 -92 54 -116 96 137 30 -26 -89 -179 3 -75 38 -87 215 -178 176 -131 188 -119 180 -43 80 201 -149 -126 -27 203 156 211 -53 -95 77 46 -25 210 169 207 -55 -48 245 67 -17 12 -227 10 14 145 234 -224 -241 161 -187 
TEST 143 ARG:-68 40 -193 -92 -62 -212 -93 114 54 231 -207 -24 2 86 19 -51 -198 -56 85 -84 -167 117 -33 -38 165 180 153 63 -250 43 197 -16 25 -67 -222 228 -200 -140 -159 -177 -127 -64 -215 81 125 -52 239 -111 26 -88 34 198 -61 45 9 -74 -189 150 -144 80 -21 -95 -161 235 -69 109 -216 174 164 128 -85 70 -112 31 -109 84 -77 -83 241 116 234 39 -43 88 215 103 -154 184 192 108 160 107 186 -47 152 4 -155 -131 -249 -204 240 22 224 -97 -129 134 89 37 -14 193 110 -201 -63 -145 92 -247 115 -117 62 -194 104 149 -187 -224 46 210 249 -178 -170 221 82 -173 -98 -118 190 51 -71 -90 -242 -66 57 97 -96 -163 -234 127 93 -87 171 -80 53 -235 -91 83 7 141 -182 98 -58 144 187 -86 -15 154 202 -73 -141 67 -183 203 204 -199 -179 167 87 29 -149 -237 76 -184 -53 -243 248 182 139 169 -102 179 189 100 -192 32 -230 166 113 -156 -236 -133 200 -100 222 47 42 -18 220 -241 230 148 208 96 -60 49 90 -54 -213 -75 -180 95 -214 -246 55 -113 -162 -248 -232 -219 -27 94 138 73 -169 -70 244 30 -240 -132 -44 140 15 -227 64 101 238 121 -82 196 218 130 -45 -17 212 -152 44 227 -244 -197 119 -138 173 -135 -36 -105 -122 -229 219 -203 -143 -72 -106 129 60 -4 175 214 -121 0 236 -65 -11 -147 245 17 211 35 158 69 -115 8 -81 -221 -208 143 -136 -37 36 209 75 -94 58 71 -172 -157 -1 199 147 247 79 72 -185 -39 -171 -165 -139 -195 -226 11 -59 126 112 -12 172 159 59 -3 -32 -220 18 1 120 213 146 -25 -164 191 -191 -114 14 -101 -120 -50 233 -29 131 -30 136 -160 -190 -126 -35 124 -188 -19 56 -218 237 206 -128 -209 -42 181 -186 66 102 -26 207 -174 142 216 -176 188 -148 33 24 -41 -151 -202 176 68 137 201 -78 -175 -211 -158 156 -108 -46 -31 194 -79 151 -124 -231 -55 -123 -134 -13 133 -34 -104 -57 -150 -28 -5 118 -40 -166 243 226 -130 27 10 -223 229 48 12 -168 99 111 145 170 21 -23 -22 205 -89 -99 41 223 -110 178 -49 162 13 -6 -107 -125 -20 -142 65 177 -2 105 -210 195 123 106 -233 -119 225 155 77 135 168 -238 78 52 20 23 -196 232 -225 74 163 -206 -48 161 -228 185 -116 157 -137 50 -239 -8 -217 183 -181 242 -146 -76 5 -153 61 38 28 91 -245 122 -7 132 3 -205 246 6 -103 16 -10 -9 217 
TEST 144 ARG:155 -137 99 104 133 239 -135 117 134 6 180 175 42 -113 -160 138 -121 -9 194 -219 40 231 82 10 -44 -146 -26 74 176 -13 -95 -176 -54 207 200 -36 -143 -139 -100 109 -248 -247 -49 182 -116 -104 72 60 -206 -16 12 -155 -138 -167 123 217 201 173 -232 -61 160 -151 -191 218 -32 -7 -64 -96 139 -126 88 -164 38 -103 -40 168 -1 118 8 154 125 228 -233 152 101 -240 18 -98 186 163 77 -88 -168 -68 20 -112 -89 -132 -212 -90 24 188 140 240 32 -12 111 39 31 -224 115 -5 -128 230 -123 -227 -86 -243 -159 3 91 238 -82 -241 -43 -52 -156 -215 -124 -177 -65 -163 75 249 -39 -58 -117 242 -181 247 -2 221 -11 -218 -75 -134 -144 -3 49 225 135 -33 -211 197 -203 79 237 -17 -199 178 -245 -69 68 -34 122 43 54 243 -239 -237 -131 235 -179 -157 26 227 114 -220 -24 -92 -161 143 209 23 -195 -122 -70 150 224 131 -115 190 -236 107 -102 53 -63 -210 -107 46 148 241 -93 -217 -56 62 80 -74 146 166 -47 5 -182 22 199 132 44 -59 -171 -166 -152 -23 64 83 -205 -25 -235 164 -106 -46 -129 113 7 -223 -76 97 65 184 -204 -231 55 -41 15 -250 144 -180 -174 183 -169 153 -147 196 -99 -228 95 -111 78 -208 13 90 -38 -84 -242 -45 -35 156 136 128 4 220 -101 141 -193 -73 -225 2 -42 -226 -118 193 205 -66 187 -230 -67 -94 98 -186 171 94 -221 1 112 9 145 -130 17 189 185 -173 58 -136 -198 -120 -229 -249 57 86 -77 35 -175 191 51 -214 93 -53 -201 33 73 -141 162 212 229 -27 61 222 108 25 71 -15 -55 -109 34 28 -48 -108 -216 -87 -188 -10 -80 29 -81 14 50 -71 192 -83 129 -222 0 244 -170 -150 -202 170 -105 89 -6 126 -244 214 204 -50 -172 -153 172 130 -4 234 -19 151 157 19 -183 -60 -62 232 198 195 127 236 37 202 -238 119 120 -21 137 -57 -28 -127 147 -22 84 161 92 -145 66 219 11 169 45 216 -125 -142 -14 -189 210 16 -91 21 36 -31 -97 110 -51 124 -30 100 149 27 70 -78 63 -197 87 -79 106 181 -72 41 -149 -187 -148 -162 142 -133 174 -119 76 -140 211 81 67 47 215 233 -37 -209 208 -110 102 159 223 -8 165 -158 -213 -196 179 -185 -234 52 48 -165 121 158 177 103 -192 -246 -154 105 203 -207 245 167 96 -85 248 246 -184 -29 -114 206 56 226 -190 -18 -200 -20 -178 69 116 213 -194 85 59 30 
TEST 145 ARG:-245 12 -57 225 136 -240 18 192 -223 -167 20 -186 -78 -21 -192 -107 138 203 -32 -146 87 -198 149 -239 91 114 93 -159 -213 145 170 -123 -116 -63 -55 -53 -30 -93 -244 -95 201 -5 206 -13 -236 -90 -172 -203 109 -117 2 150 -44 -6 -92 -227 -59 49 -225 -46 -88 159 152 39 -168 -3 198 239 -188 -250 83 -25 223 75 180 236 -204 231 45 -231 -181 -179 -15 -246 237 60 229 36 -130 -60 67 17 -10 73 -121 6 -222 38 -75 99 46 -141 34 157 -96 -109 -23 -182 84 -101 -74 158 -153 -148 47 169 -43 -87 -220 120 -54 215 -199 -27 116 115 224 57 -137 228 31 -83 44 -67 -209 58 131 -249 -195 123 -22 -45 -20 241 207 41 30 -80 81 110 117 213 -217 165 104 -12 182 -241 -36 105 -237 -50 195 248 1 -170 88 27 5 22 -191 76 -47 -206 151 -163 -51 -24 162 106 -39 220 10 -147 -85 135 -197 -99 70 -169 54 -91 -205 85 96 -79 -8 -230 128 101 -89 156 -100 -190 -17 -212 -16 163 160 94 208 121 -104 97 134 -62 137 -38 219 185 166 48 240 -135 -216 50 148 -139 77 71 72 142 -154 24 -152 -149 -7 232 82 35 64 86 196 -124 16 -119 132 -161 245 125 199 -171 183 -132 -233 -49 66 -97 -247 61 -166 -214 -108 -33 155 227 247 200 190 244 55 126 -68 103 79 -41 92 124 -120 234 -64 173 233 222 -194 -187 15 167 205 -226 -102 -129 119 -56 69 100 -207 -110 -243 40 194 189 139 146 -69 56 211 -176 9 129 -4 -140 3 113 -70 -26 209 -1 177 181 174 212 -84 161 191 -162 -31 147 179 249 14 164 -208 -131 63 230 153 7 32 -196 -224 -180 -165 -126 0 154 -81 -144 216 168 -150 95 -184 178 98 -138 -219 -35 238 -183 -34 -178 26 59 -29 -229 187 -156 -248 23 204 -155 62 -82 -76 -228 118 -77 217 112 -175 29 -105 -48 -134 -52 127 -202 133 -28 -142 -173 53 226 52 4 -232 -174 186 202 -73 -128 -215 -65 -2 -42 -158 28 218 65 171 -118 -103 42 140 -122 -211 51 107 68 130 -238 13 143 -125 -157 184 33 -19 -177 -160 -164 176 242 -72 221 -98 -189 193 -143 43 -200 -61 -111 -112 -201 111 235 102 -235 -113 -58 -218 214 -14 -242 -71 -210 80 -37 243 -66 246 141 175 -114 122 -11 90 89 -193 -133 -127 -94 197 -115 -18 -234 78 -86 25 172 -151 210 11 108 188 144 74 -136 8 -40 19 -106 -145 -185 -9 21 -221 37 
TEST 146 ARG:-33 -243 146 232 234 -21 86 -188 -116 -55 -133 153 241 -68 -194 -159 -224 -250 57 249 -88 184 -48 -242 228 -249 -214 -135 -131 170 -178 -71 246 -185 -197 -238 0 -25 133 42 35 179 122 69 51 231 36 -104 136 137 116 -98 -247 -52 -83 99 -225 -58 -227 -206 -142 88 -121 -67 -56 -226 -196 -49 84 -97 227 -44 -144 -147 233 -203 178 -187 131 223 -163 -123 -164 111 101 -69 190 169 -3 -59 167 8 163 -175 45 62 177 76 -166 -127 -99 -161 -229 -170 164 -189 -228 -43 138 -246 -223 151 29 -182 2 90 -158 186 87 247 221 106 -241 38 205 -51 244 -31 15 100 -213 -26 -87 -191 31 -174 70 4 -17 110 165 -168 -108 144 213 -113 154 -119 -96 -211 -91 -169 -74 -186 -183 -12 -13 -93 -70 68 18 200 -180 180 -184 -16 162 25 41 118 127 150 175 192 105 -46 -118 -82 107 -150 115 11 19 -9 -1 -89 27 -45 26 -128 176 103 -235 -40 -177 17 -112 -152 12 -11 187 -29 85 182 3 -193 -237 -172 -23 -179 201 191 -94 92 125 -115 -7 -39 172 81 224 -37 220 -15 166 -34 134 -18 -111 -84 236 -210 -30 248 -130 -8 -192 64 229 -190 -72 6 -217 5 55 14 10 -73 53 82 -77 -198 199 97 240 -155 197 238 159 -102 222 -162 -207 185 145 50 49 141 -143 94 73 13 -125 183 -32 -208 -146 -239 206 181 -120 -244 -35 -105 -139 -2 217 -234 -126 130 91 194 -240 -36 235 132 -245 -201 189 237 -57 32 -38 43 -53 168 155 -78 -110 -219 83 -215 198 -79 -47 242 -220 39 -157 239 -233 143 -6 -28 211 -222 -153 78 -63 -248 -4 -230 -154 188 -171 126 23 204 158 -14 202 -22 139 102 219 245 124 -129 -86 195 -149 160 66 135 215 56 -216 147 28 -202 65 152 79 7 58 -195 75 -141 -101 156 -160 -218 -64 174 -181 117 -231 -100 67 -212 44 -176 120 74 -107 98 -204 216 226 210 96 22 93 -20 -42 -205 112 114 128 -85 225 -138 -90 -136 149 9 60 -106 -19 218 113 212 -132 72 -24 -75 -124 -236 -232 59 -61 -167 1 109 33 196 171 -95 -137 157 -145 -173 -62 -10 104 148 95 -76 140 -109 77 24 -50 -209 108 -117 30 -41 -81 -148 -27 119 214 -140 129 -103 -200 -156 52 -114 142 208 209 -80 -5 89 193 46 71 -65 -60 40 -92 230 48 47 -66 173 63 34 -165 21 123 -134 -199 20 121 203 -122 54 16 207 -221 61 -54 -151 80 37 243 161 
TEST 147 ARG:-107 -250 -58 -35 129 120 -194 199 -151 -148 154 -215 158 16 134 58 54 93 144 77 108 178 88 157 -186 51 110 -234 246 -221 149 142 -8 -109 -116 29 89 -41 163 94 -123 -72 -189 160 196 230 198 14 50 137 227 195 22 -100 -248 79 -28 33 91 -139 -138 -105 249 119 57 -127 194 -188 173 205 -176 21 244 59 -236 -82 -232 -110 41 151 -5 -201 83 -155 -19 -168 -122 125 -84 -233 -23 -78 -166 132 19 -218 46 -70 -39 -118 210 -22 201 -169 17 -43 52 141 -60 -4 10 -129 135 67 -136 169 -164 190 -99 200 -161 -33 -76 -241 -179 197 31 241 39 -187 -55 167 -183 76 -42 189 -12 -29 -17 70 176 -77 -153 -54 7 179 192 45 185 -2 225 -13 -225 -102 -98 40 0 207 71 123 87 26 219 -196 3 -101 -206 -214 -208 215 -163 130 -227 118 81 -65 -212 247 30 -117 -193 212 115 -170 69 -177 -32 114 66 147 -167 171 106 28 -9 -1 61 188 236 117 146 -93 -154 -87 113 -36 -152 -121 -239 -156 -160 -132 165 -133 -190 42 -104 -174 11 -199 -66 -182 78 177 105 203 -230 127 -137 -53 143 -115 48 -247 -125 95 85 -181 -108 -81 186 -38 238 -222 65 -200 -50 162 -67 5 -141 245 -94 74 -191 148 -45 191 217 -92 98 228 124 43 172 37 -223 73 -216 161 -10 -185 206 -144 -51 121 240 -30 84 -106 12 -162 -237 181 -149 155 229 226 208 -146 -62 152 -172 -145 8 248 235 68 159 -159 -86 153 -90 -44 209 156 126 92 107 -204 -88 -103 139 -11 -171 24 -128 13 -52 218 -219 187 -175 -243 -140 138 -209 44 101 243 -56 128 2 6 211 104 140 164 72 -112 -97 -69 -40 64 234 -157 -21 116 55 -242 -203 -240 213 -195 -226 -47 4 -135 -48 34 -249 -31 193 -80 -18 233 166 -229 -126 -228 -83 -89 202 -64 216 242 60 -20 80 -16 97 -96 -3 232 -63 -119 -124 -143 182 -142 -114 -71 -246 18 111 133 63 -14 -180 -147 -235 220 -217 -134 -120 -198 -79 -211 -245 100 99 -238 32 223 -184 -111 184 174 20 -130 204 82 222 27 -210 -244 183 237 -7 -27 -91 56 -213 102 180 62 -178 -26 -165 239 -113 -61 -85 -37 -150 103 -34 -197 53 145 96 168 -25 9 25 131 -131 214 -220 -95 -173 -75 1 109 38 -207 -68 -73 175 -158 -231 136 170 36 224 150 49 122 35 112 -46 86 -15 -59 221 -49 -224 23 -202 -205 -24 -74 231 -57 90 75 -192 15 -6 47 
TEST 148 ARG:145 8 -213 -236 149 -74 112 200 188 234 244 -237 63 -107 -216 -38 -144 -229 45 -33 -167 -208 121 -138 -148 180 -239 -163 -185 -227 14 -126 -121 -178 -136 -134 37 146 207 -135 27 -177 212 226 183 -249 201 -222 -192 -131 -70 223 206 -88 173 -166 131 -214 215 161 -58 42 160 165 232 -193 -204 -128 221 -60 -73 -197 -64 53 -129 -83 -200 237 33 95 248 -63 163 4 -35 81 -206 113 224 137 -95 5 -151 -32 176 85 -186 105 159 -147 204 17 -105 16 -155 101 -242 134 60 142 -21 122 -36 235 -215 -117 -28 97 -158 -162 65 214 -180 166 -161 -76 -20 175 30 40 108 43 123 208 -18 35 135 91 -224 58 194 156 -106 -156 -39 233 106 88 -68 89 -225 -81 211 197 -198 187 -86 -108 -85 -202 -174 -233 -16 -40 -246 130 -52 243 -183 57 139 -118 67 -27 172 -22 196 185 -30 158 -137 -235 239 -217 162 -4 189 19 -29 154 -10 -69 198 -91 202 62 -96 141 -244 93 55 -172 -99 -170 87 -9 39 -219 191 203 230 178 -54 -56 -119 7 -48 148 34 110 -97 -82 170 -247 74 -57 -109 -210 116 -5 -226 -203 -145 229 36 -181 -55 28 -125 -37 23 20 -53 -240 -12 147 -65 109 90 1 -19 -250 218 209 -241 117 231 38 -115 -3 31 219 228 -176 -190 210 179 -112 56 -79 -234 -24 -132 -143 -50 -98 15 -90 127 -62 61 -6 96 -211 -84 -113 11 -165 -171 167 92 -42 -26 150 -94 -104 52 102 -220 -153 133 -71 -111 -17 -92 26 70 54 -78 249 22 -188 151 114 50 84 -110 -223 83 51 12 -72 -157 -127 -212 -169 -31 -77 107 -61 -8 71 -14 -75 103 -123 21 186 125 -1 68 -230 -187 118 247 10 66 138 -221 94 -89 171 -142 -116 32 -23 -44 -179 -152 2 -173 -34 169 -51 -122 75 -195 144 129 236 47 46 9 -189 152 13 -41 -201 111 119 -67 80 193 48 181 -66 246 -46 -45 177 -245 -205 -59 -149 -7 126 -124 6 49 73 190 227 76 -168 184 128 124 -100 -139 -141 143 -114 -231 -218 0 25 86 -120 241 205 -93 104 -160 136 -87 -43 64 174 -175 24 -243 222 -80 220 213 -199 41 29 -248 153 3 -164 242 -232 140 -11 -25 -130 168 238 -15 77 -102 78 -101 -207 -154 -2 -146 -238 -140 -184 18 -182 44 -49 -196 -103 -194 99 192 182 155 217 -159 -47 240 132 -228 72 98 -209 115 199 79 82 -150 195 -133 -191 245 157 164 120 100 -13 225 216 69 59 
TEST 149 ARG:-193 100 -161 82 228 -57 148 -141 136 -222 -40 130 92 -65 -129 94 240 246 222 123 62 55 155 115 227 134 -126 -95 -218 238 113 -118 -124 36 -151 127 34 -68 147 -37 122 101 -63 119 50 51 72 -105 -18 -198 -106 225 104 27 24 -86 -123 -12 -8 239 -20 57 -232 -163 -192 17 40 11 -136 223 22 -69 -77 -226 -36 -61 -168 219 25 200 233 193 35 192 -167 -14 89 -158 -128 61 232 158 8 129 -30 -189 -110 164 145 2 221 76 -53 -27 64 -235 137 28 -96 -48 168 160 146 86 37 -97 -47 -135 117 -130 -42 87 -76 -100 -91 -225 -111 120 106 149 44 243 203 98 -220 6 -204 -182 -22 -249 81 198 -51 96 -160 -188 59 7 185 -173 -155 20 -245 111 121 -219 175 -196 -227 -169 -154 -191 118 -223 -84 -74 176 -149 213 186 248 -115 -46 108 -41 211 -170 116 -176 171 -103 150 -10 236 -1 63 151 70 -83 -174 -55 -241 241 133 -80 -4 196 -194 154 74 -221 -45 -139 -43 -89 -213 166 -147 235 -195 199 84 179 18 -233 207 67 29 52 14 99 181 -99 153 -207 -212 -11 78 217 -244 -16 88 71 80 32 194 -90 210 -134 -109 -58 -247 132 -214 -236 1 90 -152 -32 -230 229 -243 -62 95 -19 -206 77 -166 -197 -7 178 174 131 -107 46 21 -52 -125 -119 172 -140 45 114 -132 -200 41 -114 31 -215 245 -26 215 249 -70 -164 -162 162 214 -121 187 205 -66 -146 97 244 226 -85 -242 3 -150 47 183 -25 -131 -165 169 182 -148 167 -234 -93 -144 197 -82 -73 -98 48 10 -178 58 43 -81 -156 -127 79 -216 -79 38 -171 188 -49 -205 -145 128 177 69 -175 -181 -38 -228 135 143 165 190 -102 73 -157 -104 -177 195 49 156 -122 124 216 -210 -28 -172 -142 -17 -185 220 -201 -199 4 -50 -21 109 218 -184 140 173 105 -13 230 -54 19 201 -143 13 212 42 -113 -35 103 66 152 -180 26 -60 -67 184 -159 -208 208 -202 -78 93 -24 110 -153 60 -229 12 144 107 -203 -116 91 161 -94 -33 102 83 -246 23 234 112 -190 -231 -238 -56 -88 224 247 157 54 -250 -239 202 9 -209 85 68 33 65 -120 15 -133 -217 -92 16 -183 -101 -64 191 -87 -29 138 142 -137 -108 -23 159 237 -211 126 -112 -6 -39 209 -75 -186 163 53 -71 -240 -2 -237 189 56 231 -15 -138 139 0 -5 -34 242 180 5 -72 39 204 75 -9 206 141 30 -224 -248 -3 -44 -179 170 -31 -187 -117 -59 125 
TEST 150 ARG:249 -248 -179 -191 94 118 -23 -150 1 172 115 98 -240 142 131 122 -117 -46 150 248 129 -120 -52 5 -111 -245 -249 -147 -33 120 83 -34 -180 -210 217 70 -50 -168 -101 -226 -250 -64 0 -167 163 -110 -94 -121 -72 -105 204 -80 176 110 53 -65 21 221 36 12 159 240 197 15 119 32 -66 246 -130 -154 -202 185 7 -95 127 -156 -11 156 -241 10 102 124 43 -51 -142 -214 -146 18 -30 3 -176 86 -247 74 207 66 96 82 -189 160 71 -91 51 4 65 -225 76 173 245 237 -228 88 226 -87 -55 158 -79 174 99 -159 -227 -199 198 92 234 52 -89 -160 -83 -54 224 -178 155 223 80 -139 69 108 134 29 61 -10 -172 103 -16 -192 141 -116 -114 -68 -59 -1 -106 -19 169 100 45 -149 215 -217 -53 179 -107 165 111 -14 -18 -135 -88 116 139 -205 -9 -119 -61 137 9 -201 -194 63 -151 180 -13 -190 201 231 186 -56 -122 -209 -7 171 -124 -44 -113 -200 195 -184 109 81 17 -215 -234 97 -49 -25 114 144 130 -206 152 89 -90 106 91 -133 202 151 -170 49 -232 -185 205 188 13 164 -98 -175 -129 25 193 143 75 -162 -239 -70 -57 -77 -93 -222 -131 -173 121 126 196 -75 -85 -233 -218 -183 157 -67 -197 117 90 44 -17 56 24 -47 33 27 128 -92 -220 189 54 -216 -6 -42 -115 -32 -132 50 -39 -97 149 -165 -20 222 166 46 112 23 -155 -27 -195 68 -128 -166 62 244 40 41 107 -136 -153 -81 243 -3 79 -213 22 -41 -224 -123 123 -238 -171 -5 -126 -181 212 216 -161 -223 -145 -58 133 -29 184 168 37 -207 47 206 84 153 -100 213 -74 200 64 191 -141 14 2 -138 35 -186 60 148 -125 -21 -152 -37 208 -86 -169 -204 233 8 -104 -76 -196 190 -163 -208 -212 -203 -134 11 132 -38 170 67 -109 -78 -4 199 239 -63 39 167 -182 105 187 -243 -15 -24 242 -45 -40 220 93 -188 161 211 -108 214 48 -174 -43 227 16 -229 -143 28 181 -96 -82 -26 -158 210 140 -60 95 -8 58 -127 -22 138 162 -28 -236 -198 -31 -112 -103 26 209 -164 -99 6 125 42 -102 -73 -137 -48 30 175 19 -244 -211 230 -118 -230 59 101 247 57 -144 203 -12 -148 147 178 136 -69 104 -237 20 192 -193 -62 55 85 -35 154 146 -140 145 194 219 78 238 -231 -187 38 -235 -242 228 183 87 72 232 241 -84 182 113 77 135 73 31 235 -36 -246 -2 218 225 229 34 -71 177 -219 236 -157 -177 -221 
TEST 151 ARG:184 -171 -178 -226 -109 191 119 -170 -30 140 141 -163 171 -174 -114 -101 215 -199 -11 -217 -87 -213 204 150 170 -164 132 30 208 -118 -139 23 -230 -65 176 -238 27 169 -152 -188 -50 -21 -95 -142 -129 110 -235 116 -26 105 127 152 1 -153 -158 135 49 18 -39 216 -43 10 182 -141 -207 -181 -41 -215 60 -223 71 28 -203 84 196 235 16 26 -32 -10 59 205 12 29 -73 -144 138 -80 -134 -228 212 241 -151 66 -7 213 113 237 194 189 91 -14 -131 46 48 -19 -162 249 236 -148 -54 -12 97 234 -85 44 -69 62 223 -186 -37 -204 240 -240 -74 168 246 -190 -34 -221 -243 142 247 -137 242 -13 143 -201 58 83 53 -165 67 197 -35 161 -24 126 130 -97 -116 248 -193 -29 229 228 31 11 144 9 136 -172 -150 -239 210 198 -136 -120 109 128 -245 61 33 211 120 201 -189 -63 238 -3 80 -68 65 219 111 34 225 98 188 70 -220 -89 222 3 -42 57 -130 -202 -110 159 -192 79 -106 214 207 -246 41 165 -48 -214 124 -231 151 183 186 -36 -191 87 177 74 -124 47 -60 -27 233 239 172 -1 -196 -143 -119 4 -22 103 -31 139 -90 102 -76 86 206 -62 245 129 104 -149 -242 36 -72 195 -4 -86 106 82 95 -61 50 -176 -82 -155 -56 149 187 -52 174 224 -126 -184 75 -77 -71 94 153 157 73 -135 51 200 -113 -210 -64 -84 -156 -107 230 180 -2 108 -96 -177 -100 190 -20 158 -161 63 -57 -157 56 -58 154 -205 218 -225 166 243 167 -9 -44 -167 -211 90 101 175 -98 -198 92 -247 -233 244 -91 -236 -23 -185 162 38 -18 -182 227 147 121 -232 21 40 25 7 -117 202 125 -187 -8 123 -160 155 -166 -222 37 118 22 164 39 -115 19 -237 -122 -219 78 35 68 -99 133 -25 69 -83 117 134 185 -17 -179 -49 -103 181 -248 178 148 -138 76 -53 -55 93 -128 -173 -206 156 -59 43 -154 -45 -121 -92 0 -195 -70 81 -78 -47 -140 -67 88 -79 -40 -81 -241 -108 -51 -218 24 -249 -93 -250 20 -88 -159 -216 -15 163 199 -227 146 77 231 96 131 17 -104 209 -127 42 107 64 -94 192 99 -105 232 -46 -33 -183 220 -145 226 145 -132 -66 -146 -224 100 -6 -175 85 -123 217 -125 -111 112 -133 -102 -168 160 45 54 -197 -5 114 -208 -16 137 -28 32 -112 6 179 -200 122 115 -75 -209 89 55 -234 15 8 203 2 173 -169 221 -194 5 -244 52 72 -38 13 -147 -212 14 -180 -229 193 
TEST 152 ARG:-126 151 39 -170 -156 3 -12 45 128 105 -135 121 -242 166 -68 -133 -241 -226 90 126 -101 -8 -139 -90 -220 235 -218 -228 -52 -168 -237 135 145 -209 -211 157 194 -184 214 -248 5 223 11 -100 38 -175 -194 -240 8 -224 170 189 147 42 136 116 -146 -137 229 155 89 -40 -208 58 65 156 -153 -81 -232 215 -29 221 -200 -44 234 202 -4 62 143 -48 -245 -109 178 230 -93 -118 -99 -36 -86 159 196 195 -64 -91 -84 173 -147 154 -97 239 -143 158 201 240 102 205 -106 188 -150 -34 80 60 34 243 78 -96 -149 -159 -180 -231 248 -247 -57 146 70 71 107 56 -216 -160 20 -98 -191 144 -22 54 108 49 164 217 66 207 -5 -71 -177 -66 -190 -243 -13 -193 115 -62 241 -202 -28 206 -227 -163 171 -119 -136 177 127 103 -35 237 -205 -103 110 72 -59 181 220 19 -148 122 -112 28 165 134 -79 -221 -25 -72 -108 35 209 133 123 17 16 160 94 13 191 43 -238 -173 69 22 -41 74 -167 -113 -114 101 9 236 -206 -54 -249 -60 -6 83 44 211 -134 216 129 -178 33 87 -115 -120 -87 -16 -11 -73 219 172 24 27 152 148 -215 -92 -33 -75 -201 109 100 79 -105 -179 168 142 46 -172 -169 30 86 -69 -151 174 -217 36 -183 -230 137 -32 131 247 -82 -187 -37 -122 -94 200 246 -132 -9 -55 -63 -116 21 -138 222 97 -39 -125 47 184 -246 -88 153 -3 -85 -164 193 -155 208 -165 53 190 0 245 -186 244 23 -204 -192 118 -38 150 167 -161 63 -110 -56 -7 -196 -235 96 55 -53 -61 64 -223 91 -117 198 -145 93 4 213 -121 6 -129 119 -141 92 175 -140 169 141 -203 124 -77 -17 212 224 52 -127 176 182 7 -198 -50 25 -234 161 179 -158 -128 81 -80 -2 117 -31 -250 -10 120 -124 2 226 -83 76 67 111 99 199 138 61 -236 -174 -176 -89 -67 73 -27 -152 183 104 -214 -188 -123 51 163 180 -20 -24 -95 -225 -70 -144 -207 15 -154 -181 41 149 231 -197 -185 -239 -219 29 -42 140 -212 112 -49 -210 88 132 -102 59 -15 185 -26 75 232 -104 10 186 192 -182 106 -74 77 -45 -111 -19 85 82 -166 -21 162 26 32 233 -18 130 -244 40 -46 -229 -58 37 -130 -30 -162 57 -199 238 14 218 -233 50 203 84 242 197 249 95 68 227 -171 -14 -142 -157 113 -65 139 -1 -131 204 -47 31 -51 -213 48 125 -43 -23 -222 1 114 -107 -78 187 228 12 210 -189 225 98 -76 18 -195 
TEST 153 ARG:-107 -216 143 -176 -102 147 -43 47 106 -214 70 165 -54 16 206 -18 219 71 243 -108 174 -207 -152 -127 99 -120 96 238 -15 93 -19 -8 7 17 30 -133 204 -238 -21 -55 -97 226 -98 221 -48 213 -40 202 11 -173 198 -140 -110 -74 -124 26 159 -203 209 -121 -221 50 -146 222 123 5 -179 9 -128 -71 178 25 -85 24 -161 -126 210 195 -30 247 190 -209 173 -249 -149 189 49 125 -113 197 -184 75 95 76 -129 -181 -10 -92 -13 46 -166 -76 105 -3 -58 150 -91 -60 224 72 -201 -245 166 80 78 -14 137 -112 -191 28 67 -104 235 -68 15 -137 -46 -69 116 -82 157 233 131 21 119 74 33 203 -116 -153 170 -208 -73 23 87 -206 14 63 -178 39 -95 196 -115 -167 128 241 112 216 152 114 65 31 242 144 -131 48 12 60 -47 142 57 -243 180 27 42 -50 8 13 175 -51 -222 -155 182 126 29 187 83 -5 108 -230 -211 68 -17 102 162 -117 172 135 113 -83 136 236 208 211 -193 127 134 -105 -78 -248 -35 -210 -7 -67 -189 -219 -158 -66 -172 153 -114 38 118 59 -80 110 -96 -233 -212 51 -250 -159 -53 82 -236 192 6 18 20 -175 -16 129 191 229 -136 90 227 -139 -182 -227 -192 79 246 52 -12 120 -4 -244 115 86 148 -186 111 -213 -39 -101 -111 -200 -75 -49 97 91 -106 101 240 -25 -234 217 156 154 64 -77 -240 -123 218 100 -29 -164 164 3 -168 -229 -231 223 220 -224 -162 81 -61 -44 234 -87 141 199 -99 56 146 177 10 -57 205 -170 -38 -81 103 181 53 -65 -42 -52 -185 -147 117 -70 -94 -163 -160 -93 -187 2 77 151 207 230 184 89 -156 -174 -183 -196 248 -157 62 228 92 -198 -23 149 37 130 -37 -154 0 -33 201 45 163 -247 200 -119 161 167 -194 -148 -32 121 -199 244 -130 158 -220 -31 155 85 58 -188 -202 -239 -9 -165 169 4 -145 -215 -171 -24 -225 -150 -100 176 84 55 -20 -109 -122 231 73 -41 212 61 -134 -169 -26 179 66 -22 41 -177 -6 43 -103 232 40 -45 -235 -228 -34 -246 -64 -242 44 132 19 -88 1 -144 -135 94 -241 -28 22 -84 -86 -226 122 34 249 -190 160 -1 -36 140 194 36 237 -204 104 124 139 215 186 -59 -195 183 107 -62 -142 214 -27 -2 -217 239 98 -72 32 -151 -205 -125 -132 168 -79 -141 109 -237 185 -218 69 -89 -63 245 -197 -138 193 35 88 -223 -118 171 -90 145 54 133 -143 -56 -180 -232 188 -11 225 138 
TEST 154 ARG:92 -84 -82 87 10 -158 -250 -217 -114 -103 -33 140 13 -126 113 69 -129 139 -29 -137 152 216 54 223 225 -144 -8 106 -62 32 99 -76 -242 158 -88 -32 78 53 149 166 164 103 -97 -93 161 -173 -86 114 215 -152 217 209 -142 35 -59 -207 -104 79 111 85 -2 -200 -208 -143 -25 231 84 193 -28 196 -203 -46 -109 83 -232 -6 102 -138 -60 128 -87 176 165 100 86 -56 170 119 -172 175 120 -130 -120 -183 39 -98 160 -134 -227 73 -209 224 -185 206 126 227 -244 248 -89 0 220 63 -198 -5 12 -85 -190 -43 93 246 -113 -14 137 94 -186 -44 -176 -204 116 -13 -63 125 -229 26 55 -125 129 -112 -218 174 7 11 -38 -40 -249 -81 -219 -155 -107 -71 117 -238 -64 60 195 132 17 4 36 -69 -211 -234 -201 127 105 226 66 -57 205 -50 -133 34 112 204 -65 210 -20 147 -102 240 241 155 77 236 68 154 124 22 -169 48 213 -4 -101 -145 -213 221 49 74 188 52 75 148 130 90 -12 -122 -119 -35 58 -99 -223 5 -193 122 -215 56 51 108 -58 -184 -67 -42 -51 45 30 -247 -3 -74 38 8 -123 -182 91 -159 21 -27 88 -191 183 -153 -105 -228 24 95 -110 71 -92 -141 18 -197 -22 -91 -189 61 -175 -75 136 28 207 -111 33 109 179 -17 153 145 -205 232 -7 -1 -48 180 208 2 142 46 -115 -161 -37 244 -220 101 242 177 243 -31 -199 228 67 -167 -194 -148 -36 -77 191 150 97 185 186 187 -222 -79 50 -47 212 -235 -49 -165 -53 -70 -168 -225 229 72 43 123 -171 -24 98 230 245 -54 -100 134 -174 -45 -147 -192 -73 -196 146 81 -163 -10 -18 115 59 57 -233 -181 239 -39 -157 96 -146 -178 190 -195 -106 -34 -117 -246 -166 -230 19 -221 31 -140 162 14 -135 197 -61 168 6 -72 163 20 70 41 110 47 80 -202 27 -78 233 40 171 198 181 -216 37 -210 -9 89 -15 -139 169 234 -150 203 -226 173 237 -52 -212 -177 -19 -188 249 182 211 15 218 44 167 -149 -231 3 -156 -55 -26 -151 -162 238 62 159 82 1 247 138 235 184 -95 64 219 -164 222 -80 -179 -68 172 143 214 -248 -90 -83 -236 -23 -154 135 25 -214 -96 -118 -243 -21 -41 -127 -224 -206 -160 -16 118 121 -128 -30 -241 -116 -131 131 42 -132 -108 157 144 194 133 -136 23 -187 65 9 -180 -245 178 -121 151 -124 -11 -237 -170 156 16 141 107 201 -239 76 -94 202 199 192 189 -240 104 200 29 -66 
TEST 155 ARG:137 -178 -136 92 152 24 195 124 71 126 4 101 -245 32 -133 145 -180 158 -147 -220 149 183 -155 163 -227 86 196 -185 228 -239 159 -99 142 34 120 -121 223 -216 -215 -146 -97 -246 51 83 -162 74 19 -3 -83 -29 -236 -200 -160 -186 -57 232 53 94 -32 65 225 -135 -199 -55 -65 75 -192 118 -88 10 -24 157 -122 -68 -209 -206 82 104 -213 93 -159 -218 -104 155 -43 -100 -80 -126 129 29 -112 199 -124 160 114 52 244 -170 -139 138 247 9 -39 58 -208 -179 172 45 47 110 229 109 131 -233 -30 -77 -60 60 -149 -202 165 208 -18 -15 -183 62 78 -2 -10 132 -110 -154 204 -205 68 -21 136 -40 178 -184 -34 -50 143 197 -198 40 63 25 18 166 -140 -173 226 -229 -224 1 -109 -54 -75 -61 -143 39 -7 -189 -73 182 -131 -237 56 -12 107 151 235 69 12 190 -74 -19 -167 119 89 -165 -231 -166 147 59 -243 186 11 44 28 185 -191 -113 106 -226 7 -176 243 -203 241 13 -174 169 134 -171 -1 246 50 184 -119 -194 -102 103 -138 64 191 176 -242 -137 15 222 85 206 5 -36 -49 -37 -56 57 -181 -9 179 22 -127 188 2 -188 -81 121 211 -132 -211 -152 -201 43 -85 135 -91 218 -47 27 -93 -217 73 -190 123 -72 -117 154 177 205 91 -103 215 88 -28 -151 -164 216 -214 240 -105 87 41 -207 -249 -92 16 242 -238 -187 130 -250 -42 144 31 -141 76 219 180 -182 220 -94 -107 36 -134 -168 213 108 231 -234 -79 181 212 -145 -130 102 -25 161 -51 70 113 -175 150 -123 224 115 -16 202 33 140 8 175 -13 -27 -82 -78 98 192 -95 54 230 105 -240 -158 -120 -53 -101 48 -52 -67 -14 217 -142 201 -197 200 -48 234 -45 -6 116 162 221 209 20 -90 -114 79 -26 -118 -128 -115 133 112 95 193 -20 203 -33 -62 -223 72 61 23 238 -22 -23 3 -156 171 77 80 -193 -153 127 -35 -244 -148 236 111 -169 125 -232 14 -38 -69 -86 66 -225 210 -64 -241 245 -98 -129 -212 -106 -204 -161 207 90 -195 -70 99 194 35 248 -31 -63 156 -210 -111 -125 167 -89 -196 -228 -11 -66 -59 -230 -71 -76 81 198 -44 -17 233 55 139 26 84 122 164 30 17 0 96 37 38 189 187 -41 173 -248 -177 -8 -172 148 -87 -247 153 -150 -96 97 -46 128 -235 -222 174 -163 46 -58 -116 239 -84 -4 -157 170 6 100 -221 227 67 42 -144 249 49 141 117 -5 -219 168 -108 214 237 21 146 
TEST 156 ARG:216 -54 140 40 -52 238 115 -23 -61 -239 -67 -66 71 204 203 -135 192 222 -107 -236 -230 184 213 32 -177 164 -92 -40 -242 189 108 -128 181 -134 214 -178 131 171 -9 113 -58 241 188 -143 -199 -93 9 62 -8 229 187 -39 157 -158 -89 -141 185 116 50 169 98 -234 -240 64 -75 123 74 218 99 47 -232 -18 -170 -163 -173 -91 128 20 87 -34 -182 -249 118 163 -148 220 -139 -176 149 141 -6 -201 -161 -221 -220 110 -144 -198 -174 -114 106 17 -172 205 -90 233 168 -237 86 -203 -244 -82 126 -79 172 -225 -119 96 56 137 -16 -210 102 -88 -96 80 -205 -195 147 -21 125 -235 5 -104 109 -77 85 81 -229 54 -105 -55 135 -78 -64 -165 -13 182 105 -215 -209 -109 -11 -133 -62 -108 -57 -152 -211 -150 -101 152 -175 -72 84 -213 120 101 215 -243 127 -157 42 142 122 199 -193 -17 29 -168 13 26 -41 15 -129 2 -164 -1 -167 174 59 225 153 -189 -10 83 239 136 166 -190 -86 -46 -153 180 -223 22 -224 -29 -246 44 -247 176 -84 230 -49 -30 197 -208 66 61 76 -73 45 -137 231 -43 145 -216 -4 -103 -85 -241 -226 -196 -94 212 124 82 -56 -60 -33 -68 3 177 14 -140 -106 -115 244 162 95 234 -42 -214 -110 165 -76 200 -44 -112 92 51 121 242 -87 -71 43 -138 186 -145 155 -123 -38 -160 -206 28 94 30 -204 93 -95 -188 1 33 -238 -26 217 -59 -98 -218 -124 -121 194 -7 237 246 -180 208 178 -169 -97 243 72 103 -111 -217 193 -81 198 89 -179 -45 -24 236 7 -147 207 146 223 -184 -5 248 224 -47 0 24 -51 36 19 55 132 -20 -2 10 6 -212 -136 -19 68 -83 226 -202 -192 158 73 -156 -12 -197 -15 -162 130 12 -200 -118 -233 -50 49 151 209 -231 -74 48 -32 -159 161 70 -69 100 25 -130 -116 -185 -3 78 245 -48 235 196 52 8 57 77 97 154 -132 58 -25 219 202 -63 -146 -166 159 88 144 119 -171 -151 18 -181 79 -155 190 107 138 129 -28 23 183 111 67 -245 117 211 -99 228 170 -248 206 63 -125 -207 160 34 11 -228 -102 -27 134 -31 -149 41 75 249 53 -194 -126 21 210 156 -53 -183 38 16 -219 175 195 -70 -14 133 -37 -122 -127 104 60 65 -131 69 90 35 -100 -22 232 179 167 112 191 240 227 -35 -36 37 27 201 139 221 -186 -187 -120 -113 -191 247 114 31 150 148 -142 4 91 173 -154 39 -117 -80 -227 -65 46 143 -222 -250 
TEST 157 ARG:-54 -179 96 60 -8 106 -6 192 147 74 69 200 -56 -236 48 -121 178 -213 36 -190 -44 -55 172 99 -226 -170 -53 -98 -57 23 -58 -95 -146 185 12 210 92 -145 -76 128 -147 -112 -70 123 77 -124 180 98 -152 134 137 -79 -138 -155 -117 -241 -164 211 -126 -59 -235 -2 217 71 174 249 -196 -101 -43 -141 11 35 -228 135 31 120 54 44 -156 168 62 -178 183 49 -73 51 -166 175 -227 10 -16 -130 -35 242 241 -96 219 91 -88 65 85 197 109 3 67 -181 166 56 -163 236 -113 80 28 127 227 -172 78 75 26 30 119 228 9 -139 57 -167 -10 88 -7 -230 188 -184 117 -133 245 -142 -69 195 -220 -25 -91 -116 -177 33 -72 -203 18 -158 233 -195 47 212 204 103 -23 -137 -104 -208 -84 125 25 218 -33 207 -12 -204 148 -32 101 -34 214 -134 -26 -103 40 126 160 -171 213 -80 198 -66 155 38 -4 -19 111 90 244 -74 -205 201 -189 -114 164 43 154 -240 -216 142 -63 -60 156 124 182 63 6 -246 229 114 243 -174 -180 -151 -234 -48 159 55 209 146 -129 -41 -17 83 -201 27 20 86 -212 179 122 -157 -200 161 -165 -247 29 -202 89 -135 151 87 17 -5 181 4 -119 -223 -45 203 13 -47 -154 -37 -185 -65 -206 -221 225 15 -24 -83 189 -122 -131 -94 -90 -249 -160 171 -194 -232 234 220 -225 -199 157 -224 206 -245 224 66 136 -49 -28 -100 144 -110 -68 52 73 -222 -64 129 -92 -250 -242 158 -15 37 95 239 100 -123 -187 199 165 -18 1 -169 82 138 238 -50 184 -218 116 -188 -105 196 -13 -132 205 141 -99 -192 59 232 -183 194 187 112 -244 84 81 226 -173 53 22 -175 -197 230 -210 34 -109 45 -162 152 61 94 -40 -198 8 -31 145 -71 -144 -81 -159 -237 143 -143 24 140 -1 176 -176 -248 76 -78 42 -20 -182 -21 -46 -136 130 248 -168 131 246 -107 -38 72 139 -89 110 -193 193 191 132 -30 -128 221 -9 -211 108 -86 -108 14 -97 -27 0 5 102 68 208 -29 -118 -243 50 -82 -140 -39 113 170 -217 79 167 -238 -52 -115 231 41 240 105 235 104 222 46 177 153 -42 -120 215 -231 -207 64 19 -77 16 133 -106 150 169 -36 -149 -125 173 115 163 -102 -214 -87 216 -161 -111 2 -22 -11 118 -3 -127 237 107 -209 -229 -148 -61 -62 93 32 202 -186 -93 -75 21 121 -85 -233 -14 223 70 162 39 -215 247 190 -191 -153 97 -239 -150 -219 -67 58 7 186 -51 149 
TEST 158 ARG:150 17 -57 139 -86 -19 6 -234 11 -114 59 56 175 -79 220 145 -135 -153 -75 -109 161 -115 172 111 211 -224 213 200 79 -42 -189 -11 199 -126 -222 -211 -155 -151 98 -71 -159 231 131 120 -170 239 -30 60 -156 130 -31 -205 -173 -68 118 -154 -212 -167 -52 15 -64 -216 -149 -208 -176 113 32 -199 -174 153 193 74 209 230 203 241 -8 65 158 14 -99 -213 183 88 4 -193 69 171 135 238 52 176 119 194 -161 -60 -28 19 -221 229 34 -203 -244 38 -33 -56 8 101 -169 -10 30 165 244 -186 191 -232 156 157 -217 -197 -118 -247 -240 174 107 -59 -5 -229 -231 21 -1 186 -22 236 20 246 100 142 -190 -13 -47 -239 -128 147 167 114 -40 -198 -207 -91 77 129 68 -249 109 198 160 221 -166 -54 27 -134 116 -67 91 166 -81 93 233 -82 62 154 35 71 -182 -96 -241 -43 204 144 126 103 26 -146 -36 112 -168 -140 23 -215 -120 196 169 -17 -150 -44 -74 83 -29 28 13 197 -70 149 -65 216 -94 47 146 -162 243 -110 -246 -200 -177 75 122 -195 -41 234 76 -181 67 -76 185 177 170 -123 222 -90 226 2 136 187 -105 -62 -25 -158 224 -89 180 228 115 -194 137 78 133 225 206 132 -196 96 -214 -171 -18 -9 66 0 -225 -223 89 168 -248 -188 110 -228 202 -164 45 -20 -163 -93 3 -48 -7 102 245 -130 -107 -141 44 249 -165 -84 -37 -66 33 -184 -237 108 95 92 -39 -113 -45 -6 -242 -55 -220 -133 81 -95 -185 179 86 -245 -124 7 -63 -87 127 -15 155 151 -121 -24 73 -108 -139 -3 -51 -175 -26 -53 -83 -32 51 46 -144 188 48 -125 -23 123 12 242 143 39 85 162 1 82 -192 189 -116 227 -88 173 128 -69 42 -49 41 218 -98 -219 -218 148 -210 -243 -137 217 58 -145 -58 37 -50 -204 43 99 235 84 -77 247 140 36 138 57 49 -102 -157 117 207 -72 -250 -78 195 70 -143 -100 223 87 80 54 205 -178 178 -46 219 124 152 248 181 -209 -12 -119 -73 182 190 24 94 -147 106 -160 -233 16 159 -129 -111 72 240 -127 -148 -206 -187 -14 55 50 163 -80 232 192 22 121 -117 -152 164 -227 -27 105 -61 -136 64 -103 -101 210 25 201 -104 -238 18 125 -34 -191 104 9 53 -236 -92 -235 134 -132 214 97 -179 184 -38 -183 -21 -172 -180 29 -2 -122 90 -202 -35 -4 61 5 -230 -85 63 -142 40 10 -226 215 31 212 -106 -16 -138 141 -112 237 -201 -97 208 -131 
TEST 159 ARG:170 -118 65 -159 42 -226 54 -119 2 -73 197 -182 -178 6 234 34 -30 -116 -108 106 135 -96 -197 218 145 46 239 75 -216 -157 -65 179 27 235 -69 12 193 -39 208 -140 77 159 -6 -195 152 166 19 -128 7 169 -101 133 4 -126 195 76 122 -92 -205 -212 120 -243 57 -202 121 -170 242 221 -153 -5 -165 -222 216 -211 -54 -239 -88 38 -33 104 -67 -15 225 30 -58 -90 70 187 -168 248 177 -199 86 78 -55 111 -34 -145 53 107 -1 238 -190 -169 -183 196 -74 -167 228 154 63 72 61 204 -172 -130 227 -249 147 0 56 -149 -147 3 -154 194 -83 -76 -224 14 229 -10 -19 -218 236 -4 153 -100 -228 188 128 -148 8 9 -221 -188 241 -56 -113 184 -115 209 88 -72 183 203 140 -50 118 -127 64 134 -47 60 -66 -18 50 167 -242 182 202 119 -135 -37 13 -223 141 -114 -62 192 -244 -210 139 173 105 -201 -144 215 108 180 -38 123 -204 32 47 -12 -219 174 -215 -35 -57 23 80 158 18 10 -176 89 -32 71 137 -48 -125 -97 -64 130 -139 -200 146 39 -245 151 91 -103 207 99 81 -136 230 -85 -158 -8 -46 -227 -137 222 -82 201 -152 -151 143 213 -163 -95 103 -156 200 178 74 -49 220 -184 211 -78 -81 84 24 243 -80 198 62 190 127 115 -107 -63 59 -52 22 48 -112 -246 87 -207 -181 -134 -191 -61 -36 136 -230 -248 -179 -105 28 -198 -84 -2 114 -24 -11 226 186 83 17 157 109 45 -208 132 -68 -234 -173 -102 -235 249 -233 117 -28 -123 -192 110 -146 -164 -70 -174 210 31 41 -132 -60 -185 -217 40 -7 -206 69 181 -133 -104 -25 219 -79 -194 36 35 -155 -98 -23 -238 -3 245 -43 244 -106 -110 -240 191 5 233 73 -53 21 199 -162 161 -42 52 224 -99 49 -180 205 247 164 240 -17 142 -142 37 206 -122 -89 237 131 -117 101 -213 -196 43 -214 217 232 116 126 -40 148 25 -13 -51 231 -231 -71 -177 44 163 29 55 185 -131 -94 33 214 -9 -31 -141 223 -203 -45 189 -86 212 -75 -93 -16 -59 94 -143 144 -20 -232 -220 -27 -166 155 -189 160 -14 -77 129 -111 171 -175 125 -186 -225 102 -21 26 -44 68 -171 -26 1 -87 -91 -236 -247 -22 -121 -41 -193 93 -29 156 -229 100 95 92 79 176 113 97 98 20 67 -241 11 -129 -187 -160 -109 51 -250 150 -124 168 96 -150 15 138 112 -237 162 85 -161 82 90 124 -138 -209 66 149 -120 16 58 165 246 175 172 
TEST 160 ARG:142 -189 68 -121 -128 62 -59 6 235 133 -99 -29 -114 -133 177 213 171 -86 -64 11 181 -69 -111 201 -117 125 112 -65 178 -10 89 -130 87 -97 -193 117 149 -164 79 -51 -96 21 93 172 -123 1 -197 195 179 -246 -95 -142 -15 -159 -42 -92 155 14 -248 -207 -210 -24 -23 50 43 -158 200 -195 53 220 224 136 215 -178 -54 192 -148 -204 57 119 -241 -17 37 54 -247 167 41 -18 -239 -203 -200 -119 115 -58 32 8 15 -233 -39 81 95 214 102 216 -52 114 97 129 -232 -170 -14 -217 135 106 52 -180 189 -160 51 126 103 -27 -156 160 131 -136 -201 -227 80 208 -223 -74 -78 -28 -37 -138 202 193 165 127 190 -145 -53 104 -56 227 91 -33 152 188 -12 -191 -85 -166 -76 236 33 -67 -228 -61 86 -139 2 -171 209 -115 65 231 -71 162 194 140 -215 -185 -184 -104 34 134 -194 156 36 -220 -103 24 -5 -120 -79 241 139 76 27 199 5 -134 197 -190 -93 144 -231 116 -21 132 -177 0 13 219 -179 107 118 163 -118 -147 28 -243 223 105 244 -229 237 -212 -124 90 150 -205 26 -125 166 210 66 96 -141 -182 -20 222 -55 242 -250 -60 -214 71 47 -140 -137 48 170 -165 45 44 147 69 228 -154 161 -108 239 -245 42 -230 -91 -107 205 -70 -73 -132 -46 225 185 -32 -196 -102 186 143 92 -13 84 -211 35 123 -237 230 -249 -77 -7 -169 184 7 233 182 58 20 -146 221 -41 173 22 101 -213 75 -216 -183 56 245 82 9 157 -187 -36 -113 63 130 3 -218 138 -151 -48 -11 -122 -161 -22 49 206 217 39 -98 -157 4 40 -242 -234 218 -176 -162 -209 -90 -88 88 110 46 -1 -49 -57 -19 -83 -163 196 -63 17 176 -168 -50 198 85 -175 23 180 -202 113 73 -206 158 238 74 -208 30 -225 -186 141 164 226 25 -240 83 111 159 -135 -4 -236 146 154 -224 124 98 203 120 -3 240 -219 77 243 61 12 108 -198 122 -127 -181 -109 -222 -31 -25 207 -112 19 31 246 212 -89 70 229 -131 -143 -68 72 -152 10 -100 153 -82 -172 67 -9 60 -26 191 148 -35 204 -167 128 -6 -94 121 -43 151 -150 248 -66 -87 -235 -44 -192 169 -34 -153 -101 -106 -149 -174 109 -188 -38 232 78 249 -226 -244 -81 -16 234 187 -221 -75 145 -72 -144 18 168 247 -199 175 16 174 137 100 -129 -173 99 -62 55 59 211 -2 -116 29 -8 -80 -105 183 -84 -126 38 -40 -110 64 -238 94 -45 -155 -30 -47 
TEST 161 ARG:-42 -229 43 5 -191 -85 145 -247 170 63 64 -241 -150 -167 208 168 -57 202 152 59 -19 -45 -221 -67 -64 -166 -100 181 -61 174 -236 -53 17 -110 221 206 -214 80 128 -227 -208 -187 -184 -128 139 133 183 -10 209 -60 -131 -77 -165 83 -231 -16 162 61 9 -113 -206 -158 148 -1 77 195 33 197 -9 193 112 -152 -124 118 191 -91 -43 -54 91 26 113 -228 -149 32 18 236 141 102 -27 -37 -14 110 92 98 -161 -204 -109 226 184 -139 -51 2 -22 -230 192 136 248 -250 -47 234 40 146 -133 -180 244 -20 119 66 76 -185 87 205 -138 96 215 -50 90 -137 78 -101 -155 -31 -95 -198 151 125 -21 185 -33 -177 -146 203 97 4 -93 -38 246 233 116 219 180 -172 131 101 163 58 -7 41 -76 -104 -122 -89 243 27 154 48 135 -205 247 11 142 -175 -197 -173 240 -65 -108 52 107 -92 109 -12 104 3 199 -17 -225 149 -212 -86 55 169 -72 225 -75 -56 -141 -32 -222 -162 -97 172 232 -194 89 -232 -130 216 -182 138 -125 100 -147 -151 -153 -6 -207 8 114 -219 -68 224 88 -26 -164 126 143 -41 105 -189 -87 103 -169 -103 -249 190 -238 10 -174 -13 -24 20 -143 218 160 -35 -193 -11 70 167 -23 -115 -18 211 238 -74 -142 -163 242 -186 -202 85 62 45 -171 231 -136 166 -73 -48 -217 124 -39 -5 -59 -94 176 122 73 -83 177 158 -66 -80 68 -126 -234 -144 249 178 -69 161 239 -70 -81 -105 -63 72 19 179 -111 -170 -178 -114 -132 204 -176 157 -102 -119 155 188 220 -140 -201 37 -116 -15 -242 57 60 16 -112 -135 235 -84 -148 108 -107 186 120 241 -118 198 25 -195 -246 23 54 -30 229 -210 14 -248 42 -34 -190 150 213 -215 -154 214 -244 -55 171 44 82 -40 147 -243 1 12 69 65 227 -123 -156 -200 39 -233 134 -82 99 -120 127 153 194 -168 49 165 46 67 -218 71 93 230 -29 196 123 47 132 95 -99 228 156 -220 -226 -199 -98 106 -223 22 -192 74 111 -127 56 -78 -96 0 -129 -188 -88 -245 -117 164 94 117 30 -240 222 -46 -62 207 115 -211 144 159 28 7 35 -209 13 -134 217 -235 223 -121 -224 137 -160 -216 38 121 -145 -106 -71 245 29 175 200 53 81 -44 -25 15 212 -90 140 -3 86 -157 -203 -213 130 210 -239 182 -52 79 6 237 -58 189 -4 -28 -181 -49 129 173 187 -8 -36 51 31 75 34 201 -237 -183 -179 84 36 -79 21 -196 -159 50 24 -2 
TEST 162 ARG:-175 242 -102 7 -87 35 -15 214 231 159 13 -205 -212 39 -110 17 -42 -7 -234 -111 -61 90 203 112 -158 137 189 -5 -39 -225 -192 -245 9 218 -41 94 221 -194 -11 152 -165 -164 -75 -182 -243 -201 -172 -25 243 75 0 -221 179 -48 174 135 139 121 -16 29 -161 207 117 -31 -202 30 -149 -68 5 -28 191 132 -145 209 -108 171 178 -96 -183 -95 165 14 -74 -238 -151 -146 228 -208 -9 113 -191 120 249 61 2 -32 60 50 245 -166 -220 -60 85 51 157 91 -206 -55 -137 -23 -8 -240 64 -215 -51 136 -230 -193 -49 -14 54 -90 -27 233 248 149 89 67 -229 88 143 42 -174 -79 81 -207 161 247 -43 187 180 31 106 -115 1 -91 -17 -73 206 96 144 -59 145 -176 173 -235 234 59 153 -1 -20 -6 -38 -106 -4 122 -242 164 114 239 237 225 -142 -36 -200 -133 198 -105 -223 185 219 38 -77 115 236 -129 80 -85 183 -46 -134 186 210 -98 -189 -13 -12 -144 23 95 -132 3 128 -198 -81 -44 65 182 58 4 86 156 -153 -222 -250 -29 92 241 -171 82 93 -52 -214 -218 104 102 -140 87 -80 -168 -22 8 -21 -50 -83 181 72 -124 -219 -19 -121 33 227 -92 129 -209 -173 -103 140 78 46 226 52 -78 -119 -147 -56 162 28 -120 -135 -63 222 188 246 -54 116 133 -112 -141 62 -35 -123 232 -177 49 34 -178 -167 213 16 -34 109 -71 41 -109 27 -184 15 170 -118 -157 -187 142 190 -210 79 169 -76 -154 240 235 -185 -116 43 215 -57 57 37 204 217 12 -224 -122 244 -47 -58 -226 205 110 154 126 -216 107 25 199 200 108 220 155 83 -114 -143 -107 -217 -188 69 -30 -62 -150 184 -169 134 -125 -2 -197 -3 -138 -89 -100 -231 216 -45 211 -65 32 -160 -113 -228 6 98 73 19 146 20 -99 -236 22 -127 -64 -156 105 71 11 125 -131 84 -33 -97 201 -190 -196 151 63 -186 -18 208 130 -66 -136 172 -159 -84 166 68 36 -211 238 177 -69 97 40 160 -247 196 -249 -148 -162 202 77 -163 24 -130 70 176 -67 -70 26 -40 -82 119 76 168 -181 18 -237 -233 147 66 47 -244 45 192 -24 141 229 -227 -213 101 -117 48 100 194 123 -94 74 150 56 193 44 21 -104 -241 148 -239 99 212 -170 -139 -26 223 -126 103 -180 -72 167 -203 -248 118 -128 131 -101 -179 -195 127 124 -155 -10 -86 -204 197 -53 158 -199 55 -93 -232 -152 195 175 111 -246 -88 230 -37 224 163 10 138 53 
TEST 163 ARG:206 34 -220 -116 1 -104 77 104 -74 94 178 130 -10 -195 207 -209 -65 -186 200 65 -118 32 -241 3 63 -50 215 -144 -108 -78 -208 43 -87 110 173 190 -102 184 -237 -112 -25 -232 -57 154 60 93 223 167 108 62 73 246 -13 142 128 -98 92 76 211 248 -177 -217 221 -205 -107 -110 -17 236 101 4 -156 35 -39 -37 196 217 -130 -3 -165 232 151 -32 158 30 -51 -119 132 64 168 129 139 39 15 -126 -90 -67 117 238 170 -71 -182 -95 -21 183 102 -114 208 -31 -56 115 -85 -89 -91 -43 41 226 195 191 243 225 -168 240 -206 27 -99 -16 -201 -68 180 -38 220 201 -172 -213 177 44 -229 239 -166 123 -14 133 -72 14 98 -27 113 147 -97 -179 216 -81 242 -75 210 18 -92 -134 -26 79 -146 -170 229 -191 181 -93 202 244 -53 20 -59 25 122 -70 -145 84 155 -63 247 119 -9 -154 48 21 153 189 -243 74 -226 -24 -235 87 -247 219 70 166 -221 228 -135 -19 -141 198 175 -62 -148 -153 -158 -173 120 231 126 -15 -128 97 150 57 86 145 54 52 -199 121 -34 -197 49 -54 82 -200 193 72 -23 -33 -12 -169 188 -132 -80 209 -234 59 135 203 95 -227 85 -239 -117 218 -187 66 169 47 -40 -233 -212 -124 -28 53 249 -4 7 19 237 11 227 -20 -2 37 -47 -224 -188 -142 -101 -79 -185 -207 -236 31 164 -167 -216 100 -222 124 141 58 -180 -204 -157 89 234 -196 106 -96 -248 -175 -230 -176 194 165 204 -210 -94 161 -244 -159 -41 -245 -138 -61 -211 -215 -183 80 109 -129 36 -250 -162 -225 17 187 -36 140 33 -223 -111 171 107 -137 -202 160 214 12 -218 -42 -100 -155 -238 26 99 118 24 163 -11 -160 179 -192 -214 6 -86 -125 -181 125 13 -127 -152 45 71 -143 68 176 235 127 88 78 116 105 134 156 90 -149 213 -60 -178 -140 144 -123 233 -122 174 -151 -66 -113 -6 -109 40 -106 0 -189 -203 91 -30 149 38 -58 2 136 -18 114 241 46 103 230 -136 -49 -164 22 96 -103 162 222 111 112 159 -52 9 152 148 224 -161 -120 -46 -219 -139 -246 56 205 10 -193 212 42 -48 81 29 -231 -240 186 -190 -83 182 -84 -69 -198 5 67 -163 -242 -115 137 -7 157 172 199 -105 245 75 61 51 -22 83 -121 -194 197 -228 -249 55 69 16 23 -150 -5 185 131 -45 -29 -174 -44 8 -35 -88 -131 -82 -8 -55 -1 -133 -77 143 192 50 28 -171 -147 -64 146 -73 -76 138 -184 
TEST 164 ARG:151 -186 -18 119 -93 -50 64 -80 -44 -176 -139 -42 19 -122 -149 154 -230 203 25 112 153 -126 249 -83 -170 -13 41 -171 42 147 244 -109 50 13 121 33 -184 114 225 35 218 -178 138 -236 -21 -232 5 -36 -71 130 -204 -137 49 -113 115 -77 -154 240 -9 -22 226 70 117 55 -208 -99 -114 -227 -89 132 45 -103 -197 179 148 -30 -78 178 -52 234 40 -85 -40 -190 -174 -158 85 -12 -100 -51 -211 22 -43 -38 -108 -150 242 105 177 237 152 7 -134 228 215 168 164 -74 -55 66 -217 16 172 -46 -151 -119 116 -242 141 52 94 -90 91 163 17 -152 170 4 -172 206 122 -131 213 -62 -192 -221 102 -202 6 -92 -116 -86 60 160 -29 -104 67 62 248 -91 145 99 165 -14 201 -60 -101 11 120 -245 -15 -4 -129 12 113 214 187 212 202 57 -7 143 -214 -205 144 -72 -222 -250 -235 156 96 124 -34 54 191 -144 -75 -207 139 -159 108 -225 -73 127 192 -97 -148 -10 -27 -125 -177 -94 -124 -110 75 -160 78 175 150 188 -56 149 -247 8 3 14 157 -88 53 171 47 -240 229 20 -191 -147 -127 231 -183 -120 216 71 -24 18 137 34 166 -156 -153 183 92 72 -133 95 169 -179 109 -229 133 126 195 193 -165 246 -130 -199 180 -163 101 -105 100 -79 -82 61 211 -48 200 39 -223 76 43 -84 -167 -169 93 -239 233 -198 222 223 89 -241 -196 -141 207 48 -2 104 74 176 -63 118 -228 -23 -81 -107 59 -203 -233 142 -175 230 86 -57 69 -155 -238 -143 -182 -3 -26 235 -28 -98 -68 -111 51 227 135 209 198 -1 98 -145 -142 232 238 63 196 -249 -234 204 146 -37 -67 15 -244 -49 -140 155 236 -215 199 185 186 -47 -135 -96 30 239 174 -193 -180 220 208 190 140 -185 -32 129 -187 36 245 -53 -16 32 107 -76 -200 -206 123 38 -201 -35 -194 -220 217 181 111 9 -87 26 83 -189 -95 79 87 -58 -248 10 28 73 -216 221 1 -146 80 -138 247 -115 77 -226 -161 -20 81 -128 65 -6 -195 37 29 -33 -70 -112 -5 58 68 -218 -181 -246 31 -69 -219 -231 161 84 128 27 159 210 -132 -136 -123 97 -173 0 219 -41 -168 -61 90 -212 -117 -237 -54 184 106 -166 243 -64 44 182 189 136 -66 56 -39 -164 110 -11 -209 -121 134 158 -188 197 46 -102 103 167 125 -17 88 -106 -31 -118 194 -243 23 -45 131 24 82 -157 -224 -8 -210 -59 2 -65 -25 241 205 173 224 -162 -19 162 21 -213 
TEST 165 ARG:67 -187 -182 -88 -53 -46 -199 48 -116 104 -98 230 191 -14 -175 -223 114 -105 -60 156 -177 -219 44 134 -11 -73 212 -63 140 79 -186 100 87 214 -164 -135 9 -179 -78 163 2 -188 -79 149 -152 1 -242 34 58 -130 41 -15 -4 -120 84 5 -215 -49 -66 -180 -10 113 148 175 137 -97 -218 184 -160 54 19 83 -119 -220 246 -144 155 -40 53 -86 243 -82 -169 0 -234 138 236 -28 -18 151 -172 -224 200 131 203 188 -94 -50 20 130 221 239 -190 237 -248 -75 220 206 232 118 37 241 -231 136 -141 89 213 90 -83 73 -91 -166 -23 -241 108 -109 94 -153 6 -142 240 -168 14 174 -29 -184 -210 -99 -138 -146 228 42 32 46 -20 166 -45 -42 122 59 -226 -189 146 -139 28 -55 -70 -115 -67 85 78 -216 -126 -205 -201 24 171 -198 -27 -246 -222 121 192 74 64 56 17 -240 -245 207 -17 -36 193 76 -155 210 -51 245 168 11 -19 39 82 25 -84 225 -154 117 77 103 -238 -157 199 -35 15 -100 132 -167 -125 -178 -209 133 226 -217 162 -131 -128 26 -156 249 71 -183 -229 47 115 242 223 12 153 -6 -204 -68 18 205 52 229 -171 -121 231 167 -195 182 -48 -150 -194 -165 187 -112 -151 70 -72 -133 119 45 -1 -108 -232 23 128 -176 -26 50 -96 -129 112 -52 107 -233 185 -159 227 -25 -93 -7 -174 164 93 -69 33 -77 127 173 -76 -110 -247 8 150 195 244 -132 -92 -181 -22 198 29 -149 222 186 -54 -107 -221 157 31 143 -90 -162 177 -143 158 -87 -2 -106 -44 -140 66 -33 -206 36 -32 -59 -136 194 69 180 -196 224 147 -104 -118 16 120 80 -249 -101 -41 40 101 -80 116 -65 97 -95 -236 -24 75 -43 -235 129 181 -193 27 -244 92 152 -208 165 -163 126 4 65 -117 -9 -39 -56 99 88 109 201 -58 57 169 96 197 217 234 -147 238 154 248 144 -31 -239 105 -137 -225 -81 159 68 -214 102 -213 -38 -8 -170 -34 -12 196 142 43 233 60 145 -145 -114 -230 81 91 202 209 -148 -197 106 178 -202 204 -228 -134 -113 -13 -103 -123 139 61 -111 -158 211 -71 98 86 170 -61 -37 3 -185 183 35 124 49 -200 -21 -5 72 -102 -30 -203 123 172 22 13 218 -64 62 21 -127 -122 -57 -16 -250 -74 55 -161 -124 160 -191 -211 7 -192 -89 208 -212 247 -62 95 161 -237 189 10 235 -47 -85 179 30 51 219 125 135 38 141 216 63 -243 111 176 190 110 -173 -227 -207 -3 215 
TEST 166 ARG:3 -166 -183 -52 179 -192 166 57 88 -167 16 209 20 -149 -109 238 149 -182 -42 199 -168 64 -84 223 -58 -25 217 172 -12 148 35 54 -90 -33 229 -233 -235 -73 133 -163 218 123 -31 227 -2 -241 -121 58 7 77 246 -115 -54 -59 -160 249 -130 -189 224 44 -210 -6 -237 40 156 207 186 98 -218 120 9 -18 170 113 147 -194 159 -11 -135 -234 -40 137 92 -171 -212 124 -170 176 -137 -66 -248 169 167 0 141 42 -147 -75 27 136 -138 189 -200 -44 -92 -153 99 97 145 -193 244 140 105 -157 74 237 191 72 -32 18 -143 215 19 202 -24 -181 -150 29 174 -107 -16 -175 -96 -53 -226 233 14 -27 247 -45 197 -227 132 -202 -185 185 135 196 -91 80 -85 -139 10 -173 -49 -1 -190 24 220 59 -158 63 -28 160 31 -114 119 164 -156 -152 -34 144 107 -60 -134 -222 -221 46 47 195 201 -228 230 41 1 48 183 93 222 30 158 -225 232 173 -141 -224 -105 157 212 15 91 -128 248 -162 -89 -5 -110 180 178 -223 -94 -88 55 -136 -72 146 -246 -206 -172 26 161 -106 90 -231 -111 106 234 108 104 -247 155 71 -213 245 -79 241 219 -78 -98 65 52 -7 204 118 -245 -65 -249 -102 239 22 11 49 -21 -61 109 -56 -211 28 -176 -48 151 51 -148 150 -51 100 -215 171 -188 68 115 -63 139 111 -179 -161 -99 193 45 -140 -131 221 114 12 122 -191 225 -216 43 -184 213 240 25 -4 79 -197 -87 78 -23 -9 210 -112 -103 129 194 -195 125 21 60 154 -77 -82 33 182 -74 -146 -240 -154 -196 -174 -15 -151 200 -116 -46 211 -95 -207 -108 198 -37 -41 187 112 -67 -86 32 -118 138 -145 -68 214 235 -155 -10 83 73 101 -219 -133 -38 -230 4 121 152 -100 126 102 -120 -17 -104 67 81 -217 -64 -164 96 -55 142 -238 103 206 -124 -76 36 39 181 -129 -250 110 -187 84 -47 -142 -203 116 131 -43 56 5 -119 -20 192 184 -29 165 -229 87 95 -178 168 -30 -232 -101 86 85 62 6 2 231 66 -19 -214 -22 -242 208 190 177 76 -127 94 75 -126 -236 37 8 -177 162 -8 -26 242 13 153 -113 -144 -169 -239 -165 205 -57 130 82 228 188 -13 -205 61 243 134 -125 23 -132 -159 143 -93 -244 -36 -3 89 -71 -208 -122 -50 236 -69 117 -97 34 -117 -201 128 -220 50 53 -209 -199 -39 163 -83 -80 -243 -123 69 38 -70 203 -14 -62 175 -186 -81 216 -35 17 -204 -198 -180 127 226 70 
TEST 167 ARG:-148 88 -147 140 42 -67 249 141 -140 61 -129 -96 226 190 -199 -12 -141 -29 -220 -13 164 236 -182 178 49 66 -170 -138 39 -218 -66 215 62 -229 47 109 -239 -109 228 -128 -35 -189 -44 -123 14 207 194 -84 234 235 13 -207 -153 158 24 246 2 96 -25 -149 232 35 119 87 85 -100 -6 90 70 -169 147 221 11 131 -244 -76 101 -19 -50 -75 64 247 -161 -45 99 -88 18 138 65 41 143 204 -21 203 -159 0 195 191 -196 113 187 -47 -92 -99 -23 -18 -102 218 3 -238 107 -113 210 -227 -190 -226 -17 95 84 135 -89 -90 192 223 200 -224 51 -117 -201 -137 -57 52 153 -250 152 71 -114 -194 -104 121 -172 189 233 -188 60 111 227 172 201 15 117 -103 -85 57 79 225 133 -166 -122 160 237 -209 59 -185 83 -237 8 97 130 -38 86 48 -135 -242 -216 -2 245 231 -68 224 -134 114 199 159 -212 80 102 183 -59 -83 82 105 212 155 -118 213 -105 89 33 104 -204 -230 -11 -197 244 -51 -28 -174 32 -121 -158 -30 193 68 -175 30 -233 -61 144 -223 -146 -4 -200 -241 93 -228 137 -43 118 34 67 -152 69 241 106 175 184 217 -173 92 9 -70 -221 206 -34 -225 -211 -154 -39 169 55 -26 -74 185 220 -46 -8 -86 146 -160 163 173 -215 124 -22 -115 78 -235 150 197 -202 -73 -80 -49 165 -33 -131 94 -37 -210 -119 166 -142 -124 196 -217 -192 -236 -181 -136 -150 -145 239 6 -249 -245 -234 7 -232 -180 242 -64 38 -187 103 -120 127 -5 -205 45 -126 229 -110 -77 43 46 -116 171 -58 154 116 19 -151 -1 -162 -203 -9 36 110 -53 -248 -101 -240 53 243 -127 139 -79 -71 -54 112 125 -208 -167 5 44 149 222 -163 75 162 77 179 17 -246 63 -78 -222 216 54 -106 134 115 -55 -81 167 -176 -191 145 74 31 -168 76 27 -130 238 182 205 188 161 -112 29 170 -171 16 -133 186 214 -91 -63 -186 -41 168 -108 25 208 -132 129 -95 12 240 -193 -214 1 122 132 26 56 -143 128 176 -16 -60 -56 -195 -24 -156 -178 -31 136 148 -179 219 -20 -62 20 -97 -87 81 21 -3 248 73 -65 -213 177 230 -82 -15 -52 -94 -69 40 -125 -144 -93 -157 -107 22 98 -98 -139 -42 -155 -111 -177 58 -10 -48 -184 157 -206 -243 -32 198 23 123 156 126 -72 50 -40 151 -247 174 202 142 181 72 120 37 -14 4 -36 -27 -231 91 211 28 100 180 -183 108 -198 -164 -7 -219 -165 10 209 
TEST 168 ARG:-201 -28 -140 -53 -19 -130 233 60 20 -102 -164 170 72 22 -182 40 4 18 -9 -103 -93 -197 -1 7 -166 -81 -101 155 71 -174 189 9 76 -2 -177 208 99 172 156 34 -167 105 205 62 11 -242 210 6 37 141 226 49 187 247 212 185 214 -151 -205 -191 133 -153 -87 -70 -4 148 -198 -160 -27 -8 199 121 -163 -243 -110 163 -11 -105 -246 -203 117 -129 135 166 153 -76 21 -31 101 123 -17 -60 -223 -199 -189 77 -152 -55 142 -146 -137 29 -206 160 -106 -46 -169 -215 194 42 219 -78 -175 -72 225 -248 23 -51 -196 -26 242 57 -97 -159 100 -193 204 10 -185 -57 -211 -222 -143 -30 -71 -84 125 128 -54 -32 224 35 85 230 -121 63 -126 -95 -29 -209 -161 66 97 87 102 110 51 120 200 -170 -139 217 -127 192 137 169 108 183 197 15 -150 95 -168 -244 94 -15 44 167 126 38 -240 201 -74 -52 -111 -35 -249 79 -42 45 -6 -38 150 186 -204 140 206 -108 -181 -64 -210 -133 146 16 154 50 -45 -107 -59 -236 -69 -118 130 162 17 90 -20 190 24 -187 -234 -216 149 -36 41 67 168 -208 -190 30 191 86 -148 107 -183 -230 244 -195 -194 46 -23 26 -109 157 -100 -80 -122 -3 33 -180 -173 -149 -214 -239 178 196 -40 -227 134 139 238 -66 -99 -186 112 -34 -67 221 -179 -113 -135 203 -136 -120 -86 -224 43 -112 -156 -171 -39 -235 -231 -141 -132 -247 -63 235 39 198 -104 248 -5 -144 -96 59 48 223 195 -65 104 -89 193 -217 -14 32 -117 -12 -10 8 -233 115 -154 114 -77 55 211 175 145 -44 109 239 -138 -225 118 3 -61 243 -83 75 -237 180 -7 -91 143 -123 -241 113 229 -85 152 36 132 158 241 53 164 -250 -220 -124 -41 -33 122 -24 69 171 0 -56 -176 -178 213 -37 68 237 136 -75 -145 -155 70 -238 47 147 106 131 -192 161 -88 14 246 138 207 -229 78 -172 5 202 184 98 236 -98 91 96 111 -134 209 83 -165 173 144 -92 64 215 249 228 84 52 181 -213 56 129 -73 13 65 93 54 -48 -16 216 227 -200 -162 -25 -62 -79 81 92 27 222 -226 -50 -43 89 -82 -228 -131 80 -47 151 -58 -157 116 -218 -119 31 220 179 -188 232 -49 159 -142 124 73 177 -125 -116 25 1 -221 188 -232 119 -219 58 -22 -202 -207 174 2 176 182 -13 74 127 -94 103 -18 -128 218 165 -115 -212 12 -245 -68 28 -147 82 240 -90 231 245 -21 -158 19 -184 234 88 61 -114 
TEST 169 ARG:86 -74 133 24 8 13 31 -164 -245 90 96 -171 158 200 99 -240 -112 27 134 -123 -202 -102 60 -119 237 -203 -196 -190 -241 130 -105 248 139 -207 102 2 -160 -144 -145 111 155 71 108 124 -129 -175 -221 -118 -117 233 146 190 159 -150 -50 -98 165 -77 -38 28 -65 -217 -173 -235 101 -7 81 -70 -161 231 -87 -199 196 18 -135 122 -107 220 19 -154 -35 -56 219 -188 175 -103 -76 -246 114 80 -140 -222 36 -191 91 -3 -237 -205 173 169 -244 157 117 128 166 245 -167 -12 -6 187 -97 186 83 211 -172 129 -57 235 191 -185 -11 11 -62 6 64 -149 193 0 -42 -59 230 -81 -43 -143 -180 -61 69 14 20 162 63 -230 -33 -5 -200 97 163 21 70 213 -26 -223 53 79 -226 -80 -69 93 -155 -127 147 49 32 123 240 105 107 118 10 -66 -41 41 121 131 58 23 -120 -53 -79 -192 -201 -238 138 -206 227 214 -109 98 -121 -22 -58 197 217 -15 -187 72 92 -220 -125 -248 50 -2 -68 7 168 -209 241 -204 -9 -233 -110 -234 94 35 -63 225 140 22 37 -142 -186 223 -228 -100 39 61 54 -183 -225 -177 76 170 -13 226 -45 112 -28 104 -178 -169 204 74 207 -36 176 29 -86 160 40 -227 209 141 100 82 -218 183 -229 75 -215 -139 95 229 78 -95 -30 -113 89 -159 -71 -176 -91 -40 -114 234 -134 66 198 -73 137 -78 201 -4 -104 194 242 249 171 -198 -132 -64 15 -195 -52 -54 -208 208 -124 -165 -16 106 -136 -162 143 153 -194 -37 -34 224 -106 154 67 203 57 228 -92 -214 16 174 247 -243 -189 68 -23 4 103 -147 109 -250 42 51 -128 -14 46 148 218 -122 -1 -239 43 184 189 -146 38 -158 -75 -181 -55 45 -24 -82 62 195 -242 149 179 142 -27 172 -93 87 -116 47 202 -49 -8 215 73 -236 192 -193 116 -60 222 119 232 -72 113 115 -212 238 48 185 -67 17 77 -115 -108 205 -133 125 -25 5 -168 25 -213 -170 -19 199 55 181 -184 -32 84 -44 246 -84 167 -141 -210 -101 88 -47 -232 161 -224 -89 -18 127 -20 -130 244 156 -96 -152 212 -131 52 26 -157 -138 65 206 -99 33 -31 -137 -126 221 -83 -174 110 -39 -166 152 -247 -21 59 44 -156 -216 12 -211 -85 210 1 126 145 120 -219 -182 216 -197 180 243 178 56 135 -163 -29 -153 -148 -10 34 -90 3 132 -51 144 -179 177 -88 136 -231 188 164 -249 -151 -111 30 -46 -48 182 239 151 85 150 -94 9 236 -17 
TEST 170 ARG:84 -68 121 27 127 -67 -180 33 209 134 -176 124 -63 45 -175 192 -17 81 -108 196 -31 226 -115 -89 -125 -192 -147 207 22 -163 61 164 -126 43 158 215 32 231 221 147 94 155 -2 195 225 -208 234 107 24 -39 47 18 -210 -96 -164 -38 -36 -218 90 141 -247 -85 159 -168 -139 206 76 186 245 -242 179 219 -148 25 241 93 140 227 68 -112 -27 -59 70 181 64 -7 28 242 -77 -250 -28 -197 -165 191 -120 243 6 -179 91 154 55 182 160 -104 149 79 -13 -195 188 157 204 -95 122 -44 202 244 -4 -80 -99 -244 -93 -98 -224 115 -159 -79 -37 -90 -178 246 -124 1 -3 -238 -216 -35 -94 -81 75 146 8 87 113 -23 -47 148 178 145 -5 41 -161 -143 -128 -156 3 205 -11 105 5 -100 -106 60 -65 -228 82 223 14 112 -166 -138 228 19 -151 -78 133 -158 -207 31 -215 -173 169 161 96 180 89 86 67 137 -40 -123 13 218 -212 -71 58 114 232 -141 -34 -235 -66 7 -18 -196 130 -1 -12 102 152 -87 183 -170 -213 10 -21 4 11 -202 -193 -41 200 104 -127 203 85 -249 -24 197 -29 101 -121 -154 247 123 -137 51 -209 -55 -206 -62 -91 -241 44 -160 211 116 229 -110 199 248 -246 -117 46 -51 0 -76 150 95 111 -188 -16 208 -86 -75 167 210 38 -74 -221 -177 -69 20 -203 -217 -26 -199 184 174 54 187 -174 -118 -230 42 239 56 49 -73 16 -10 62 -248 -142 -152 -181 92 175 -211 -182 -225 -146 -130 -135 48 -72 -33 -132 -194 -97 -232 -6 71 -53 59 233 -32 -109 36 230 138 -189 -187 -184 -167 110 17 176 -42 -14 -190 53 -22 -220 153 -155 118 2 214 78 74 -236 -245 -229 77 212 -153 -183 -131 98 15 -191 -70 99 9 143 177 57 -171 -83 -88 -150 -200 23 63 -226 -58 224 21 -205 142 -107 -15 -129 106 213 136 166 -113 -222 201 -231 249 -61 -172 -43 29 -50 172 -46 -239 -201 168 -19 129 -56 -169 132 -145 30 190 189 -20 135 -9 -111 -103 235 237 39 26 -234 144 -116 65 -237 72 -102 220 73 -54 -114 162 69 -204 198 -233 -243 -49 126 170 -101 194 -144 -82 103 173 -185 52 -214 35 -133 -134 100 185 37 -25 -92 83 -157 -30 -84 66 -186 -240 -105 -219 34 216 97 -119 163 12 -227 217 108 -52 120 125 -223 109 222 -162 -57 238 -45 -140 -64 -198 40 240 80 156 -136 131 236 -48 171 119 50 128 88 151 117 -149 165 -60 139 -122 193 -8 
TEST 171 ARG:12 78 56 133 -113 -136 147 -207 -10 -242 -57 -240 -55 96 102 -18 175 -12 27 75 -115 215 4 -156 -108 -112 -154 -78 -61 188 -87 -132 -141 30 132 72 35 -17 -104 -119 183 -214 110 209 -14 -56 216 -229 -199 -11 -149 138 -145 -100 -219 92 -248 145 -31 226 -89 236 -233 -182 241 111 -128 -58 -192 -96 -106 -46 51 163 17 -163 -236 -36 -76 26 -157 42 -212 169 -26 -173 219 -21 206 13 128 155 3 -133 -210 -144 -37 54 -32 -215 231 15 -41 -24 170 74 37 46 29 -246 99 10 -239 -187 -129 140 -247 89 240 -147 123 166 100 -22 -172 -75 -86 -241 -93 -118 -94 -33 172 119 57 -142 225 -92 76 -203 2 67 -126 228 -250 -7 -110 149 -20 -107 -137 244 208 141 -122 187 -34 150 -51 -234 230 -237 -167 152 156 81 176 -178 -183 192 34 -64 204 -49 -160 -189 248 49 -130 220 68 233 103 -216 237 73 -176 -186 -116 -131 -213 -174 -99 227 -140 -196 -9 33 202 134 25 39 84 -102 -225 245 196 112 232 -85 -123 -150 -220 124 60 24 95 -114 31 130 129 -146 136 -191 116 -190 -193 85 217 -166 61 -221 -243 -38 -8 -155 7 -230 11 -95 -143 177 154 221 101 32 22 -138 -180 -67 117 -98 -79 -35 -5 127 -228 -44 189 125 -3 -208 135 235 109 -70 -162 246 -223 151 238 -50 -168 -170 83 -15 19 211 65 193 -179 -65 224 62 -83 -222 64 -52 -28 -68 28 71 9 97 -218 -43 -71 -175 -231 8 0 161 -197 -97 -13 -202 -245 -158 80 178 210 -42 -60 194 93 -88 -39 165 185 159 52 -152 234 -69 -195 5 207 20 239 106 -194 131 105 122 201 198 -62 -103 162 -201 -185 146 247 -153 -111 -200 186 -232 -53 104 -148 -204 -217 50 59 -165 -66 222 -105 -63 -6 158 -90 -1 197 91 113 107 179 -23 -19 -164 82 36 -125 -2 171 -224 -127 -161 157 137 -30 174 242 -47 -181 190 -81 200 229 87 -73 -227 -59 167 -238 40 -29 47 -84 -235 58 -91 143 195 191 243 -177 -134 148 118 249 -139 -82 142 94 44 213 66 45 203 77 -54 180 -249 160 53 -188 223 120 -4 -135 153 -205 -171 -124 98 -72 -27 212 114 55 -151 16 184 1 -16 205 18 -159 88 63 43 90 182 6 14 -74 164 115 126 -211 199 -120 181 38 41 -184 69 21 108 -206 -45 -109 168 214 -25 -117 -209 23 218 -198 -77 -40 -121 -169 79 -244 121 48 144 -80 70 139 -101 -48 173 86 -226 
TEST 172 ARG:3 -157 -65 91 198 -226 0 240 218 229 90 39 142 -216 15 193 -156 -70 -146 -136 224 4 185 -184 232 150 53 41 -121 -249 153 136 38 -85 -21 -140 171 -51 187 -3 -187 31 109 -224 54 205 155 -23 -126 -80 62 -185 -162 -52 50 18 233 -232 149 183 -116 -235 -109 -67 24 204 -151 -76 -231 22 -38 2 -239 82 -237 -56 118 -112 139 -103 -133 135 120 119 170 113 148 -170 179 235 213 -59 -225 158 -20 -144 10 -153 52 -167 -218 80 -48 164 207 44 151 -154 220 -213 -5 -152 34 140 165 -14 -102 -15 122 -45 27 -54 -229 -9 36 95 -63 -223 -242 -240 40 167 -131 89 -134 77 154 -78 87 -219 -93 -236 141 -246 -227 -174 209 -164 107 66 157 -79 241 46 -24 177 -106 17 -107 -127 -6 -13 156 137 110 236 -196 -197 -182 -186 74 103 -228 29 -221 -36 -176 200 174 49 -110 -73 -34 -145 -194 -181 -86 239 43 75 123 111 -42 -46 217 -100 -188 116 -41 -198 84 112 96 143 99 134 -234 -7 -143 -19 -222 163 195 242 -31 -68 144 -209 161 76 138 -230 202 -158 -119 68 9 -40 245 212 70 -72 188 243 126 -161 69 23 -180 -243 48 115 98 -17 -175 -179 208 -205 152 -166 97 231 166 -74 33 -178 178 56 -39 219 93 -220 73 -191 -82 159 237 12 133 234 114 189 203 -98 21 -35 -200 -159 79 -201 63 -149 -101 145 104 -244 -30 57 -129 215 191 186 -125 -204 32 37 -138 26 160 51 -50 -118 247 -171 206 -2 85 230 124 -155 6 129 -189 127 88 -66 102 -64 -89 -71 -115 58 -87 -211 192 194 -16 -117 -150 -58 -111 227 7 -57 172 -177 -241 244 162 -124 169 -199 130 -53 1 105 -147 132 81 -105 226 -90 -10 -212 -137 -4 -62 67 -43 72 -77 147 -95 64 -88 106 199 -142 249 -202 30 -114 -172 -28 184 -120 190 -141 -81 -69 -214 42 223 196 175 181 -195 59 -8 -96 -168 216 -207 -94 25 94 -113 131 8 222 221 47 -25 228 -108 20 -203 182 -104 -92 5 197 35 -132 -210 83 -47 -130 -250 -84 -33 248 -160 173 -208 210 -165 100 -49 214 -26 14 -233 -192 -139 -245 -37 13 101 92 -1 246 60 -183 -148 -122 -91 19 180 -60 -32 16 -22 -248 -99 125 28 -206 128 -83 -75 -11 121 55 146 -12 176 -163 11 108 -190 -18 -217 -173 -193 -123 -61 86 71 117 225 -97 -128 238 65 -55 -44 78 45 -27 168 -169 -238 61 -215 201 -29 -135 211 -247 
TEST 173 ARG:74 33 71 105 119 20 182 2 -238 -210 -215 96 37 46 12 54 -88 139 -82 -217 -195 -120 26 -17 95 109 145 131 -193 163 -156 -132 180 -204 -234 -198 225 247 -177 -188 47 -129 -100 232 31 86 -24 34 -117 141 128 -190 -191 212 -242 -4 -3 -60 -220 188 -50 -108 -233 -10 -196 -29 29 -58 129 -104 -101 13 221 97 -164 148 73 149 168 -22 -178 107 -110 174 6 -69 -240 -148 -170 -90 -38 -34 103 193 217 -49 92 184 223 -202 138 203 -40 218 -218 -162 -81 -36 -25 207 -128 -216 -169 -168 -41 185 22 -28 43 67 -19 90 143 -96 106 -186 53 50 204 -27 -86 1 -206 -140 154 -185 186 80 -95 25 -91 -70 205 68 60 -199 -1 191 210 102 239 -7 70 -180 211 88 -165 -44 233 200 -135 27 116 -144 214 -226 -227 -248 -239 -62 -231 17 152 230 130 140 -30 -46 114 58 -143 16 21 -237 -182 229 75 -12 -155 169 -230 126 -43 242 -221 -214 -124 18 -121 61 248 111 -244 124 99 77 -122 41 -114 162 66 -241 167 213 87 -219 -145 10 -200 244 -71 -55 142 8 179 -246 93 -107 235 45 -147 -105 -118 -228 0 246 40 -112 59 -166 164 181 -167 -37 -99 -192 243 -6 -53 187 49 38 -113 -224 -142 135 172 -89 76 30 56 -2 -8 -51 -172 175 133 176 226 177 198 14 -57 -211 -116 79 -115 -197 -42 -79 227 236 -33 36 15 220 83 -111 -98 19 192 132 136 -171 -150 28 -133 11 170 -243 -64 -181 24 159 201 -21 9 -102 89 -23 -137 -127 147 -130 -56 228 57 -85 121 82 155 -20 -80 -48 -75 -235 -54 156 -157 4 72 52 171 39 146 -208 -39 160 144 -63 -146 85 -232 -249 -59 -87 137 237 64 206 -76 166 -72 -83 150 -14 219 -174 234 94 -31 69 -205 -15 -176 3 23 -66 -97 208 -229 5 -245 -203 104 -152 173 153 190 -194 215 51 -77 101 98 7 127 48 -175 240 -5 -247 134 -103 -149 189 -161 -136 -139 55 241 224 91 -13 63 -154 238 -16 -184 117 -78 -225 -45 -187 100 194 -73 -11 -93 62 -35 199 196 -179 110 32 202 -67 78 -209 -52 197 -65 216 -92 -222 -159 -201 -123 120 -173 -189 -160 35 113 151 -74 44 -61 65 -32 123 195 -207 42 -94 -250 125 178 -158 161 183 -106 -236 165 122 108 209 -9 -151 115 -18 -125 -212 -126 81 249 -109 -134 84 -163 158 245 -131 118 -183 -153 -47 222 -84 231 -213 157 -26 -119 -141 112 -223 -138 -68 
TEST 174 ARG:164 -62 -37 77 -87 -217 215 -170 196 -211 147 236 -20 232 -128 61 -76 -22 -107 2 -45 -226 -189 -120 208 -231 1 4 -114 186 -86 22 248 -70 167 -132 -245 -164 181 -190 -83 212 173 135 -94 -121 -44 -162 40 -81 51 183 35 -167 124 108 214 -33 114 -117 -185 70 235 -68 242 103 213 44 16 91 131 -92 -136 -11 219 59 150 -26 226 17 -133 -207 106 -220 -229 -5 89 -193 31 -28 -102 -48 84 -191 23 -10 -215 -208 7 64 223 83 182 115 37 28 -111 3 62 -98 67 -109 237 -143 -195 27 6 -110 68 118 82 8 107 -19 12 -119 13 -197 132 240 -181 238 168 25 -163 230 -149 -75 -244 33 -2 227 -43 -38 -69 -203 100 -27 -116 -112 199 123 -125 193 24 -14 -192 138 -8 -165 -131 195 140 92 -141 111 -90 117 -95 -140 156 207 39 -25 -41 185 151 60 -52 206 15 -201 -148 234 -161 0 184 -47 38 14 233 -96 220 -57 73 -53 -18 136 -65 -66 -235 112 -147 113 217 -85 -1 -243 160 -232 -238 46 -118 -186 218 -9 -224 104 -122 157 54 -206 -100 -63 176 -218 -54 -188 -51 -240 -202 -30 -146 -129 -93 -178 -157 -204 110 241 -13 198 204 175 203 -241 71 -194 -177 20 -58 -174 69 -61 -205 -59 -222 171 -50 -97 41 -156 53 243 -137 -230 -180 72 -56 -250 -249 -72 141 -60 -71 -89 216 -237 88 -172 -209 -21 -40 224 -155 165 21 191 180 -3 209 -124 -159 -142 126 -99 125 139 74 78 221 -154 19 -74 -166 163 55 197 -200 11 154 143 -210 121 -187 87 -158 -221 231 -213 101 -126 -169 153 201 -248 -115 75 -108 -139 -103 -105 225 32 161 -236 -138 145 189 57 149 -214 5 190 172 146 95 52 -152 133 169 -198 -184 56 30 -77 -127 -234 159 128 -216 -84 45 -106 58 -242 210 244 228 166 -6 120 -171 -17 98 148 -183 -34 170 -4 246 94 -182 63 -91 -153 26 247 93 80 179 -46 229 129 -32 109 -179 -78 -173 -175 48 211 -64 -67 -15 66 130 -101 200 -79 65 85 96 158 205 79 -225 245 97 -80 -239 9 119 18 -23 -196 -82 -123 116 134 99 -31 -233 -24 188 202 194 90 36 127 222 -176 -16 -12 -55 -150 50 174 -151 -246 177 178 -134 137 239 42 -42 49 -145 10 142 47 -168 -160 -73 -113 81 -29 34 -223 102 86 -228 43 155 29 192 105 -35 -212 122 -135 152 -219 -88 -199 144 -39 -144 -104 -227 -247 187 249 162 76 -36 -7 -130 -49 
TEST 175 ARG:49 -148 -142 63 -93 -70 126 249 140 227 -167 224 159 -37 -126 118 -108 82 -59 -14 47 -39 -172 -134 11 222 100 -159 125 51 -24 -143 68 231 -212 -242 -124 101 -185 -25 -115 -61 85 180 -55 -210 169 41 -111 -230 187 1 27 -22 76 213 33 116 -19 137 -17 -179 199 202 60 205 -123 -182 150 24 -149 -202 218 211 67 232 81 -249 -44 98 72 -116 -191 -152 16 14 106 -49 -196 -13 -222 190 -77 -155 -205 217 216 -28 -193 -139 -166 -204 -35 -48 246 237 -229 147 -50 9 -97 94 -161 -16 117 121 -150 -144 166 208 -105 -67 -40 183 122 -127 -226 44 146 -69 154 171 42 7 -245 90 -27 -237 -78 242 -140 120 -157 -118 139 -133 -6 -52 164 114 -203 92 -121 -132 30 -247 39 93 127 152 -85 102 192 -73 207 54 111 -188 -71 -99 -151 -220 161 225 201 239 -86 0 -218 45 188 -64 204 -112 130 -33 -195 226 219 -181 123 149 -244 238 -34 -8 40 -109 209 -57 22 -20 177 245 212 -87 29 173 -60 -30 -62 -79 210 -189 -122 43 109 153 84 -130 71 133 -43 -217 115 -32 5 -224 -215 104 -238 -225 243 -80 19 -104 179 191 -72 -129 -147 134 198 -107 -23 241 -197 61 221 -192 -138 4 -163 -239 -187 -136 36 58 170 206 148 -54 -96 -88 -184 240 -90 -56 -200 31 175 178 176 145 -233 -241 -131 -89 73 -128 55 99 105 -199 233 113 151 -125 78 -21 -198 220 -206 -146 -92 -209 -82 56 -7 52 103 -12 -240 234 129 -250 3 215 -213 74 128 -5 195 184 -58 21 -100 -2 107 -94 197 -234 132 -171 131 77 196 162 144 -91 236 23 38 97 -236 -162 -248 223 -219 -117 -180 -211 -46 141 230 -207 -170 -106 160 -81 37 6 -178 -38 163 167 -174 -45 25 53 -4 -208 -119 214 13 -66 -231 248 50 -120 96 228 57 -114 -42 -1 -110 59 247 119 -68 165 143 -10 -74 10 -154 181 203 -156 17 88 124 -18 229 200 142 168 -103 136 32 -101 155 89 62 -221 15 12 -31 -83 2 48 138 -232 -36 -84 -176 83 -141 -169 75 -190 34 -75 -63 186 18 80 -183 -158 156 135 -53 -194 157 91 64 -9 -246 -153 -102 194 185 -137 -227 79 -26 20 112 -113 66 87 -223 -243 69 -3 -76 70 108 -15 -214 -177 -228 -201 -11 -186 -164 -65 193 -235 -47 -51 235 -173 182 -160 26 65 110 158 -41 -165 28 46 -145 189 174 172 -135 86 8 -216 -98 35 -175 -168 -29 -95 244 95 
TEST 176 ARG:-175 -188 171 127 -102 -71 -201 186 46 199 32 -5 -183 11 201 -238 -211 45 -241 -72 146 -141 51 247 -122 -209 -113 -198 -106 125 190 -248 -181 -87 -70 185 136 72 196 115 128 197 -235 -111 -25 62 -128 -22 -2 73 142 -195 -151 237 99 -107 130 -56 -47 88 206 43 -119 55 -173 67 144 -204 -32 -45 -194 -50 -108 -7 -168 116 4 -14 -35 -220 232 -48 -89 -97 -10 -52 134 -129 113 165 110 176 -225 102 145 -8 -160 -210 -57 83 167 97 -224 -125 -234 -212 30 98 120 168 42 -114 -93 48 214 -162 -59 36 138 230 -196 245 156 154 -219 135 103 80 204 86 50 -150 152 -74 223 216 -91 94 -148 212 -132 22 -11 8 183 -20 231 124 3 -213 -202 -191 243 16 111 64 -149 -169 -186 71 106 129 -180 -142 241 84 -143 242 203 -165 -30 163 -203 -41 -60 187 -199 101 70 215 -193 221 -156 -62 -27 -130 -86 -205 19 210 191 6 20 -167 160 229 -40 157 -17 -26 -189 -34 -153 -12 -144 121 54 132 81 105 -66 202 2 -79 -23 -92 179 -90 14 66 240 69 246 89 -98 -200 158 -75 -155 87 180 -85 -95 49 -63 -157 235 141 38 -65 1 211 -222 -176 -232 -221 239 -103 123 -121 28 233 53 169 -247 -185 -240 15 -83 -137 -39 164 133 -127 -105 122 41 194 58 5 47 -154 -29 -179 -217 222 -249 -18 213 65 -77 -21 198 162 -19 104 57 -158 26 181 119 -124 209 -115 -152 77 90 75 -242 -134 228 -218 12 18 -136 61 10 -3 -139 151 -184 44 -33 68 227 108 178 -163 -171 -126 -223 -80 63 -42 37 79 -82 -38 29 -244 -226 24 225 234 -135 195 188 -28 -112 82 78 96 13 -53 -246 -146 -138 -206 0 166 219 -100 -88 91 175 92 143 -24 -208 -164 -49 -190 -170 -229 -96 -140 -227 -215 -6 170 -250 220 -109 238 173 -31 155 184 9 -239 -145 -207 -51 140 -43 -216 109 -159 131 148 -54 -64 23 -55 -99 31 -69 192 -118 -61 182 17 -237 21 -177 -78 -245 -94 -187 137 248 200 -101 -236 -214 -104 224 -116 174 236 -15 -67 177 60 107 -76 249 39 -120 114 -243 34 -58 -197 189 159 -84 -147 -117 172 -68 117 244 -192 -46 -16 149 59 76 7 139 118 -228 35 161 208 -13 -131 150 -110 207 93 -172 27 -123 -174 153 -44 40 226 -4 85 25 -182 -161 -81 -37 218 56 -9 -36 205 147 -1 100 -231 52 217 33 -230 -178 -73 74 -133 193 -166 112 -233 126 95 
TEST 177 ARG:185 -184 -112 -109 -2 -88 -173 -226 -20 -227 -182 -230 152 -218 -34 -198 -181 -113 -147 7 223 236 118 -68 102 54 225 53 -101 172 161 -7 69 -165 14 61 -127 -193 -248 -125 94 -145 166 -185 80 -240 157 36 -179 -211 -39 -139 179 226 -85 -62 188 -115 -23 123 138 -103 46 -83 133 -174 125 162 -231 -41 -69 30 -74 -42 37 48 -238 -82 229 203 -105 -229 44 -214 238 -241 214 -188 174 -4 39 -10 -50 104 140 12 -28 247 109 233 93 -189 83 218 66 -212 27 119 -195 181 -99 -197 114 40 11 248 65 101 134 191 -40 -244 -46 197 -216 -149 -151 -106 221 -206 -172 -219 -183 240 -225 -245 184 241 206 149 235 -93 84 -31 8 124 -72 -164 -153 -9 19 -75 -130 198 90 243 76 173 -108 -131 -1 -156 -159 -136 -223 88 -167 156 212 -78 6 4 95 -247 -79 163 -96 -32 177 70 -102 231 -80 77 110 176 -84 -155 167 202 28 73 186 -116 207 196 175 16 116 81 -163 -107 -140 137 150 -111 82 -87 89 -117 -66 72 -123 -213 15 160 -162 -210 -37 -146 38 210 78 195 -122 -129 -205 227 21 -192 155 242 92 20 193 213 126 10 22 -67 135 -73 100 -186 -43 -30 127 -3 245 -38 -35 35 86 -209 108 -124 60 -76 -128 -134 -45 -94 25 107 -6 57 -215 -138 96 249 208 209 -21 17 136 85 -77 47 87 -208 23 59 62 -175 -177 -89 -29 -121 -232 -61 41 -217 146 -81 71 237 -100 112 34 -249 159 -5 -235 56 79 -92 -236 106 178 -152 205 -203 52 -200 -49 -222 -135 -47 55 130 -36 -98 5 -51 158 194 232 190 -239 -118 -55 168 215 -233 -65 -144 113 26 239 -199 67 -141 -132 9 -250 42 -148 32 217 -178 99 33 -169 201 105 -18 144 115 64 199 154 -25 -243 -58 -161 -53 -48 -137 31 98 -237 -22 192 -196 171 -86 -33 121 211 -224 -27 -59 -234 -180 220 -119 147 -221 139 24 244 -154 -15 -190 -56 189 142 -142 0 -12 148 74 -90 132 164 -160 -64 13 222 -220 224 117 183 -95 75 -104 50 -126 200 219 58 29 -63 228 -11 1 182 234 -70 -14 -91 68 151 169 -242 91 49 -201 -150 -176 -207 -157 43 -8 -17 165 -133 -24 128 204 103 63 -191 -16 -57 -71 122 -52 131 -13 -171 45 180 2 120 170 -44 141 -166 216 143 -158 -114 -143 -54 111 -120 -246 -168 3 -194 -60 -202 -110 -187 97 129 51 -204 -97 246 153 187 18 145 230 -228 -19 -170 -26 
TEST 178 ARG:-158 110 221 36 142 27 68 78 100 87 116 59 -28 -100 224 230 -131 35 -116 178 81 101 23 1 44 225 -10 181 -182 -132 -181 -86 -192 122 -205 -218 203 -167 -25 72 -73 -237 143 -190 231 211 -177 48 -203 140 64 17 21 166 33 -164 207 2 -137 -136 -62 102 96 -43 216 16 150 130 126 162 -78 -83 -171 -159 66 -234 123 -231 -87 120 222 -240 -219 -4 153 97 -229 168 -2 192 -163 61 -29 -71 -104 -194 -36 161 -53 -186 209 79 -127 -211 -173 -166 -236 -90 131 -208 82 -34 -63 227 139 0 -115 194 -129 -124 -144 -246 -24 -3 14 -65 -39 180 103 125 -33 144 51 -201 57 -106 187 -238 210 240 -130 55 160 115 -248 95 4 -54 -98 206 -188 -198 202 -213 193 213 63 214 158 -81 70 -6 -176 198 -102 -31 239 -146 -160 229 -9 -143 201 40 235 -230 106 32 226 -47 -95 58 -96 -88 -225 -35 -107 -165 49 104 -30 124 237 188 3 247 200 -60 34 6 217 -103 128 -135 -20 196 170 154 191 -93 -122 80 223 31 -178 -242 195 241 -66 -250 -85 107 83 -221 -14 -121 -200 136 149 89 -112 199 -105 -72 -27 -152 74 -216 141 135 30 -133 11 109 -126 220 -91 132 159 -180 -139 -22 133 246 138 99 108 172 -140 -26 -241 86 92 -193 76 -197 -217 -92 -183 -64 -57 228 147 18 -187 43 218 -38 -233 -210 -161 -113 71 73 -80 -138 38 177 45 -162 98 -223 67 134 -7 -209 -235 -23 37 183 119 75 -1 -249 -222 -153 -44 20 -151 -46 47 5 -215 249 54 146 -55 121 22 -17 -101 -149 105 -157 112 151 -120 -82 -8 -148 -84 -21 -32 93 157 243 85 -99 244 7 60 -89 77 -239 -245 179 -52 41 117 197 234 -169 8 208 -206 56 -12 -128 -212 -94 -11 186 13 -51 -142 -67 -68 174 -15 -79 -207 -204 -42 -74 -195 -48 -114 -155 164 26 -77 233 -50 -175 -174 173 -179 -202 -172 185 -123 -108 190 -170 -111 -41 12 -185 171 -168 -117 62 -75 155 -184 -196 -16 205 88 9 50 -191 238 -49 91 -110 -59 94 84 111 212 -56 28 42 156 176 -227 52 127 90 39 -145 -5 10 236 -150 248 189 -156 -224 204 -18 152 -37 -97 -118 175 165 163 15 -220 118 -76 -13 -147 19 -226 -45 -69 242 -19 -199 245 -40 137 65 -70 -141 53 169 219 -58 -154 -134 -189 113 114 -232 184 -228 -247 215 -109 -125 25 -61 148 182 29 232 167 129 46 69 -244 145 -243 -214 24 -119 
TEST 179 ARG:98 -37 17 174 163 -194 -38 228 -247 45 -215 -115 -31 19 184 30 -11 245 -165 93 173 -160 -196 105 8 89 131 122 193 148 157 -43 2 67 112 -166 -230 189 58 -24 -52 -214 27 -71 -201 -94 -119 138 120 -197 134 23 61 -208 -50 49 -139 166 135 -150 36 86 -220 -234 -117 -235 -212 -189 202 -91 -6 171 188 -141 62 -41 210 -238 221 -171 -239 -168 225 18 -142 244 -79 -163 3 68 47 -156 53 208 -18 9 -155 -47 147 119 -67 154 -179 139 -207 -209 81 155 -89 132 209 -60 136 -39 149 196 90 175 -186 246 54 6 207 141 178 91 -240 176 22 -188 -2 143 64 -15 -86 82 243 198 -114 230 40 -138 -222 185 -241 95 -149 11 -9 -237 -217 -146 -57 133 37 -25 46 236 -248 -178 97 -13 -159 41 42 203 79 -250 227 -101 162 -184 -216 115 -111 -82 20 -110 -143 -87 -10 -120 170 66 -58 126 181 -42 229 200 -33 235 10 -14 -204 -180 186 153 114 158 -157 -224 -4 -153 -3 -132 15 -226 111 -96 -76 -85 -191 96 213 116 99 191 35 232 5 -121 57 -113 25 248 -176 -5 -123 -185 -109 -228 94 118 169 -221 -145 104 -63 224 -83 75 -162 -148 -107 -231 -116 238 0 211 -16 -56 -44 34 -118 128 218 -137 -198 -99 -140 240 -147 -81 12 60 -48 -130 -90 -34 -1 168 69 -124 -108 145 31 43 7 77 -61 217 165 -177 237 -103 -205 72 123 -161 177 152 137 -225 -32 -190 -200 -136 117 -229 29 -19 -35 159 226 -232 -211 -243 -66 -104 187 -199 -53 110 -182 70 -218 51 -112 109 -72 -100 88 130 -133 -244 -69 -78 -65 50 -131 125 -12 -59 101 -7 -164 100 65 -129 -125 -158 212 167 -55 -151 -62 -29 -73 121 140 164 107 180 -98 192 -74 -187 -192 195 223 214 103 241 -26 -23 -22 -97 80 -77 52 -135 -84 242 -68 -170 161 56 -169 -144 -195 -102 197 142 -249 -202 -242 83 71 -126 -17 -93 204 233 -92 -154 156 1 -219 -223 -236 220 151 -174 21 -172 239 -122 -105 -80 190 39 -95 -167 -127 -181 247 -75 -46 -152 44 -36 222 124 183 219 113 76 4 106 -227 199 74 108 -128 73 59 -106 16 14 33 -206 87 -21 85 194 -213 102 78 160 -51 146 -54 92 -8 63 -30 182 -193 -70 48 -45 216 -28 84 215 -183 249 55 172 26 -27 -173 38 -233 231 234 205 -88 144 -175 -40 127 179 -64 -49 150 -203 129 206 13 24 -134 201 -210 28 -20 -246 -245 32 
TEST 180 ARG:-89 90 -40 -18 204 0 -13 40 -63 -214 189 -148 64 159 -142 -161 -65 161 -225 120 239 145 -34 -237 67 -250 -147 192 24 -117 -220 188 -240 86 -73 209 184 166 -88 -30 211 132 98 -116 -204 1 -200 -144 14 76 149 60 -182 147 -208 186 80 -232 174 160 4 244 96 -131 -226 -126 -72 103 -249 106 10 -206 237 -164 208 -26 -169 230 -119 -137 -157 -179 113 -229 -93 178 107 -194 51 35 25 -4 32 -31 44 74 -70 191 110 182 -87 220 -198 -90 227 232 130 163 -141 92 79 242 157 -224 -248 -124 93 -118 126 -160 -207 -170 -27 190 104 -218 18 -140 81 168 -3 -81 -108 -127 -234 -57 -222 -75 -1 23 153 -56 -59 -109 -151 226 -190 171 -21 140 -159 111 -41 235 19 238 -213 -49 -78 -110 -96 118 221 -238 -174 245 248 72 -236 234 45 29 241 133 -11 -38 138 12 50 41 -189 -162 95 -187 -114 -82 -45 115 -105 6 -156 -22 215 155 214 198 173 -152 -227 -153 -223 146 42 -172 176 73 -193 -125 246 -10 -173 39 -191 -150 -183 52 210 -210 43 -55 -168 48 3 -197 -134 -44 -60 -5 212 -188 -120 34 -243 102 -158 54 194 144 -219 -135 175 -53 177 -48 240 -39 -29 141 -24 94 85 -54 -20 78 -231 143 28 119 162 206 -145 -175 -199 -163 -71 -202 -184 -185 -101 229 122 82 -91 169 -166 170 -77 -104 183 -244 -235 -47 -14 -201 -195 57 53 -102 125 -171 -33 -146 109 -19 9 -167 219 84 222 -103 218 -165 187 -143 -205 -217 77 -15 38 -67 -128 105 -196 -9 -242 -245 -121 15 -79 -246 -66 180 11 -177 62 71 22 203 -215 13 31 -230 236 131 -92 -111 59 17 101 66 -46 55 151 -61 -233 152 123 196 -8 114 -154 199 -12 -155 5 136 247 165 -85 83 228 -2 167 87 -203 207 200 -133 217 121 231 -64 -36 224 -6 -52 -106 116 -28 -16 27 -99 134 -37 201 -84 -80 -35 124 2 216 148 88 8 -115 89 -100 -138 -98 -107 -17 97 99 -180 56 -228 156 -95 -86 -51 -7 154 -42 179 108 16 -97 -62 -112 -216 172 202 -241 158 -69 47 26 -136 -74 -132 -212 213 21 -176 -130 193 225 -58 70 -129 -76 -181 -139 -239 112 243 164 -211 -32 -221 185 135 -186 -122 -192 -94 139 -43 195 137 65 150 -23 127 205 20 197 128 58 -25 69 61 117 75 -149 100 37 233 46 7 -68 249 -209 -50 63 -83 91 -123 68 30 -178 -113 181 129 223 33 49 142 36 -247 
TEST 181 ARG:164 234 81 78 238 -245 -139 -217 -212 -15 -243 -21 -176 -150 71 -210 94 201 -158 1 44 17 -121 176 -20 193 95 -42 -230 -107 48 31 -247 27 -159 133 142 82 248 35 56 241 -34 -118 -46 -12 -35 -64 -157 58 115 -165 12 111 -147 108 75 -130 168 -43 -27 -239 -143 125 220 123 -6 -218 -117 -10 101 11 152 26 245 -177 46 40 -116 -204 149 -89 -44 -99 161 61 23 -86 240 202 -115 167 -77 130 2 118 -51 -248 -28 10 -183 140 -14 -172 -186 -182 39 -78 -106 210 -8 -178 -79 -249 -39 -180 230 -59 -17 160 -198 211 -103 16 208 153 -1 -47 178 216 194 -228 -25 89 62 -76 6 215 -32 141 -36 102 183 63 -124 145 -156 91 -104 98 -219 117 36 229 -223 204 -96 -105 97 -40 128 -60 249 129 -246 -221 213 -7 192 -238 74 60 132 -133 -127 -148 -5 182 173 54 107 64 -188 233 -97 -72 217 -45 -132 154 -38 21 42 103 110 -19 -227 53 -22 -216 -226 87 -152 163 13 223 214 -187 -135 -250 45 197 104 200 -54 247 151 -232 93 -92 -136 -65 -205 -55 -197 -141 -233 -194 -120 52 -11 239 -2 -126 -231 -153 -149 169 -174 -140 180 -114 -207 165 -49 -195 19 -95 -236 186 -163 25 134 106 246 205 -73 -181 121 -74 8 -215 -84 -100 222 -189 70 198 174 -111 -173 -80 37 114 -91 138 -119 -13 166 184 7 -170 -90 -3 122 -57 15 -29 -37 231 -101 -123 159 -171 -229 -235 -61 -214 77 85 20 -208 -108 -225 69 236 -154 -151 -53 83 -167 131 22 195 -93 109 -164 -211 14 59 135 73 -166 76 -179 38 -82 171 119 147 -142 -203 -102 86 -94 55 185 -24 124 18 49 100 80 -209 30 -50 24 -200 -66 188 -201 157 -128 170 139 -87 -63 181 146 29 -122 -52 158 177 -131 -224 0 -110 -33 -144 43 -145 -71 212 136 218 -222 -175 -41 137 144 -190 -213 -191 -242 -67 156 126 -237 196 90 -240 -185 96 112 32 68 227 -9 -109 242 -125 175 -234 99 -18 -75 243 28 -161 -85 189 232 57 -192 172 -23 -26 -206 143 66 148 -160 88 -112 -241 -48 113 -16 237 72 -169 105 -81 235 -168 -193 65 150 -138 155 116 -88 207 224 203 4 47 -68 -137 187 -162 226 84 41 120 209 191 50 -58 34 179 -56 199 -134 221 92 -220 206 -98 190 -146 -4 228 9 -113 162 -199 225 -70 244 127 3 -244 -30 -129 -196 219 33 5 51 -202 79 67 -31 -69 -184 -62 -155 -83 
TEST 182 ARG:-171 63 -81 -111 -175 -10 -166 -55 23 120 -197 -250 -77 17 -19 58 -232 182 27 -130 -135 113 -49 230 3 124 126 195 52 -87 106 171 -216 206 -237 -119 29 -62 75 -127 35 98 169 19 -203 139 -142 26 191 -133 121 132 65 160 -214 -185 -180 142 -238 -16 235 101 -2 100 -120 225 -170 -46 -60 66 -73 -65 146 -110 -22 -212 6 28 187 22 -125 157 222 74 -75 4 147 154 -27 -248 43 14 -156 -30 -45 7 42 -194 240 102 163 -177 196 170 -153 -217 209 -244 -201 -72 48 -200 -4 -140 -103 -48 167 247 -169 -91 207 -184 -154 -24 -63 -82 233 109 179 69 78 -131 -116 -233 218 -12 -56 -242 107 -85 -37 -94 197 93 -246 176 131 39 -36 -69 -202 -128 -11 151 -9 -50 -195 149 18 45 -152 30 13 155 90 220 -104 -179 -117 37 208 -161 -231 -225 150 -109 184 -146 152 61 -101 88 -240 -191 127 -43 -147 148 -230 177 -229 59 -106 -167 -181 -5 -32 73 -39 -189 16 168 -148 24 156 -165 -90 178 228 158 -210 -122 -112 -67 -86 242 -35 162 -137 112 115 164 79 15 227 -155 -228 -92 -89 12 -160 -134 -224 64 -220 -226 81 188 -223 145 -15 -172 62 122 46 211 -20 231 234 47 216 76 185 -173 -138 -47 -84 -157 -97 -59 111 -74 237 -149 36 166 67 -54 53 -7 -25 97 -132 9 140 159 82 70 130 84 134 -80 204 141 11 49 133 -164 -96 96 -136 217 117 -51 190 137 -241 226 224 -40 -23 -124 -129 201 57 143 -183 -188 -192 116 203 -236 244 -79 -70 55 -187 1 89 103 236 205 -83 -207 128 -211 -68 -151 199 -121 -247 -218 -14 212 -26 -115 -6 -95 -34 -57 87 -58 219 172 175 243 136 -209 -150 -18 215 214 125 68 180 -123 -243 248 -227 -222 135 -126 41 -98 60 -44 105 50 -71 -234 249 -41 38 -100 -52 -1 -190 173 -31 -196 44 123 33 -42 92 -168 -213 238 -162 -159 80 -3 223 200 21 246 -249 8 108 -178 110 77 -28 -163 91 32 -61 86 -17 -113 -21 -206 54 56 -143 -99 189 99 -158 165 -108 186 10 -118 -186 20 153 -139 -239 210 -33 118 -145 -102 95 -182 114 193 0 202 83 -105 -144 -219 -208 -8 -114 -93 198 -176 -245 -215 119 -13 -174 -221 -88 25 -66 -78 2 85 71 -38 51 213 183 5 192 -205 -53 241 94 40 129 245 138 72 -107 -76 174 -198 181 239 34 104 194 232 161 -141 31 229 -235 -64 144 -199 -204 -29 221 -193 
TEST 183 ARG:58 36 83 200 62 -91 206 28 249 -49 165 213 -165 -63 106 126 80 222 211 8 -45 10 245 -189 -208 -28 65 88 43 -24 90 -107 -156 -241 215 -153 -200 -199 53 -164 75 6 155 -183 -152 34 -13 45 -225 -61 -132 -26 113 203 -247 186 -177 18 145 -169 15 177 48 156 -115 -62 -12 231 -125 -222 195 105 -210 -224 -145 -33 144 -94 204 139 -218 -70 -114 -154 96 73 103 -155 -116 138 224 229 -211 168 -117 27 -123 -41 223 -79 -98 92 78 87 110 163 150 -78 -105 77 -220 -6 -181 -142 69 20 225 190 -122 86 135 180 -203 -15 199 -46 7 -133 -129 39 -47 -40 -163 -82 191 -233 -65 226 -38 -192 -244 -201 -21 -227 -72 -202 221 -60 -76 -179 -53 68 -168 -246 137 54 232 118 -54 31 -219 57 13 -16 114 173 217 49 -42 192 -249 -113 -173 172 196 -55 14 -248 111 109 71 3 -136 -144 -104 64 -106 197 -172 -92 242 166 35 -229 4 44 -87 -146 -67 66 237 -141 240 -166 171 -20 -1 115 -236 131 182 -127 219 112 154 123 95 30 132 -34 -171 239 -75 230 -160 70 -81 -83 -108 -135 233 -30 -58 208 102 -88 176 159 -56 1 107 -48 -178 -100 -234 246 -167 243 216 -99 -230 198 -170 -190 -161 50 67 -196 244 187 -194 2 134 104 -111 -134 -7 -77 -221 42 -158 -35 248 -209 202 193 153 38 -8 -148 116 -235 -39 -66 183 -223 130 76 169 46 -59 205 -95 -69 220 -197 -186 -120 12 -2 -139 -182 -27 89 -5 -4 -198 160 241 -32 -239 148 16 235 -238 140 -174 167 133 -213 141 209 82 158 -131 -175 -52 -176 128 -74 85 -73 -86 84 149 25 -231 124 37 -180 228 -204 -109 -103 79 146 21 151 -89 -121 -226 -80 -138 -243 -37 247 121 -214 -9 210 188 -147 125 5 -206 -51 60 -84 -205 19 -207 -112 152 72 -232 41 -193 98 24 -43 -128 178 212 207 -124 236 194 -23 -188 227 22 -17 55 -36 218 -97 23 162 99 97 164 -18 -237 -149 -93 -195 136 -250 184 59 -130 -31 -22 17 185 -50 -191 -102 234 -10 -242 32 -96 61 -151 189 -57 47 81 -157 101 127 181 56 -159 29 -162 -19 26 -137 -71 100 63 108 147 122 -68 40 175 94 -187 -25 -110 -140 119 -14 -185 -11 52 161 143 157 -215 120 -118 -3 -150 214 -126 -44 -29 -90 170 33 -228 0 201 51 142 91 179 -212 174 9 -85 -119 -64 -184 -143 11 129 117 -240 -245 -216 238 93 -101 -217 74 
TEST 184 ARG:-58 -193 238 191 -164 -122 -136 -72 1 -54 -234 -141 61 -159 13 -227 92 207 85 -69 -210 75 244 -172 -45 24 217 -225 -123 84 21 -29 -170 -188 -207 153 187 11 107 157 26 -4 237 196 -240 -238 -48 -152 -39 -203 -24 -214 121 130 212 -28 248 74 216 77 119 25 47 -173 195 95 103 -111 233 42 178 -63 -235 198 -53 -187 -125 -250 -184 45 2 -192 -86 -232 -106 -242 23 124 -94 76 -114 145 136 -246 -241 29 -135 -119 9 -180 108 -80 -185 5 -223 -105 -208 -199 79 -2 -34 -182 20 57 132 193 114 98 -144 83 -202 -35 -109 104 -245 -90 -229 -27 51 81 174 70 -149 -118 48 -110 -213 -42 88 -89 -32 189 -30 73 -112 -146 -145 38 169 33 -226 183 -221 172 -13 -243 -113 181 -66 -82 170 -56 55 -116 30 249 -156 205 154 168 -22 72 96 215 192 12 90 234 -191 226 -7 206 60 34 200 197 6 247 141 -222 -127 -83 110 -46 127 14 -249 -134 0 -99 224 209 -231 -150 -167 -120 -68 93 28 -162 -74 133 176 147 167 -64 8 -196 64 -176 54 146 177 -169 36 -155 -132 218 44 94 22 190 131 243 -44 199 -233 142 -93 -217 -147 185 182 134 123 241 18 194 166 128 -76 62 165 235 227 151 31 66 -79 240 37 -95 -166 -20 27 63 -189 86 -179 102 203 106 -157 -41 -96 -19 -85 -130 -8 -61 -21 67 -126 -31 -17 -9 -153 140 -23 152 -52 159 -138 -107 171 -194 156 -67 222 69 208 -38 -49 220 -181 -73 -142 117 -131 118 -103 65 -129 -16 89 -168 149 -198 53 236 -87 32 -25 143 210 -91 -151 -139 -78 -248 -40 -143 50 -57 46 163 99 -101 112 7 173 -195 -14 82 -62 101 150 -224 78 180 19 -177 -212 246 221 -163 -50 228 -236 -104 -220 35 -237 -37 -55 -211 -183 -70 -81 245 -140 -92 39 71 -204 -206 -77 87 41 214 -33 -115 -148 148 109 10 223 80 -60 -205 -108 -165 -43 213 -247 97 -5 230 52 225 129 -117 184 -97 229 115 116 -75 -175 59 -59 155 239 211 105 -100 40 -228 135 113 202 111 -18 -15 -230 137 -51 231 56 144 161 -11 -65 204 -88 -26 -219 -171 138 -158 -128 162 186 -209 158 58 125 3 -178 43 -47 16 -36 -216 188 -133 -6 122 -190 -3 -160 -137 -12 219 164 139 17 -244 -161 -102 -154 -201 -239 126 120 -197 -215 100 175 -121 201 -1 -124 15 -186 4 68 242 -98 179 -174 -200 -71 91 -218 160 -84 232 49 -10 
TEST 185 ARG:-81 -153 87 59 -7 36 -146 -57 -144 227 -202 242 -200 209 -238 -243 100 -24 213 237 131 162 -178 141 47 61 -177 -112 183 -222 -32 236 106 132 -139 -208 73 -126 18 123 217 -185 161 90 198 -236 210 -140 -71 228 -239 157 54 -100 -158 -195 108 -151 -216 43 72 -211 -37 -94 67 -67 -30 169 248 -194 63 -54 -9 229 165 223 -34 180 50 1 -196 62 -102 177 94 164 -31 -86 240 179 -23 -221 -97 136 -162 139 -231 -106 19 107 -205 83 45 -130 -123 -176 -160 -22 207 -111 11 -28 25 -90 -192 -136 147 -142 -154 42 -58 222 -85 159 -237 -27 98 218 241 137 26 186 115 -75 -212 121 -14 -21 -77 -4 200 99 -131 51 23 -213 -18 -250 -121 88 -95 21 -110 -197 219 -218 -108 -119 226 77 171 -41 -59 -93 158 17 -148 93 101 -60 -16 -129 55 -210 150 -42 -107 13 -109 211 27 -50 117 -149 -120 154 178 -118 114 -40 -74 104 204 173 -167 -188 187 -164 129 -168 155 -73 142 -17 -193 -8 58 112 102 -157 -33 -219 -12 -122 -182 -203 126 -51 149 -220 199 -82 -87 -170 70 -78 76 48 122 244 182 -152 116 -234 7 15 197 30 52 -52 172 221 -249 33 -15 -199 -80 -64 -79 189 -166 119 -91 -247 239 -132 -72 -179 -141 -38 -135 20 224 202 -189 -36 -227 40 86 -191 163 215 8 57 205 214 -174 4 238 -225 246 -184 -47 -55 65 143 -83 220 195 140 -226 2 168 -163 16 138 216 74 -245 235 -186 190 201 75 46 85 144 78 196 203 89 120 175 148 6 95 92 -125 -70 -105 174 -143 -206 176 -230 0 -233 -241 56 -20 -165 118 32 -45 243 247 82 91 -215 -147 124 105 5 22 -246 -116 133 41 31 -124 35 192 193 -183 -13 -214 152 134 -19 -3 160 191 -65 34 -229 -204 -223 -117 -2 69 231 -1 -207 -128 29 -114 -99 -180 233 153 71 113 -235 -5 103 -68 249 145 97 130 -113 -150 68 -10 -104 234 -53 24 156 12 -61 66 -127 245 110 181 212 60 -46 -11 64 -198 232 -62 -96 230 206 49 -89 -29 -39 -35 -137 79 109 84 170 -25 -173 -26 -88 39 -115 -63 80 -190 -101 53 -240 10 -156 -244 -224 3 -161 -84 -228 -138 -248 167 -44 208 -98 225 -171 44 -134 37 188 -76 -56 128 96 146 -159 151 9 166 -209 -232 -187 14 194 -155 -217 -103 -172 -43 127 -92 -6 -145 -201 135 -242 111 -69 -66 81 -175 -49 -169 -181 -48 185 -133 125 28 38 184 
TEST 186 ARG:-230 -77 -189 -114 -97 141 89 102 -207 63 -191 215 171 -99 -59 -238 -119 41 -138 -52 -223 -32 -215 -225 78 -226 96 232 -84 83 -178 231 115 -129 56 46 177 73 138 221 51 -187 168 -47 -8 -64 -111 236 91 -198 -6 81 244 175 7 -203 -232 90 -110 -219 86 146 119 -24 -139 226 6 134 -186 159 -4 -74 -137 179 24 -217 -168 114 -206 -128 -56 -96 44 180 238 121 -250 -193 -181 149 -224 22 -102 136 248 158 164 3 166 50 -242 104 -202 165 -82 -100 150 124 -157 5 125 -211 107 9 -182 -216 -7 -228 -229 105 195 -146 208 58 247 0 -16 -126 -112 152 160 -22 183 230 -161 55 100 -192 137 206 37 -35 16 32 148 -81 15 52 48 154 -174 211 111 -220 98 -170 132 29 130 30 -221 -66 -166 -58 240 -247 -41 69 -89 -38 201 -141 -243 42 191 35 139 120 -231 80 23 -43 19 -75 -10 -195 212 -51 -9 -204 36 -185 -116 -104 10 -147 -87 68 -12 94 -61 162 -40 -177 -150 -15 72 25 95 -153 20 99 47 -197 -160 -241 -142 -49 113 -21 169 -26 -18 -76 97 11 106 -208 -27 245 -14 -165 222 200 -44 243 -60 173 117 207 -83 75 -190 -107 -155 185 233 -3 -79 -151 128 92 123 -90 34 -199 241 39 151 229 71 155 2 -69 -148 -85 219 -246 28 61 -244 -25 140 209 -149 -152 192 -48 17 45 157 147 74 -13 -233 202 204 -93 -71 21 -113 -163 76 -239 -37 174 135 -209 167 40 57 -63 101 -212 -200 -125 -164 -171 194 -183 -62 108 -156 193 189 -159 -130 -201 227 87 218 33 -95 -169 -240 -235 178 79 27 -20 -140 -57 49 163 -179 -28 176 -194 -172 -120 4 234 -29 142 31 199 -143 -249 -205 -180 170 133 -46 26 235 -162 103 -88 -53 205 220 -30 -68 -133 -70 -213 -218 214 -154 112 224 -167 -19 18 129 -45 59 -36 -11 -67 -236 -124 -248 43 216 -54 -1 -105 77 60 153 -145 -188 145 109 182 -31 188 196 -55 -118 -34 210 -108 67 -131 -80 -175 82 131 -73 1 203 -50 -158 -121 -214 8 -237 13 -78 197 225 161 -17 -5 126 -92 181 116 239 217 -210 249 186 -2 -144 -123 223 12 -117 -72 143 -132 -245 -136 -39 -184 70 -101 156 -33 -23 84 53 93 -173 144 54 -135 -91 127 -103 -127 14 110 213 -222 172 -106 118 228 66 -134 -98 64 -109 190 246 65 -94 237 -176 -86 62 -122 -65 38 122 187 -196 198 -42 -115 184 -227 85 88 242 -234 
TEST 187 ARG:-97 3 95 138 30 -93 103 87 18 -187 164 26 -70 148 185 2 -207 -171 39 141 -147 166 -127 -223 152 192 -25 -130 196 -216 193 -201 27 150 -138 64 -62 36 92 -228 157 86 -91 223 146 156 29 -155 66 -166 -242 -134 127 221 -238 -170 28 -8 101 214 -133 -40 74 8 165 53 123 102 178 -149 51 100 -73 -189 -83 -160 -177 -195 -240 96 -65 140 -227 130 -208 -157 -76 -186 50 -136 -72 -13 -144 71 -174 144 -137 -43 37 215 191 76 213 -90 -17 -203 162 230 -153 139 -243 -163 179 63 -151 4 163 158 52 -30 -95 235 -120 122 -224 -148 -18 -230 -184 -125 -9 233 -161 -141 121 -60 239 -58 126 -176 109 224 147 210 -164 -204 203 172 89 -135 -146 -226 -192 -3 216 176 46 -248 218 -175 -85 -193 188 -81 -7 44 175 72 120 40 -36 234 14 -33 209 155 85 -82 20 -211 21 -154 129 -116 58 -152 -110 187 -63 -124 -129 -202 -150 -86 -190 151 -182 -168 33 -6 78 -188 -225 25 -234 167 -173 177 229 -145 -162 -99 -169 -239 23 -215 -96 17 133 -11 212 -44 -229 132 -249 42 240 -197 -28 131 232 -49 90 171 205 180 -1 -4 173 15 35 -245 -143 -126 -22 160 207 -15 67 -178 -142 80 -180 159 168 34 60 170 201 24 -5 -52 -108 -232 119 -119 1 113 134 98 -84 118 7 -2 -181 -105 -131 -212 48 243 -101 -98 -20 225 -61 -128 -114 -32 182 -159 -45 84 9 -191 69 249 -233 -39 -46 -219 -56 68 -210 154 91 169 137 -26 -139 -236 149 -87 161 197 47 -66 -185 -74 83 222 62 -94 142 -205 108 -80 -102 77 181 111 5 -19 117 -198 32 -27 217 248 -206 49 56 11 219 -53 94 -48 236 -21 65 -122 88 79 -109 -54 -64 -123 -57 -220 -77 -55 22 145 125 -200 -112 -71 -38 -41 199 99 184 105 -42 75 -213 107 -199 -12 246 70 -24 -10 -75 -194 -107 195 -244 -29 110 245 -156 -247 -165 -179 -31 -37 61 -59 45 135 136 -196 -69 -117 -246 -104 115 -51 -241 237 106 -16 -209 244 174 -111 54 -35 -235 124 -121 -237 226 -132 200 10 231 -115 93 -34 220 -92 227 0 43 31 -250 -214 82 -140 -79 -221 55 104 -183 -50 238 16 13 116 208 194 97 -100 -88 -103 198 -231 12 206 228 81 189 -23 41 19 -78 112 -118 247 57 -167 186 38 -47 6 143 241 -106 190 183 -89 73 114 -217 -67 59 242 202 153 -113 -222 -14 -218 -68 211 204 -158 128 -172 
TEST 188 ARG:-27 131 -25 -222 143 -79 -181 231 -210 247 121 -86 -234 27 -247 -160 185 -177 -244 145 -240 -47 -42 -165 84 -151 173 52 180 -12 -248 141 189 -99 75 12 93 229 -245 -30 87 14 -182 0 179 105 18 245 -207 86 17 -58 -168 210 135 -233 -146 199 -1 -32 -241 3 219 238 -172 148 58 155 -198 -193 130 -218 -161 71 124 -212 -68 88 -232 97 43 175 74 215 81 -129 -205 126 19 -35 -101 100 49 -11 227 2 -197 -235 -116 -91 79 -20 -67 -122 51 181 -227 197 -178 -230 -108 150 118 -188 241 -179 -92 24 -104 147 -125 -48 -143 -148 -65 -56 -140 -21 152 -145 68 56 -191 -156 55 -183 115 -206 -159 -134 65 138 -213 -8 33 -57 -112 136 -71 132 228 117 122 120 142 184 11 -61 220 -214 233 -173 246 -10 -220 22 -74 15 83 89 23 -167 128 107 69 -14 -13 110 -203 -66 36 80 -216 -89 30 1 16 190 72 37 -236 218 149 209 -109 195 112 -219 -201 98 -49 137 -78 -153 -131 200 -163 -171 -28 -17 -19 -189 90 -15 -43 -73 102 207 194 -85 -63 42 139 -139 244 66 -141 123 46 -94 20 96 -132 108 159 -180 165 92 -24 205 119 125 236 45 -250 -117 -53 31 -62 161 113 183 163 -147 -237 -215 -113 -204 -80 168 -224 151 60 235 -38 -4 -120 232 -105 -195 164 -137 169 167 -136 243 -202 48 214 -64 -70 225 222 -5 -36 -23 -194 -221 91 -126 104 -9 -229 -41 70 -174 -157 -76 127 -55 158 35 -40 103 -185 172 25 -114 -39 160 -34 -150 186 -211 224 -200 -149 9 94 -3 140 -118 -170 176 -138 182 223 237 -209 -175 -45 -60 -37 4 191 -31 53 -90 8 -87 -169 -26 -97 196 156 39 101 64 -50 171 193 178 -239 41 -176 -84 -187 166 -217 188 111 -111 5 44 217 248 -228 -144 -128 -119 -93 -77 -75 40 192 204 -225 -82 134 154 26 116 -29 -164 -121 -196 213 34 -22 -103 50 -124 146 -98 63 242 -106 198 -52 203 212 162 10 32 -186 206 -166 -162 -192 -135 29 -190 129 -133 226 -226 234 -249 -231 216 7 -51 201 -44 249 78 208 -54 -158 109 239 144 106 157 21 62 13 -123 -152 187 -154 -69 -83 240 -243 38 -72 -46 -155 211 57 -18 -142 153 -96 28 -223 -102 73 174 -246 -6 133 -2 -81 -242 221 -107 170 61 77 202 114 82 -7 -127 67 47 76 -110 -208 -16 -33 177 230 59 -115 99 85 95 -95 54 -199 -238 -130 -184 6 -88 -100 -59 
TEST 189 ARG:201 -56 -150 -202 -190 -91 55 -86 -21 31 -81 -113 -27 202 -241 57 122 -196 -198 143 -188 -203 80 24 212 154 -208 105 -8 -68 51 -88 128 22 116 -155 217 -12 -92 -51 205 -75 -245 20 -209 157 50 211 -248 117 -146 94 -130 103 59 109 79 -57 -197 -223 133 -225 66 -15 244 121 33 -147 124 -38 -171 32 -178 -163 -59 142 -45 226 -31 -224 -194 242 61 82 21 -124 -189 -207 -231 125 14 -233 -20 231 -132 -144 88 -123 48 -242 197 -219 132 -76 -65 -109 -102 138 -24 98 18 173 -215 -39 -180 -218 60 71 177 127 -48 136 -174 144 -96 -153 28 52 148 -106 -139 163 39 166 -98 -206 -85 -169 86 -135 -165 -43 36 164 -149 222 -136 -244 194 190 180 -55 -249 -230 -30 219 -239 -5 -9 17 176 106 -42 238 -122 -77 -70 38 245 249 -221 -199 150 236 240 232 227 -179 -23 152 -170 -60 123 9 75 204 -201 -74 118 165 78 140 7 -145 12 -84 -25 146 -192 230 5 13 -205 -125 -167 -127 -143 -129 -50 192 27 -53 90 -236 239 -6 -246 -204 -32 -159 -177 -237 139 -94 -195 3 83 -142 -148 65 -41 4 178 16 -29 113 -4 58 26 -52 -183 92 107 174 134 -141 135 99 77 68 72 -115 -40 49 -104 -71 -243 214 -72 -103 -214 189 62 -28 129 -173 81 67 248 179 -138 -100 -158 73 19 151 -111 119 -62 161 186 112 -110 -210 233 -182 76 188 -250 169 221 -126 -157 195 91 -35 -185 56 -105 147 -97 198 -46 215 -227 181 159 -36 -151 85 10 64 218 -79 -69 -78 -228 -54 156 237 -13 -161 11 -235 -26 158 -116 168 25 -95 96 223 -93 54 -191 167 -3 97 170 37 1 -11 131 149 -176 -175 44 -154 -80 -83 246 175 241 -184 6 137 208 108 228 53 -118 -22 -2 -181 210 -247 -47 102 -19 182 -240 -107 114 8 -34 145 207 43 243 -120 -212 -18 206 -137 213 -222 -229 -193 -234 196 15 69 -49 -217 191 0 47 160 70 -58 -82 172 95 120 -160 87 111 42 -140 -152 2 41 155 -213 209 115 171 -16 -37 -101 -108 -226 -133 200 -7 30 45 229 23 -220 -87 185 234 35 -64 -156 100 126 183 184 225 187 -119 -33 220 224 247 130 -186 -121 74 141 162 46 -14 -164 -73 -238 34 104 -162 -90 -166 -89 -10 40 -232 235 -61 -44 -112 193 63 -66 -168 -216 101 89 -1 -134 -128 -200 -131 -187 -117 84 199 -114 -67 203 93 216 153 -211 -17 -99 29 -63 110 -172 
TEST 190 ARG:215 233 144 20 236 109 -31 173 207 19 -183 132 -74 68 -250 -23 -95 -169 77 3 -112 57 223 192 -115 14 -203 174 27 238 156 242 191 211 -118 134 -216 74 -131 -47 -193 101 -142 -210 247 45 -107 85 -136 -66 87 15 185 249 -28 206 -68 -149 56 203 99 184 -38 -15 143 107 -235 -51 133 -217 212 -237 -166 214 -110 224 26 64 -106 95 -7 -213 243 241 220 -13 -34 -19 88 -88 154 -190 199 55 -165 -99 229 -64 -160 -191 -158 -93 -153 240 -236 8 195 22 -40 -215 -36 -48 129 -116 -57 163 140 -114 119 230 79 213 -232 -239 208 93 -196 235 -67 35 -231 104 -222 -26 125 -1 50 -242 -105 152 80 63 -246 -162 131 -16 -8 -83 -209 -185 32 100 237 -75 97 -46 -208 28 -17 11 48 164 -161 -35 4 -229 226 189 138 -225 216 -41 -18 -25 -194 91 -61 81 60 37 24 -130 -86 -141 7 135 217 151 -156 83 53 105 -3 -146 -124 -206 -78 43 36 76 -197 115 194 -173 232 -22 -126 160 0 -44 -212 13 -171 -159 -91 47 84 -163 -201 130 21 145 -152 -135 112 65 -72 205 -238 -181 10 -24 200 30 225 -205 128 -132 -214 158 -123 -101 -43 -58 197 -102 94 190 -154 59 127 -234 168 49 -121 218 41 -45 33 23 146 111 -119 54 -49 198 -111 -10 -220 -12 -172 -84 222 86 -186 149 75 66 246 -157 110 -96 176 16 -56 169 96 196 -100 12 167 -54 -104 120 177 148 67 -33 188 -133 171 -227 165 -80 70 6 -20 -14 -240 -122 -143 -249 -204 -21 -184 -202 -211 126 -137 -87 113 137 -177 72 -176 166 -243 -233 -226 123 -120 -62 161 -125 186 204 90 153 -2 -170 -37 -77 221 -109 -155 219 178 -139 29 18 -4 -140 141 46 -79 -128 58 -42 -219 -144 2 -97 124 -200 118 -174 103 52 -180 89 -188 -5 244 175 170 -113 51 38 -192 -103 -138 -134 -178 234 -52 -81 136 -73 -6 31 -230 -117 147 -218 -50 150 114 -182 -228 9 157 -108 -29 39 -127 -168 245 -39 -60 -151 34 210 139 -69 40 162 -207 -175 106 -70 -63 -76 187 180 -221 -65 209 -198 -11 201 -27 -89 159 239 -244 -179 62 -71 179 61 1 -167 -223 -147 69 -92 -9 181 183 82 -32 -189 -245 231 44 172 -199 202 142 -247 -224 -129 108 -148 121 -241 71 117 73 25 42 92 -187 228 -195 -145 -85 98 122 -82 -53 227 -90 -98 -164 17 182 -248 155 -150 -30 193 78 -94 -55 5 116 -59 102 248 
TEST 191 ARG:-161 -102 65 -134 201 -135 -64 12 -20 -228 -179 190 -191 163 209 -69 49 199 133 -53 211 7 138 39 77 146 -40 -225 137 229 -34 83 128 23 -239 116 -63 -106 -94 223 -43 27 32 -205 -180 101 224 -207 -107 228 139 74 -215 -91 135 2 76 -203 129 208 -176 0 -98 219 165 -164 217 113 58 193 -7 -206 218 -142 71 239 172 18 8 -184 -29 -35 -162 38 -77 -128 179 153 92 -88 143 99 151 159 15 -235 -23 -248 -109 -155 -136 -211 -163 164 174 121 13 122 234 52 89 -83 -165 -96 -124 1 28 88 -234 185 -126 -216 80 150 -159 -105 -86 -195 -188 247 -112 -67 -143 106 -150 -21 194 -76 43 -178 68 -52 -229 103 -218 -241 -17 232 207 -212 -121 82 -249 112 184 127 -167 37 -245 -160 162 30 56 -71 -125 221 16 -50 -90 216 -223 -79 -80 144 -147 -123 25 -187 -28 115 -68 142 -199 100 -59 196 -74 248 -152 -170 -45 203 -186 -93 -202 22 104 181 168 -2 244 59 -47 -3 -62 210 -230 72 36 180 57 24 -24 -39 173 -138 62 5 -231 186 120 -133 -193 161 -130 6 238 206 -198 -58 -214 -117 87 95 -72 114 -166 -60 202 233 -12 147 200 -101 90 -156 -8 -213 -153 170 14 93 -30 198 -48 -196 118 86 91 -157 -238 -222 -185 195 -201 -57 55 75 -5 -33 -26 226 -233 -224 -232 -226 -1 -54 -168 64 -18 130 11 -118 235 -247 171 63 -141 -27 188 -139 21 -41 35 84 237 213 124 4 -115 31 230 -221 -116 73 197 -171 -114 -173 -210 214 -55 -25 -192 -227 -56 -244 61 -84 241 40 96 140 107 -92 -113 148 -111 -66 109 -183 -85 -6 -78 243 -148 157 -70 -181 236 -172 26 -42 -44 -208 -200 29 33 -204 -151 227 242 -122 81 -182 -75 -220 204 215 176 -108 -104 -127 225 -236 132 175 246 119 -95 -246 67 189 -250 -16 240 79 -242 17 60 178 19 187 41 78 -149 -140 245 -100 -49 48 -4 -158 -190 9 110 111 141 -175 105 -51 66 -31 -10 47 220 -132 46 123 183 -22 -19 -15 -189 94 231 -81 167 -237 -99 -243 117 149 -146 152 54 -119 70 50 -169 -36 212 42 126 192 -97 102 145 156 -11 108 -110 -103 -177 -13 -14 136 155 -197 131 -37 249 98 -240 158 53 169 51 -144 -145 -137 -129 177 3 97 69 182 -217 20 -46 -194 222 134 205 -89 -120 44 34 -9 -61 125 166 -219 -174 -131 -87 45 160 -38 -65 85 -32 -154 -73 191 -82 154 10 -209 
TEST 192 ARG:-169 90 -17 -249 -155 -182 104 -32 111 -58 66 -93 -89 -24 -214 -172 -78 -13 46 -217 -138 77 48 -81 -184 -126 97 123 -225 -219 234 102 146 -199 172 1 232 219 138 -67 214 178 -52 -37 92 -171 -216 157 -79 230 174 150 223 40 248 -151 -208 87 188 -166 -50 -136 -156 20 162 144 238 -41 -227 -60 -177 37 193 25 243 26 207 -238 205 190 8 152 -45 -137 147 57 -66 89 58 217 208 95 112 -131 -95 -187 107 -38 -141 19 -97 -117 -158 -46 -119 55 -244 30 -65 -204 153 -206 -16 -132 -143 -102 155 -12 27 -175 -2 -61 84 -47 52 -88 21 -6 83 -129 -222 29 196 175 99 233 -223 245 44 -194 125 -231 -130 154 -239 -164 -149 -118 -212 -57 -105 -140 139 -154 98 113 -228 195 133 11 -70 160 132 -10 200 -98 -30 -245 -242 -183 -176 -106 -116 198 59 69 93 224 206 -179 10 41 82 12 -15 -59 -134 -55 131 163 0 106 78 54 -215 -5 221 -122 173 235 213 156 183 50 -9 47 4 -240 73 -115 -125 -233 -87 126 239 -56 65 63 -110 159 137 -152 164 -18 244 -210 -3 -142 94 177 -232 -139 143 -109 -48 109 -77 42 130 -31 -248 15 210 -74 186 -69 199 -83 218 -107 134 -230 -25 101 -8 -218 45 88 -144 -195 197 204 -99 -150 -80 16 192 -42 148 231 23 -205 34 -211 -4 53 9 -76 180 117 38 68 116 -39 -174 228 176 249 -235 -72 -121 -185 -53 -224 212 220 -112 -198 33 -1 -104 74 181 79 3 237 -188 7 145 105 -161 -14 71 136 -75 -221 222 -236 166 81 61 194 226 -192 -123 -82 -114 -173 201 62 -29 -241 -250 60 216 185 28 135 -167 -180 -100 80 -49 -209 -35 -128 158 70 -153 -193 -229 241 -62 114 -203 -170 -181 2 -178 32 -146 -196 187 85 -147 -113 -201 110 -27 215 56 -127 128 118 -85 -200 -159 -73 236 -92 -33 -96 211 -191 -162 -165 -28 -11 -63 -90 -234 -243 167 -44 -190 72 -237 -86 49 75 -94 -160 161 -51 122 76 -133 179 51 209 149 -148 -213 -64 115 151 -207 -26 225 -22 227 141 121 242 246 22 -220 64 24 18 -247 5 -54 165 -226 14 -34 31 120 67 -68 -91 -7 168 -19 171 -202 -163 169 -145 129 6 -186 -246 -84 96 184 -101 -36 124 -23 191 247 119 240 17 -103 39 182 142 13 -20 170 189 -189 -111 35 -197 43 86 202 36 -124 91 -108 108 -168 -71 -40 -157 229 -43 140 203 103 100 -21 -120 127 -135 
TEST 193 ARG:104 -14 -41 32 -89 -242 -146 -67 -90 50 129 -57 -27 -138 -194 168 -12 217 -81 214 68 -192 -153 -213 -127 90 197 -77 -174 56 -225 11 206 97 196 17 100 107 -110 78 -4 -190 48 133 -154 158 193 124 -216 72 -237 -47 -229 216 -120 -165 -156 209 101 -188 16 -152 -231 142 -248 -160 -220 -163 -28 -226 -136 155 -33 1 85 -49 83 19 -209 171 -189 154 7 -217 203 210 -183 -23 -75 -15 219 169 -19 38 -208 111 82 -198 195 -130 -42 215 -141 190 116 -197 -187 -191 -203 -207 -115 188 183 123 247 -87 -232 55 -246 244 151 -94 234 200 -104 138 86 -113 37 -61 184 -145 9 -7 70 160 243 92 4 12 -64 -147 23 -249 -80 245 88 -195 96 249 -18 -182 240 30 -123 -244 208 -6 187 -85 -241 131 -230 -108 -201 5 -53 -11 163 150 -60 -58 6 15 -116 139 -71 -117 -150 148 -59 39 176 -34 -83 61 -65 -170 -224 -98 -112 2 -155 -22 -235 20 -93 -79 -173 182 199 246 -13 112 -149 -132 114 194 -196 -76 -215 -210 22 -133 -131 175 185 -50 -62 -72 121 -177 173 -43 220 118 -74 33 226 207 -180 -40 177 -239 99 31 66 146 228 -172 -70 28 -140 41 -82 223 -236 -99 -52 161 153 -162 -100 -97 49 26 -9 52 -214 181 -2 -39 45 -102 -103 145 87 3 -51 204 -134 -119 -35 25 81 13 -111 117 -46 -205 127 201 212 221 -55 110 71 64 -105 134 -218 42 -176 236 225 -169 46 -109 43 -54 80 -84 137 230 -135 -211 -25 -151 44 84 -114 35 -178 67 141 8 21 -250 167 27 122 229 109 89 189 -21 -107 -56 -219 218 -36 57 103 95 186 191 233 -184 -171 -159 -175 47 -118 232 -158 -161 54 143 -32 231 -91 174 -73 94 -88 -63 105 -44 -129 -37 0 74 238 -48 144 58 -124 140 -240 -199 198 -157 -212 135 -31 -181 -10 -148 227 -200 125 98 237 14 -68 -143 -144 -243 106 79 -168 -166 166 -139 -5 -186 147 -206 -128 75 -8 149 63 76 77 -233 -245 -38 -78 -86 202 29 152 -45 -179 180 -30 -66 130 156 34 -20 -221 -106 132 73 -126 -3 53 120 205 -204 -16 248 224 159 -222 -228 -193 -185 -164 235 213 -96 10 -95 -122 136 179 178 -101 162 65 69 -223 -26 113 -142 157 40 115 126 -125 172 -167 239 -234 -137 91 -247 -121 128 242 -29 -202 108 60 102 -227 222 62 -24 192 -69 170 24 -17 59 165 119 18 164 51 -238 211 36 241 93 -92 -1 
TEST 194 ARG:-48 -157 -165 -101 115 -14 230 98 49 -212 118 -242 -51 220 37 85 43 168 39 82 212 188 243 -52 130 182 236 180 219 -248 -173 -134 -22 16 -191 -241 -19 237 232 11 -80 234 -90 27 -18 -49 -235 -158 -124 109 -59 -126 -34 239 38 194 -67 -230 46 -95 -38 -92 126 29 -234 -189 -21 -128 -217 -164 162 163 235 -46 22 -118 -45 -113 209 -180 224 -177 -205 89 223 21 84 -100 -9 116 67 -26 -41 -36 54 -198 -137 62 5 -83 99 -53 -202 -6 -250 17 73 -201 -162 34 106 198 169 166 -105 167 10 42 -139 -65 -167 161 -196 12 30 -42 -55 -236 -187 -200 -184 -81 -247 -75 -233 -185 196 -232 63 206 150 -155 36 -29 207 229 -192 6 151 -145 -35 171 134 -144 228 -66 -74 -13 124 -85 -120 247 -5 94 181 -243 101 -239 -121 153 1 -152 -15 93 41 113 -25 187 -56 201 -140 139 -102 -68 -112 78 -130 -159 122 -226 -153 -246 -228 9 -10 -116 -238 -86 -106 200 -98 79 137 -136 2 125 -132 52 -210 -223 -150 -168 -110 -216 -244 -141 217 -181 -221 -172 123 65 28 57 20 133 -123 59 50 160 -148 90 114 -231 -240 -199 177 -76 31 -17 103 66 157 -30 -20 69 121 45 213 -54 -135 117 227 -225 0 -91 226 58 249 -12 -143 -16 -1 -4 -220 19 195 -24 -84 40 140 136 -206 -28 33 51 -71 3 -227 222 -163 144 48 -87 -50 -8 205 -60 -222 175 35 4 204 -43 -138 -171 -218 -129 214 80 178 -2 24 86 -89 23 -27 -40 246 -147 25 107 152 179 60 149 240 -3 245 -183 -108 119 13 -166 -79 -174 -69 -179 242 -114 191 -39 -213 -169 70 -149 186 -186 72 -70 210 -131 7 75 -32 104 211 164 102 92 -78 95 -209 185 -96 184 8 241 -119 183 -72 -61 218 148 -204 131 199 -31 88 -249 146 74 -176 -142 -104 -107 -203 -94 231 158 216 142 -188 -125 15 -103 26 -63 128 -151 -93 -99 159 -127 238 154 132 -146 111 -11 -64 71 32 -175 81 -82 176 197 -122 155 138 147 53 174 -57 193 -207 215 91 143 -182 14 76 189 55 190 -197 61 -62 56 248 -97 170 135 -160 -156 -44 -133 87 165 -111 -33 225 -194 -109 96 202 -224 83 244 192 233 -229 18 172 156 77 -237 -208 97 127 -47 -214 -211 145 -117 120 -161 112 -7 110 -88 -245 -73 -219 173 -215 105 -190 47 203 -154 208 -193 44 -170 141 221 68 -115 -195 64 100 -77 -58 -178 108 -23 -37 129 
TEST 195 ARG:-194 48 -146 -243 121 167 98 199 -201 -188 208 15 203 -75 -231 -29 -225 -237 -229 51 191 -64 152 234 155 17 5 60 132 112 117 -45 163 -238 -133 -43 -123 206 -89 197 99 -230 116 -185 -99 -17 -9 240 77 -84 -172 222 -37 -235 200 86 -107 54 96 69 -56 -16 80 228 -204 248 -153 109 215 -68 -192 -220 -156 -113 -70 -67 169 -226 -176 -170 126 -223 -36 -52 52 20 -96 -163 -162 -100 -63 33 -248 226 78 184 218 -249 241 249 243 182 225 -12 -19 14 194 179 235 -143 -97 -217 173 178 211 -49 -32 -5 -128 -196 124 -222 29 74 88 -105 101 -2 158 172 118 -112 187 -138 35 71 28 -50 -74 -104 -250 217 -242 -87 -6 102 55 192 -13 87 16 161 -72 204 -203 39 -55 233 53 -125 198 -189 244 83 -38 44 143 -247 66 214 -193 -169 130 -60 190 -47 136 -212 -98 -93 41 -111 6 -103 188 149 75 239 229 65 127 135 -244 -10 237 95 -166 68 -20 72 -175 58 -120 -58 -149 -136 216 103 -119 -90 -27 180 -3 209 -246 37 -154 213 -218 205 137 -109 120 108 62 -190 210 9 46 31 -184 -165 49 -161 -8 -155 -183 141 73 -116 -148 -187 -48 36 67 148 -135 -59 119 165 227 10 247 3 -236 -124 189 186 183 176 -76 -71 168 -101 -208 -233 -168 -144 150 -106 170 34 19 -150 139 89 193 -114 -167 104 81 18 219 30 -88 22 47 236 154 63 -1 -34 -94 -23 -40 -214 -173 -22 38 -227 153 105 59 57 -200 238 -117 -62 -221 -24 -35 160 -79 174 -86 224 -224 -122 -33 -28 2 94 -240 -239 -118 111 -216 -159 -31 -102 -73 -85 166 -134 -78 201 -157 12 177 -83 -180 122 231 -51 175 -25 -234 107 79 223 185 42 -140 147 21 61 -91 106 -42 125 245 142 -160 -130 -139 -219 4 23 40 82 212 232 -178 113 -147 -30 138 -131 85 76 -121 -61 242 -210 -44 157 220 133 -108 64 -199 -191 110 131 -152 221 -127 123 -14 -209 -228 207 -151 -53 -81 8 -171 7 164 50 129 -110 -69 90 -15 146 100 196 -54 195 -179 246 -129 -21 -7 -141 91 162 -95 -202 25 -207 93 -158 128 56 43 -115 -174 114 -4 -65 -142 151 181 1 -82 -213 97 -145 -164 115 -198 -215 45 84 -186 -66 -57 -245 -80 -211 159 -77 -11 230 70 140 -39 202 27 -182 13 24 -92 -26 -197 -46 -18 26 -195 171 145 -126 -41 32 -132 156 -205 144 134 -206 0 -232 92 -177 -137 11 -241 -181 
TEST 196 ARG:156 -126 -100 -204 -8 -152 31 73 182 195 126 -190 -28 100 18 221 -81 -138 44 -23 117 -148 104 150 41 -32 -222 -229 127 -231 193 -62 65 208 -171 140 -63 149 -240 -186 26 -98 248 35 -3 -162 245 -249 239 -82 112 -40 -25 96 -184 228 144 -134 -102 78 240 64 247 93 194 -116 -96 -218 187 0 -205 142 216 80 25 -219 -161 -187 -120 -173 -55 -169 -52 134 -59 -160 189 -53 -198 -211 72 -69 -234 32 157 106 61 97 217 141 191 8 -64 -246 77 -99 243 115 -146 -107 -42 71 129 -51 210 204 74 7 -230 -132 -238 57 -241 -18 -119 68 -220 -2 147 -143 131 -168 -44 13 -22 23 -86 -24 199 165 206 -151 233 87 122 -159 43 211 -203 -45 241 -227 -245 171 174 160 29 -88 -135 205 -144 223 -202 -80 40 219 -210 133 -250 -70 151 69 123 86 79 215 -193 -16 -31 -39 42 105 148 -181 -239 -111 -167 101 -125 116 -21 -33 135 -117 155 -104 28 -38 244 -36 -6 143 63 139 90 163 237 14 -5 50 51 -7 21 -225 -77 20 82 -147 172 -215 -140 136 9 121 -37 109 -78 -87 85 110 -224 6 -20 132 -56 -199 99 -90 232 -131 177 -196 60 236 38 179 -180 158 1 -235 83 34 -12 52 203 -192 -11 -122 81 -85 200 36 -89 -139 230 -189 -73 -176 -197 -237 184 -248 -75 246 17 102 -137 231 234 70 55 3 95 -46 -216 235 -29 185 -156 98 67 -15 190 75 59 -114 -79 -154 -232 -226 24 218 207 -141 -60 27 -35 130 4 -214 94 -191 -109 -10 -61 62 186 -9 54 249 -130 -47 5 -157 114 159 164 145 -200 -194 49 -221 -183 -91 92 175 226 238 -175 -54 125 -201 48 -66 111 -101 47 -188 169 -166 -43 11 209 46 30 108 -242 222 -136 -158 201 76 224 103 -74 -94 -19 -247 -206 58 -48 15 212 -179 213 -67 -50 -83 2 88 196 124 -105 -103 16 -178 39 -72 19 -164 -68 33 -123 173 -150 -84 -14 183 -129 -185 -207 -174 91 107 220 -153 -118 -142 37 242 -115 -213 -13 -76 -145 180 -124 -108 202 -208 -49 -57 166 168 66 225 -243 -1 -163 161 -182 -177 12 -4 -71 -217 -93 10 -97 -92 -165 -41 -27 -112 -127 154 -58 22 -149 214 -228 229 -110 153 89 -30 -236 -26 181 -17 118 113 162 -155 176 -195 227 -212 -172 138 -65 167 137 -106 178 192 -113 -244 -121 -209 53 -133 84 120 -233 56 -128 198 119 128 -223 -34 -95 170 152 188 -170 146 197 45 
TEST 197 ARG:62 -221 105 207 -38 -68 -12 48 224 78 238 -194 12 134 -74 190 57 -72 121 4 -41 2 -108 -206 -29 41 178 -187 -229 55 -183 -32 155 72 86 -218 -236 -78 195 213 194 -169 143 -51 -153 -240 156 123 169 107 53 45 -94 -65 106 111 174 -151 -137 -213 104 5 109 -132 -126 -248 127 -241 -115 -70 89 154 -242 87 -136 7 -129 199 223 65 137 -63 -31 -95 126 -181 116 -121 217 -166 6 27 142 -159 -105 -162 183 28 -7 113 64 76 163 -204 -50 -43 26 -4 237 44 -247 -165 209 -18 -157 -144 32 -201 -109 -185 -216 -186 35 -142 118 88 -71 -10 150 -210 -9 171 241 -220 -164 17 124 -34 0 132 -230 20 247 21 -124 110 -80 -143 -106 -232 -58 -1 242 -73 -116 228 125 232 -175 149 -49 -33 -212 -24 101 -250 -217 -117 -172 -21 3 19 201 54 243 49 23 -85 211 -130 -179 -26 99 151 -222 75 -52 -244 38 208 -55 -3 -39 -82 182 -214 13 -141 -154 -90 29 -233 68 -167 -25 200 114 119 167 33 -127 177 212 226 74 172 -245 -104 222 40 -83 -13 210 31 67 -138 -42 159 -67 -140 202 179 -149 245 -191 148 16 115 214 -209 120 -249 -37 196 30 -110 -235 -170 -148 -112 -122 84 -87 152 173 98 -100 -134 168 186 236 -57 165 -171 -152 -196 39 93 -77 -79 -98 70 -14 63 37 -17 -27 90 -36 -146 -211 -208 -103 -188 -174 147 187 82 -61 -189 -131 203 34 18 133 -215 -155 95 131 122 1 14 139 191 -81 130 129 246 161 46 -46 -178 108 -150 50 61 -20 -145 -228 206 -238 -200 -239 -156 248 166 66 42 -64 -163 -237 -75 -114 -227 -120 234 -88 -123 -246 -93 83 204 112 -125 -135 52 -193 -40 -199 58 146 135 69 -118 -219 235 180 9 -195 220 -173 219 8 158 73 -190 -30 59 138 -147 240 71 -86 197 -23 -44 -133 79 -91 164 -28 229 -99 -203 47 141 -2 60 -207 103 -69 218 215 -89 -15 -54 221 -243 102 -59 144 -192 185 96 136 -161 -53 162 91 -234 81 -184 -45 -66 -197 -11 43 -8 92 -102 85 100 -56 188 -22 -225 244 160 -101 22 24 227 128 15 -202 198 -76 56 -48 -113 -6 77 -92 -223 -19 -111 176 145 -84 189 -177 51 140 -158 -198 -205 -176 36 192 216 225 233 249 193 -224 184 -160 -96 -139 -107 94 -119 -180 -182 157 -226 -16 205 -62 97 175 11 -47 231 -35 10 -168 -128 181 -5 239 25 117 80 -231 153 -97 170 -60 230 
TEST 198 ARG:-114 220 -215 99 -71 -105 -86 -85 184 111 -234 -235 217 -96 -20 76 36 -102 178 -232 97 -186 -6 -88 -62 -246 -31 -44 112 -242 -97 102 -175 41 199 213 156 49 25 42 48 18 35 219 -128 -152 -91 -147 140 128 59 -36 142 104 -170 -29 -48 32 -226 -220 -145 232 -203 -100 221 101 -216 -212 78 -133 134 -163 -49 168 -41 144 -52 58 -45 108 109 -195 40 -168 10 80 149 70 -53 -225 -34 -83 96 27 23 60 -28 -206 185 53 95 239 -177 -210 -237 -250 189 -238 -207 173 -201 -37 -2 204 -35 -245 248 129 -204 -76 114 -92 218 61 17 81 7 -94 -129 246 135 -80 -137 -122 79 62 -40 103 187 83 77 -10 -230 -54 -64 -223 -143 -87 170 44 215 65 -14 19 -239 227 116 122 210 160 238 -227 231 -110 -66 -121 -229 86 -89 -172 188 39 148 -214 -198 214 206 -151 -3 31 -57 151 -217 -135 72 -63 -84 -171 110 37 -59 57 -99 24 226 43 242 -164 249 133 191 162 -196 180 64 229 -55 150 -169 -243 -140 235 -139 -144 -219 228 8 -101 183 -60 -154 -180 243 -209 -39 22 3 153 175 -27 12 -146 -224 118 161 -81 121 94 -184 212 236 -116 98 -174 -244 0 54 -68 -183 -17 -111 -42 -160 -211 -120 30 120 -26 -173 55 179 165 -79 -38 69 -11 -18 234 2 56 -182 141 -200 -108 -51 -188 119 -248 -8 85 167 197 -112 -19 -166 26 -193 222 -32 -4 -176 -74 -5 211 155 34 -107 -75 -23 -199 -106 71 177 127 -56 52 -197 237 4 13 113 -7 -77 6 169 -132 193 68 88 -149 -218 115 164 -208 -93 -181 -228 200 -130 21 -247 89 29 -82 -159 -126 163 45 -205 124 -47 -117 -213 202 -12 -46 66 87 -231 -50 50 137 -202 63 -118 176 5 172 -78 117 -95 154 -134 -158 67 -167 225 107 51 130 -191 -127 -150 74 -67 216 -249 -236 -69 -136 84 75 182 -30 -9 -162 11 230 -161 -190 192 -194 -165 -72 16 -141 247 -33 -187 240 -240 138 223 -142 233 241 -148 158 91 209 194 -113 208 -21 47 90 146 -185 -109 123 244 139 -192 152 145 245 207 136 126 -15 38 -103 28 -155 -16 190 -90 171 166 131 -179 82 -157 -22 105 157 132 -178 100 147 92 198 -104 -189 93 -233 -222 -43 -25 46 20 143 -241 186 1 15 -1 14 -123 174 -13 -119 -73 9 106 -153 -124 -70 33 -125 195 125 -61 224 181 -98 73 203 201 205 159 -24 -115 -138 -65 -131 -221 -156 196 -58 
TEST 199 ARG:-31 94 -51 195 -59 -24 -171 243 54 -102 -1 169 14 223 149 -184 110 -247 -123 92 73 49 -129 10 -238 129 -115 132 -85 95 7 -87 209 -138 -29 -204 -42 -183 139 -82 43 -15 162 -80 222 -163 53 -211 117 -146 22 -181 -47 -72 -8 242 -151 150 -192 -54 -107 -84 -250 168 -137 -7 182 -48 -74 -30 133 232 -61 177 -45 -178 -194 -220 -189 -208 -111 146 5 -235 -55 143 -249 55 166 12 2 98 -225 -170 -75 -35 238 51 198 161 41 201 -64 192 68 -176 112 154 -76 89 99 -142 123 -219 -205 -98 148 -6 -206 -161 175 -106 -52 200 25 249 48 77 220 -118 187 -60 -190 158 15 157 -186 156 -25 -182 163 239 -242 8 33 178 126 138 -213 186 88 147 42 127 151 -209 -95 61 235 27 -241 11 184 -198 74 50 181 -155 59 -223 -141 -180 136 212 -227 97 -18 91 -143 -68 52 199 189 145 17 -94 226 -2 224 -239 -69 -89 -12 -196 32 4 -159 -148 -248 -210 241 142 204 -131 -70 246 210 -233 -28 -199 116 -33 39 86 -231 -110 31 196 105 -46 -135 -237 28 -125 79 176 213 -167 -153 227 -103 130 75 207 183 -207 67 -172 26 -21 90 13 0 217 218 57 72 234 190 -217 -90 -218 -193 64 135 -128 197 35 80 81 65 66 -4 -166 -105 -56 21 131 171 152 221 -50 140 -144 -11 -130 -83 -200 225 -3 -244 -226 -139 -187 18 -19 16 -221 -154 -158 219 -37 -109 202 -124 87 9 229 121 248 124 -32 245 1 -215 -120 208 -77 -224 85 -121 144 -9 -104 -65 -147 -216 -203 82 173 -201 214 -99 -127 -245 -20 -136 125 174 233 -160 60 34 -122 206 114 155 120 -195 -112 37 23 46 47 -10 -177 -14 106 153 -214 -40 24 191 -81 70 -191 -165 159 -228 228 -113 -49 96 -246 56 230 240 167 188 237 -34 -27 -79 -91 -202 102 -36 -140 -212 -101 203 -96 36 -17 244 137 -188 3 -38 20 236 -66 -71 -173 -243 247 71 109 45 -116 193 -234 194 119 122 -145 -44 -150 -197 101 -86 165 -134 103 -108 141 -26 -117 134 -152 83 104 215 -149 185 -93 58 19 93 -67 107 -100 -43 -58 118 6 -97 115 62 84 -162 -156 -174 205 111 38 -157 -240 -222 216 -62 30 -185 -133 231 179 211 78 -229 128 108 -63 -39 -23 -164 63 -169 -179 -78 -132 -175 113 -232 -168 -119 -57 -236 -88 180 -41 -16 -73 -230 69 -53 164 -114 -22 -92 -13 -126 -5 100 44 170 29 40 172 160 76 
TEST 200 ARG:-51 -71 -159 -149 239 -48 -85 223 -240 -47 -68 121 171 132 -61 222 -235 234 33 148 91 -246 -144 -122 237 -237 48 -93 -95 -82 -140 66 -66 -232 158 175 247 189 -139 -189 225 -138 -169 83 -57 -115 50 -153 202 3 -217 -87 176 -117 -143 65 134 215 -197 142 79 185 -109 -24 46 -27 28 -103 116 56 77 -90 -76 163 -59 -165 -26 19 27 -116 -42 179 100 -229 4 -105 241 -210 -96 -209 106 -137 194 233 101 191 113 103 42 243 -5 228 -21 107 -70 159 38 229 26 149 -28 127 -91 -202 78 58 -3 240 -181 49 80 75 -176 -193 155 20 201 249 227 -233 203 139 -69 -124 -17 -30 1 -134 -13 -171 73 -119 -78 -67 -226 -32 242 -242 -14 231 224 -132 -56 40 -160 -79 129 128 -223 174 -120 -45 -205 18 124 -129 89 -247 8 -207 138 137 152 246 -41 169 67 110 -178 -146 -238 -25 205 143 -23 -214 -107 99 -162 -148 71 208 -35 187 -1 59 188 165 -38 17 -9 -18 248 -127 -89 -192 43 -145 98 93 -130 -152 41 -234 -179 -173 -62 -39 -158 62 -177 192 235 130 146 -55 -81 -52 11 69 119 -212 90 -219 -150 -128 72 -6 -121 -12 206 167 221 -50 12 -243 -92 6 -241 -228 -63 -65 -114 23 226 232 217 -249 -36 -49 51 120 -200 55 -180 25 -20 -46 -166 210 -53 -147 -97 -175 150 -60 -74 115 162 7 70 145 -88 -136 166 -154 -190 37 -236 168 184 -141 -183 200 -4 -191 87 -101 -194 88 -213 2 -170 244 63 -106 -185 92 -186 177 -72 -34 -7 -10 54 108 -135 151 -221 -8 196 -33 -19 -155 -64 44 -77 -29 16 -73 161 24 -123 178 -163 -218 186 -244 -112 147 86 219 22 212 -239 -196 -151 -174 131 36 -250 -201 -113 236 -172 47 -216 64 105 45 112 -248 -187 160 -37 -131 14 -80 216 -98 39 74 117 10 118 -22 193 -230 0 -168 218 170 34 164 140 109 123 197 183 84 -15 136 -224 199 198 21 190 -43 104 141 -126 -156 -31 31 96 -211 172 -100 -204 -203 204 76 60 53 -208 207 -198 154 35 156 82 -215 -220 122 -227 133 61 195 -108 -99 9 209 -199 -94 85 97 -11 220 182 15 29 -84 -44 -16 57 -142 -111 -206 -110 -231 102 32 -222 135 153 -195 -40 157 -133 181 5 -182 180 -102 -164 211 -54 94 -161 -167 -225 -184 -83 81 -104 -118 111 95 230 -157 -2 173 -188 144 -86 238 213 -75 68 -125 245 125 126 13 214 52 114 30 -58 -245 
TEST 201 ARG:61 171 40 -59 44 120 -241 -71 189 234 28 -43 -243 -221 -158 -101 -132 -229 55 -107 231 -30 128 180 -86 -216 -207 -24 41 63 108 -202 175 222 137 117 -108 -21 138 -213 -160 -23 -209 60 -88 16 -248 -225 -234 -17 -125 -195 160 237 238 15 -15 -98 -220 -52 -46 -38 -170 157 -210 -172 59 -6 -109 -121 -26 86 224 241 -217 -27 209 -11 4 1 -206 233 82 -233 212 -62 -91 -97 182 49 225 -127 -215 -242 -19 -60 -31 100 -79 184 107 -128 -198 -34 -5 134 167 102 -223 -67 136 -111 -168 73 170 -45 -120 30 -178 -85 -153 -190 89 -124 -110 186 -143 148 -3 -74 121 104 -140 43 -115 -16 146 -197 -76 244 72 90 75 163 150 -227 -112 96 7 -199 -230 -236 78 -37 -18 -162 -222 213 70 -55 169 133 132 -181 -90 -175 248 66 -117 111 179 -159 32 52 199 154 -142 37 112 -116 -96 -151 -173 -1 228 38 -87 27 -133 220 -150 -73 210 26 -77 21 165 -9 -4 87 97 -44 -137 25 153 190 -188 -146 -232 36 -218 98 -64 139 -25 65 -226 -47 214 79 -66 -193 84 -194 219 249 -189 -182 217 -53 -39 -228 227 164 92 -183 54 6 29 -161 -40 200 183 -102 243 194 99 42 196 140 130 -78 39 -70 114 48 -118 125 -240 202 -163 -204 -56 22 242 2 -149 119 -231 -186 205 187 -103 193 230 211 85 71 215 105 -84 135 240 229 110 5 -235 -208 -191 147 17 -249 33 -83 -136 -20 -244 46 141 226 131 67 -177 208 -169 -10 191 88 -119 -69 116 69 51 -192 -165 -49 158 57 -200 152 -94 166 -239 -145 68 95 -180 216 31 127 -14 -114 198 -126 122 -61 177 -155 -148 -246 -129 206 -138 -81 -75 56 -156 -32 9 62 -35 -100 155 203 162 12 151 -41 -72 143 129 176 -134 0 -13 -139 236 94 11 -42 207 115 -95 -196 118 159 -152 23 35 10 24 -176 -22 174 14 -63 -51 -82 -8 74 221 -179 -247 235 -28 -80 -205 -224 223 -33 13 -65 50 -36 -93 -201 123 -211 172 -12 -147 -135 53 -185 192 -174 246 -203 83 178 77 201 -92 144 -2 -54 -219 -141 -7 218 64 -214 204 80 106 -237 8 20 -212 156 -184 -106 -122 -157 -164 -131 195 -245 -104 188 76 3 232 245 124 47 -171 168 91 145 -130 -238 197 18 -250 -144 -123 -48 93 181 19 34 -166 -68 239 142 101 161 -89 -167 126 -113 -29 -99 -58 -50 185 -57 103 58 247 149 -105 81 45 113 109 173 -154 -187 
All size test
